Ticker,EventDate,EventType,Headline,Sentiment,NewsCount,Offset,AbnormalReturn,CAR
AAPL,2022-01-03,Strong Negative,Apple becomes first $3 trillion company,-0.1495367647265194,6,-5,0.0064475258586849,0.0064475258586849
AAPL,2022-01-03,Strong Negative,Apple becomes first $3 trillion company,-0.1495367647265194,6,-4,-0.0011321830310463002,0.0053153428276386
AAPL,2022-01-03,Strong Negative,Apple becomes first $3 trillion company,-0.1495367647265194,6,-3,0.0006512113234330001,0.0059665541510716
AAPL,2022-01-03,Strong Negative,Apple becomes first $3 trillion company,-0.1495367647265194,6,-2,-0.0035899084743806,0.0023766456766910003
AAPL,2022-01-03,Strong Negative,Apple becomes first $3 trillion company,-0.1495367647265194,6,-1,0.0027093768628262994,0.0050860225395173
AAPL,2022-01-03,Strong Negative,Apple becomes first $3 trillion company,-0.1495367647265194,6,0,0.015377564126323,0.0204635866658403
AAPL,2022-01-03,Strong Negative,Apple becomes first $3 trillion company,-0.1495367647265194,6,1,0.00027910555688239955,0.020742692222722698
AAPL,2022-01-03,Strong Negative,Apple becomes first $3 trillion company,-0.1495367647265194,6,2,0.004120735448971499,0.024863427671694197
AAPL,2022-01-03,Strong Negative,Apple becomes first $3 trillion company,-0.1495367647265194,6,3,-0.0159904357878524,0.008872991883841799
AAPL,2022-01-03,Strong Negative,Apple becomes first $3 trillion company,-0.1495367647265194,6,4,0.0118211730866781,0.020694164970519898
AAPL,2022-01-03,Strong Negative,Apple becomes first $3 trillion company,-0.1495367647265194,6,5,-0.0005419736332204,0.020152191337299497
AAPL,2022-01-04,Strong Negative,"Apple becomes first company to hit $3 trillion market value, then slips",-0.1526008616984371,5,-5,-0.0011321830310463002,-0.0011321830310463002
AAPL,2022-01-04,Strong Negative,"Apple becomes first company to hit $3 trillion market value, then slips",-0.1526008616984371,5,-4,0.0006512113234330001,-0.00048097170761330016
AAPL,2022-01-04,Strong Negative,"Apple becomes first company to hit $3 trillion market value, then slips",-0.1526008616984371,5,-3,-0.0035899084743806,-0.0040708801819939
AAPL,2022-01-04,Strong Negative,"Apple becomes first company to hit $3 trillion market value, then slips",-0.1526008616984371,5,-2,0.0027093768628262994,-0.0013615033191676004
AAPL,2022-01-04,Strong Negative,"Apple becomes first company to hit $3 trillion market value, then slips",-0.1526008616984371,5,-1,0.015377564126323,0.0140160608071554
AAPL,2022-01-04,Strong Negative,"Apple becomes first company to hit $3 trillion market value, then slips",-0.1526008616984371,5,0,0.00027910555688239955,0.0142951663640378
AAPL,2022-01-04,Strong Negative,"Apple becomes first company to hit $3 trillion market value, then slips",-0.1526008616984371,5,1,0.004120735448971499,0.018415901813009297
AAPL,2022-01-04,Strong Negative,"Apple becomes first company to hit $3 trillion market value, then slips",-0.1526008616984371,5,2,-0.0159904357878524,0.0024254660251568985
AAPL,2022-01-04,Strong Negative,"Apple becomes first company to hit $3 trillion market value, then slips",-0.1526008616984371,5,3,0.0118211730866781,0.014246639111834998
AAPL,2022-01-04,Strong Negative,"Apple becomes first company to hit $3 trillion market value, then slips",-0.1526008616984371,5,4,-0.0005419736332204,0.013704665478614597
AAPL,2022-01-04,Strong Negative,"Apple becomes first company to hit $3 trillion market value, then slips",-0.1526008616984371,5,5,0.0017617337964079983,0.015466399275022595
AAPL,2022-01-05,Strong Negative,$20 Billion In 2022: Google Pays Apple For Not Launching Its Own Search Engine?,-0.423058710143481,3,-5,0.0006512113234330001,0.0006512113234330001
AAPL,2022-01-05,Strong Negative,$20 Billion In 2022: Google Pays Apple For Not Launching Its Own Search Engine?,-0.423058710143481,3,-4,-0.0035899084743806,-0.0029386971509476
AAPL,2022-01-05,Strong Negative,$20 Billion In 2022: Google Pays Apple For Not Launching Its Own Search Engine?,-0.423058710143481,3,-3,0.0027093768628262994,-0.00022932028812130056
AAPL,2022-01-05,Strong Negative,$20 Billion In 2022: Google Pays Apple For Not Launching Its Own Search Engine?,-0.423058710143481,3,-2,0.015377564126323,0.0151482438382017
AAPL,2022-01-05,Strong Negative,$20 Billion In 2022: Google Pays Apple For Not Launching Its Own Search Engine?,-0.423058710143481,3,-1,0.00027910555688239955,0.015427349395084099
AAPL,2022-01-05,Strong Negative,$20 Billion In 2022: Google Pays Apple For Not Launching Its Own Search Engine?,-0.423058710143481,3,0,0.004120735448971499,0.019548084844055597
AAPL,2022-01-05,Strong Negative,$20 Billion In 2022: Google Pays Apple For Not Launching Its Own Search Engine?,-0.423058710143481,3,1,-0.0159904357878524,0.003557649056203198
AAPL,2022-01-05,Strong Negative,$20 Billion In 2022: Google Pays Apple For Not Launching Its Own Search Engine?,-0.423058710143481,3,2,0.0118211730866781,0.015378822142881297
AAPL,2022-01-05,Strong Negative,$20 Billion In 2022: Google Pays Apple For Not Launching Its Own Search Engine?,-0.423058710143481,3,3,-0.0005419736332204,0.014836848509660897
AAPL,2022-01-05,Strong Negative,$20 Billion In 2022: Google Pays Apple For Not Launching Its Own Search Engine?,-0.423058710143481,3,4,0.0017617337964079983,0.016598582306068893
AAPL,2022-01-05,Strong Negative,$20 Billion In 2022: Google Pays Apple For Not Launching Its Own Search Engine?,-0.423058710143481,3,5,-0.0013953312035811,0.015203251102487794
AAPL,2022-01-06,Strong Positive,"Trump’s social media app to launch in February, App Store listing says",0.336159939083104,3,-5,-0.0035899084743806,-0.0035899084743806
AAPL,2022-01-06,Strong Positive,"Trump’s social media app to launch in February, App Store listing says",0.336159939083104,3,-4,0.0027093768628262994,-0.0008805316115543006
AAPL,2022-01-06,Strong Positive,"Trump’s social media app to launch in February, App Store listing says",0.336159939083104,3,-3,0.015377564126323,0.0144970325147687
AAPL,2022-01-06,Strong Positive,"Trump’s social media app to launch in February, App Store listing says",0.336159939083104,3,-2,0.00027910555688239955,0.0147761380716511
AAPL,2022-01-06,Strong Positive,"Trump’s social media app to launch in February, App Store listing says",0.336159939083104,3,-1,0.004120735448971499,0.0188968735206226
AAPL,2022-01-06,Strong Positive,"Trump’s social media app to launch in February, App Store listing says",0.336159939083104,3,0,-0.0159904357878524,0.0029064377327702
AAPL,2022-01-06,Strong Positive,"Trump’s social media app to launch in February, App Store listing says",0.336159939083104,3,1,0.0118211730866781,0.0147276108194483
AAPL,2022-01-06,Strong Positive,"Trump’s social media app to launch in February, App Store listing says",0.336159939083104,3,2,-0.0005419736332204,0.014185637186227899
AAPL,2022-01-06,Strong Positive,"Trump’s social media app to launch in February, App Store listing says",0.336159939083104,3,3,0.0017617337964079983,0.0159473709826359
AAPL,2022-01-06,Strong Positive,"Trump’s social media app to launch in February, App Store listing says",0.336159939083104,3,4,-0.0013953312035811,0.014552039779054799
AAPL,2022-01-06,Strong Positive,"Trump’s social media app to launch in February, App Store listing says",0.336159939083104,3,5,0.0059880185232868005,0.0205400583023416
AAPL,2022-01-10,Strong Negative,T-Mobile begins blocking iPhone users from enabling iCloud Private Relay in the US [U],-0.5757676556969601,2,-5,0.015377564126323,0.015377564126323
AAPL,2022-01-10,Strong Negative,T-Mobile begins blocking iPhone users from enabling iCloud Private Relay in the US [U],-0.5757676556969601,2,-4,0.00027910555688239955,0.0156566696832054
AAPL,2022-01-10,Strong Negative,T-Mobile begins blocking iPhone users from enabling iCloud Private Relay in the US [U],-0.5757676556969601,2,-3,0.004120735448971499,0.0197774051321769
AAPL,2022-01-10,Strong Negative,T-Mobile begins blocking iPhone users from enabling iCloud Private Relay in the US [U],-0.5757676556969601,2,-2,-0.0159904357878524,0.0037869693443245006
AAPL,2022-01-10,Strong Negative,T-Mobile begins blocking iPhone users from enabling iCloud Private Relay in the US [U],-0.5757676556969601,2,-1,0.0118211730866781,0.0156081424310026
AAPL,2022-01-10,Strong Negative,T-Mobile begins blocking iPhone users from enabling iCloud Private Relay in the US [U],-0.5757676556969601,2,0,-0.0005419736332204,0.0150661687977822
AAPL,2022-01-10,Strong Negative,T-Mobile begins blocking iPhone users from enabling iCloud Private Relay in the US [U],-0.5757676556969601,2,1,0.0017617337964079983,0.016827902594190196
AAPL,2022-01-10,Strong Negative,T-Mobile begins blocking iPhone users from enabling iCloud Private Relay in the US [U],-0.5757676556969601,2,2,-0.0013953312035811,0.015432571390609096
AAPL,2022-01-10,Strong Negative,T-Mobile begins blocking iPhone users from enabling iCloud Private Relay in the US [U],-0.5757676556969601,2,3,0.0059880185232868005,0.021420589913895897
AAPL,2022-01-10,Strong Negative,T-Mobile begins blocking iPhone users from enabling iCloud Private Relay in the US [U],-0.5757676556969601,2,4,-0.0011120417513864993,0.020308548162509397
AAPL,2022-01-10,Strong Negative,T-Mobile begins blocking iPhone users from enabling iCloud Private Relay in the US [U],-0.5757676556969601,2,5,0.006000511250673201,0.0263090594131826
AAPL,2022-01-11,Strong Positive,Two companies show where our UWB future is heading,0.3423328094889046,3,-5,0.00027910555688239955,0.00027910555688239955
AAPL,2022-01-11,Strong Positive,Two companies show where our UWB future is heading,0.3423328094889046,3,-4,0.004120735448971499,0.004399841005853899
AAPL,2022-01-11,Strong Positive,Two companies show where our UWB future is heading,0.3423328094889046,3,-3,-0.0159904357878524,-0.0115905947819985
AAPL,2022-01-11,Strong Positive,Two companies show where our UWB future is heading,0.3423328094889046,3,-2,0.0118211730866781,0.00023057830467959964
AAPL,2022-01-11,Strong Positive,Two companies show where our UWB future is heading,0.3423328094889046,3,-1,-0.0005419736332204,-0.00031139532854080037
AAPL,2022-01-11,Strong Positive,Two companies show where our UWB future is heading,0.3423328094889046,3,0,0.0017617337964079983,0.001450338467867198
AAPL,2022-01-11,Strong Positive,Two companies show where our UWB future is heading,0.3423328094889046,3,1,-0.0013953312035811,5.500726428609793e-05
AAPL,2022-01-11,Strong Positive,Two companies show where our UWB future is heading,0.3423328094889046,3,2,0.0059880185232868005,0.006043025787572898
AAPL,2022-01-11,Strong Positive,Two companies show where our UWB future is heading,0.3423328094889046,3,3,-0.0011120417513864993,0.004930984036186399
AAPL,2022-01-11,Strong Positive,Two companies show where our UWB future is heading,0.3423328094889046,3,4,0.006000511250673201,0.0109314952868596
AAPL,2022-01-11,Strong Positive,Two companies show where our UWB future is heading,0.3423328094889046,3,5,-0.010041376085518201,0.0008901192013413984
AAPL,2022-01-12,Strong Negative,"Best Buy Co. Inc. stock falls Wednesday, underperforms market",-1.0,1,-5,0.004120735448971499,0.004120735448971499
AAPL,2022-01-12,Strong Negative,"Best Buy Co. Inc. stock falls Wednesday, underperforms market",-1.0,1,-4,-0.0159904357878524,-0.0118697003388809
AAPL,2022-01-12,Strong Negative,"Best Buy Co. Inc. stock falls Wednesday, underperforms market",-1.0,1,-3,0.0118211730866781,-4.852725220279991e-05
AAPL,2022-01-12,Strong Negative,"Best Buy Co. Inc. stock falls Wednesday, underperforms market",-1.0,1,-2,-0.0005419736332204,-0.0005905008854231999
AAPL,2022-01-12,Strong Negative,"Best Buy Co. Inc. stock falls Wednesday, underperforms market",-1.0,1,-1,0.0017617337964079983,0.0011712329109847984
AAPL,2022-01-12,Strong Negative,"Best Buy Co. Inc. stock falls Wednesday, underperforms market",-1.0,1,0,-0.0013953312035811,-0.00022409829259630162
AAPL,2022-01-12,Strong Negative,"Best Buy Co. Inc. stock falls Wednesday, underperforms market",-1.0,1,1,0.0059880185232868005,0.0057639202306904985
AAPL,2022-01-12,Strong Negative,"Best Buy Co. Inc. stock falls Wednesday, underperforms market",-1.0,1,2,-0.0011120417513864993,0.004651878479303999
AAPL,2022-01-12,Strong Negative,"Best Buy Co. Inc. stock falls Wednesday, underperforms market",-1.0,1,3,0.006000511250673201,0.0106523897299772
AAPL,2022-01-12,Strong Negative,"Best Buy Co. Inc. stock falls Wednesday, underperforms market",-1.0,1,4,-0.010041376085518201,0.0006110136444589988
AAPL,2022-01-12,Strong Negative,"Best Buy Co. Inc. stock falls Wednesday, underperforms market",-1.0,1,5,0.0026414227872796,0.003252436431738599
AAPL,2022-01-18,Strong Negative,Child Labor and the Human Rights Violations Embedded in Producing Technology,-0.2859485184006442,4,-5,-0.0005419736332204,-0.0005419736332204
AAPL,2022-01-18,Strong Negative,Child Labor and the Human Rights Violations Embedded in Producing Technology,-0.2859485184006442,4,-4,0.0017617337964079983,0.0012197601631875983
AAPL,2022-01-18,Strong Negative,Child Labor and the Human Rights Violations Embedded in Producing Technology,-0.2859485184006442,4,-3,-0.0013953312035811,-0.0001755710403935017
AAPL,2022-01-18,Strong Negative,Child Labor and the Human Rights Violations Embedded in Producing Technology,-0.2859485184006442,4,-2,0.0059880185232868005,0.005812447482893298
AAPL,2022-01-18,Strong Negative,Child Labor and the Human Rights Violations Embedded in Producing Technology,-0.2859485184006442,4,-1,-0.0011120417513864993,0.004700405731506799
AAPL,2022-01-18,Strong Negative,Child Labor and the Human Rights Violations Embedded in Producing Technology,-0.2859485184006442,4,0,0.006000511250673201,0.01070091698218
AAPL,2022-01-18,Strong Negative,Child Labor and the Human Rights Violations Embedded in Producing Technology,-0.2859485184006442,4,1,-0.010041376085518201,0.0006595408966617988
AAPL,2022-01-18,Strong Negative,Child Labor and the Human Rights Violations Embedded in Producing Technology,-0.2859485184006442,4,2,0.0026414227872796,0.003300963683941399
AAPL,2022-01-18,Strong Negative,Child Labor and the Human Rights Violations Embedded in Producing Technology,-0.2859485184006442,4,3,0.0149637633576419,0.0182647270415833
AAPL,2022-01-18,Strong Negative,Child Labor and the Human Rights Violations Embedded in Producing Technology,-0.2859485184006442,4,4,-0.0094426968791765,0.008822030162406801
AAPL,2022-01-18,Strong Negative,Child Labor and the Human Rights Violations Embedded in Producing Technology,-0.2859485184006442,4,5,0.011796885722769702,0.020618915885176503
AAPL,2022-01-19,Strong Negative,Fubo Integrates FanView For Multiview Users on Apple TV,-0.3130964662594936,3,-5,0.0017617337964079983,0.0017617337964079983
AAPL,2022-01-19,Strong Negative,Fubo Integrates FanView For Multiview Users on Apple TV,-0.3130964662594936,3,-4,-0.0013953312035811,0.0003664025928268983
AAPL,2022-01-19,Strong Negative,Fubo Integrates FanView For Multiview Users on Apple TV,-0.3130964662594936,3,-3,0.0059880185232868005,0.006354421116113699
AAPL,2022-01-19,Strong Negative,Fubo Integrates FanView For Multiview Users on Apple TV,-0.3130964662594936,3,-2,-0.0011120417513864993,0.0052423793647272
AAPL,2022-01-19,Strong Negative,Fubo Integrates FanView For Multiview Users on Apple TV,-0.3130964662594936,3,-1,0.006000511250673201,0.011242890615400401
AAPL,2022-01-19,Strong Negative,Fubo Integrates FanView For Multiview Users on Apple TV,-0.3130964662594936,3,0,-0.010041376085518201,0.0012015145298821996
AAPL,2022-01-19,Strong Negative,Fubo Integrates FanView For Multiview Users on Apple TV,-0.3130964662594936,3,1,0.0026414227872796,0.0038429373171617997
AAPL,2022-01-19,Strong Negative,Fubo Integrates FanView For Multiview Users on Apple TV,-0.3130964662594936,3,2,0.0149637633576419,0.0188067006748037
AAPL,2022-01-19,Strong Negative,Fubo Integrates FanView For Multiview Users on Apple TV,-0.3130964662594936,3,3,-0.0094426968791765,0.009364003795627202
AAPL,2022-01-19,Strong Negative,Fubo Integrates FanView For Multiview Users on Apple TV,-0.3130964662594936,3,4,0.011796885722769702,0.021160889518396904
AAPL,2022-01-19,Strong Negative,Fubo Integrates FanView For Multiview Users on Apple TV,-0.3130964662594936,3,5,0.0010014387214037001,0.022162328239800605
AAPL,2022-01-20,Strong Positive,Rate Hikes Might Bring Quality ETFs Into Focus,1.0,1,-5,-0.0013953312035811,-0.0013953312035811
AAPL,2022-01-20,Strong Positive,Rate Hikes Might Bring Quality ETFs Into Focus,1.0,1,-4,0.0059880185232868005,0.004592687319705701
AAPL,2022-01-20,Strong Positive,Rate Hikes Might Bring Quality ETFs Into Focus,1.0,1,-3,-0.0011120417513864993,0.0034806455683192017
AAPL,2022-01-20,Strong Positive,Rate Hikes Might Bring Quality ETFs Into Focus,1.0,1,-2,0.006000511250673201,0.009481156818992403
AAPL,2022-01-20,Strong Positive,Rate Hikes Might Bring Quality ETFs Into Focus,1.0,1,-1,-0.010041376085518201,-0.0005602192665257986
AAPL,2022-01-20,Strong Positive,Rate Hikes Might Bring Quality ETFs Into Focus,1.0,1,0,0.0026414227872796,0.0020812035207538014
AAPL,2022-01-20,Strong Positive,Rate Hikes Might Bring Quality ETFs Into Focus,1.0,1,1,0.0149637633576419,0.0170449668783957
AAPL,2022-01-20,Strong Positive,Rate Hikes Might Bring Quality ETFs Into Focus,1.0,1,2,-0.0094426968791765,0.007602269999219202
AAPL,2022-01-20,Strong Positive,Rate Hikes Might Bring Quality ETFs Into Focus,1.0,1,3,0.011796885722769702,0.019399155721988904
AAPL,2022-01-20,Strong Positive,Rate Hikes Might Bring Quality ETFs Into Focus,1.0,1,4,0.0010014387214037001,0.020400594443392605
AAPL,2022-01-20,Strong Positive,Rate Hikes Might Bring Quality ETFs Into Focus,1.0,1,5,0.007127149842234301,0.027527744285626904
AAPL,2022-01-24,Strong Positive,Warren Buffett has nearly caught up with Cathie Wood after the tech-stock guru vastly outperformed him in 2020,0.3520155474636683,3,-5,-0.0011120417513864993,-0.0011120417513864993
AAPL,2022-01-24,Strong Positive,Warren Buffett has nearly caught up with Cathie Wood after the tech-stock guru vastly outperformed him in 2020,0.3520155474636683,3,-4,0.006000511250673201,0.004888469499286702
AAPL,2022-01-24,Strong Positive,Warren Buffett has nearly caught up with Cathie Wood after the tech-stock guru vastly outperformed him in 2020,0.3520155474636683,3,-3,-0.010041376085518201,-0.0051529065862315
AAPL,2022-01-24,Strong Positive,Warren Buffett has nearly caught up with Cathie Wood after the tech-stock guru vastly outperformed him in 2020,0.3520155474636683,3,-2,0.0026414227872796,-0.0025114837989518995
AAPL,2022-01-24,Strong Positive,Warren Buffett has nearly caught up with Cathie Wood after the tech-stock guru vastly outperformed him in 2020,0.3520155474636683,3,-1,0.0149637633576419,0.01245227955869
AAPL,2022-01-24,Strong Positive,Warren Buffett has nearly caught up with Cathie Wood after the tech-stock guru vastly outperformed him in 2020,0.3520155474636683,3,0,-0.0094426968791765,0.0030095826795135013
AAPL,2022-01-24,Strong Positive,Warren Buffett has nearly caught up with Cathie Wood after the tech-stock guru vastly outperformed him in 2020,0.3520155474636683,3,1,0.011796885722769702,0.014806468402283203
AAPL,2022-01-24,Strong Positive,Warren Buffett has nearly caught up with Cathie Wood after the tech-stock guru vastly outperformed him in 2020,0.3520155474636683,3,2,0.0010014387214037001,0.015807907123686904
AAPL,2022-01-24,Strong Positive,Warren Buffett has nearly caught up with Cathie Wood after the tech-stock guru vastly outperformed him in 2020,0.3520155474636683,3,3,0.007127149842234301,0.022935056965921206
AAPL,2022-01-24,Strong Positive,Warren Buffett has nearly caught up with Cathie Wood after the tech-stock guru vastly outperformed him in 2020,0.3520155474636683,3,4,0.0384089371105174,0.061343994076438604
AAPL,2022-01-24,Strong Positive,Warren Buffett has nearly caught up with Cathie Wood after the tech-stock guru vastly outperformed him in 2020,0.3520155474636683,3,5,-0.005852869467963397,0.055491124608475204
AAPL,2022-01-26,Strong Positive,"How the ‘world's first’ AI-managed ETF stacks up, almost five years later",0.4696890229888444,2,-5,-0.010041376085518201,-0.010041376085518201
AAPL,2022-01-26,Strong Positive,"How the ‘world's first’ AI-managed ETF stacks up, almost five years later",0.4696890229888444,2,-4,0.0026414227872796,-0.007399953298238601
AAPL,2022-01-26,Strong Positive,"How the ‘world's first’ AI-managed ETF stacks up, almost five years later",0.4696890229888444,2,-3,0.0149637633576419,0.007563810059403299
AAPL,2022-01-26,Strong Positive,"How the ‘world's first’ AI-managed ETF stacks up, almost five years later",0.4696890229888444,2,-2,-0.0094426968791765,-0.0018788868197732005
AAPL,2022-01-26,Strong Positive,"How the ‘world's first’ AI-managed ETF stacks up, almost five years later",0.4696890229888444,2,-1,0.011796885722769702,0.009917998902996501
AAPL,2022-01-26,Strong Positive,"How the ‘world's first’ AI-managed ETF stacks up, almost five years later",0.4696890229888444,2,0,0.0010014387214037001,0.010919437624400202
AAPL,2022-01-26,Strong Positive,"How the ‘world's first’ AI-managed ETF stacks up, almost five years later",0.4696890229888444,2,1,0.007127149842234301,0.018046587466634505
AAPL,2022-01-26,Strong Positive,"How the ‘world's first’ AI-managed ETF stacks up, almost five years later",0.4696890229888444,2,2,0.0384089371105174,0.0564555245771519
AAPL,2022-01-26,Strong Positive,"How the ‘world's first’ AI-managed ETF stacks up, almost five years later",0.4696890229888444,2,3,-0.005852869467963397,0.0506026551091885
AAPL,2022-01-26,Strong Positive,"How the ‘world's first’ AI-managed ETF stacks up, almost five years later",0.4696890229888444,2,4,-0.0077762482092915,0.042826406899897
AAPL,2022-01-26,Strong Positive,"How the ‘world's first’ AI-managed ETF stacks up, almost five years later",0.4696890229888444,2,5,-0.0010811632537954998,0.0417452436461015
AAPL,2022-01-28,Strong Positive,Apple Posts Highest-Ever Quarterly Earnings in Sign It Tamed Supply Crisis,0.3948332125801758,3,-5,0.0149637633576419,0.0149637633576419
AAPL,2022-01-28,Strong Positive,Apple Posts Highest-Ever Quarterly Earnings in Sign It Tamed Supply Crisis,0.3948332125801758,3,-4,-0.0094426968791765,0.005521066478465401
AAPL,2022-01-28,Strong Positive,Apple Posts Highest-Ever Quarterly Earnings in Sign It Tamed Supply Crisis,0.3948332125801758,3,-3,0.011796885722769702,0.017317952201235103
AAPL,2022-01-28,Strong Positive,Apple Posts Highest-Ever Quarterly Earnings in Sign It Tamed Supply Crisis,0.3948332125801758,3,-2,0.0010014387214037001,0.018319390922638804
AAPL,2022-01-28,Strong Positive,Apple Posts Highest-Ever Quarterly Earnings in Sign It Tamed Supply Crisis,0.3948332125801758,3,-1,0.007127149842234301,0.025446540764873106
AAPL,2022-01-28,Strong Positive,Apple Posts Highest-Ever Quarterly Earnings in Sign It Tamed Supply Crisis,0.3948332125801758,3,0,0.0384089371105174,0.0638554778753905
AAPL,2022-01-28,Strong Positive,Apple Posts Highest-Ever Quarterly Earnings in Sign It Tamed Supply Crisis,0.3948332125801758,3,1,-0.005852869467963397,0.0580026084074271
AAPL,2022-01-28,Strong Positive,Apple Posts Highest-Ever Quarterly Earnings in Sign It Tamed Supply Crisis,0.3948332125801758,3,2,-0.0077762482092915,0.0502263601981356
AAPL,2022-01-28,Strong Positive,Apple Posts Highest-Ever Quarterly Earnings in Sign It Tamed Supply Crisis,0.3948332125801758,3,3,-0.0010811632537954998,0.0491451969443401
AAPL,2022-01-28,Strong Positive,Apple Posts Highest-Ever Quarterly Earnings in Sign It Tamed Supply Crisis,0.3948332125801758,3,4,0.023824585405656303,0.0729697823499964
AAPL,2022-01-28,Strong Positive,Apple Posts Highest-Ever Quarterly Earnings in Sign It Tamed Supply Crisis,0.3948332125801758,3,5,-0.014294755381937,0.0586750269680594
AAPL,2022-02-01,Strong Positive,LGD and BOE Competing with SDC for Larger Share of iPhone Business,0.3408435947137885,4,-5,0.011796885722769702,0.011796885722769702
AAPL,2022-02-01,Strong Positive,LGD and BOE Competing with SDC for Larger Share of iPhone Business,0.3408435947137885,4,-4,0.0010014387214037001,0.012798324444173403
AAPL,2022-02-01,Strong Positive,LGD and BOE Competing with SDC for Larger Share of iPhone Business,0.3408435947137885,4,-3,0.007127149842234301,0.0199254742864077
AAPL,2022-02-01,Strong Positive,LGD and BOE Competing with SDC for Larger Share of iPhone Business,0.3408435947137885,4,-2,0.0384089371105174,0.0583344113969251
AAPL,2022-02-01,Strong Positive,LGD and BOE Competing with SDC for Larger Share of iPhone Business,0.3408435947137885,4,-1,-0.005852869467963397,0.052481541928961706
AAPL,2022-02-01,Strong Positive,LGD and BOE Competing with SDC for Larger Share of iPhone Business,0.3408435947137885,4,0,-0.0077762482092915,0.044705293719670205
AAPL,2022-02-01,Strong Positive,LGD and BOE Competing with SDC for Larger Share of iPhone Business,0.3408435947137885,4,1,-0.0010811632537954998,0.043624130465874704
AAPL,2022-02-01,Strong Positive,LGD and BOE Competing with SDC for Larger Share of iPhone Business,0.3408435947137885,4,2,0.023824585405656303,0.067448715871531
AAPL,2022-02-01,Strong Positive,LGD and BOE Competing with SDC for Larger Share of iPhone Business,0.3408435947137885,4,3,-0.014294755381937,0.053153960489594004
AAPL,2022-02-01,Strong Positive,LGD and BOE Competing with SDC for Larger Share of iPhone Business,0.3408435947137885,4,4,0.0038097193740760007,0.05696367986367001
AAPL,2022-02-01,Strong Positive,LGD and BOE Competing with SDC for Larger Share of iPhone Business,0.3408435947137885,4,5,0.007231702669272599,0.0641953825329426
AAPL,2022-02-03,Strong Negative,Judge dismisses lawsuit over Apple iPhone water resistance claims,-0.1378423832675201,6,-5,0.007127149842234301,0.007127149842234301
AAPL,2022-02-03,Strong Negative,Judge dismisses lawsuit over Apple iPhone water resistance claims,-0.1378423832675201,6,-4,0.0384089371105174,0.0455360869527517
AAPL,2022-02-03,Strong Negative,Judge dismisses lawsuit over Apple iPhone water resistance claims,-0.1378423832675201,6,-3,-0.005852869467963397,0.0396832174847883
AAPL,2022-02-03,Strong Negative,Judge dismisses lawsuit over Apple iPhone water resistance claims,-0.1378423832675201,6,-2,-0.0077762482092915,0.0319069692754968
AAPL,2022-02-03,Strong Negative,Judge dismisses lawsuit over Apple iPhone water resistance claims,-0.1378423832675201,6,-1,-0.0010811632537954998,0.030825806021701298
AAPL,2022-02-03,Strong Negative,Judge dismisses lawsuit over Apple iPhone water resistance claims,-0.1378423832675201,6,0,0.023824585405656303,0.0546503914273576
AAPL,2022-02-03,Strong Negative,Judge dismisses lawsuit over Apple iPhone water resistance claims,-0.1378423832675201,6,1,-0.014294755381937,0.0403556360454206
AAPL,2022-02-03,Strong Negative,Judge dismisses lawsuit over Apple iPhone water resistance claims,-0.1378423832675201,6,2,0.0038097193740760007,0.0441653554194966
AAPL,2022-02-03,Strong Negative,Judge dismisses lawsuit over Apple iPhone water resistance claims,-0.1378423832675201,6,3,0.007231702669272599,0.051397058088769196
AAPL,2022-02-03,Strong Negative,Judge dismisses lawsuit over Apple iPhone water resistance claims,-0.1378423832675201,6,4,-0.012896834044986401,0.038500224043782796
AAPL,2022-02-03,Strong Negative,Judge dismisses lawsuit over Apple iPhone water resistance claims,-0.1378423832675201,6,5,-0.0009664341943060005,0.03753378984947679
AAPL,2022-02-04,Strong Positive,"Apple, Broadcom win new trial in $1.1 bln Caltech patent case",0.4382876085403875,4,-5,0.0384089371105174,0.0384089371105174
AAPL,2022-02-04,Strong Positive,"Apple, Broadcom win new trial in $1.1 bln Caltech patent case",0.4382876085403875,4,-4,-0.005852869467963397,0.032556067642554004
AAPL,2022-02-04,Strong Positive,"Apple, Broadcom win new trial in $1.1 bln Caltech patent case",0.4382876085403875,4,-3,-0.0077762482092915,0.024779819433262504
AAPL,2022-02-04,Strong Positive,"Apple, Broadcom win new trial in $1.1 bln Caltech patent case",0.4382876085403875,4,-2,-0.0010811632537954998,0.023698656179467002
AAPL,2022-02-04,Strong Positive,"Apple, Broadcom win new trial in $1.1 bln Caltech patent case",0.4382876085403875,4,-1,0.023824585405656303,0.047523241585123305
AAPL,2022-02-04,Strong Positive,"Apple, Broadcom win new trial in $1.1 bln Caltech patent case",0.4382876085403875,4,0,-0.014294755381937,0.0332284862031863
AAPL,2022-02-04,Strong Positive,"Apple, Broadcom win new trial in $1.1 bln Caltech patent case",0.4382876085403875,4,1,0.0038097193740760007,0.037038205577262305
AAPL,2022-02-04,Strong Positive,"Apple, Broadcom win new trial in $1.1 bln Caltech patent case",0.4382876085403875,4,2,0.007231702669272599,0.0442699082465349
AAPL,2022-02-04,Strong Positive,"Apple, Broadcom win new trial in $1.1 bln Caltech patent case",0.4382876085403875,4,3,-0.012896834044986401,0.0313730742015485
AAPL,2022-02-04,Strong Positive,"Apple, Broadcom win new trial in $1.1 bln Caltech patent case",0.4382876085403875,4,4,-0.0009664341943060005,0.0304066400072425
AAPL,2022-02-04,Strong Positive,"Apple, Broadcom win new trial in $1.1 bln Caltech patent case",0.4382876085403875,4,5,0.011503253113280602,0.0419098931205231
AAPL,2022-02-07,Strong Positive,Tim Cook Reaffirms Commitment to Being Carbon Neutral,0.23136255637332,4,-5,-0.005852869467963397,-0.005852869467963397
AAPL,2022-02-07,Strong Positive,Tim Cook Reaffirms Commitment to Being Carbon Neutral,0.23136255637332,4,-4,-0.0077762482092915,-0.013629117677254898
AAPL,2022-02-07,Strong Positive,Tim Cook Reaffirms Commitment to Being Carbon Neutral,0.23136255637332,4,-3,-0.0010811632537954998,-0.014710280931050397
AAPL,2022-02-07,Strong Positive,Tim Cook Reaffirms Commitment to Being Carbon Neutral,0.23136255637332,4,-2,0.023824585405656303,0.009114304474605905
AAPL,2022-02-07,Strong Positive,Tim Cook Reaffirms Commitment to Being Carbon Neutral,0.23136255637332,4,-1,-0.014294755381937,-0.005180450907331095
AAPL,2022-02-07,Strong Positive,Tim Cook Reaffirms Commitment to Being Carbon Neutral,0.23136255637332,4,0,0.0038097193740760007,-0.0013707315332550946
AAPL,2022-02-07,Strong Positive,Tim Cook Reaffirms Commitment to Being Carbon Neutral,0.23136255637332,4,1,0.007231702669272599,0.005860971136017504
AAPL,2022-02-07,Strong Positive,Tim Cook Reaffirms Commitment to Being Carbon Neutral,0.23136255637332,4,2,-0.012896834044986401,-0.007035862908968897
AAPL,2022-02-07,Strong Positive,Tim Cook Reaffirms Commitment to Being Carbon Neutral,0.23136255637332,4,3,-0.0009664341943060005,-0.008002297103274898
AAPL,2022-02-07,Strong Positive,Tim Cook Reaffirms Commitment to Being Carbon Neutral,0.23136255637332,4,4,0.011503253113280602,0.003500956010005704
AAPL,2022-02-07,Strong Positive,Tim Cook Reaffirms Commitment to Being Carbon Neutral,0.23136255637332,4,5,0.00018397578634639995,0.003684931796352104
AAPL,2022-02-09,Strong Negative,Apple vs. the World,-0.2876418551461165,4,-5,-0.0010811632537954998,-0.0010811632537954998
AAPL,2022-02-09,Strong Negative,Apple vs. the World,-0.2876418551461165,4,-4,0.023824585405656303,0.0227434221518608
AAPL,2022-02-09,Strong Negative,Apple vs. the World,-0.2876418551461165,4,-3,-0.014294755381937,0.0084486667699238
AAPL,2022-02-09,Strong Negative,Apple vs. the World,-0.2876418551461165,4,-2,0.0038097193740760007,0.012258386143999801
AAPL,2022-02-09,Strong Negative,Apple vs. the World,-0.2876418551461165,4,-1,0.007231702669272599,0.0194900888132724
AAPL,2022-02-09,Strong Negative,Apple vs. the World,-0.2876418551461165,4,0,-0.012896834044986401,0.006593254768285999
AAPL,2022-02-09,Strong Negative,Apple vs. the World,-0.2876418551461165,4,1,-0.0009664341943060005,0.005626820573979998
AAPL,2022-02-09,Strong Negative,Apple vs. the World,-0.2876418551461165,4,2,0.011503253113280602,0.017130073687260598
AAPL,2022-02-09,Strong Negative,Apple vs. the World,-0.2876418551461165,4,3,0.00018397578634639995,0.017314049473607
AAPL,2022-02-09,Strong Negative,Apple vs. the World,-0.2876418551461165,4,4,-0.0017114790798977014,0.015602570393709297
AAPL,2022-02-09,Strong Negative,Apple vs. the World,-0.2876418551461165,4,5,-0.0011360427138857,0.014466527679823597
AAPL,2022-02-11,Strong Positive,Apple Just Quietly Introduced a Feature to Your iPhone That Is Going to Upend This $1.7 Trillion Industry,0.4093389721012648,5,-5,-0.014294755381937,-0.014294755381937
AAPL,2022-02-11,Strong Positive,Apple Just Quietly Introduced a Feature to Your iPhone That Is Going to Upend This $1.7 Trillion Industry,0.4093389721012648,5,-4,0.0038097193740760007,-0.010485036007861
AAPL,2022-02-11,Strong Positive,Apple Just Quietly Introduced a Feature to Your iPhone That Is Going to Upend This $1.7 Trillion Industry,0.4093389721012648,5,-3,0.007231702669272599,-0.003253333338588401
AAPL,2022-02-11,Strong Positive,Apple Just Quietly Introduced a Feature to Your iPhone That Is Going to Upend This $1.7 Trillion Industry,0.4093389721012648,5,-2,-0.012896834044986401,-0.016150167383574804
AAPL,2022-02-11,Strong Positive,Apple Just Quietly Introduced a Feature to Your iPhone That Is Going to Upend This $1.7 Trillion Industry,0.4093389721012648,5,-1,-0.0009664341943060005,-0.017116601577880804
AAPL,2022-02-11,Strong Positive,Apple Just Quietly Introduced a Feature to Your iPhone That Is Going to Upend This $1.7 Trillion Industry,0.4093389721012648,5,0,0.011503253113280602,-0.005613348464600203
AAPL,2022-02-11,Strong Positive,Apple Just Quietly Introduced a Feature to Your iPhone That Is Going to Upend This $1.7 Trillion Industry,0.4093389721012648,5,1,0.00018397578634639995,-0.005429372678253803
AAPL,2022-02-11,Strong Positive,Apple Just Quietly Introduced a Feature to Your iPhone That Is Going to Upend This $1.7 Trillion Industry,0.4093389721012648,5,2,-0.0017114790798977014,-0.007140851758151504
AAPL,2022-02-11,Strong Positive,Apple Just Quietly Introduced a Feature to Your iPhone That Is Going to Upend This $1.7 Trillion Industry,0.4093389721012648,5,3,-0.0011360427138857,-0.008276894472037204
AAPL,2022-02-11,Strong Positive,Apple Just Quietly Introduced a Feature to Your iPhone That Is Going to Upend This $1.7 Trillion Industry,0.4093389721012648,5,4,0.008474532088246299,0.00019763761620909467
AAPL,2022-02-11,Strong Positive,Apple Just Quietly Introduced a Feature to Your iPhone That Is Going to Upend This $1.7 Trillion Industry,0.4093389721012648,5,5,0.0020494641428281998,0.0022471017590372944
AAPL,2022-02-17,Strong Negative,Apple defeats copyright lawsuit over racially diverse emoji,-0.2489991672903205,5,-5,-0.0009664341943060005,-0.0009664341943060005
AAPL,2022-02-17,Strong Negative,Apple defeats copyright lawsuit over racially diverse emoji,-0.2489991672903205,5,-4,0.011503253113280602,0.010536818918974601
AAPL,2022-02-17,Strong Negative,Apple defeats copyright lawsuit over racially diverse emoji,-0.2489991672903205,5,-3,0.00018397578634639995,0.010720794705321002
AAPL,2022-02-17,Strong Negative,Apple defeats copyright lawsuit over racially diverse emoji,-0.2489991672903205,5,-2,-0.0017114790798977014,0.0090093156254233
AAPL,2022-02-17,Strong Negative,Apple defeats copyright lawsuit over racially diverse emoji,-0.2489991672903205,5,-1,-0.0011360427138857,0.0078732729115376
AAPL,2022-02-17,Strong Negative,Apple defeats copyright lawsuit over racially diverse emoji,-0.2489991672903205,5,0,0.008474532088246299,0.0163478049997839
AAPL,2022-02-17,Strong Negative,Apple defeats copyright lawsuit over racially diverse emoji,-0.2489991672903205,5,1,0.0020494641428281998,0.018397269142612097
AAPL,2022-02-17,Strong Negative,Apple defeats copyright lawsuit over racially diverse emoji,-0.2489991672903205,5,2,-0.007768448190653098,0.010628820951958998
AAPL,2022-02-17,Strong Negative,Apple defeats copyright lawsuit over racially diverse emoji,-0.2489991672903205,5,3,-0.00024918784184440115,0.010379633110114597
AAPL,2022-02-17,Strong Negative,Apple defeats copyright lawsuit over racially diverse emoji,-0.2489991672903205,5,4,-0.016924108590751,-0.006544475480636403
AAPL,2022-02-17,Strong Negative,Apple defeats copyright lawsuit over racially diverse emoji,-0.2489991672903205,5,5,-0.0025418973205087007,-0.009086372801145104
AAPL,2022-02-18,Strong Negative,Trump’s Truth Social Is Poised to Join a Crowded Field (Published 2022),-0.1830351779110918,5,-5,0.011503253113280602,0.011503253113280602
AAPL,2022-02-18,Strong Negative,Trump’s Truth Social Is Poised to Join a Crowded Field (Published 2022),-0.1830351779110918,5,-4,0.00018397578634639995,0.011687228899627002
AAPL,2022-02-18,Strong Negative,Trump’s Truth Social Is Poised to Join a Crowded Field (Published 2022),-0.1830351779110918,5,-3,-0.0017114790798977014,0.0099757498197293
AAPL,2022-02-18,Strong Negative,Trump’s Truth Social Is Poised to Join a Crowded Field (Published 2022),-0.1830351779110918,5,-2,-0.0011360427138857,0.0088397071058436
AAPL,2022-02-18,Strong Negative,Trump’s Truth Social Is Poised to Join a Crowded Field (Published 2022),-0.1830351779110918,5,-1,0.008474532088246299,0.0173142391940899
AAPL,2022-02-18,Strong Negative,Trump’s Truth Social Is Poised to Join a Crowded Field (Published 2022),-0.1830351779110918,5,0,0.0020494641428281998,0.0193637033369181
AAPL,2022-02-18,Strong Negative,Trump’s Truth Social Is Poised to Join a Crowded Field (Published 2022),-0.1830351779110918,5,1,-0.007768448190653098,0.011595255146265002
AAPL,2022-02-18,Strong Negative,Trump’s Truth Social Is Poised to Join a Crowded Field (Published 2022),-0.1830351779110918,5,2,-0.00024918784184440115,0.011346067304420601
AAPL,2022-02-18,Strong Negative,Trump’s Truth Social Is Poised to Join a Crowded Field (Published 2022),-0.1830351779110918,5,3,-0.016924108590751,-0.005578041286330399
AAPL,2022-02-18,Strong Negative,Trump’s Truth Social Is Poised to Join a Crowded Field (Published 2022),-0.1830351779110918,5,4,-0.0025418973205087007,-0.0081199386068391
AAPL,2022-02-18,Strong Negative,Trump’s Truth Social Is Poised to Join a Crowded Field (Published 2022),-0.1830351779110918,5,5,-0.0013407217489444997,-0.0094606603557836
AAPL,2022-02-22,Strong Positive,Kraft Heinz taps Google for multiyear transformation push,1.0,1,-5,0.00018397578634639995,0.00018397578634639995
AAPL,2022-02-22,Strong Positive,Kraft Heinz taps Google for multiyear transformation push,1.0,1,-4,-0.0017114790798977014,-0.0015275032935513015
AAPL,2022-02-22,Strong Positive,Kraft Heinz taps Google for multiyear transformation push,1.0,1,-3,-0.0011360427138857,-0.0026635460074370017
AAPL,2022-02-22,Strong Positive,Kraft Heinz taps Google for multiyear transformation push,1.0,1,-2,0.008474532088246299,0.005810986080809297
AAPL,2022-02-22,Strong Positive,Kraft Heinz taps Google for multiyear transformation push,1.0,1,-1,0.0020494641428281998,0.007860450223637497
AAPL,2022-02-22,Strong Positive,Kraft Heinz taps Google for multiyear transformation push,1.0,1,0,-0.007768448190653098,9.200203298439895e-05
AAPL,2022-02-22,Strong Positive,Kraft Heinz taps Google for multiyear transformation push,1.0,1,1,-0.00024918784184440115,-0.0001571858088600022
AAPL,2022-02-22,Strong Positive,Kraft Heinz taps Google for multiyear transformation push,1.0,1,2,-0.016924108590751,-0.017081294399611
AAPL,2022-02-22,Strong Positive,Kraft Heinz taps Google for multiyear transformation push,1.0,1,3,-0.0025418973205087007,-0.0196231917201197
AAPL,2022-02-22,Strong Positive,Kraft Heinz taps Google for multiyear transformation push,1.0,1,4,-0.0013407217489444997,-0.0209639134690642
AAPL,2022-02-22,Strong Positive,Kraft Heinz taps Google for multiyear transformation push,1.0,1,5,0.0036833665438554992,-0.017280546925208702
AAPL,2022-02-24,Strong Negative,Apple Al Maryah Island opens Friday in the heart of Abu Dhabi,-0.4321706024742135,2,-5,-0.0011360427138857,-0.0011360427138857
AAPL,2022-02-24,Strong Negative,Apple Al Maryah Island opens Friday in the heart of Abu Dhabi,-0.4321706024742135,2,-4,0.008474532088246299,0.007338489374360599
AAPL,2022-02-24,Strong Negative,Apple Al Maryah Island opens Friday in the heart of Abu Dhabi,-0.4321706024742135,2,-3,0.0020494641428281998,0.0093879535171888
AAPL,2022-02-24,Strong Negative,Apple Al Maryah Island opens Friday in the heart of Abu Dhabi,-0.4321706024742135,2,-2,-0.007768448190653098,0.0016195053265357015
AAPL,2022-02-24,Strong Negative,Apple Al Maryah Island opens Friday in the heart of Abu Dhabi,-0.4321706024742135,2,-1,-0.00024918784184440115,0.0013703174846913004
AAPL,2022-02-24,Strong Negative,Apple Al Maryah Island opens Friday in the heart of Abu Dhabi,-0.4321706024742135,2,0,-0.016924108590751,-0.0155537911060597
AAPL,2022-02-24,Strong Negative,Apple Al Maryah Island opens Friday in the heart of Abu Dhabi,-0.4321706024742135,2,1,-0.0025418973205087007,-0.0180956884265684
AAPL,2022-02-24,Strong Negative,Apple Al Maryah Island opens Friday in the heart of Abu Dhabi,-0.4321706024742135,2,2,-0.0013407217489444997,-0.0194364101755129
AAPL,2022-02-24,Strong Negative,Apple Al Maryah Island opens Friday in the heart of Abu Dhabi,-0.4321706024742135,2,3,0.0036833665438554992,-0.0157530436316574
AAPL,2022-02-24,Strong Negative,Apple Al Maryah Island opens Friday in the heart of Abu Dhabi,-0.4321706024742135,2,4,0.0038086966346079984,-0.011944346997049403
AAPL,2022-02-24,Strong Negative,Apple Al Maryah Island opens Friday in the heart of Abu Dhabi,-0.4321706024742135,2,5,0.0123038456460486,0.0003594986489991979
AAPL,2022-03-01,Strong Negative,Apple Halts Product Sales in Russia After Ukraine Invasion,-1.0,2,-5,-0.007768448190653098,-0.007768448190653098
AAPL,2022-03-01,Strong Negative,Apple Halts Product Sales in Russia After Ukraine Invasion,-1.0,2,-4,-0.00024918784184440115,-0.0080176360324975
AAPL,2022-03-01,Strong Negative,Apple Halts Product Sales in Russia After Ukraine Invasion,-1.0,2,-3,-0.016924108590751,-0.0249417446232485
AAPL,2022-03-01,Strong Negative,Apple Halts Product Sales in Russia After Ukraine Invasion,-1.0,2,-2,-0.0025418973205087007,-0.0274836419437572
AAPL,2022-03-01,Strong Negative,Apple Halts Product Sales in Russia After Ukraine Invasion,-1.0,2,-1,-0.0013407217489444997,-0.0288243636927017
AAPL,2022-03-01,Strong Negative,Apple Halts Product Sales in Russia After Ukraine Invasion,-1.0,2,0,0.0036833665438554992,-0.0251409971488462
AAPL,2022-03-01,Strong Negative,Apple Halts Product Sales in Russia After Ukraine Invasion,-1.0,2,1,0.0038086966346079984,-0.021332300514238203
AAPL,2022-03-01,Strong Negative,Apple Halts Product Sales in Russia After Ukraine Invasion,-1.0,2,2,0.0123038456460486,-0.009028454868189602
AAPL,2022-03-01,Strong Negative,Apple Halts Product Sales in Russia After Ukraine Invasion,-1.0,2,3,-0.0039164503551065,-0.012944905223296102
AAPL,2022-03-01,Strong Negative,Apple Halts Product Sales in Russia After Ukraine Invasion,-1.0,2,4,0.013163676184690502,0.00021877096139439993
AAPL,2022-03-01,Strong Negative,Apple Halts Product Sales in Russia After Ukraine Invasion,-1.0,2,5,-0.0070278430449204005,-0.006809072083526001
AAPL,2022-03-02,Strong Negative,"Apple to host spring event next week, low-cost 5G iPhone in focus",-0.2282776276713106,5,-5,-0.00024918784184440115,-0.00024918784184440115
AAPL,2022-03-02,Strong Negative,"Apple to host spring event next week, low-cost 5G iPhone in focus",-0.2282776276713106,5,-4,-0.016924108590751,-0.0171732964325954
AAPL,2022-03-02,Strong Negative,"Apple to host spring event next week, low-cost 5G iPhone in focus",-0.2282776276713106,5,-3,-0.0025418973205087007,-0.019715193753104102
AAPL,2022-03-02,Strong Negative,"Apple to host spring event next week, low-cost 5G iPhone in focus",-0.2282776276713106,5,-2,-0.0013407217489444997,-0.021055915502048602
AAPL,2022-03-02,Strong Negative,"Apple to host spring event next week, low-cost 5G iPhone in focus",-0.2282776276713106,5,-1,0.0036833665438554992,-0.017372548958193103
AAPL,2022-03-02,Strong Negative,"Apple to host spring event next week, low-cost 5G iPhone in focus",-0.2282776276713106,5,0,0.0038086966346079984,-0.013563852323585104
AAPL,2022-03-02,Strong Negative,"Apple to host spring event next week, low-cost 5G iPhone in focus",-0.2282776276713106,5,1,0.0123038456460486,-0.0012600066775365036
AAPL,2022-03-02,Strong Negative,"Apple to host spring event next week, low-cost 5G iPhone in focus",-0.2282776276713106,5,2,-0.0039164503551065,-0.0051764570326430035
AAPL,2022-03-02,Strong Negative,"Apple to host spring event next week, low-cost 5G iPhone in focus",-0.2282776276713106,5,3,0.013163676184690502,0.007987219152047498
AAPL,2022-03-02,Strong Negative,"Apple to host spring event next week, low-cost 5G iPhone in focus",-0.2282776276713106,5,4,-0.0070278430449204005,0.0009593761071270976
AAPL,2022-03-02,Strong Negative,"Apple to host spring event next week, low-cost 5G iPhone in focus",-0.2282776276713106,5,5,-0.0010007788696346984,-4.140276250760074e-05
AAPL,2022-03-03,Strong Negative,Ikea and the owner of T.J. Maxx are the latest retailers to halt Russia operations.,-0.4697683663372375,4,-5,-0.016924108590751,-0.016924108590751
AAPL,2022-03-03,Strong Negative,Ikea and the owner of T.J. Maxx are the latest retailers to halt Russia operations.,-0.4697683663372375,4,-4,-0.0025418973205087007,-0.0194660059112597
AAPL,2022-03-03,Strong Negative,Ikea and the owner of T.J. Maxx are the latest retailers to halt Russia operations.,-0.4697683663372375,4,-3,-0.0013407217489444997,-0.0208067276602042
AAPL,2022-03-03,Strong Negative,Ikea and the owner of T.J. Maxx are the latest retailers to halt Russia operations.,-0.4697683663372375,4,-2,0.0036833665438554992,-0.0171233611163487
AAPL,2022-03-03,Strong Negative,Ikea and the owner of T.J. Maxx are the latest retailers to halt Russia operations.,-0.4697683663372375,4,-1,0.0038086966346079984,-0.013314664481740703
AAPL,2022-03-03,Strong Negative,Ikea and the owner of T.J. Maxx are the latest retailers to halt Russia operations.,-0.4697683663372375,4,0,0.0123038456460486,-0.0010108188356921025
AAPL,2022-03-03,Strong Negative,Ikea and the owner of T.J. Maxx are the latest retailers to halt Russia operations.,-0.4697683663372375,4,1,-0.0039164503551065,-0.004927269190798602
AAPL,2022-03-03,Strong Negative,Ikea and the owner of T.J. Maxx are the latest retailers to halt Russia operations.,-0.4697683663372375,4,2,0.013163676184690502,0.0082364069938919
AAPL,2022-03-03,Strong Negative,Ikea and the owner of T.J. Maxx are the latest retailers to halt Russia operations.,-0.4697683663372375,4,3,-0.0070278430449204005,0.0012085639489714988
AAPL,2022-03-03,Strong Negative,Ikea and the owner of T.J. Maxx are the latest retailers to halt Russia operations.,-0.4697683663372375,4,4,-0.0010007788696346984,0.0002077850793368004
AAPL,2022-03-03,Strong Negative,Ikea and the owner of T.J. Maxx are the latest retailers to halt Russia operations.,-0.4697683663372375,4,5,-0.0160816738048164,-0.0158738887254796
AAPL,2022-03-04,Strong Negative,Ukraine war tests whether marketers can address crisis meaningfully,-0.3810476338751676,5,-5,-0.0025418973205087007,-0.0025418973205087007
AAPL,2022-03-04,Strong Negative,Ukraine war tests whether marketers can address crisis meaningfully,-0.3810476338751676,5,-4,-0.0013407217489444997,-0.0038826190694532005
AAPL,2022-03-04,Strong Negative,Ukraine war tests whether marketers can address crisis meaningfully,-0.3810476338751676,5,-3,0.0036833665438554992,-0.00019925252559770124
AAPL,2022-03-04,Strong Negative,Ukraine war tests whether marketers can address crisis meaningfully,-0.3810476338751676,5,-2,0.0038086966346079984,0.003609444109010297
AAPL,2022-03-04,Strong Negative,Ukraine war tests whether marketers can address crisis meaningfully,-0.3810476338751676,5,-1,0.0123038456460486,0.015913289755058898
AAPL,2022-03-04,Strong Negative,Ukraine war tests whether marketers can address crisis meaningfully,-0.3810476338751676,5,0,-0.0039164503551065,0.011996839399952398
AAPL,2022-03-04,Strong Negative,Ukraine war tests whether marketers can address crisis meaningfully,-0.3810476338751676,5,1,0.013163676184690502,0.025160515584642898
AAPL,2022-03-04,Strong Negative,Ukraine war tests whether marketers can address crisis meaningfully,-0.3810476338751676,5,2,-0.0070278430449204005,0.0181326725397225
AAPL,2022-03-04,Strong Negative,Ukraine war tests whether marketers can address crisis meaningfully,-0.3810476338751676,5,3,-0.0010007788696346984,0.0171318936700878
AAPL,2022-03-04,Strong Negative,Ukraine war tests whether marketers can address crisis meaningfully,-0.3810476338751676,5,4,-0.0160816738048164,0.0010502198652714012
AAPL,2022-03-04,Strong Negative,Ukraine war tests whether marketers can address crisis meaningfully,-0.3810476338751676,5,5,-0.003170349815495601,-0.0021201299502241998
AAPL,2022-03-07,Strong Negative,EPAM Shares Continue to Fall on Ukraine Crisis & Russia Exit,-1.0,1,-5,-0.0013407217489444997,-0.0013407217489444997
AAPL,2022-03-07,Strong Negative,EPAM Shares Continue to Fall on Ukraine Crisis & Russia Exit,-1.0,1,-4,0.0036833665438554992,0.0023426447949109995
AAPL,2022-03-07,Strong Negative,EPAM Shares Continue to Fall on Ukraine Crisis & Russia Exit,-1.0,1,-3,0.0038086966346079984,0.006151341429518998
AAPL,2022-03-07,Strong Negative,EPAM Shares Continue to Fall on Ukraine Crisis & Russia Exit,-1.0,1,-2,0.0123038456460486,0.0184551870755676
AAPL,2022-03-07,Strong Negative,EPAM Shares Continue to Fall on Ukraine Crisis & Russia Exit,-1.0,1,-1,-0.0039164503551065,0.014538736720461099
AAPL,2022-03-07,Strong Negative,EPAM Shares Continue to Fall on Ukraine Crisis & Russia Exit,-1.0,1,0,0.013163676184690502,0.027702412905151602
AAPL,2022-03-07,Strong Negative,EPAM Shares Continue to Fall on Ukraine Crisis & Russia Exit,-1.0,1,1,-0.0070278430449204005,0.020674569860231203
AAPL,2022-03-07,Strong Negative,EPAM Shares Continue to Fall on Ukraine Crisis & Russia Exit,-1.0,1,2,-0.0010007788696346984,0.019673790990596504
AAPL,2022-03-07,Strong Negative,EPAM Shares Continue to Fall on Ukraine Crisis & Russia Exit,-1.0,1,3,-0.0160816738048164,0.0035921171857801054
AAPL,2022-03-07,Strong Negative,EPAM Shares Continue to Fall on Ukraine Crisis & Russia Exit,-1.0,1,4,-0.003170349815495601,0.0004217673702845044
AAPL,2022-03-07,Strong Negative,EPAM Shares Continue to Fall on Ukraine Crisis & Russia Exit,-1.0,1,5,-0.007357565829945501,-0.006935798459660997
AAPL,2022-03-11,Strong Negative,"Autodesk Inc. stock falls Friday, underperforms market",-0.3453360885429734,3,-5,-0.0039164503551065,-0.0039164503551065
AAPL,2022-03-11,Strong Negative,"Autodesk Inc. stock falls Friday, underperforms market",-0.3453360885429734,3,-4,0.013163676184690502,0.009247225829584002
AAPL,2022-03-11,Strong Negative,"Autodesk Inc. stock falls Friday, underperforms market",-0.3453360885429734,3,-3,-0.0070278430449204005,0.0022193827846636012
AAPL,2022-03-11,Strong Negative,"Autodesk Inc. stock falls Friday, underperforms market",-0.3453360885429734,3,-2,-0.0010007788696346984,0.0012186039150289029
AAPL,2022-03-11,Strong Negative,"Autodesk Inc. stock falls Friday, underperforms market",-0.3453360885429734,3,-1,-0.0160816738048164,-0.014863069889787497
AAPL,2022-03-11,Strong Negative,"Autodesk Inc. stock falls Friday, underperforms market",-0.3453360885429734,3,0,-0.003170349815495601,-0.018033419705283098
AAPL,2022-03-11,Strong Negative,"Autodesk Inc. stock falls Friday, underperforms market",-0.3453360885429734,3,1,-0.007357565829945501,-0.0253909855352286
AAPL,2022-03-11,Strong Negative,"Autodesk Inc. stock falls Friday, underperforms market",-0.3453360885429734,3,2,-0.001689537171993702,-0.0270805227072223
AAPL,2022-03-11,Strong Negative,"Autodesk Inc. stock falls Friday, underperforms market",-0.3453360885429734,3,3,-0.008071327827756901,-0.0351518505349792
AAPL,2022-03-11,Strong Negative,"Autodesk Inc. stock falls Friday, underperforms market",-0.3453360885429734,3,4,-0.005651996495564599,-0.040803847030543794
AAPL,2022-03-11,Strong Negative,"Autodesk Inc. stock falls Friday, underperforms market",-0.3453360885429734,3,5,0.0004509386900044994,-0.0403529083405393
AAPL,2022-03-14,Strong Negative,TSMC’s largest customer makes up 26% of revenue,-0.3822298597097451,2,-5,0.013163676184690502,0.013163676184690502
AAPL,2022-03-14,Strong Negative,TSMC’s largest customer makes up 26% of revenue,-0.3822298597097451,2,-4,-0.0070278430449204005,0.006135833139770101
AAPL,2022-03-14,Strong Negative,TSMC’s largest customer makes up 26% of revenue,-0.3822298597097451,2,-3,-0.0010007788696346984,0.005135054270135403
AAPL,2022-03-14,Strong Negative,TSMC’s largest customer makes up 26% of revenue,-0.3822298597097451,2,-2,-0.0160816738048164,-0.010946619534680995
AAPL,2022-03-14,Strong Negative,TSMC’s largest customer makes up 26% of revenue,-0.3822298597097451,2,-1,-0.003170349815495601,-0.014116969350176596
AAPL,2022-03-14,Strong Negative,TSMC’s largest customer makes up 26% of revenue,-0.3822298597097451,2,0,-0.007357565829945501,-0.021474535180122097
AAPL,2022-03-14,Strong Negative,TSMC’s largest customer makes up 26% of revenue,-0.3822298597097451,2,1,-0.001689537171993702,-0.0231640723521158
AAPL,2022-03-14,Strong Negative,TSMC’s largest customer makes up 26% of revenue,-0.3822298597097451,2,2,-0.008071327827756901,-0.0312354001798727
AAPL,2022-03-14,Strong Negative,TSMC’s largest customer makes up 26% of revenue,-0.3822298597097451,2,3,-0.005651996495564599,-0.0368873966754373
AAPL,2022-03-14,Strong Negative,TSMC’s largest customer makes up 26% of revenue,-0.3822298597097451,2,4,0.0004509386900044994,-0.036436457985432796
AAPL,2022-03-14,Strong Negative,TSMC’s largest customer makes up 26% of revenue,-0.3822298597097451,2,5,0.0113177332941514,-0.025118724691281395
AAPL,2022-03-15,Strong Positive,Apple’s Impact Accelerator unlocks new opportunities for US businesses to speed environmental progress,0.3087369786320049,4,-5,-0.0070278430449204005,-0.0070278430449204005
AAPL,2022-03-15,Strong Positive,Apple’s Impact Accelerator unlocks new opportunities for US businesses to speed environmental progress,0.3087369786320049,4,-4,-0.0010007788696346984,-0.008028621914555098
AAPL,2022-03-15,Strong Positive,Apple’s Impact Accelerator unlocks new opportunities for US businesses to speed environmental progress,0.3087369786320049,4,-3,-0.0160816738048164,-0.024110295719371497
AAPL,2022-03-15,Strong Positive,Apple’s Impact Accelerator unlocks new opportunities for US businesses to speed environmental progress,0.3087369786320049,4,-2,-0.003170349815495601,-0.027280645534867098
AAPL,2022-03-15,Strong Positive,Apple’s Impact Accelerator unlocks new opportunities for US businesses to speed environmental progress,0.3087369786320049,4,-1,-0.007357565829945501,-0.0346382113648126
AAPL,2022-03-15,Strong Positive,Apple’s Impact Accelerator unlocks new opportunities for US businesses to speed environmental progress,0.3087369786320049,4,0,-0.001689537171993702,-0.0363277485368063
AAPL,2022-03-15,Strong Positive,Apple’s Impact Accelerator unlocks new opportunities for US businesses to speed environmental progress,0.3087369786320049,4,1,-0.008071327827756901,-0.0443990763645632
AAPL,2022-03-15,Strong Positive,Apple’s Impact Accelerator unlocks new opportunities for US businesses to speed environmental progress,0.3087369786320049,4,2,-0.005651996495564599,-0.050051072860127804
AAPL,2022-03-15,Strong Positive,Apple’s Impact Accelerator unlocks new opportunities for US businesses to speed environmental progress,0.3087369786320049,4,3,0.0004509386900044994,-0.04960013417012331
AAPL,2022-03-15,Strong Positive,Apple’s Impact Accelerator unlocks new opportunities for US businesses to speed environmental progress,0.3087369786320049,4,4,0.0113177332941514,-0.03828240087597191
AAPL,2022-03-15,Strong Positive,Apple’s Impact Accelerator unlocks new opportunities for US businesses to speed environmental progress,0.3087369786320049,4,5,0.0011481450204960005,-0.0371342558554759
AAPL,2022-03-16,Strong Negative,Apple Pay has arrived in Argentina: how to pay with the iPhone and what are its advantages?,-0.1914231709961006,4,-5,-0.0010007788696346984,-0.0010007788696346984
AAPL,2022-03-16,Strong Negative,Apple Pay has arrived in Argentina: how to pay with the iPhone and what are its advantages?,-0.1914231709961006,4,-4,-0.0160816738048164,-0.017082452674451097
AAPL,2022-03-16,Strong Negative,Apple Pay has arrived in Argentina: how to pay with the iPhone and what are its advantages?,-0.1914231709961006,4,-3,-0.003170349815495601,-0.020252802489946698
AAPL,2022-03-16,Strong Negative,Apple Pay has arrived in Argentina: how to pay with the iPhone and what are its advantages?,-0.1914231709961006,4,-2,-0.007357565829945501,-0.0276103683198922
AAPL,2022-03-16,Strong Negative,Apple Pay has arrived in Argentina: how to pay with the iPhone and what are its advantages?,-0.1914231709961006,4,-1,-0.001689537171993702,-0.0292999054918859
AAPL,2022-03-16,Strong Negative,Apple Pay has arrived in Argentina: how to pay with the iPhone and what are its advantages?,-0.1914231709961006,4,0,-0.008071327827756901,-0.0373712333196428
AAPL,2022-03-16,Strong Negative,Apple Pay has arrived in Argentina: how to pay with the iPhone and what are its advantages?,-0.1914231709961006,4,1,-0.005651996495564599,-0.0430232298152074
AAPL,2022-03-16,Strong Negative,Apple Pay has arrived in Argentina: how to pay with the iPhone and what are its advantages?,-0.1914231709961006,4,2,0.0004509386900044994,-0.0425722911252029
AAPL,2022-03-16,Strong Negative,Apple Pay has arrived in Argentina: how to pay with the iPhone and what are its advantages?,-0.1914231709961006,4,3,0.0113177332941514,-0.0312545578310515
AAPL,2022-03-16,Strong Negative,Apple Pay has arrived in Argentina: how to pay with the iPhone and what are its advantages?,-0.1914231709961006,4,4,0.0011481450204960005,-0.0301064128105555
AAPL,2022-03-16,Strong Negative,Apple Pay has arrived in Argentina: how to pay with the iPhone and what are its advantages?,-0.1914231709961006,4,5,0.0226048643672217,-0.0075015484433338005
AAPL,2022-03-21,Strong Negative,U.S. charges former Apple buyer with defrauding more than $10 million from company,-0.6288386670381007,2,-5,-0.007357565829945501,-0.007357565829945501
AAPL,2022-03-21,Strong Negative,U.S. charges former Apple buyer with defrauding more than $10 million from company,-0.6288386670381007,2,-4,-0.001689537171993702,-0.009047103001939203
AAPL,2022-03-21,Strong Negative,U.S. charges former Apple buyer with defrauding more than $10 million from company,-0.6288386670381007,2,-3,-0.008071327827756901,-0.017118430829696104
AAPL,2022-03-21,Strong Negative,U.S. charges former Apple buyer with defrauding more than $10 million from company,-0.6288386670381007,2,-2,-0.005651996495564599,-0.022770427325260703
AAPL,2022-03-21,Strong Negative,U.S. charges former Apple buyer with defrauding more than $10 million from company,-0.6288386670381007,2,-1,0.0004509386900044994,-0.022319488635256204
AAPL,2022-03-21,Strong Negative,U.S. charges former Apple buyer with defrauding more than $10 million from company,-0.6288386670381007,2,0,0.0113177332941514,-0.011001755341104804
AAPL,2022-03-21,Strong Negative,U.S. charges former Apple buyer with defrauding more than $10 million from company,-0.6288386670381007,2,1,0.0011481450204960005,-0.009853610320608804
AAPL,2022-03-21,Strong Negative,U.S. charges former Apple buyer with defrauding more than $10 million from company,-0.6288386670381007,2,2,0.0226048643672217,0.012751254046612896
AAPL,2022-03-21,Strong Negative,U.S. charges former Apple buyer with defrauding more than $10 million from company,-0.6288386670381007,2,3,0.00045132723035500033,0.013202581276967896
AAPL,2022-03-21,Strong Negative,U.S. charges former Apple buyer with defrauding more than $10 million from company,-0.6288386670381007,2,4,0.0045682043260776,0.017770785603045496
AAPL,2022-03-21,Strong Negative,U.S. charges former Apple buyer with defrauding more than $10 million from company,-0.6288386670381007,2,5,-0.010435875911938501,0.007334909691106995
AAPL,2022-03-25,Strong Positive,How big U.S. companies are creating a brand new abortion benefit,0.2611369271210616,3,-5,0.0004509386900044994,0.0004509386900044994
AAPL,2022-03-25,Strong Positive,How big U.S. companies are creating a brand new abortion benefit,0.2611369271210616,3,-4,0.0113177332941514,0.011768671984155899
AAPL,2022-03-25,Strong Positive,How big U.S. companies are creating a brand new abortion benefit,0.2611369271210616,3,-3,0.0011481450204960005,0.0129168170046519
AAPL,2022-03-25,Strong Positive,How big U.S. companies are creating a brand new abortion benefit,0.2611369271210616,3,-2,0.0226048643672217,0.0355216813718736
AAPL,2022-03-25,Strong Positive,How big U.S. companies are creating a brand new abortion benefit,0.2611369271210616,3,-1,0.00045132723035500033,0.0359730086022286
AAPL,2022-03-25,Strong Positive,How big U.S. companies are creating a brand new abortion benefit,0.2611369271210616,3,0,0.0045682043260776,0.0405412129283062
AAPL,2022-03-25,Strong Positive,How big U.S. companies are creating a brand new abortion benefit,0.2611369271210616,3,1,-0.010435875911938501,0.0301053370163677
AAPL,2022-03-25,Strong Positive,How big U.S. companies are creating a brand new abortion benefit,0.2611369271210616,3,2,0.0019245281078032993,0.032029865124171
AAPL,2022-03-25,Strong Positive,How big U.S. companies are creating a brand new abortion benefit,0.2611369271210616,3,3,0.0043962978368701005,0.0364261629610411
AAPL,2022-03-25,Strong Positive,How big U.S. companies are creating a brand new abortion benefit,0.2611369271210616,3,4,-0.0053813772578849995,0.0310447857031561
AAPL,2022-03-25,Strong Positive,How big U.S. companies are creating a brand new abortion benefit,0.2611369271210616,3,5,0.00018562767994059997,0.031230413383096702
AAPL,2022-03-28,Strong Negative,"Apple to cut iPhone, AirPods output, Nikkei reports",-1.0,2,-5,0.0113177332941514,0.0113177332941514
AAPL,2022-03-28,Strong Negative,"Apple to cut iPhone, AirPods output, Nikkei reports",-1.0,2,-4,0.0011481450204960005,0.0124658783146474
AAPL,2022-03-28,Strong Negative,"Apple to cut iPhone, AirPods output, Nikkei reports",-1.0,2,-3,0.0226048643672217,0.0350707426818691
AAPL,2022-03-28,Strong Negative,"Apple to cut iPhone, AirPods output, Nikkei reports",-1.0,2,-2,0.00045132723035500033,0.0355220699122241
AAPL,2022-03-28,Strong Negative,"Apple to cut iPhone, AirPods output, Nikkei reports",-1.0,2,-1,0.0045682043260776,0.0400902742383017
AAPL,2022-03-28,Strong Negative,"Apple to cut iPhone, AirPods output, Nikkei reports",-1.0,2,0,-0.010435875911938501,0.0296543983263632
AAPL,2022-03-28,Strong Negative,"Apple to cut iPhone, AirPods output, Nikkei reports",-1.0,2,1,0.0019245281078032993,0.0315789264341665
AAPL,2022-03-28,Strong Negative,"Apple to cut iPhone, AirPods output, Nikkei reports",-1.0,2,2,0.0043962978368701005,0.0359752242710366
AAPL,2022-03-28,Strong Negative,"Apple to cut iPhone, AirPods output, Nikkei reports",-1.0,2,3,-0.0053813772578849995,0.030593847013151605
AAPL,2022-03-28,Strong Negative,"Apple to cut iPhone, AirPods output, Nikkei reports",-1.0,2,4,0.00018562767994059997,0.030779474693092206
AAPL,2022-03-28,Strong Negative,"Apple to cut iPhone, AirPods output, Nikkei reports",-1.0,2,5,0.0031048540715505994,0.033884328764642806
AAPL,2022-03-30,Strong Positive,WA Police phone capabilities expanded to add support for Apple CarPlay,0.5626801988552755,2,-5,0.0226048643672217,0.0226048643672217
AAPL,2022-03-30,Strong Positive,WA Police phone capabilities expanded to add support for Apple CarPlay,0.5626801988552755,2,-4,0.00045132723035500033,0.0230561915975767
AAPL,2022-03-30,Strong Positive,WA Police phone capabilities expanded to add support for Apple CarPlay,0.5626801988552755,2,-3,0.0045682043260776,0.027624395923654302
AAPL,2022-03-30,Strong Positive,WA Police phone capabilities expanded to add support for Apple CarPlay,0.5626801988552755,2,-2,-0.010435875911938501,0.0171885200117158
AAPL,2022-03-30,Strong Positive,WA Police phone capabilities expanded to add support for Apple CarPlay,0.5626801988552755,2,-1,0.0019245281078032993,0.0191130481195191
AAPL,2022-03-30,Strong Positive,WA Police phone capabilities expanded to add support for Apple CarPlay,0.5626801988552755,2,0,0.0043962978368701005,0.0235093459563892
AAPL,2022-03-30,Strong Positive,WA Police phone capabilities expanded to add support for Apple CarPlay,0.5626801988552755,2,1,-0.0053813772578849995,0.0181279686985042
AAPL,2022-03-30,Strong Positive,WA Police phone capabilities expanded to add support for Apple CarPlay,0.5626801988552755,2,2,0.00018562767994059997,0.0183135963784448
AAPL,2022-03-30,Strong Positive,WA Police phone capabilities expanded to add support for Apple CarPlay,0.5626801988552755,2,3,0.0031048540715505994,0.0214184504499954
AAPL,2022-03-30,Strong Positive,WA Police phone capabilities expanded to add support for Apple CarPlay,0.5626801988552755,2,4,0.0032618247062335994,0.024680275156229
AAPL,2022-03-30,Strong Positive,WA Police phone capabilities expanded to add support for Apple CarPlay,0.5626801988552755,2,5,0.0032605861147720003,0.027940861271001
AAPL,2022-03-31,Strong Negative,Apple reportedly seeks alternative flash memory chip suppliers,-0.2204827865502916,4,-5,0.00045132723035500033,0.00045132723035500033
AAPL,2022-03-31,Strong Negative,Apple reportedly seeks alternative flash memory chip suppliers,-0.2204827865502916,4,-4,0.0045682043260776,0.0050195315564326
AAPL,2022-03-31,Strong Negative,Apple reportedly seeks alternative flash memory chip suppliers,-0.2204827865502916,4,-3,-0.010435875911938501,-0.005416344355505901
AAPL,2022-03-31,Strong Negative,Apple reportedly seeks alternative flash memory chip suppliers,-0.2204827865502916,4,-2,0.0019245281078032993,-0.0034918162477026015
AAPL,2022-03-31,Strong Negative,Apple reportedly seeks alternative flash memory chip suppliers,-0.2204827865502916,4,-1,0.0043962978368701005,0.000904481589167499
AAPL,2022-03-31,Strong Negative,Apple reportedly seeks alternative flash memory chip suppliers,-0.2204827865502916,4,0,-0.0053813772578849995,-0.0044768956687175005
AAPL,2022-03-31,Strong Negative,Apple reportedly seeks alternative flash memory chip suppliers,-0.2204827865502916,4,1,0.00018562767994059997,-0.0042912679887769
AAPL,2022-03-31,Strong Negative,Apple reportedly seeks alternative flash memory chip suppliers,-0.2204827865502916,4,2,0.0031048540715505994,-0.0011864139172263009
AAPL,2022-03-31,Strong Negative,Apple reportedly seeks alternative flash memory chip suppliers,-0.2204827865502916,4,3,0.0032618247062335994,0.0020754107890072985
AAPL,2022-03-31,Strong Negative,Apple reportedly seeks alternative flash memory chip suppliers,-0.2204827865502916,4,4,0.0032605861147720003,0.005335996903779299
AAPL,2022-03-31,Strong Negative,Apple reportedly seeks alternative flash memory chip suppliers,-0.2204827865502916,4,5,-0.0005737686273247999,0.0047622282764544985
AAPL,2022-04-06,Strong Negative,"BlackBerry plans to settle lawsuit over BlackBerry 10, avoid U.S. trial",-1.0,1,-5,0.0043962978368701005,0.0043962978368701005
AAPL,2022-04-06,Strong Negative,"BlackBerry plans to settle lawsuit over BlackBerry 10, avoid U.S. trial",-1.0,1,-4,-0.0053813772578849995,-0.000985079421014899
AAPL,2022-04-06,Strong Negative,"BlackBerry plans to settle lawsuit over BlackBerry 10, avoid U.S. trial",-1.0,1,-3,0.00018562767994059997,-0.000799451741074299
AAPL,2022-04-06,Strong Negative,"BlackBerry plans to settle lawsuit over BlackBerry 10, avoid U.S. trial",-1.0,1,-2,0.0031048540715505994,0.0023054023304763006
AAPL,2022-04-06,Strong Negative,"BlackBerry plans to settle lawsuit over BlackBerry 10, avoid U.S. trial",-1.0,1,-1,0.0032618247062335994,0.0055672270367099
AAPL,2022-04-06,Strong Negative,"BlackBerry plans to settle lawsuit over BlackBerry 10, avoid U.S. trial",-1.0,1,0,0.0032605861147720003,0.0088278131514819
AAPL,2022-04-06,Strong Negative,"BlackBerry plans to settle lawsuit over BlackBerry 10, avoid U.S. trial",-1.0,1,1,-0.0005737686273247999,0.0082540445241571
AAPL,2022-04-06,Strong Negative,"BlackBerry plans to settle lawsuit over BlackBerry 10, avoid U.S. trial",-1.0,1,2,0.0020702371468421,0.0103242816709992
AAPL,2022-04-06,Strong Negative,"BlackBerry plans to settle lawsuit over BlackBerry 10, avoid U.S. trial",-1.0,1,3,-0.0018587062458240017,0.008465575425175198
AAPL,2022-04-06,Strong Negative,"BlackBerry plans to settle lawsuit over BlackBerry 10, avoid U.S. trial",-1.0,1,4,0.0157481416728676,0.0242137170980428
AAPL,2022-04-06,Strong Negative,"BlackBerry plans to settle lawsuit over BlackBerry 10, avoid U.S. trial",-1.0,1,5,-0.0039847315926804,0.0202289855053624
AAPL,2022-04-07,Strong Negative,Warren Buffett made about $650 million on HP after stake was revealed,-0.1926897010278248,5,-5,-0.0053813772578849995,-0.0053813772578849995
AAPL,2022-04-07,Strong Negative,Warren Buffett made about $650 million on HP after stake was revealed,-0.1926897010278248,5,-4,0.00018562767994059997,-0.005195749577944399
AAPL,2022-04-07,Strong Negative,Warren Buffett made about $650 million on HP after stake was revealed,-0.1926897010278248,5,-3,0.0031048540715505994,-0.0020908955063938
AAPL,2022-04-07,Strong Negative,Warren Buffett made about $650 million on HP after stake was revealed,-0.1926897010278248,5,-2,0.0032618247062335994,0.0011709291998397995
AAPL,2022-04-07,Strong Negative,Warren Buffett made about $650 million on HP after stake was revealed,-0.1926897010278248,5,-1,0.0032605861147720003,0.0044315153146118
AAPL,2022-04-07,Strong Negative,Warren Buffett made about $650 million on HP after stake was revealed,-0.1926897010278248,5,0,-0.0005737686273247999,0.003857746687287
AAPL,2022-04-07,Strong Negative,Warren Buffett made about $650 million on HP after stake was revealed,-0.1926897010278248,5,1,0.0020702371468421,0.0059279838341291
AAPL,2022-04-07,Strong Negative,Warren Buffett made about $650 million on HP after stake was revealed,-0.1926897010278248,5,2,-0.0018587062458240017,0.004069277588305099
AAPL,2022-04-07,Strong Negative,Warren Buffett made about $650 million on HP after stake was revealed,-0.1926897010278248,5,3,0.0157481416728676,0.019817419261172697
AAPL,2022-04-07,Strong Negative,Warren Buffett made about $650 million on HP after stake was revealed,-0.1926897010278248,5,4,-0.0039847315926804,0.015832687668492298
AAPL,2022-04-07,Strong Negative,Warren Buffett made about $650 million on HP after stake was revealed,-0.1926897010278248,5,5,-0.007121202440157799,0.008711485228334499
AAPL,2022-04-08,Strong Positive,"Survey finds 87% of US teenagers own an iPhone, Apple's AirPods remain immensely popular",0.4212184586352943,3,-5,0.00018562767994059997,0.00018562767994059997
AAPL,2022-04-08,Strong Positive,"Survey finds 87% of US teenagers own an iPhone, Apple's AirPods remain immensely popular",0.4212184586352943,3,-4,0.0031048540715505994,0.0032904817514911996
AAPL,2022-04-08,Strong Positive,"Survey finds 87% of US teenagers own an iPhone, Apple's AirPods remain immensely popular",0.4212184586352943,3,-3,0.0032618247062335994,0.006552306457724799
AAPL,2022-04-08,Strong Positive,"Survey finds 87% of US teenagers own an iPhone, Apple's AirPods remain immensely popular",0.4212184586352943,3,-2,0.0032605861147720003,0.0098128925724968
AAPL,2022-04-08,Strong Positive,"Survey finds 87% of US teenagers own an iPhone, Apple's AirPods remain immensely popular",0.4212184586352943,3,-1,-0.0005737686273247999,0.009239123945172
AAPL,2022-04-08,Strong Positive,"Survey finds 87% of US teenagers own an iPhone, Apple's AirPods remain immensely popular",0.4212184586352943,3,0,0.0020702371468421,0.0113093610920141
AAPL,2022-04-08,Strong Positive,"Survey finds 87% of US teenagers own an iPhone, Apple's AirPods remain immensely popular",0.4212184586352943,3,1,-0.0018587062458240017,0.009450654846190098
AAPL,2022-04-08,Strong Positive,"Survey finds 87% of US teenagers own an iPhone, Apple's AirPods remain immensely popular",0.4212184586352943,3,2,0.0157481416728676,0.025198796519057695
AAPL,2022-04-08,Strong Positive,"Survey finds 87% of US teenagers own an iPhone, Apple's AirPods remain immensely popular",0.4212184586352943,3,3,-0.0039847315926804,0.021214064926377296
AAPL,2022-04-08,Strong Positive,"Survey finds 87% of US teenagers own an iPhone, Apple's AirPods remain immensely popular",0.4212184586352943,3,4,-0.007121202440157799,0.014092862486219496
AAPL,2022-04-08,Strong Positive,"Survey finds 87% of US teenagers own an iPhone, Apple's AirPods remain immensely popular",0.4212184586352943,3,5,-0.0020988251436247,0.011994037342594795
AAPL,2022-04-13,Strong Positive,This Chip Maker Supplies Tesla and Apple. Its Stock Could Get a Boost as Shortages Continue.,0.3175579987195073,3,-5,0.0032605861147720003,0.0032605861147720003
AAPL,2022-04-13,Strong Positive,This Chip Maker Supplies Tesla and Apple. Its Stock Could Get a Boost as Shortages Continue.,0.3175579987195073,3,-4,-0.0005737686273247999,0.0026868174874472004
AAPL,2022-04-13,Strong Positive,This Chip Maker Supplies Tesla and Apple. Its Stock Could Get a Boost as Shortages Continue.,0.3175579987195073,3,-3,0.0020702371468421,0.0047570546342893
AAPL,2022-04-13,Strong Positive,This Chip Maker Supplies Tesla and Apple. Its Stock Could Get a Boost as Shortages Continue.,0.3175579987195073,3,-2,-0.0018587062458240017,0.0028983483884652984
AAPL,2022-04-13,Strong Positive,This Chip Maker Supplies Tesla and Apple. Its Stock Could Get a Boost as Shortages Continue.,0.3175579987195073,3,-1,0.0157481416728676,0.0186464900613329
AAPL,2022-04-13,Strong Positive,This Chip Maker Supplies Tesla and Apple. Its Stock Could Get a Boost as Shortages Continue.,0.3175579987195073,3,0,-0.0039847315926804,0.0146617584686525
AAPL,2022-04-13,Strong Positive,This Chip Maker Supplies Tesla and Apple. Its Stock Could Get a Boost as Shortages Continue.,0.3175579987195073,3,1,-0.007121202440157799,0.0075405560284947
AAPL,2022-04-13,Strong Positive,This Chip Maker Supplies Tesla and Apple. Its Stock Could Get a Boost as Shortages Continue.,0.3175579987195073,3,2,-0.0020988251436247,0.00544173088487
AAPL,2022-04-13,Strong Positive,This Chip Maker Supplies Tesla and Apple. Its Stock Could Get a Boost as Shortages Continue.,0.3175579987195073,3,3,-0.0082359688880866,-0.0027942380032166007
AAPL,2022-04-13,Strong Positive,This Chip Maker Supplies Tesla and Apple. Its Stock Could Get a Boost as Shortages Continue.,0.3175579987195073,3,4,0.0135689769197258,0.0107747389165092
AAPL,2022-04-13,Strong Positive,This Chip Maker Supplies Tesla and Apple. Its Stock Could Get a Boost as Shortages Continue.,0.3175579987195073,3,5,0.0158476370936885,0.0266223760101977
AAPL,2022-04-14,Strong Positive,Apple helps suppliers rapidly accelerate renewable energy use around the world,0.6180672172821483,2,-5,-0.0005737686273247999,-0.0005737686273247999
AAPL,2022-04-14,Strong Positive,Apple helps suppliers rapidly accelerate renewable energy use around the world,0.6180672172821483,2,-4,0.0020702371468421,0.0014964685195173002
AAPL,2022-04-14,Strong Positive,Apple helps suppliers rapidly accelerate renewable energy use around the world,0.6180672172821483,2,-3,-0.0018587062458240017,-0.0003622377263067015
AAPL,2022-04-14,Strong Positive,Apple helps suppliers rapidly accelerate renewable energy use around the world,0.6180672172821483,2,-2,0.0157481416728676,0.015385903946560897
AAPL,2022-04-14,Strong Positive,Apple helps suppliers rapidly accelerate renewable energy use around the world,0.6180672172821483,2,-1,-0.0039847315926804,0.011401172353880497
AAPL,2022-04-14,Strong Positive,Apple helps suppliers rapidly accelerate renewable energy use around the world,0.6180672172821483,2,0,-0.007121202440157799,0.004279969913722698
AAPL,2022-04-14,Strong Positive,Apple helps suppliers rapidly accelerate renewable energy use around the world,0.6180672172821483,2,1,-0.0020988251436247,0.002181144770097998
AAPL,2022-04-14,Strong Positive,Apple helps suppliers rapidly accelerate renewable energy use around the world,0.6180672172821483,2,2,-0.0082359688880866,-0.006054824117988603
AAPL,2022-04-14,Strong Positive,Apple helps suppliers rapidly accelerate renewable energy use around the world,0.6180672172821483,2,3,0.0135689769197258,0.007514152801737198
AAPL,2022-04-14,Strong Positive,Apple helps suppliers rapidly accelerate renewable energy use around the world,0.6180672172821483,2,4,0.0158476370936885,0.023361789895425696
AAPL,2022-04-14,Strong Positive,Apple helps suppliers rapidly accelerate renewable energy use around the world,0.6180672172821483,2,5,-0.0016353968024853983,0.021726393092940298
AAPL,2022-04-18,Strong Negative,"Why we may not get a Garmin Vivoactive 5: rumours, leaks, expectations",-0.4923148525316146,2,-5,0.0020702371468421,0.0020702371468421
AAPL,2022-04-18,Strong Negative,"Why we may not get a Garmin Vivoactive 5: rumours, leaks, expectations",-0.4923148525316146,2,-4,-0.0018587062458240017,0.00021153090101809838
AAPL,2022-04-18,Strong Negative,"Why we may not get a Garmin Vivoactive 5: rumours, leaks, expectations",-0.4923148525316146,2,-3,0.0157481416728676,0.015959672573885697
AAPL,2022-04-18,Strong Negative,"Why we may not get a Garmin Vivoactive 5: rumours, leaks, expectations",-0.4923148525316146,2,-2,-0.0039847315926804,0.011974940981205297
AAPL,2022-04-18,Strong Negative,"Why we may not get a Garmin Vivoactive 5: rumours, leaks, expectations",-0.4923148525316146,2,-1,-0.007121202440157799,0.004853738541047498
AAPL,2022-04-18,Strong Negative,"Why we may not get a Garmin Vivoactive 5: rumours, leaks, expectations",-0.4923148525316146,2,0,-0.0020988251436247,0.002754913397422798
AAPL,2022-04-18,Strong Negative,"Why we may not get a Garmin Vivoactive 5: rumours, leaks, expectations",-0.4923148525316146,2,1,-0.0082359688880866,-0.005481055490663802
AAPL,2022-04-18,Strong Negative,"Why we may not get a Garmin Vivoactive 5: rumours, leaks, expectations",-0.4923148525316146,2,2,0.0135689769197258,0.008087921429061999
AAPL,2022-04-18,Strong Negative,"Why we may not get a Garmin Vivoactive 5: rumours, leaks, expectations",-0.4923148525316146,2,3,0.0158476370936885,0.0239355585227505
AAPL,2022-04-18,Strong Negative,"Why we may not get a Garmin Vivoactive 5: rumours, leaks, expectations",-0.4923148525316146,2,4,-0.0016353968024853983,0.0223001617202651
AAPL,2022-04-18,Strong Negative,"Why we may not get a Garmin Vivoactive 5: rumours, leaks, expectations",-0.4923148525316146,2,5,-0.006108625668575601,0.0161915360516895
AAPL,2022-04-19,Strong Negative,Spotify review: The most popular music service needs to fix some serious issues,-0.6352356020942408,3,-5,-0.0018587062458240017,-0.0018587062458240017
AAPL,2022-04-19,Strong Negative,Spotify review: The most popular music service needs to fix some serious issues,-0.6352356020942408,3,-4,0.0157481416728676,0.013889435427043597
AAPL,2022-04-19,Strong Negative,Spotify review: The most popular music service needs to fix some serious issues,-0.6352356020942408,3,-3,-0.0039847315926804,0.009904703834363197
AAPL,2022-04-19,Strong Negative,Spotify review: The most popular music service needs to fix some serious issues,-0.6352356020942408,3,-2,-0.007121202440157799,0.002783501394205398
AAPL,2022-04-19,Strong Negative,Spotify review: The most popular music service needs to fix some serious issues,-0.6352356020942408,3,-1,-0.0020988251436247,0.0006846762505806981
AAPL,2022-04-19,Strong Negative,Spotify review: The most popular music service needs to fix some serious issues,-0.6352356020942408,3,0,-0.0082359688880866,-0.0075512926375059025
AAPL,2022-04-19,Strong Negative,Spotify review: The most popular music service needs to fix some serious issues,-0.6352356020942408,3,1,0.0135689769197258,0.006017684282219898
AAPL,2022-04-19,Strong Negative,Spotify review: The most popular music service needs to fix some serious issues,-0.6352356020942408,3,2,0.0158476370936885,0.021865321375908398
AAPL,2022-04-19,Strong Negative,Spotify review: The most popular music service needs to fix some serious issues,-0.6352356020942408,3,3,-0.0016353968024853983,0.020229924573423
AAPL,2022-04-19,Strong Negative,Spotify review: The most popular music service needs to fix some serious issues,-0.6352356020942408,3,4,-0.006108625668575601,0.0141212989048474
AAPL,2022-04-19,Strong Negative,Spotify review: The most popular music service needs to fix some serious issues,-0.6352356020942408,3,5,0.000416950902051301,0.0145382498068987
AAPL,2022-04-20,Strong Negative,"Netflix shares slide after it loses 200,000 subscribers",-1.0,2,-5,0.0157481416728676,0.0157481416728676
AAPL,2022-04-20,Strong Negative,"Netflix shares slide after it loses 200,000 subscribers",-1.0,2,-4,-0.0039847315926804,0.011763410080187199
AAPL,2022-04-20,Strong Negative,"Netflix shares slide after it loses 200,000 subscribers",-1.0,2,-3,-0.007121202440157799,0.0046422076400294
AAPL,2022-04-20,Strong Negative,"Netflix shares slide after it loses 200,000 subscribers",-1.0,2,-2,-0.0020988251436247,0.0025433824964046997
AAPL,2022-04-20,Strong Negative,"Netflix shares slide after it loses 200,000 subscribers",-1.0,2,-1,-0.0082359688880866,-0.005692586391681901
AAPL,2022-04-20,Strong Negative,"Netflix shares slide after it loses 200,000 subscribers",-1.0,2,0,0.0135689769197258,0.0078763905280439
AAPL,2022-04-20,Strong Negative,"Netflix shares slide after it loses 200,000 subscribers",-1.0,2,1,0.0158476370936885,0.0237240276217324
AAPL,2022-04-20,Strong Negative,"Netflix shares slide after it loses 200,000 subscribers",-1.0,2,2,-0.0016353968024853983,0.022088630819247
AAPL,2022-04-20,Strong Negative,"Netflix shares slide after it loses 200,000 subscribers",-1.0,2,3,-0.006108625668575601,0.0159800051506714
AAPL,2022-04-20,Strong Negative,"Netflix shares slide after it loses 200,000 subscribers",-1.0,2,4,0.000416950902051301,0.016396956052722702
AAPL,2022-04-20,Strong Negative,"Netflix shares slide after it loses 200,000 subscribers",-1.0,2,5,-0.00026882086668019996,0.016128135186042503
AAPL,2022-04-21,Strong Positive,Apple Spends Record High on Lobbying Amid Pressure from Congress,0.2288710975662208,2,-5,-0.0039847315926804,-0.0039847315926804
AAPL,2022-04-21,Strong Positive,Apple Spends Record High on Lobbying Amid Pressure from Congress,0.2288710975662208,2,-4,-0.007121202440157799,-0.011105934032838199
AAPL,2022-04-21,Strong Positive,Apple Spends Record High on Lobbying Amid Pressure from Congress,0.2288710975662208,2,-3,-0.0020988251436247,-0.0132047591764629
AAPL,2022-04-21,Strong Positive,Apple Spends Record High on Lobbying Amid Pressure from Congress,0.2288710975662208,2,-2,-0.0082359688880866,-0.0214407280645495
AAPL,2022-04-21,Strong Positive,Apple Spends Record High on Lobbying Amid Pressure from Congress,0.2288710975662208,2,-1,0.0135689769197258,-0.0078717511448237
AAPL,2022-04-21,Strong Positive,Apple Spends Record High on Lobbying Amid Pressure from Congress,0.2288710975662208,2,0,0.0158476370936885,0.0079758859488648
AAPL,2022-04-21,Strong Positive,Apple Spends Record High on Lobbying Amid Pressure from Congress,0.2288710975662208,2,1,-0.0016353968024853983,0.006340489146379401
AAPL,2022-04-21,Strong Positive,Apple Spends Record High on Lobbying Amid Pressure from Congress,0.2288710975662208,2,2,-0.006108625668575601,0.00023186347780380055
AAPL,2022-04-21,Strong Positive,Apple Spends Record High on Lobbying Amid Pressure from Congress,0.2288710975662208,2,3,0.000416950902051301,0.0006488143798551015
AAPL,2022-04-21,Strong Positive,Apple Spends Record High on Lobbying Amid Pressure from Congress,0.2288710975662208,2,4,-0.00026882086668019996,0.00037999351317490157
AAPL,2022-04-21,Strong Positive,Apple Spends Record High on Lobbying Amid Pressure from Congress,0.2288710975662208,2,5,0.009639817405027104,0.010019810918202006
AAPL,2022-04-25,Strong Negative,Apple plans Cary office project to fill seven-story tower,-0.1663990169859364,5,-5,-0.0020988251436247,-0.0020988251436247
AAPL,2022-04-25,Strong Negative,Apple plans Cary office project to fill seven-story tower,-0.1663990169859364,5,-4,-0.0082359688880866,-0.010334794031711302
AAPL,2022-04-25,Strong Negative,Apple plans Cary office project to fill seven-story tower,-0.1663990169859364,5,-3,0.0135689769197258,0.003234182888014499
AAPL,2022-04-25,Strong Negative,Apple plans Cary office project to fill seven-story tower,-0.1663990169859364,5,-2,0.0158476370936885,0.019081819981702997
AAPL,2022-04-25,Strong Negative,Apple plans Cary office project to fill seven-story tower,-0.1663990169859364,5,-1,-0.0016353968024853983,0.017446423179217598
AAPL,2022-04-25,Strong Negative,Apple plans Cary office project to fill seven-story tower,-0.1663990169859364,5,0,-0.006108625668575601,0.011337797510641998
AAPL,2022-04-25,Strong Negative,Apple plans Cary office project to fill seven-story tower,-0.1663990169859364,5,1,0.000416950902051301,0.011754748412693299
AAPL,2022-04-25,Strong Negative,Apple plans Cary office project to fill seven-story tower,-0.1663990169859364,5,2,-0.00026882086668019996,0.0114859275460131
AAPL,2022-04-25,Strong Negative,Apple plans Cary office project to fill seven-story tower,-0.1663990169859364,5,3,0.009639817405027104,0.021125744951040203
AAPL,2022-04-25,Strong Negative,Apple plans Cary office project to fill seven-story tower,-0.1663990169859364,5,4,0.008393770933837495,0.0295195158848777
AAPL,2022-04-25,Strong Negative,Apple plans Cary office project to fill seven-story tower,-0.1663990169859364,5,5,-0.0147297118636967,0.014789804021180998
AAPL,2022-04-29,Strong Negative,Apple Sales Top Estimates on Strong iPhone and Services Demand,-0.2594087218103814,6,-5,-0.0016353968024853983,-0.0016353968024853983
AAPL,2022-04-29,Strong Negative,Apple Sales Top Estimates on Strong iPhone and Services Demand,-0.2594087218103814,6,-4,-0.006108625668575601,-0.007744022471060999
AAPL,2022-04-29,Strong Negative,Apple Sales Top Estimates on Strong iPhone and Services Demand,-0.2594087218103814,6,-3,0.000416950902051301,-0.007327071569009698
AAPL,2022-04-29,Strong Negative,Apple Sales Top Estimates on Strong iPhone and Services Demand,-0.2594087218103814,6,-2,-0.00026882086668019996,-0.007595892435689898
AAPL,2022-04-29,Strong Negative,Apple Sales Top Estimates on Strong iPhone and Services Demand,-0.2594087218103814,6,-1,0.009639817405027104,0.002043924969337206
AAPL,2022-04-29,Strong Negative,Apple Sales Top Estimates on Strong iPhone and Services Demand,-0.2594087218103814,6,0,0.008393770933837495,0.010437695903174702
AAPL,2022-04-29,Strong Negative,Apple Sales Top Estimates on Strong iPhone and Services Demand,-0.2594087218103814,6,1,-0.0147297118636967,-0.0042920159605219985
AAPL,2022-04-29,Strong Negative,Apple Sales Top Estimates on Strong iPhone and Services Demand,-0.2594087218103814,6,2,0.008555064672714201,0.004263048712192203
AAPL,2022-04-29,Strong Negative,Apple Sales Top Estimates on Strong iPhone and Services Demand,-0.2594087218103814,6,3,0.007196207684729797,0.011459256396922
AAPL,2022-04-29,Strong Negative,Apple Sales Top Estimates on Strong iPhone and Services Demand,-0.2594087218103814,6,4,-0.005351996739078803,0.006107259657843197
AAPL,2022-04-29,Strong Negative,Apple Sales Top Estimates on Strong iPhone and Services Demand,-0.2594087218103814,6,5,0.0167079053011292,0.022815164958972397
AAPL,2022-05-02,Strong Negative,Apple lawsuit says 'stealth' startup Rivos poached engineers to steal secrets,-0.7350014681654327,3,-5,-0.006108625668575601,-0.006108625668575601
AAPL,2022-05-02,Strong Negative,Apple lawsuit says 'stealth' startup Rivos poached engineers to steal secrets,-0.7350014681654327,3,-4,0.000416950902051301,-0.0056916747665243
AAPL,2022-05-02,Strong Negative,Apple lawsuit says 'stealth' startup Rivos poached engineers to steal secrets,-0.7350014681654327,3,-3,-0.00026882086668019996,-0.0059604956332045
AAPL,2022-05-02,Strong Negative,Apple lawsuit says 'stealth' startup Rivos poached engineers to steal secrets,-0.7350014681654327,3,-2,0.009639817405027104,0.0036793217718226042
AAPL,2022-05-02,Strong Negative,Apple lawsuit says 'stealth' startup Rivos poached engineers to steal secrets,-0.7350014681654327,3,-1,0.008393770933837495,0.0120730927056601
AAPL,2022-05-02,Strong Negative,Apple lawsuit says 'stealth' startup Rivos poached engineers to steal secrets,-0.7350014681654327,3,0,-0.0147297118636967,-0.0026566191580366
AAPL,2022-05-02,Strong Negative,Apple lawsuit says 'stealth' startup Rivos poached engineers to steal secrets,-0.7350014681654327,3,1,0.008555064672714201,0.005898445514677601
AAPL,2022-05-02,Strong Negative,Apple lawsuit says 'stealth' startup Rivos poached engineers to steal secrets,-0.7350014681654327,3,2,0.007196207684729797,0.013094653199407398
AAPL,2022-05-02,Strong Negative,Apple lawsuit says 'stealth' startup Rivos poached engineers to steal secrets,-0.7350014681654327,3,3,-0.005351996739078803,0.007742656460328595
AAPL,2022-05-02,Strong Negative,Apple lawsuit says 'stealth' startup Rivos poached engineers to steal secrets,-0.7350014681654327,3,4,0.0167079053011292,0.024450561761457795
AAPL,2022-05-02,Strong Negative,Apple lawsuit says 'stealth' startup Rivos poached engineers to steal secrets,-0.7350014681654327,3,5,0.005937617624349599,0.030388179385807394
AAPL,2022-05-05,Strong Negative,Tech sell-off pushes Nasdaq to steepest drop since June 2020,-0.39566765658991,3,-5,0.009639817405027104,0.009639817405027104
AAPL,2022-05-05,Strong Negative,Tech sell-off pushes Nasdaq to steepest drop since June 2020,-0.39566765658991,3,-4,0.008393770933837495,0.0180335883388646
AAPL,2022-05-05,Strong Negative,Tech sell-off pushes Nasdaq to steepest drop since June 2020,-0.39566765658991,3,-3,-0.0147297118636967,0.003303876475167899
AAPL,2022-05-05,Strong Negative,Tech sell-off pushes Nasdaq to steepest drop since June 2020,-0.39566765658991,3,-2,0.008555064672714201,0.0118589411478821
AAPL,2022-05-05,Strong Negative,Tech sell-off pushes Nasdaq to steepest drop since June 2020,-0.39566765658991,3,-1,0.007196207684729797,0.019055148832611897
AAPL,2022-05-05,Strong Negative,Tech sell-off pushes Nasdaq to steepest drop since June 2020,-0.39566765658991,3,0,-0.005351996739078803,0.013703152093533094
AAPL,2022-05-05,Strong Negative,Tech sell-off pushes Nasdaq to steepest drop since June 2020,-0.39566765658991,3,1,0.0167079053011292,0.030411057394662294
AAPL,2022-05-05,Strong Negative,Tech sell-off pushes Nasdaq to steepest drop since June 2020,-0.39566765658991,3,2,0.005937617624349599,0.03634867501901189
AAPL,2022-05-05,Strong Negative,Tech sell-off pushes Nasdaq to steepest drop since June 2020,-0.39566765658991,3,3,0.003963640930780599,0.040312315949792496
AAPL,2022-05-05,Strong Negative,Tech sell-off pushes Nasdaq to steepest drop since June 2020,-0.39566765658991,3,4,-0.0221833103670546,0.018129005582737896
AAPL,2022-05-05,Strong Negative,Tech sell-off pushes Nasdaq to steepest drop since June 2020,-0.39566765658991,3,5,-0.024529882902944902,-0.006400877320207006
AAPL,2022-05-09,Strong Negative,Vietnam 'darling' of global electronics giants,-0.2158431186779293,4,-5,-0.0147297118636967,-0.0147297118636967
AAPL,2022-05-09,Strong Negative,Vietnam 'darling' of global electronics giants,-0.2158431186779293,4,-4,0.008555064672714201,-0.006174647190982499
AAPL,2022-05-09,Strong Negative,Vietnam 'darling' of global electronics giants,-0.2158431186779293,4,-3,0.007196207684729797,0.0010215604937472977
AAPL,2022-05-09,Strong Negative,Vietnam 'darling' of global electronics giants,-0.2158431186779293,4,-2,-0.005351996739078803,-0.004330436245331505
AAPL,2022-05-09,Strong Negative,Vietnam 'darling' of global electronics giants,-0.2158431186779293,4,-1,0.0167079053011292,0.012377469055797695
AAPL,2022-05-09,Strong Negative,Vietnam 'darling' of global electronics giants,-0.2158431186779293,4,0,0.005937617624349599,0.018315086680147294
AAPL,2022-05-09,Strong Negative,Vietnam 'darling' of global electronics giants,-0.2158431186779293,4,1,0.003963640930780599,0.022278727610927893
AAPL,2022-05-09,Strong Negative,Vietnam 'darling' of global electronics giants,-0.2158431186779293,4,2,-0.0221833103670546,9.54172438732935e-05
AAPL,2022-05-09,Strong Negative,Vietnam 'darling' of global electronics giants,-0.2158431186779293,4,3,-0.024529882902944902,-0.02443446565907161
AAPL,2022-05-09,Strong Negative,Vietnam 'darling' of global electronics giants,-0.2158431186779293,4,4,-0.005143184994492601,-0.02957765065356421
AAPL,2022-05-09,Strong Negative,Vietnam 'darling' of global electronics giants,-0.2158431186779293,4,5,0.0009192859303084003,-0.028658364723255808
AAPL,2022-05-10,Strong Negative,How Citizens Financial used an iPhone plan to create a nationwide digital bank,-0.6588338066075929,3,-5,0.008555064672714201,0.008555064672714201
AAPL,2022-05-10,Strong Negative,How Citizens Financial used an iPhone plan to create a nationwide digital bank,-0.6588338066075929,3,-4,0.007196207684729797,0.015751272357443998
AAPL,2022-05-10,Strong Negative,How Citizens Financial used an iPhone plan to create a nationwide digital bank,-0.6588338066075929,3,-3,-0.005351996739078803,0.010399275618365195
AAPL,2022-05-10,Strong Negative,How Citizens Financial used an iPhone plan to create a nationwide digital bank,-0.6588338066075929,3,-2,0.0167079053011292,0.027107180919494395
AAPL,2022-05-10,Strong Negative,How Citizens Financial used an iPhone plan to create a nationwide digital bank,-0.6588338066075929,3,-1,0.005937617624349599,0.033044798543844
AAPL,2022-05-10,Strong Negative,How Citizens Financial used an iPhone plan to create a nationwide digital bank,-0.6588338066075929,3,0,0.003963640930780599,0.037008439474624594
AAPL,2022-05-10,Strong Negative,How Citizens Financial used an iPhone plan to create a nationwide digital bank,-0.6588338066075929,3,1,-0.0221833103670546,0.014825129107569994
AAPL,2022-05-10,Strong Negative,How Citizens Financial used an iPhone plan to create a nationwide digital bank,-0.6588338066075929,3,2,-0.024529882902944902,-0.009704753795374908
AAPL,2022-05-10,Strong Negative,How Citizens Financial used an iPhone plan to create a nationwide digital bank,-0.6588338066075929,3,3,-0.005143184994492601,-0.01484793878986751
AAPL,2022-05-10,Strong Negative,How Citizens Financial used an iPhone plan to create a nationwide digital bank,-0.6588338066075929,3,4,0.0009192859303084003,-0.01392865285955911
AAPL,2022-05-10,Strong Negative,How Citizens Financial used an iPhone plan to create a nationwide digital bank,-0.6588338066075929,3,5,-0.0004786155628836025,-0.014407268422442712
AAPL,2022-05-12,Strong Positive,A customer-centric approach: the key to the innovation paradox,0.351040298160728,3,-5,-0.005351996739078803,-0.005351996739078803
AAPL,2022-05-12,Strong Positive,A customer-centric approach: the key to the innovation paradox,0.351040298160728,3,-4,0.0167079053011292,0.011355908562050397
AAPL,2022-05-12,Strong Positive,A customer-centric approach: the key to the innovation paradox,0.351040298160728,3,-3,0.005937617624349599,0.017293526186399996
AAPL,2022-05-12,Strong Positive,A customer-centric approach: the key to the innovation paradox,0.351040298160728,3,-2,0.003963640930780599,0.021257167117180596
AAPL,2022-05-12,Strong Positive,A customer-centric approach: the key to the innovation paradox,0.351040298160728,3,-1,-0.0221833103670546,-0.0009261432498740042
AAPL,2022-05-12,Strong Positive,A customer-centric approach: the key to the innovation paradox,0.351040298160728,3,0,-0.024529882902944902,-0.025456026152818906
AAPL,2022-05-12,Strong Positive,A customer-centric approach: the key to the innovation paradox,0.351040298160728,3,1,-0.005143184994492601,-0.030599211147311508
AAPL,2022-05-12,Strong Positive,A customer-centric approach: the key to the innovation paradox,0.351040298160728,3,2,0.0009192859303084003,-0.029679925217003106
AAPL,2022-05-12,Strong Positive,A customer-centric approach: the key to the innovation paradox,0.351040298160728,3,3,-0.0004786155628836025,-0.03015854077988671
AAPL,2022-05-12,Strong Positive,A customer-centric approach: the key to the innovation paradox,0.351040298160728,3,4,-0.007328856486927902,-0.03748739726681461
AAPL,2022-05-12,Strong Positive,A customer-centric approach: the key to the innovation paradox,0.351040298160728,3,5,-0.0192832306607628,-0.05677062792757741
AAPL,2022-05-19,Strong Positive,"SEI Enhanced U.S. Large Cap Value Factor ETF ETF Price, Holdings, & News (BATS:SEIV)",0.4947339172152006,2,-5,-0.024529882902944902,-0.024529882902944902
AAPL,2022-05-19,Strong Positive,"SEI Enhanced U.S. Large Cap Value Factor ETF ETF Price, Holdings, & News (BATS:SEIV)",0.4947339172152006,2,-4,-0.005143184994492601,-0.029673067897437504
AAPL,2022-05-19,Strong Positive,"SEI Enhanced U.S. Large Cap Value Factor ETF ETF Price, Holdings, & News (BATS:SEIV)",0.4947339172152006,2,-3,0.0009192859303084003,-0.028753781967129105
AAPL,2022-05-19,Strong Positive,"SEI Enhanced U.S. Large Cap Value Factor ETF ETF Price, Holdings, & News (BATS:SEIV)",0.4947339172152006,2,-2,-0.0004786155628836025,-0.029232397530012708
AAPL,2022-05-19,Strong Positive,"SEI Enhanced U.S. Large Cap Value Factor ETF ETF Price, Holdings, & News (BATS:SEIV)",0.4947339172152006,2,-1,-0.007328856486927902,-0.03656125401694061
AAPL,2022-05-19,Strong Positive,"SEI Enhanced U.S. Large Cap Value Factor ETF ETF Price, Holdings, & News (BATS:SEIV)",0.4947339172152006,2,0,-0.0192832306607628,-0.05584448467770341
AAPL,2022-05-19,Strong Positive,"SEI Enhanced U.S. Large Cap Value Factor ETF ETF Price, Holdings, & News (BATS:SEIV)",0.4947339172152006,2,1,0.0048551360672098,-0.050989348610493604
AAPL,2022-05-19,Strong Positive,"SEI Enhanced U.S. Large Cap Value Factor ETF ETF Price, Holdings, & News (BATS:SEIV)",0.4947339172152006,2,2,0.0234918237062665,-0.027497524904227105
AAPL,2022-05-19,Strong Positive,"SEI Enhanced U.S. Large Cap Value Factor ETF ETF Price, Holdings, & News (BATS:SEIV)",0.4947339172152006,2,3,0.0020462422425731007,-0.025451282661654005
AAPL,2022-05-19,Strong Positive,"SEI Enhanced U.S. Large Cap Value Factor ETF ETF Price, Holdings, & News (BATS:SEIV)",0.4947339172152006,2,4,-0.0128555537192607,-0.038306836380914706
AAPL,2022-05-19,Strong Positive,"SEI Enhanced U.S. Large Cap Value Factor ETF ETF Price, Holdings, & News (BATS:SEIV)",0.4947339172152006,2,5,-0.004507737234589897,-0.0428145736155046
AAPL,2022-05-20,Strong Negative,International Business Machines Corp. stock underperforms Friday when compared to competitors,-0.3739461976908071,3,-5,-0.005143184994492601,-0.005143184994492601
AAPL,2022-05-20,Strong Negative,International Business Machines Corp. stock underperforms Friday when compared to competitors,-0.3739461976908071,3,-4,0.0009192859303084003,-0.004223899064184201
AAPL,2022-05-20,Strong Negative,International Business Machines Corp. stock underperforms Friday when compared to competitors,-0.3739461976908071,3,-3,-0.0004786155628836025,-0.004702514627067804
AAPL,2022-05-20,Strong Negative,International Business Machines Corp. stock underperforms Friday when compared to competitors,-0.3739461976908071,3,-2,-0.007328856486927902,-0.012031371113995706
AAPL,2022-05-20,Strong Negative,International Business Machines Corp. stock underperforms Friday when compared to competitors,-0.3739461976908071,3,-1,-0.0192832306607628,-0.031314601774758505
AAPL,2022-05-20,Strong Negative,International Business Machines Corp. stock underperforms Friday when compared to competitors,-0.3739461976908071,3,0,0.0048551360672098,-0.026459465707548705
AAPL,2022-05-20,Strong Negative,International Business Machines Corp. stock underperforms Friday when compared to competitors,-0.3739461976908071,3,1,0.0234918237062665,-0.0029676420012822065
AAPL,2022-05-20,Strong Negative,International Business Machines Corp. stock underperforms Friday when compared to competitors,-0.3739461976908071,3,2,0.0020462422425731007,-0.0009213997587091058
AAPL,2022-05-20,Strong Negative,International Business Machines Corp. stock underperforms Friday when compared to competitors,-0.3739461976908071,3,3,-0.0128555537192607,-0.013776953477969806
AAPL,2022-05-20,Strong Negative,International Business Machines Corp. stock underperforms Friday when compared to competitors,-0.3739461976908071,3,4,-0.004507737234589897,-0.018284690712559705
AAPL,2022-05-20,Strong Negative,International Business Machines Corp. stock underperforms Friday when compared to competitors,-0.3739461976908071,3,5,0.008117210358733203,-0.010167480353826502
AAPL,2022-05-26,Strong Positive,"Newport plant critical to easing microchip shortage, says boss",0.351828064625348,3,-5,-0.0192832306607628,-0.0192832306607628
AAPL,2022-05-26,Strong Positive,"Newport plant critical to easing microchip shortage, says boss",0.351828064625348,3,-4,0.0048551360672098,-0.014428094593553
AAPL,2022-05-26,Strong Positive,"Newport plant critical to easing microchip shortage, says boss",0.351828064625348,3,-3,0.0234918237062665,0.009063729112713498
AAPL,2022-05-26,Strong Positive,"Newport plant critical to easing microchip shortage, says boss",0.351828064625348,3,-2,0.0020462422425731007,0.011109971355286598
AAPL,2022-05-26,Strong Positive,"Newport plant critical to easing microchip shortage, says boss",0.351828064625348,3,-1,-0.0128555537192607,-0.0017455823639741016
AAPL,2022-05-26,Strong Positive,"Newport plant critical to easing microchip shortage, says boss",0.351828064625348,3,0,-0.004507737234589897,-0.006253319598563999
AAPL,2022-05-26,Strong Positive,"Newport plant critical to easing microchip shortage, says boss",0.351828064625348,3,1,0.008117210358733203,0.0018638907601692036
AAPL,2022-05-26,Strong Positive,"Newport plant critical to easing microchip shortage, says boss",0.351828064625348,3,2,-0.0026931628157103,-0.0008292720555410963
AAPL,2022-05-26,Strong Positive,"Newport plant critical to easing microchip shortage, says boss",0.351828064625348,3,3,0.006522726986191,0.005693454930649903
AAPL,2022-05-26,Strong Positive,"Newport plant critical to easing microchip shortage, says boss",0.351828064625348,3,4,-0.0105745513638793,-0.0048810964332293965
AAPL,2022-05-26,Strong Positive,"Newport plant critical to easing microchip shortage, says boss",0.351828064625348,3,5,-0.012536408955032701,-0.017417505388262096
AAPL,2022-05-27,Strong Negative,Apple can't dodge rival app store Cydia's antitrust lawsuit,-0.319839882513698,4,-5,0.0048551360672098,0.0048551360672098
AAPL,2022-05-27,Strong Negative,Apple can't dodge rival app store Cydia's antitrust lawsuit,-0.319839882513698,4,-4,0.0234918237062665,0.0283469597734763
AAPL,2022-05-27,Strong Negative,Apple can't dodge rival app store Cydia's antitrust lawsuit,-0.319839882513698,4,-3,0.0020462422425731007,0.0303932020160494
AAPL,2022-05-27,Strong Negative,Apple can't dodge rival app store Cydia's antitrust lawsuit,-0.319839882513698,4,-2,-0.0128555537192607,0.0175376482967887
AAPL,2022-05-27,Strong Negative,Apple can't dodge rival app store Cydia's antitrust lawsuit,-0.319839882513698,4,-1,-0.004507737234589897,0.013029911062198803
AAPL,2022-05-27,Strong Negative,Apple can't dodge rival app store Cydia's antitrust lawsuit,-0.319839882513698,4,0,0.008117210358733203,0.021147121420932006
AAPL,2022-05-27,Strong Negative,Apple can't dodge rival app store Cydia's antitrust lawsuit,-0.319839882513698,4,1,-0.0026931628157103,0.018453958605221706
AAPL,2022-05-27,Strong Negative,Apple can't dodge rival app store Cydia's antitrust lawsuit,-0.319839882513698,4,2,0.006522726986191,0.024976685591412705
AAPL,2022-05-27,Strong Negative,Apple can't dodge rival app store Cydia's antitrust lawsuit,-0.319839882513698,4,3,-0.0105745513638793,0.014402134227533406
AAPL,2022-05-27,Strong Negative,Apple can't dodge rival app store Cydia's antitrust lawsuit,-0.319839882513698,4,4,-0.012536408955032701,0.0018657252725007047
AAPL,2022-05-27,Strong Negative,Apple can't dodge rival app store Cydia's antitrust lawsuit,-0.319839882513698,4,5,0.0018967815914843,0.0037625068639850047
AAPL,2022-05-31,Strong Negative,"Apple Inc. stock falls Tuesday, underperforms market",-1.0,1,-5,0.0234918237062665,0.0234918237062665
AAPL,2022-05-31,Strong Negative,"Apple Inc. stock falls Tuesday, underperforms market",-1.0,1,-4,0.0020462422425731007,0.0255380659488396
AAPL,2022-05-31,Strong Negative,"Apple Inc. stock falls Tuesday, underperforms market",-1.0,1,-3,-0.0128555537192607,0.0126825122295789
AAPL,2022-05-31,Strong Negative,"Apple Inc. stock falls Tuesday, underperforms market",-1.0,1,-2,-0.004507737234589897,0.008174774994989002
AAPL,2022-05-31,Strong Negative,"Apple Inc. stock falls Tuesday, underperforms market",-1.0,1,-1,0.008117210358733203,0.016291985353722206
AAPL,2022-05-31,Strong Negative,"Apple Inc. stock falls Tuesday, underperforms market",-1.0,1,0,-0.0026931628157103,0.013598822538011906
AAPL,2022-05-31,Strong Negative,"Apple Inc. stock falls Tuesday, underperforms market",-1.0,1,1,0.006522726986191,0.020121549524202906
AAPL,2022-05-31,Strong Negative,"Apple Inc. stock falls Tuesday, underperforms market",-1.0,1,2,-0.0105745513638793,0.009546998160323606
AAPL,2022-05-31,Strong Negative,"Apple Inc. stock falls Tuesday, underperforms market",-1.0,1,3,-0.012536408955032701,-0.002989410794709095
AAPL,2022-05-31,Strong Negative,"Apple Inc. stock falls Tuesday, underperforms market",-1.0,1,4,0.0018967815914843,-0.001092629203224795
AAPL,2022-05-31,Strong Negative,"Apple Inc. stock falls Tuesday, underperforms market",-1.0,1,5,0.008960198204001,0.007867569000776203
AAPL,2022-06-06,Strong Positive,WWDC22 highlights,0.4,5,-5,0.008117210358733203,0.008117210358733203
AAPL,2022-06-06,Strong Positive,WWDC22 highlights,0.4,5,-4,-0.0026931628157103,0.005424047543022902
AAPL,2022-06-06,Strong Positive,WWDC22 highlights,0.4,5,-3,0.006522726986191,0.011946774529213902
AAPL,2022-06-06,Strong Positive,WWDC22 highlights,0.4,5,-2,-0.0105745513638793,0.0013722231653346025
AAPL,2022-06-06,Strong Positive,WWDC22 highlights,0.4,5,-1,-0.012536408955032701,-0.011164185789698099
AAPL,2022-06-06,Strong Positive,WWDC22 highlights,0.4,5,0,0.0018967815914843,-0.0092674041982138
AAPL,2022-06-06,Strong Positive,WWDC22 highlights,0.4,5,1,0.008960198204001,-0.00030720599421280026
AAPL,2022-06-06,Strong Positive,WWDC22 highlights,0.4,5,2,0.0021530712931621997,0.0018458652989493994
AAPL,2022-06-06,Strong Positive,WWDC22 highlights,0.4,5,3,-0.0091708718137198,-0.007325006514770401
AAPL,2022-06-06,Strong Positive,WWDC22 highlights,0.4,5,4,-0.0033583969771298003,-0.010683403491900202
AAPL,2022-06-06,Strong Positive,WWDC22 highlights,0.4,5,5,0.008211299306771502,-0.0024721041851287
AAPL,2022-06-09,Strong Negative,"Dow dives 800 points, S&P 500 posts worst week since January after inflation hits 40-year high",-0.5039513064764679,2,-5,-0.0105745513638793,-0.0105745513638793
AAPL,2022-06-09,Strong Negative,"Dow dives 800 points, S&P 500 posts worst week since January after inflation hits 40-year high",-0.5039513064764679,2,-4,-0.012536408955032701,-0.023110960318912
AAPL,2022-06-09,Strong Negative,"Dow dives 800 points, S&P 500 posts worst week since January after inflation hits 40-year high",-0.5039513064764679,2,-3,0.0018967815914843,-0.0212141787274277
AAPL,2022-06-09,Strong Negative,"Dow dives 800 points, S&P 500 posts worst week since January after inflation hits 40-year high",-0.5039513064764679,2,-2,0.008960198204001,-0.012253980523426702
AAPL,2022-06-09,Strong Negative,"Dow dives 800 points, S&P 500 posts worst week since January after inflation hits 40-year high",-0.5039513064764679,2,-1,0.0021530712931621997,-0.010100909230264504
AAPL,2022-06-09,Strong Negative,"Dow dives 800 points, S&P 500 posts worst week since January after inflation hits 40-year high",-0.5039513064764679,2,0,-0.0091708718137198,-0.019271781043984304
AAPL,2022-06-09,Strong Negative,"Dow dives 800 points, S&P 500 posts worst week since January after inflation hits 40-year high",-0.5039513064764679,2,1,-0.0033583969771298003,-0.022630178021114104
AAPL,2022-06-09,Strong Negative,"Dow dives 800 points, S&P 500 posts worst week since January after inflation hits 40-year high",-0.5039513064764679,2,2,0.008211299306771502,-0.014418878714342602
AAPL,2022-06-09,Strong Negative,"Dow dives 800 points, S&P 500 posts worst week since January after inflation hits 40-year high",-0.5039513064764679,2,3,0.004857386627109999,-0.009561492087232603
AAPL,2022-06-09,Strong Negative,"Dow dives 800 points, S&P 500 posts worst week since January after inflation hits 40-year high",-0.5039513064764679,2,4,-0.0048602397661941,-0.014421731853426703
AAPL,2022-06-09,Strong Negative,"Dow dives 800 points, S&P 500 posts worst week since January after inflation hits 40-year high",-0.5039513064764679,2,5,0.0006948553963779039,-0.013726876457048799
AAPL,2022-06-10,Strong Negative,"Palo Alto Networks Appoints Channel Leader for EMEA, LATAM",-0.4815053896083248,4,-5,-0.012536408955032701,-0.012536408955032701
AAPL,2022-06-10,Strong Negative,"Palo Alto Networks Appoints Channel Leader for EMEA, LATAM",-0.4815053896083248,4,-4,0.0018967815914843,-0.010639627363548402
AAPL,2022-06-10,Strong Negative,"Palo Alto Networks Appoints Channel Leader for EMEA, LATAM",-0.4815053896083248,4,-3,0.008960198204001,-0.0016794291595474027
AAPL,2022-06-10,Strong Negative,"Palo Alto Networks Appoints Channel Leader for EMEA, LATAM",-0.4815053896083248,4,-2,0.0021530712931621997,0.000473642133614797
AAPL,2022-06-10,Strong Negative,"Palo Alto Networks Appoints Channel Leader for EMEA, LATAM",-0.4815053896083248,4,-1,-0.0091708718137198,-0.008697229680105004
AAPL,2022-06-10,Strong Negative,"Palo Alto Networks Appoints Channel Leader for EMEA, LATAM",-0.4815053896083248,4,0,-0.0033583969771298003,-0.012055626657234805
AAPL,2022-06-10,Strong Negative,"Palo Alto Networks Appoints Channel Leader for EMEA, LATAM",-0.4815053896083248,4,1,0.008211299306771502,-0.0038443273504633023
AAPL,2022-06-10,Strong Negative,"Palo Alto Networks Appoints Channel Leader for EMEA, LATAM",-0.4815053896083248,4,2,0.004857386627109999,0.001013059276646697
AAPL,2022-06-10,Strong Negative,"Palo Alto Networks Appoints Channel Leader for EMEA, LATAM",-0.4815053896083248,4,3,-0.0048602397661941,-0.003847180489547403
AAPL,2022-06-10,Strong Negative,"Palo Alto Networks Appoints Channel Leader for EMEA, LATAM",-0.4815053896083248,4,4,0.0006948553963779039,-0.003152325093169499
AAPL,2022-06-10,Strong Negative,"Palo Alto Networks Appoints Channel Leader for EMEA, LATAM",-0.4815053896083248,4,5,-0.0006264393172860996,-0.0037787644104555988
AAPL,2022-06-13,Strong Positive,Grassroots mojo and 4 other reasons Starbucks workers have been so successful unionizing,1.0,2,-5,0.0018967815914843,0.0018967815914843
AAPL,2022-06-13,Strong Positive,Grassroots mojo and 4 other reasons Starbucks workers have been so successful unionizing,1.0,2,-4,0.008960198204001,0.010856979795485298
AAPL,2022-06-13,Strong Positive,Grassroots mojo and 4 other reasons Starbucks workers have been so successful unionizing,1.0,2,-3,0.0021530712931621997,0.013010051088647497
AAPL,2022-06-13,Strong Positive,Grassroots mojo and 4 other reasons Starbucks workers have been so successful unionizing,1.0,2,-2,-0.0091708718137198,0.003839179274927697
AAPL,2022-06-13,Strong Positive,Grassroots mojo and 4 other reasons Starbucks workers have been so successful unionizing,1.0,2,-1,-0.0033583969771298003,0.0004807822977978965
AAPL,2022-06-13,Strong Positive,Grassroots mojo and 4 other reasons Starbucks workers have been so successful unionizing,1.0,2,0,0.008211299306771502,0.008692081604569399
AAPL,2022-06-13,Strong Positive,Grassroots mojo and 4 other reasons Starbucks workers have been so successful unionizing,1.0,2,1,0.004857386627109999,0.013549468231679398
AAPL,2022-06-13,Strong Positive,Grassroots mojo and 4 other reasons Starbucks workers have been so successful unionizing,1.0,2,2,-0.0048602397661941,0.008689228465485298
AAPL,2022-06-13,Strong Positive,Grassroots mojo and 4 other reasons Starbucks workers have been so successful unionizing,1.0,2,3,0.0006948553963779039,0.009384083861863202
AAPL,2022-06-13,Strong Positive,Grassroots mojo and 4 other reasons Starbucks workers have been so successful unionizing,1.0,2,4,-0.0006264393172860996,0.008757644544577102
AAPL,2022-06-13,Strong Positive,Grassroots mojo and 4 other reasons Starbucks workers have been so successful unionizing,1.0,2,5,0.0075306914180346025,0.016288335962611707
AAPL,2022-06-30,Strong Negative,Apple hikes Japan price of iPhone by nearly a fifth,-0.2849844080552535,4,-5,0.006680547737378599,0.006680547737378599
AAPL,2022-06-30,Strong Negative,Apple hikes Japan price of iPhone by nearly a fifth,-0.2849844080552535,4,-4,-0.009746086840017699,-0.0030655391026390994
AAPL,2022-06-30,Strong Negative,Apple hikes Japan price of iPhone by nearly a fifth,-0.2849844080552535,4,-3,0.0073314324618491,0.004265893359210001
AAPL,2022-06-30,Strong Negative,Apple hikes Japan price of iPhone by nearly a fifth,-0.2849844080552535,4,-2,0.0006772901513165987,0.0049431835105266
AAPL,2022-06-30,Strong Negative,Apple hikes Japan price of iPhone by nearly a fifth,-0.2849844080552535,4,-1,0.0121068132998096,0.0170499968103362
AAPL,2022-06-30,Strong Negative,Apple hikes Japan price of iPhone by nearly a fifth,-0.2849844080552535,4,0,-0.005624637502307099,0.0114253593080291
AAPL,2022-06-30,Strong Negative,Apple hikes Japan price of iPhone by nearly a fifth,-0.2849844080552535,4,1,0.0095637369049153,0.0209890962129444
AAPL,2022-06-30,Strong Negative,Apple hikes Japan price of iPhone by nearly a fifth,-0.2849844080552535,4,2,0.001810737782502101,0.0227998339954465
AAPL,2022-06-30,Strong Negative,Apple hikes Japan price of iPhone by nearly a fifth,-0.2849844080552535,4,3,0.0031952175182095007,0.025995051513656
AAPL,2022-06-30,Strong Negative,Apple hikes Japan price of iPhone by nearly a fifth,-0.2849844080552535,4,4,0.0026005557445489998,0.028595607258205
AAPL,2022-06-30,Strong Negative,Apple hikes Japan price of iPhone by nearly a fifth,-0.2849844080552535,4,5,0.0034605085245949,0.032056115782799904
AMD,2022-01-04,Strong Positive,AMD Presents Latest High-Performance Computing Technologies in 2022 Product Premiere Livestream,0.3333333333333333,3,-5,-0.0032041701365445006,-0.0032041701365445006
AMD,2022-01-04,Strong Positive,AMD Presents Latest High-Performance Computing Technologies in 2022 Product Premiere Livestream,0.3333333333333333,3,-4,-0.0317801275394066,-0.0349842976759511
AMD,2022-01-04,Strong Positive,AMD Presents Latest High-Performance Computing Technologies in 2022 Product Premiere Livestream,0.3333333333333333,3,-3,-0.0179882708706764,-0.0529725685466275
AMD,2022-01-04,Strong Positive,AMD Presents Latest High-Performance Computing Technologies in 2022 Product Premiere Livestream,0.3333333333333333,3,-2,-0.0023671894563221003,-0.0553397580029496
AMD,2022-01-04,Strong Positive,AMD Presents Latest High-Performance Computing Technologies in 2022 Product Premiere Livestream,0.3333333333333333,3,-1,0.0344317581841638,-0.0209079998187858
AMD,2022-01-04,Strong Positive,AMD Presents Latest High-Performance Computing Technologies in 2022 Product Premiere Livestream,0.3333333333333333,3,0,-0.025767363963524498,-0.0466753637823103
AMD,2022-01-04,Strong Positive,AMD Presents Latest High-Performance Computing Technologies in 2022 Product Premiere Livestream,0.3333333333333333,3,1,-0.0265427475319061,-0.0732181113142164
AMD,2022-01-04,Strong Positive,AMD Presents Latest High-Performance Computing Technologies in 2022 Product Premiere Livestream,0.3333333333333333,3,2,0.0012902957199321,-0.07192781559428431
AMD,2022-01-04,Strong Positive,AMD Presents Latest High-Performance Computing Technologies in 2022 Product Premiere Livestream,0.3333333333333333,3,3,-0.020217544676002,-0.0921453602702863
AMD,2022-01-04,Strong Positive,AMD Presents Latest High-Performance Computing Technologies in 2022 Product Premiere Livestream,0.3333333333333333,3,4,-0.0006582010069897,-0.092803561277276
AMD,2022-01-04,Strong Positive,AMD Presents Latest High-Performance Computing Technologies in 2022 Product Premiere Livestream,0.3333333333333333,3,5,0.025205383237336898,-0.0675981780399391
AMD,2022-01-07,Strong Positive,"CES 2022: HP shows off Elite Dragonfly G3, Dragonfly Chromebook and lots more new hardware",1.0,1,-5,-0.0023671894563221003,-0.0023671894563221003
AMD,2022-01-07,Strong Positive,"CES 2022: HP shows off Elite Dragonfly G3, Dragonfly Chromebook and lots more new hardware",1.0,1,-4,0.0344317581841638,0.032064568727841705
AMD,2022-01-07,Strong Positive,"CES 2022: HP shows off Elite Dragonfly G3, Dragonfly Chromebook and lots more new hardware",1.0,1,-3,-0.025767363963524498,0.0062972047643172074
AMD,2022-01-07,Strong Positive,"CES 2022: HP shows off Elite Dragonfly G3, Dragonfly Chromebook and lots more new hardware",1.0,1,-2,-0.0265427475319061,-0.020245542767588894
AMD,2022-01-07,Strong Positive,"CES 2022: HP shows off Elite Dragonfly G3, Dragonfly Chromebook and lots more new hardware",1.0,1,-1,0.0012902957199321,-0.018955247047656793
AMD,2022-01-07,Strong Positive,"CES 2022: HP shows off Elite Dragonfly G3, Dragonfly Chromebook and lots more new hardware",1.0,1,0,-0.020217544676002,-0.0391727917236588
AMD,2022-01-07,Strong Positive,"CES 2022: HP shows off Elite Dragonfly G3, Dragonfly Chromebook and lots more new hardware",1.0,1,1,-0.0006582010069897,-0.039830992730648496
AMD,2022-01-07,Strong Positive,"CES 2022: HP shows off Elite Dragonfly G3, Dragonfly Chromebook and lots more new hardware",1.0,1,2,0.025205383237336898,-0.014625609493311598
AMD,2022-01-07,Strong Positive,"CES 2022: HP shows off Elite Dragonfly G3, Dragonfly Chromebook and lots more new hardware",1.0,1,3,-0.0028004146787588002,-0.017426024172070398
AMD,2022-01-07,Strong Positive,"CES 2022: HP shows off Elite Dragonfly G3, Dragonfly Chromebook and lots more new hardware",1.0,1,4,-0.009391444150924497,-0.026817468322994895
AMD,2022-01-07,Strong Positive,"CES 2022: HP shows off Elite Dragonfly G3, Dragonfly Chromebook and lots more new hardware",1.0,1,5,0.0249662354268572,-0.0018512328961376966
AMD,2022-01-10,Strong Positive,Hesai Technology showcased new automotive-grade hybrid solid-state Lidar AT128,0.6615897445178929,3,-5,0.0344317581841638,0.0344317581841638
AMD,2022-01-10,Strong Positive,Hesai Technology showcased new automotive-grade hybrid solid-state Lidar AT128,0.6615897445178929,3,-4,-0.025767363963524498,0.008664394220639304
AMD,2022-01-10,Strong Positive,Hesai Technology showcased new automotive-grade hybrid solid-state Lidar AT128,0.6615897445178929,3,-3,-0.0265427475319061,-0.017878353311266797
AMD,2022-01-10,Strong Positive,Hesai Technology showcased new automotive-grade hybrid solid-state Lidar AT128,0.6615897445178929,3,-2,0.0012902957199321,-0.016588057591334696
AMD,2022-01-10,Strong Positive,Hesai Technology showcased new automotive-grade hybrid solid-state Lidar AT128,0.6615897445178929,3,-1,-0.020217544676002,-0.0368056022673367
AMD,2022-01-10,Strong Positive,Hesai Technology showcased new automotive-grade hybrid solid-state Lidar AT128,0.6615897445178929,3,0,-0.0006582010069897,-0.0374638032743264
AMD,2022-01-10,Strong Positive,Hesai Technology showcased new automotive-grade hybrid solid-state Lidar AT128,0.6615897445178929,3,1,0.025205383237336898,-0.0122584200369895
AMD,2022-01-10,Strong Positive,Hesai Technology showcased new automotive-grade hybrid solid-state Lidar AT128,0.6615897445178929,3,2,-0.0028004146787588002,-0.015058834715748301
AMD,2022-01-10,Strong Positive,Hesai Technology showcased new automotive-grade hybrid solid-state Lidar AT128,0.6615897445178929,3,3,-0.009391444150924497,-0.0244502788666728
AMD,2022-01-10,Strong Positive,Hesai Technology showcased new automotive-grade hybrid solid-state Lidar AT128,0.6615897445178929,3,4,0.0249662354268572,0.0005159565601844003
AMD,2022-01-10,Strong Positive,Hesai Technology showcased new automotive-grade hybrid solid-state Lidar AT128,0.6615897445178929,3,5,-0.0112687078661626,-0.010752751305978199
AMD,2022-01-11,Strong Positive,Stellar December gives TSMC record year,0.5649056697962577,2,-5,-0.025767363963524498,-0.025767363963524498
AMD,2022-01-11,Strong Positive,Stellar December gives TSMC record year,0.5649056697962577,2,-4,-0.0265427475319061,-0.0523101114954306
AMD,2022-01-11,Strong Positive,Stellar December gives TSMC record year,0.5649056697962577,2,-3,0.0012902957199321,-0.0510198157754985
AMD,2022-01-11,Strong Positive,Stellar December gives TSMC record year,0.5649056697962577,2,-2,-0.020217544676002,-0.0712373604515005
AMD,2022-01-11,Strong Positive,Stellar December gives TSMC record year,0.5649056697962577,2,-1,-0.0006582010069897,-0.0718955614584902
AMD,2022-01-11,Strong Positive,Stellar December gives TSMC record year,0.5649056697962577,2,0,0.025205383237336898,-0.0466901782211533
AMD,2022-01-11,Strong Positive,Stellar December gives TSMC record year,0.5649056697962577,2,1,-0.0028004146787588002,-0.0494905928999121
AMD,2022-01-11,Strong Positive,Stellar December gives TSMC record year,0.5649056697962577,2,2,-0.009391444150924497,-0.0588820370508366
AMD,2022-01-11,Strong Positive,Stellar December gives TSMC record year,0.5649056697962577,2,3,0.0249662354268572,-0.0339158016239794
AMD,2022-01-11,Strong Positive,Stellar December gives TSMC record year,0.5649056697962577,2,4,-0.0112687078661626,-0.045184509490141994
AMD,2022-01-11,Strong Positive,Stellar December gives TSMC record year,0.5649056697962577,2,5,-0.0167584792323996,-0.06194298872254159
AMD,2022-01-26,Strong Positive,Intel scores major win as court scraps $1.2 bln EU antitrust fine,0.5306797229598483,2,-5,-0.0167584792323996,-0.0167584792323996
AMD,2022-01-26,Strong Positive,Intel scores major win as court scraps $1.2 bln EU antitrust fine,0.5306797229598483,2,-4,-0.0367504470657499,-0.053508926298149496
AMD,2022-01-26,Strong Positive,Intel scores major win as court scraps $1.2 bln EU antitrust fine,0.5306797229598483,2,-3,0.002460152025545701,-0.05104877427260379
AMD,2022-01-26,Strong Positive,Intel scores major win as court scraps $1.2 bln EU antitrust fine,0.5306797229598483,2,-2,-0.023768473075829098,-0.0748172473484329
AMD,2022-01-26,Strong Positive,Intel scores major win as court scraps $1.2 bln EU antitrust fine,0.5306797229598483,2,-1,-0.023158396049567702,-0.0979756433980006
AMD,2022-01-26,Strong Positive,Intel scores major win as court scraps $1.2 bln EU antitrust fine,0.5306797229598483,2,0,-0.0022147617770771,-0.10019040517507771
AMD,2022-01-26,Strong Positive,Intel scores major win as court scraps $1.2 bln EU antitrust fine,0.5306797229598483,2,1,-0.0631839218912202,-0.1633743270662979
AMD,2022-01-26,Strong Positive,Intel scores major win as court scraps $1.2 bln EU antitrust fine,0.5306797229598483,2,2,-0.005637838389403196,-0.16901216545570108
AMD,2022-01-26,Strong Positive,Intel scores major win as court scraps $1.2 bln EU antitrust fine,0.5306797229598483,2,3,0.053635297572012006,-0.11537686788368907
AMD,2022-01-26,Strong Positive,Intel scores major win as court scraps $1.2 bln EU antitrust fine,0.5306797229598483,2,4,0.015340849547614402,-0.10003601833607467
AMD,2022-01-26,Strong Positive,Intel scores major win as court scraps $1.2 bln EU antitrust fine,0.5306797229598483,2,5,0.0430819684848123,-0.05695404985126237
AMD,2022-02-01,Strong Negative,Infographic: Highlights of Advanced Micro Devices’ (AMD) Q4 results,-0.4856652328727808,2,-5,-0.023158396049567702,-0.023158396049567702
AMD,2022-02-01,Strong Negative,Infographic: Highlights of Advanced Micro Devices’ (AMD) Q4 results,-0.4856652328727808,2,-4,-0.0022147617770771,-0.0253731578266448
AMD,2022-02-01,Strong Negative,Infographic: Highlights of Advanced Micro Devices’ (AMD) Q4 results,-0.4856652328727808,2,-3,-0.0631839218912202,-0.088557079717865
AMD,2022-02-01,Strong Negative,Infographic: Highlights of Advanced Micro Devices’ (AMD) Q4 results,-0.4856652328727808,2,-2,-0.005637838389403196,-0.0941949181072682
AMD,2022-02-01,Strong Negative,Infographic: Highlights of Advanced Micro Devices’ (AMD) Q4 results,-0.4856652328727808,2,-1,0.053635297572012006,-0.04055962053525619
AMD,2022-02-01,Strong Negative,Infographic: Highlights of Advanced Micro Devices’ (AMD) Q4 results,-0.4856652328727808,2,0,0.015340849547614402,-0.02521877098764179
AMD,2022-02-01,Strong Negative,Infographic: Highlights of Advanced Micro Devices’ (AMD) Q4 results,-0.4856652328727808,2,1,0.0430819684848123,0.01786319749717051
AMD,2022-02-01,Strong Negative,Infographic: Highlights of Advanced Micro Devices’ (AMD) Q4 results,-0.4856652328727808,2,2,0.018712871030886202,0.03657606852805671
AMD,2022-02-01,Strong Negative,Infographic: Highlights of Advanced Micro Devices’ (AMD) Q4 results,-0.4856652328727808,2,3,0.0166986789256572,0.05327474745371391
AMD,2022-02-01,Strong Negative,Infographic: Highlights of Advanced Micro Devices’ (AMD) Q4 results,-0.4856652328727808,2,4,0.008610676786009,0.06188542423972291
AMD,2022-02-01,Strong Negative,Infographic: Highlights of Advanced Micro Devices’ (AMD) Q4 results,-0.4856652328727808,2,5,0.025636882226215,0.08752230646593791
AMD,2022-02-02,Strong Positive,AMD's stellar report fuels chip stock rally,0.6364861888861874,2,-5,-0.0022147617770771,-0.0022147617770771
AMD,2022-02-02,Strong Positive,AMD's stellar report fuels chip stock rally,0.6364861888861874,2,-4,-0.0631839218912202,-0.0653986836682973
AMD,2022-02-02,Strong Positive,AMD's stellar report fuels chip stock rally,0.6364861888861874,2,-3,-0.005637838389403196,-0.0710365220577005
AMD,2022-02-02,Strong Positive,AMD's stellar report fuels chip stock rally,0.6364861888861874,2,-2,0.053635297572012006,-0.017401224485688496
AMD,2022-02-02,Strong Positive,AMD's stellar report fuels chip stock rally,0.6364861888861874,2,-1,0.015340849547614402,-0.0020603749380740943
AMD,2022-02-02,Strong Positive,AMD's stellar report fuels chip stock rally,0.6364861888861874,2,0,0.0430819684848123,0.041021593546738205
AMD,2022-02-02,Strong Positive,AMD's stellar report fuels chip stock rally,0.6364861888861874,2,1,0.018712871030886202,0.05973446457762441
AMD,2022-02-02,Strong Positive,AMD's stellar report fuels chip stock rally,0.6364861888861874,2,2,0.0166986789256572,0.0764331435032816
AMD,2022-02-02,Strong Positive,AMD's stellar report fuels chip stock rally,0.6364861888861874,2,3,0.008610676786009,0.08504382028929061
AMD,2022-02-02,Strong Positive,AMD's stellar report fuels chip stock rally,0.6364861888861874,2,4,0.025636882226215,0.11068070251550562
AMD,2022-02-02,Strong Positive,AMD's stellar report fuels chip stock rally,0.6364861888861874,2,5,0.014838696810381597,0.1255193993258872
AMD,2022-02-04,Strong Positive,Texas Instruments plans to invest billions in semiconductor chips to combat shortage,0.3457121860914828,3,-5,-0.005637838389403196,-0.005637838389403196
AMD,2022-02-04,Strong Positive,Texas Instruments plans to invest billions in semiconductor chips to combat shortage,0.3457121860914828,3,-4,0.053635297572012006,0.04799745918260881
AMD,2022-02-04,Strong Positive,Texas Instruments plans to invest billions in semiconductor chips to combat shortage,0.3457121860914828,3,-3,0.015340849547614402,0.06333830873022321
AMD,2022-02-04,Strong Positive,Texas Instruments plans to invest billions in semiconductor chips to combat shortage,0.3457121860914828,3,-2,0.0430819684848123,0.10642027721503551
AMD,2022-02-04,Strong Positive,Texas Instruments plans to invest billions in semiconductor chips to combat shortage,0.3457121860914828,3,-1,0.018712871030886202,0.1251331482459217
AMD,2022-02-04,Strong Positive,Texas Instruments plans to invest billions in semiconductor chips to combat shortage,0.3457121860914828,3,0,0.0166986789256572,0.1418318271715789
AMD,2022-02-04,Strong Positive,Texas Instruments plans to invest billions in semiconductor chips to combat shortage,0.3457121860914828,3,1,0.008610676786009,0.1504425039575879
AMD,2022-02-04,Strong Positive,Texas Instruments plans to invest billions in semiconductor chips to combat shortage,0.3457121860914828,3,2,0.025636882226215,0.1760793861838029
AMD,2022-02-04,Strong Positive,Texas Instruments plans to invest billions in semiconductor chips to combat shortage,0.3457121860914828,3,3,0.014838696810381597,0.1909180829941845
AMD,2022-02-04,Strong Positive,Texas Instruments plans to invest billions in semiconductor chips to combat shortage,0.3457121860914828,3,4,-0.0306607464336774,0.1602573365605071
AMD,2022-02-04,Strong Positive,Texas Instruments plans to invest billions in semiconductor chips to combat shortage,0.3457121860914828,3,5,-0.0683817002367461,0.09187563632376101
AMD,2022-02-16,Strong Positive,AMD Radeon ProRender for Rhino,0.2736785821711756,3,-5,0.014838696810381597,0.014838696810381597
AMD,2022-02-16,Strong Positive,AMD Radeon ProRender for Rhino,0.2736785821711756,3,-4,-0.0306607464336774,-0.0158220496232958
AMD,2022-02-16,Strong Positive,AMD Radeon ProRender for Rhino,0.2736785821711756,3,-3,-0.0683817002367461,-0.0842037498600419
AMD,2022-02-16,Strong Positive,AMD Radeon ProRender for Rhino,0.2736785821711756,3,-2,0.0083914911868246,-0.0758122586732173
AMD,2022-02-16,Strong Positive,AMD Radeon ProRender for Rhino,0.2736785821711756,3,-1,0.0381448198375854,-0.037667438835631895
AMD,2022-02-16,Strong Positive,AMD Radeon ProRender for Rhino,0.2736785821711756,3,0,-0.0308661489063888,-0.0685335877420207
AMD,2022-02-16,Strong Positive,AMD Radeon ProRender for Rhino,0.2736785821711756,3,1,-0.0154596046207599,-0.0839931923627806
AMD,2022-02-16,Strong Positive,AMD Radeon ProRender for Rhino,0.2736785821711756,3,2,0.0243980120495978,-0.059595180313182804
AMD,2022-02-16,Strong Positive,AMD Radeon ProRender for Rhino,0.2736785821711756,3,3,0.0260325816796546,-0.0335625986335282
AMD,2022-02-16,Strong Positive,AMD Radeon ProRender for Rhino,0.2736785821711756,3,4,-0.0253143809973801,-0.0588769796309083
AMD,2022-02-16,Strong Positive,AMD Radeon ProRender for Rhino,0.2736785821711756,3,5,0.028804211198966298,-0.030072768431942003
AMD,2022-02-17,Strong Positive,Inside Pat Gelsinger’s audacious $43.5B plan to revive Intel,1.0,1,-5,-0.0306607464336774,-0.0306607464336774
AMD,2022-02-17,Strong Positive,Inside Pat Gelsinger’s audacious $43.5B plan to revive Intel,1.0,1,-4,-0.0683817002367461,-0.0990424466704235
AMD,2022-02-17,Strong Positive,Inside Pat Gelsinger’s audacious $43.5B plan to revive Intel,1.0,1,-3,0.0083914911868246,-0.0906509554835989
AMD,2022-02-17,Strong Positive,Inside Pat Gelsinger’s audacious $43.5B plan to revive Intel,1.0,1,-2,0.0381448198375854,-0.0525061356460135
AMD,2022-02-17,Strong Positive,Inside Pat Gelsinger’s audacious $43.5B plan to revive Intel,1.0,1,-1,-0.0308661489063888,-0.08337228455240231
AMD,2022-02-17,Strong Positive,Inside Pat Gelsinger’s audacious $43.5B plan to revive Intel,1.0,1,0,-0.0154596046207599,-0.09883188917316221
AMD,2022-02-17,Strong Positive,Inside Pat Gelsinger’s audacious $43.5B plan to revive Intel,1.0,1,1,0.0243980120495978,-0.07443387712356442
AMD,2022-02-17,Strong Positive,Inside Pat Gelsinger’s audacious $43.5B plan to revive Intel,1.0,1,2,0.0260325816796546,-0.04840129544390982
AMD,2022-02-17,Strong Positive,Inside Pat Gelsinger’s audacious $43.5B plan to revive Intel,1.0,1,3,-0.0253143809973801,-0.07371567644128993
AMD,2022-02-17,Strong Positive,Inside Pat Gelsinger’s audacious $43.5B plan to revive Intel,1.0,1,4,0.028804211198966298,-0.04491146524232363
AMD,2022-02-17,Strong Positive,Inside Pat Gelsinger’s audacious $43.5B plan to revive Intel,1.0,1,5,0.0226544070664578,-0.022257058175865832
AMD,2022-02-18,Strong Negative,The Processor Chip Industry Is Another Ugly Capitalist Oligopoly,-0.3110564372910507,3,-5,-0.0683817002367461,-0.0683817002367461
AMD,2022-02-18,Strong Negative,The Processor Chip Industry Is Another Ugly Capitalist Oligopoly,-0.3110564372910507,3,-4,0.0083914911868246,-0.0599902090499215
AMD,2022-02-18,Strong Negative,The Processor Chip Industry Is Another Ugly Capitalist Oligopoly,-0.3110564372910507,3,-3,0.0381448198375854,-0.0218453892123361
AMD,2022-02-18,Strong Negative,The Processor Chip Industry Is Another Ugly Capitalist Oligopoly,-0.3110564372910507,3,-2,-0.0308661489063888,-0.0527115381187249
AMD,2022-02-18,Strong Negative,The Processor Chip Industry Is Another Ugly Capitalist Oligopoly,-0.3110564372910507,3,-1,-0.0154596046207599,-0.0681711427394848
AMD,2022-02-18,Strong Negative,The Processor Chip Industry Is Another Ugly Capitalist Oligopoly,-0.3110564372910507,3,0,0.0243980120495978,-0.043773130689886995
AMD,2022-02-18,Strong Negative,The Processor Chip Industry Is Another Ugly Capitalist Oligopoly,-0.3110564372910507,3,1,0.0260325816796546,-0.017740549010232396
AMD,2022-02-18,Strong Negative,The Processor Chip Industry Is Another Ugly Capitalist Oligopoly,-0.3110564372910507,3,2,-0.0253143809973801,-0.0430549300076125
AMD,2022-02-18,Strong Negative,The Processor Chip Industry Is Another Ugly Capitalist Oligopoly,-0.3110564372910507,3,3,0.028804211198966298,-0.014250718808646201
AMD,2022-02-18,Strong Negative,The Processor Chip Industry Is Another Ugly Capitalist Oligopoly,-0.3110564372910507,3,4,0.0226544070664578,0.008403688257811598
AMD,2022-02-18,Strong Negative,The Processor Chip Industry Is Another Ugly Capitalist Oligopoly,-0.3110564372910507,3,5,0.015854969394151198,0.024258657651962796
AMD,2022-02-22,Strong Negative,"AMD CPU Shipments in Japan Sink to 25% of Total, Intel Achieves 74%",-0.5829635886772148,2,-5,0.0083914911868246,0.0083914911868246
AMD,2022-02-22,Strong Negative,"AMD CPU Shipments in Japan Sink to 25% of Total, Intel Achieves 74%",-0.5829635886772148,2,-4,0.0381448198375854,0.04653631102441
AMD,2022-02-22,Strong Negative,"AMD CPU Shipments in Japan Sink to 25% of Total, Intel Achieves 74%",-0.5829635886772148,2,-3,-0.0308661489063888,0.0156701621180212
AMD,2022-02-22,Strong Negative,"AMD CPU Shipments in Japan Sink to 25% of Total, Intel Achieves 74%",-0.5829635886772148,2,-2,-0.0154596046207599,0.00021055749726129822
AMD,2022-02-22,Strong Negative,"AMD CPU Shipments in Japan Sink to 25% of Total, Intel Achieves 74%",-0.5829635886772148,2,-1,0.0243980120495978,0.0246085695468591
AMD,2022-02-22,Strong Negative,"AMD CPU Shipments in Japan Sink to 25% of Total, Intel Achieves 74%",-0.5829635886772148,2,0,0.0260325816796546,0.0506411512265137
AMD,2022-02-22,Strong Negative,"AMD CPU Shipments in Japan Sink to 25% of Total, Intel Achieves 74%",-0.5829635886772148,2,1,-0.0253143809973801,0.0253267702291336
AMD,2022-02-22,Strong Negative,"AMD CPU Shipments in Japan Sink to 25% of Total, Intel Achieves 74%",-0.5829635886772148,2,2,0.028804211198966298,0.0541309814280999
AMD,2022-02-22,Strong Negative,"AMD CPU Shipments in Japan Sink to 25% of Total, Intel Achieves 74%",-0.5829635886772148,2,3,0.0226544070664578,0.0767853884945577
AMD,2022-02-22,Strong Negative,"AMD CPU Shipments in Japan Sink to 25% of Total, Intel Achieves 74%",-0.5829635886772148,2,4,0.015854969394151198,0.09264035788870889
AMD,2022-02-22,Strong Negative,"AMD CPU Shipments in Japan Sink to 25% of Total, Intel Achieves 74%",-0.5829635886772148,2,5,-0.0617926047835039,0.03084775310520499
AMD,2022-02-28,Strong Negative,"Semiconductor sales to Russia banned, but that shouldn’t hurt Intel, AMD and other chip makers",-0.5135883316181195,2,-5,0.0243980120495978,0.0243980120495978
AMD,2022-02-28,Strong Negative,"Semiconductor sales to Russia banned, but that shouldn’t hurt Intel, AMD and other chip makers",-0.5135883316181195,2,-4,0.0260325816796546,0.050430593729252404
AMD,2022-02-28,Strong Negative,"Semiconductor sales to Russia banned, but that shouldn’t hurt Intel, AMD and other chip makers",-0.5135883316181195,2,-3,-0.0253143809973801,0.025116212731872305
AMD,2022-02-28,Strong Negative,"Semiconductor sales to Russia banned, but that shouldn’t hurt Intel, AMD and other chip makers",-0.5135883316181195,2,-2,0.028804211198966298,0.0539204239308386
AMD,2022-02-28,Strong Negative,"Semiconductor sales to Russia banned, but that shouldn’t hurt Intel, AMD and other chip makers",-0.5135883316181195,2,-1,0.0226544070664578,0.0765748309972964
AMD,2022-02-28,Strong Negative,"Semiconductor sales to Russia banned, but that shouldn’t hurt Intel, AMD and other chip makers",-0.5135883316181195,2,0,0.015854969394151198,0.09242980039144759
AMD,2022-02-28,Strong Negative,"Semiconductor sales to Russia banned, but that shouldn’t hurt Intel, AMD and other chip makers",-0.5135883316181195,2,1,-0.0617926047835039,0.030637195607943687
AMD,2022-02-28,Strong Negative,"Semiconductor sales to Russia banned, but that shouldn’t hurt Intel, AMD and other chip makers",-0.5135883316181195,2,2,0.0223138311453943,0.05295102675333799
AMD,2022-02-28,Strong Negative,"Semiconductor sales to Russia banned, but that shouldn’t hurt Intel, AMD and other chip makers",-0.5135883316181195,2,3,-0.0389783781768279,0.013972648576510087
AMD,2022-02-28,Strong Negative,"Semiconductor sales to Russia banned, but that shouldn’t hurt Intel, AMD and other chip makers",-0.5135883316181195,2,4,-0.017388827011867496,-0.0034161784353574087
AMD,2022-02-28,Strong Negative,"Semiconductor sales to Russia banned, but that shouldn’t hurt Intel, AMD and other chip makers",-0.5135883316181195,2,5,-0.0134831920483406,-0.01689937048369801
AMD,2022-03-03,Strong Negative,Nvidia hackers allegedly attempting to blackmail company into open-sourcing GPU drivers,-0.5049948900959873,2,-5,0.028804211198966298,0.028804211198966298
AMD,2022-03-03,Strong Negative,Nvidia hackers allegedly attempting to blackmail company into open-sourcing GPU drivers,-0.5049948900959873,2,-4,0.0226544070664578,0.0514586182654241
AMD,2022-03-03,Strong Negative,Nvidia hackers allegedly attempting to blackmail company into open-sourcing GPU drivers,-0.5049948900959873,2,-3,0.015854969394151198,0.06731358765957529
AMD,2022-03-03,Strong Negative,Nvidia hackers allegedly attempting to blackmail company into open-sourcing GPU drivers,-0.5049948900959873,2,-2,-0.0617926047835039,0.00552098287607139
AMD,2022-03-03,Strong Negative,Nvidia hackers allegedly attempting to blackmail company into open-sourcing GPU drivers,-0.5049948900959873,2,-1,0.0223138311453943,0.02783481402146569
AMD,2022-03-03,Strong Negative,Nvidia hackers allegedly attempting to blackmail company into open-sourcing GPU drivers,-0.5049948900959873,2,0,-0.0389783781768279,-0.01114356415536221
AMD,2022-03-03,Strong Negative,Nvidia hackers allegedly attempting to blackmail company into open-sourcing GPU drivers,-0.5049948900959873,2,1,-0.017388827011867496,-0.028532391167229706
AMD,2022-03-03,Strong Negative,Nvidia hackers allegedly attempting to blackmail company into open-sourcing GPU drivers,-0.5049948900959873,2,2,-0.0134831920483406,-0.04201558321557031
AMD,2022-03-03,Strong Negative,Nvidia hackers allegedly attempting to blackmail company into open-sourcing GPU drivers,-0.5049948900959873,2,3,0.029708870782205098,-0.01230671243336521
AMD,2022-03-03,Strong Negative,Nvidia hackers allegedly attempting to blackmail company into open-sourcing GPU drivers,-0.5049948900959873,2,4,0.016309126445032802,0.004002414011667593
AMD,2022-03-03,Strong Negative,Nvidia hackers allegedly attempting to blackmail company into open-sourcing GPU drivers,-0.5049948900959873,2,5,-0.030227970341068104,-0.02622555632940051
AMD,2022-03-07,Strong Negative,EPAM Shares Continue to Fall on Ukraine Crisis & Russia Exit,-1.0,1,-5,0.015854969394151198,0.015854969394151198
AMD,2022-03-07,Strong Negative,EPAM Shares Continue to Fall on Ukraine Crisis & Russia Exit,-1.0,1,-4,-0.0617926047835039,-0.04593763538935271
AMD,2022-03-07,Strong Negative,EPAM Shares Continue to Fall on Ukraine Crisis & Russia Exit,-1.0,1,-3,0.0223138311453943,-0.023623804243958407
AMD,2022-03-07,Strong Negative,EPAM Shares Continue to Fall on Ukraine Crisis & Russia Exit,-1.0,1,-2,-0.0389783781768279,-0.0626021824207863
AMD,2022-03-07,Strong Negative,EPAM Shares Continue to Fall on Ukraine Crisis & Russia Exit,-1.0,1,-1,-0.017388827011867496,-0.0799910094326538
AMD,2022-03-07,Strong Negative,EPAM Shares Continue to Fall on Ukraine Crisis & Russia Exit,-1.0,1,0,-0.0134831920483406,-0.0934742014809944
AMD,2022-03-07,Strong Negative,EPAM Shares Continue to Fall on Ukraine Crisis & Russia Exit,-1.0,1,1,0.029708870782205098,-0.06376533069878931
AMD,2022-03-07,Strong Negative,EPAM Shares Continue to Fall on Ukraine Crisis & Russia Exit,-1.0,1,2,0.016309126445032802,-0.04745620425375651
AMD,2022-03-07,Strong Negative,EPAM Shares Continue to Fall on Ukraine Crisis & Russia Exit,-1.0,1,3,-0.030227970341068104,-0.07768417459482461
AMD,2022-03-07,Strong Negative,EPAM Shares Continue to Fall on Ukraine Crisis & Russia Exit,-1.0,1,4,0.00035510583043909735,-0.07732906876438551
AMD,2022-03-07,Strong Negative,EPAM Shares Continue to Fall on Ukraine Crisis & Russia Exit,-1.0,1,5,-0.0003560851830381982,-0.07768515394742372
AMD,2022-03-08,Strong Positive,AMD Radeon™ PRO W6600X GPU for Mac Pro Unleashes New Creative Possibilities for Design and Content Creation Professionals,0.3769649340500367,5,-5,-0.0617926047835039,-0.0617926047835039
AMD,2022-03-08,Strong Positive,AMD Radeon™ PRO W6600X GPU for Mac Pro Unleashes New Creative Possibilities for Design and Content Creation Professionals,0.3769649340500367,5,-4,0.0223138311453943,-0.0394787736381096
AMD,2022-03-08,Strong Positive,AMD Radeon™ PRO W6600X GPU for Mac Pro Unleashes New Creative Possibilities for Design and Content Creation Professionals,0.3769649340500367,5,-3,-0.0389783781768279,-0.07845715181493751
AMD,2022-03-08,Strong Positive,AMD Radeon™ PRO W6600X GPU for Mac Pro Unleashes New Creative Possibilities for Design and Content Creation Professionals,0.3769649340500367,5,-2,-0.017388827011867496,-0.09584597882680501
AMD,2022-03-08,Strong Positive,AMD Radeon™ PRO W6600X GPU for Mac Pro Unleashes New Creative Possibilities for Design and Content Creation Professionals,0.3769649340500367,5,-1,-0.0134831920483406,-0.10932917087514561
AMD,2022-03-08,Strong Positive,AMD Radeon™ PRO W6600X GPU for Mac Pro Unleashes New Creative Possibilities for Design and Content Creation Professionals,0.3769649340500367,5,0,0.029708870782205098,-0.07962030009294052
AMD,2022-03-08,Strong Positive,AMD Radeon™ PRO W6600X GPU for Mac Pro Unleashes New Creative Possibilities for Design and Content Creation Professionals,0.3769649340500367,5,1,0.016309126445032802,-0.06331117364790773
AMD,2022-03-08,Strong Positive,AMD Radeon™ PRO W6600X GPU for Mac Pro Unleashes New Creative Possibilities for Design and Content Creation Professionals,0.3769649340500367,5,2,-0.030227970341068104,-0.09353914398897584
AMD,2022-03-08,Strong Positive,AMD Radeon™ PRO W6600X GPU for Mac Pro Unleashes New Creative Possibilities for Design and Content Creation Professionals,0.3769649340500367,5,3,0.00035510583043909735,-0.09318403815853674
AMD,2022-03-08,Strong Positive,AMD Radeon™ PRO W6600X GPU for Mac Pro Unleashes New Creative Possibilities for Design and Content Creation Professionals,0.3769649340500367,5,4,-0.0003560851830381982,-0.09354012334157494
AMD,2022-03-08,Strong Positive,AMD Radeon™ PRO W6600X GPU for Mac Pro Unleashes New Creative Possibilities for Design and Content Creation Professionals,0.3769649340500367,5,5,0.0378751539299671,-0.05566496941160784
AMD,2022-03-11,Strong Positive,"Micron CEO says chip shortage improving, but could last into 2023",1.0,1,-5,-0.017388827011867496,-0.017388827011867496
AMD,2022-03-11,Strong Positive,"Micron CEO says chip shortage improving, but could last into 2023",1.0,1,-4,-0.0134831920483406,-0.030872019060208096
AMD,2022-03-11,Strong Positive,"Micron CEO says chip shortage improving, but could last into 2023",1.0,1,-3,0.029708870782205098,-0.0011631482780029984
AMD,2022-03-11,Strong Positive,"Micron CEO says chip shortage improving, but could last into 2023",1.0,1,-2,0.016309126445032802,0.015145978167029804
AMD,2022-03-11,Strong Positive,"Micron CEO says chip shortage improving, but could last into 2023",1.0,1,-1,-0.030227970341068104,-0.0150819921740383
AMD,2022-03-11,Strong Positive,"Micron CEO says chip shortage improving, but could last into 2023",1.0,1,0,0.00035510583043909735,-0.014726886343599203
AMD,2022-03-11,Strong Positive,"Micron CEO says chip shortage improving, but could last into 2023",1.0,1,1,-0.0003560851830381982,-0.015082971526637401
AMD,2022-03-11,Strong Positive,"Micron CEO says chip shortage improving, but could last into 2023",1.0,1,2,0.0378751539299671,0.022792182403329697
AMD,2022-03-11,Strong Positive,"Micron CEO says chip shortage improving, but could last into 2023",1.0,1,3,0.018158902573789798,0.040951084977119495
AMD,2022-03-11,Strong Positive,"Micron CEO says chip shortage improving, but could last into 2023",1.0,1,4,-0.0440036383292853,-0.003052553352165803
AMD,2022-03-11,Strong Positive,"Micron CEO says chip shortage improving, but could last into 2023",1.0,1,5,-0.004620577998194299,-0.007673131350360102
AMD,2022-03-15,Strong Positive,"AMD Launches the Ultimate Gaming Processor, Brings Enthusiast Performance to an Expanded Lineup of Ryzen Desktop Processors",1.0,2,-5,0.029708870782205098,0.029708870782205098
AMD,2022-03-15,Strong Positive,"AMD Launches the Ultimate Gaming Processor, Brings Enthusiast Performance to an Expanded Lineup of Ryzen Desktop Processors",1.0,2,-4,0.016309126445032802,0.0460179972272379
AMD,2022-03-15,Strong Positive,"AMD Launches the Ultimate Gaming Processor, Brings Enthusiast Performance to an Expanded Lineup of Ryzen Desktop Processors",1.0,2,-3,-0.030227970341068104,0.015790026886169796
AMD,2022-03-15,Strong Positive,"AMD Launches the Ultimate Gaming Processor, Brings Enthusiast Performance to an Expanded Lineup of Ryzen Desktop Processors",1.0,2,-2,0.00035510583043909735,0.016145132716608893
AMD,2022-03-15,Strong Positive,"AMD Launches the Ultimate Gaming Processor, Brings Enthusiast Performance to an Expanded Lineup of Ryzen Desktop Processors",1.0,2,-1,-0.0003560851830381982,0.015789047533570695
AMD,2022-03-15,Strong Positive,"AMD Launches the Ultimate Gaming Processor, Brings Enthusiast Performance to an Expanded Lineup of Ryzen Desktop Processors",1.0,2,0,0.0378751539299671,0.05366420146353779
AMD,2022-03-15,Strong Positive,"AMD Launches the Ultimate Gaming Processor, Brings Enthusiast Performance to an Expanded Lineup of Ryzen Desktop Processors",1.0,2,1,0.018158902573789798,0.07182310403732758
AMD,2022-03-15,Strong Positive,"AMD Launches the Ultimate Gaming Processor, Brings Enthusiast Performance to an Expanded Lineup of Ryzen Desktop Processors",1.0,2,2,-0.0440036383292853,0.027819465708042286
AMD,2022-03-15,Strong Positive,"AMD Launches the Ultimate Gaming Processor, Brings Enthusiast Performance to an Expanded Lineup of Ryzen Desktop Processors",1.0,2,3,-0.004620577998194299,0.023198887709847987
AMD,2022-03-15,Strong Positive,"AMD Launches the Ultimate Gaming Processor, Brings Enthusiast Performance to an Expanded Lineup of Ryzen Desktop Processors",1.0,2,4,0.024461795603398798,0.047660683313246785
AMD,2022-03-15,Strong Positive,"AMD Launches the Ultimate Gaming Processor, Brings Enthusiast Performance to an Expanded Lineup of Ryzen Desktop Processors",1.0,2,5,-0.0294868070607808,0.018173876252465984
AMD,2022-03-17,Strong Positive,Introducing AMD Software: Adrenalin Edition 2022 Release and AMD FidelityFX Super Resolution 2.0 – Delivering High-Performance and Visually Stunning Gaming Experiences,1.0,1,-5,-0.030227970341068104,-0.030227970341068104
AMD,2022-03-17,Strong Positive,Introducing AMD Software: Adrenalin Edition 2022 Release and AMD FidelityFX Super Resolution 2.0 – Delivering High-Performance and Visually Stunning Gaming Experiences,1.0,1,-4,0.00035510583043909735,-0.029872864510629007
AMD,2022-03-17,Strong Positive,Introducing AMD Software: Adrenalin Edition 2022 Release and AMD FidelityFX Super Resolution 2.0 – Delivering High-Performance and Visually Stunning Gaming Experiences,1.0,1,-3,-0.0003560851830381982,-0.030228949693667205
AMD,2022-03-17,Strong Positive,Introducing AMD Software: Adrenalin Edition 2022 Release and AMD FidelityFX Super Resolution 2.0 – Delivering High-Performance and Visually Stunning Gaming Experiences,1.0,1,-2,0.0378751539299671,0.007646204236299893
AMD,2022-03-17,Strong Positive,Introducing AMD Software: Adrenalin Edition 2022 Release and AMD FidelityFX Super Resolution 2.0 – Delivering High-Performance and Visually Stunning Gaming Experiences,1.0,1,-1,0.018158902573789798,0.02580510681008969
AMD,2022-03-17,Strong Positive,Introducing AMD Software: Adrenalin Edition 2022 Release and AMD FidelityFX Super Resolution 2.0 – Delivering High-Performance and Visually Stunning Gaming Experiences,1.0,1,0,-0.0440036383292853,-0.018198531519195607
AMD,2022-03-17,Strong Positive,Introducing AMD Software: Adrenalin Edition 2022 Release and AMD FidelityFX Super Resolution 2.0 – Delivering High-Performance and Visually Stunning Gaming Experiences,1.0,1,1,-0.004620577998194299,-0.022819109517389906
AMD,2022-03-17,Strong Positive,Introducing AMD Software: Adrenalin Edition 2022 Release and AMD FidelityFX Super Resolution 2.0 – Delivering High-Performance and Visually Stunning Gaming Experiences,1.0,1,2,0.024461795603398798,0.0016426860860088918
AMD,2022-03-17,Strong Positive,Introducing AMD Software: Adrenalin Edition 2022 Release and AMD FidelityFX Super Resolution 2.0 – Delivering High-Performance and Visually Stunning Gaming Experiences,1.0,1,3,-0.0294868070607808,-0.02784412097477191
AMD,2022-03-17,Strong Positive,Introducing AMD Software: Adrenalin Edition 2022 Release and AMD FidelityFX Super Resolution 2.0 – Delivering High-Performance and Visually Stunning Gaming Experiences,1.0,1,4,0.0068787833865363,-0.02096533758823561
AMD,2022-03-17,Strong Positive,Introducing AMD Software: Adrenalin Edition 2022 Release and AMD FidelityFX Super Resolution 2.0 – Delivering High-Performance and Visually Stunning Gaming Experiences,1.0,1,5,0.0357964125037998,0.01483107491556419
AMD,2022-03-18,Strong Negative,When the world runs low on neon gas,-0.3390736367470769,3,-5,0.00035510583043909735,0.00035510583043909735
AMD,2022-03-18,Strong Negative,When the world runs low on neon gas,-0.3390736367470769,3,-4,-0.0003560851830381982,-9.79352599100869e-07
AMD,2022-03-18,Strong Negative,When the world runs low on neon gas,-0.3390736367470769,3,-3,0.0378751539299671,0.037874174577368
AMD,2022-03-18,Strong Negative,When the world runs low on neon gas,-0.3390736367470769,3,-2,0.018158902573789798,0.056033077151157795
AMD,2022-03-18,Strong Negative,When the world runs low on neon gas,-0.3390736367470769,3,-1,-0.0440036383292853,0.012029438821872497
AMD,2022-03-18,Strong Negative,When the world runs low on neon gas,-0.3390736367470769,3,0,-0.004620577998194299,0.007408860823678198
AMD,2022-03-18,Strong Negative,When the world runs low on neon gas,-0.3390736367470769,3,1,0.024461795603398798,0.031870656427076996
AMD,2022-03-18,Strong Negative,When the world runs low on neon gas,-0.3390736367470769,3,2,-0.0294868070607808,0.002383849366296195
AMD,2022-03-18,Strong Negative,When the world runs low on neon gas,-0.3390736367470769,3,3,0.0068787833865363,0.009262632752832494
AMD,2022-03-18,Strong Negative,When the world runs low on neon gas,-0.3390736367470769,3,4,0.0357964125037998,0.04505904525663229
AMD,2022-03-18,Strong Negative,When the world runs low on neon gas,-0.3390736367470769,3,5,-0.0063010919979114,0.03875795325872089
AMD,2022-03-21,Strong Positive,3rd Gen AMD EPYC Processors with AMD 3D V-Cache Technology Deliver Outstanding Leadership Performance in Technical Computing Workloads,1.0,1,-5,-0.0003560851830381982,-0.0003560851830381982
AMD,2022-03-21,Strong Positive,3rd Gen AMD EPYC Processors with AMD 3D V-Cache Technology Deliver Outstanding Leadership Performance in Technical Computing Workloads,1.0,1,-4,0.0378751539299671,0.037519068746928896
AMD,2022-03-21,Strong Positive,3rd Gen AMD EPYC Processors with AMD 3D V-Cache Technology Deliver Outstanding Leadership Performance in Technical Computing Workloads,1.0,1,-3,0.018158902573789798,0.055677971320718694
AMD,2022-03-21,Strong Positive,3rd Gen AMD EPYC Processors with AMD 3D V-Cache Technology Deliver Outstanding Leadership Performance in Technical Computing Workloads,1.0,1,-2,-0.0440036383292853,0.011674332991433396
AMD,2022-03-21,Strong Positive,3rd Gen AMD EPYC Processors with AMD 3D V-Cache Technology Deliver Outstanding Leadership Performance in Technical Computing Workloads,1.0,1,-1,-0.004620577998194299,0.0070537549932390975
AMD,2022-03-21,Strong Positive,3rd Gen AMD EPYC Processors with AMD 3D V-Cache Technology Deliver Outstanding Leadership Performance in Technical Computing Workloads,1.0,1,0,0.024461795603398798,0.031515550596637895
AMD,2022-03-21,Strong Positive,3rd Gen AMD EPYC Processors with AMD 3D V-Cache Technology Deliver Outstanding Leadership Performance in Technical Computing Workloads,1.0,1,1,-0.0294868070607808,0.0020287435358570943
AMD,2022-03-21,Strong Positive,3rd Gen AMD EPYC Processors with AMD 3D V-Cache Technology Deliver Outstanding Leadership Performance in Technical Computing Workloads,1.0,1,2,0.0068787833865363,0.008907526922393393
AMD,2022-03-21,Strong Positive,3rd Gen AMD EPYC Processors with AMD 3D V-Cache Technology Deliver Outstanding Leadership Performance in Technical Computing Workloads,1.0,1,3,0.0357964125037998,0.04470393942619319
AMD,2022-03-21,Strong Positive,3rd Gen AMD EPYC Processors with AMD 3D V-Cache Technology Deliver Outstanding Leadership Performance in Technical Computing Workloads,1.0,1,4,-0.0063010919979114,0.03840284742828179
AMD,2022-03-21,Strong Positive,3rd Gen AMD EPYC Processors with AMD 3D V-Cache Technology Deliver Outstanding Leadership Performance in Technical Computing Workloads,1.0,1,5,-0.0107093054835276,0.027693541944754187
AMD,2022-03-22,Strong Positive,"Keynote Wrap-Up: Turning Data Centers into ‘AI Factories,’ NVIDIA CEO Intros Hopper Architecture, H100 GPU, New Supercomputers, Software",0.3069545892600414,3,-5,0.0378751539299671,0.0378751539299671
AMD,2022-03-22,Strong Positive,"Keynote Wrap-Up: Turning Data Centers into ‘AI Factories,’ NVIDIA CEO Intros Hopper Architecture, H100 GPU, New Supercomputers, Software",0.3069545892600414,3,-4,0.018158902573789798,0.056034056503756896
AMD,2022-03-22,Strong Positive,"Keynote Wrap-Up: Turning Data Centers into ‘AI Factories,’ NVIDIA CEO Intros Hopper Architecture, H100 GPU, New Supercomputers, Software",0.3069545892600414,3,-3,-0.0440036383292853,0.012030418174471598
AMD,2022-03-22,Strong Positive,"Keynote Wrap-Up: Turning Data Centers into ‘AI Factories,’ NVIDIA CEO Intros Hopper Architecture, H100 GPU, New Supercomputers, Software",0.3069545892600414,3,-2,-0.004620577998194299,0.007409840176277299
AMD,2022-03-22,Strong Positive,"Keynote Wrap-Up: Turning Data Centers into ‘AI Factories,’ NVIDIA CEO Intros Hopper Architecture, H100 GPU, New Supercomputers, Software",0.3069545892600414,3,-1,0.024461795603398798,0.0318716357796761
AMD,2022-03-22,Strong Positive,"Keynote Wrap-Up: Turning Data Centers into ‘AI Factories,’ NVIDIA CEO Intros Hopper Architecture, H100 GPU, New Supercomputers, Software",0.3069545892600414,3,0,-0.0294868070607808,0.002384828718895296
AMD,2022-03-22,Strong Positive,"Keynote Wrap-Up: Turning Data Centers into ‘AI Factories,’ NVIDIA CEO Intros Hopper Architecture, H100 GPU, New Supercomputers, Software",0.3069545892600414,3,1,0.0068787833865363,0.009263612105431595
AMD,2022-03-22,Strong Positive,"Keynote Wrap-Up: Turning Data Centers into ‘AI Factories,’ NVIDIA CEO Intros Hopper Architecture, H100 GPU, New Supercomputers, Software",0.3069545892600414,3,2,0.0357964125037998,0.04506002460923139
AMD,2022-03-22,Strong Positive,"Keynote Wrap-Up: Turning Data Centers into ‘AI Factories,’ NVIDIA CEO Intros Hopper Architecture, H100 GPU, New Supercomputers, Software",0.3069545892600414,3,3,-0.0063010919979114,0.03875893261131999
AMD,2022-03-22,Strong Positive,"Keynote Wrap-Up: Turning Data Centers into ‘AI Factories,’ NVIDIA CEO Intros Hopper Architecture, H100 GPU, New Supercomputers, Software",0.3069545892600414,3,4,-0.0107093054835276,0.02804962712779239
AMD,2022-03-22,Strong Positive,"Keynote Wrap-Up: Turning Data Centers into ‘AI Factories,’ NVIDIA CEO Intros Hopper Architecture, H100 GPU, New Supercomputers, Software",0.3069545892600414,3,5,0.007657214624396301,0.03570684175218869
AMD,2022-03-23,Strong Positive,10 Servers With AMD EPYC Milan-X New Server CPUs,0.2893762832163949,3,-5,0.018158902573789798,0.018158902573789798
AMD,2022-03-23,Strong Positive,10 Servers With AMD EPYC Milan-X New Server CPUs,0.2893762832163949,3,-4,-0.0440036383292853,-0.0258447357554955
AMD,2022-03-23,Strong Positive,10 Servers With AMD EPYC Milan-X New Server CPUs,0.2893762832163949,3,-3,-0.004620577998194299,-0.0304653137536898
AMD,2022-03-23,Strong Positive,10 Servers With AMD EPYC Milan-X New Server CPUs,0.2893762832163949,3,-2,0.024461795603398798,-0.006003518150291001
AMD,2022-03-23,Strong Positive,10 Servers With AMD EPYC Milan-X New Server CPUs,0.2893762832163949,3,-1,-0.0294868070607808,-0.0354903252110718
AMD,2022-03-23,Strong Positive,10 Servers With AMD EPYC Milan-X New Server CPUs,0.2893762832163949,3,0,0.0068787833865363,-0.028611541824535503
AMD,2022-03-23,Strong Positive,10 Servers With AMD EPYC Milan-X New Server CPUs,0.2893762832163949,3,1,0.0357964125037998,0.007184870679264297
AMD,2022-03-23,Strong Positive,10 Servers With AMD EPYC Milan-X New Server CPUs,0.2893762832163949,3,2,-0.0063010919979114,0.0008837786813528968
AMD,2022-03-23,Strong Positive,10 Servers With AMD EPYC Milan-X New Server CPUs,0.2893762832163949,3,3,-0.0107093054835276,-0.009825526802174703
AMD,2022-03-23,Strong Positive,10 Servers With AMD EPYC Milan-X New Server CPUs,0.2893762832163949,3,4,0.007657214624396301,-0.0021683121777784017
AMD,2022-03-23,Strong Positive,10 Servers With AMD EPYC Milan-X New Server CPUs,0.2893762832163949,3,5,-0.0214949790483258,-0.0236632912261042
AMD,2022-03-24,Strong Negative,"Possible Nvidia, Intel GPU Alliance Could Frustrate Rivals AMD, TSMC",-0.5248658241318884,2,-5,-0.0440036383292853,-0.0440036383292853
AMD,2022-03-24,Strong Negative,"Possible Nvidia, Intel GPU Alliance Could Frustrate Rivals AMD, TSMC",-0.5248658241318884,2,-4,-0.004620577998194299,-0.0486242163274796
AMD,2022-03-24,Strong Negative,"Possible Nvidia, Intel GPU Alliance Could Frustrate Rivals AMD, TSMC",-0.5248658241318884,2,-3,0.024461795603398798,-0.0241624207240808
AMD,2022-03-24,Strong Negative,"Possible Nvidia, Intel GPU Alliance Could Frustrate Rivals AMD, TSMC",-0.5248658241318884,2,-2,-0.0294868070607808,-0.0536492277848616
AMD,2022-03-24,Strong Negative,"Possible Nvidia, Intel GPU Alliance Could Frustrate Rivals AMD, TSMC",-0.5248658241318884,2,-1,0.0068787833865363,-0.0467704443983253
AMD,2022-03-24,Strong Negative,"Possible Nvidia, Intel GPU Alliance Could Frustrate Rivals AMD, TSMC",-0.5248658241318884,2,0,0.0357964125037998,-0.010974031894525497
AMD,2022-03-24,Strong Negative,"Possible Nvidia, Intel GPU Alliance Could Frustrate Rivals AMD, TSMC",-0.5248658241318884,2,1,-0.0063010919979114,-0.0172751238924369
AMD,2022-03-24,Strong Negative,"Possible Nvidia, Intel GPU Alliance Could Frustrate Rivals AMD, TSMC",-0.5248658241318884,2,2,-0.0107093054835276,-0.0279844293759645
AMD,2022-03-24,Strong Negative,"Possible Nvidia, Intel GPU Alliance Could Frustrate Rivals AMD, TSMC",-0.5248658241318884,2,3,0.007657214624396301,-0.0203272147515682
AMD,2022-03-24,Strong Negative,"Possible Nvidia, Intel GPU Alliance Could Frustrate Rivals AMD, TSMC",-0.5248658241318884,2,4,-0.0214949790483258,-0.041822193799894
AMD,2022-03-24,Strong Negative,"Possible Nvidia, Intel GPU Alliance Could Frustrate Rivals AMD, TSMC",-0.5248658241318884,2,5,-0.0704776231758031,-0.1122998169756971
AMD,2022-04-05,Strong Positive,"AMD Stock Up 2%, Advanced Micro Devices Acquires Pensando for $2B",0.4216388427194356,3,-5,0.007657214624396301,0.007657214624396301
AMD,2022-04-05,Strong Positive,"AMD Stock Up 2%, Advanced Micro Devices Acquires Pensando for $2B",0.4216388427194356,3,-4,-0.0214949790483258,-0.013837764423929498
AMD,2022-04-05,Strong Positive,"AMD Stock Up 2%, Advanced Micro Devices Acquires Pensando for $2B",0.4216388427194356,3,-3,-0.0704776231758031,-0.08431538759973259
AMD,2022-04-05,Strong Positive,"AMD Stock Up 2%, Advanced Micro Devices Acquires Pensando for $2B",0.4216388427194356,3,-2,-0.0086140350265321,-0.09292942262626469
AMD,2022-04-05,Strong Positive,"AMD Stock Up 2%, Advanced Micro Devices Acquires Pensando for $2B",0.4216388427194356,3,-1,0.001039990152500201,-0.09188943247376449
AMD,2022-04-05,Strong Positive,"AMD Stock Up 2%, Advanced Micro Devices Acquires Pensando for $2B",0.4216388427194356,3,0,-0.0113615227633832,-0.1032509552371477
AMD,2022-04-05,Strong Positive,"AMD Stock Up 2%, Advanced Micro Devices Acquires Pensando for $2B",0.4216388427194356,3,1,-0.007777520780929602,-0.1110284760180773
AMD,2022-04-05,Strong Positive,"AMD Stock Up 2%, Advanced Micro Devices Acquires Pensando for $2B",0.4216388427194356,3,2,-0.0018955484054079,-0.1129240244234852
AMD,2022-04-05,Strong Positive,"AMD Stock Up 2%, Advanced Micro Devices Acquires Pensando for $2B",0.4216388427194356,3,3,-0.0122451664592222,-0.1251691908827074
AMD,2022-04-05,Strong Positive,"AMD Stock Up 2%, Advanced Micro Devices Acquires Pensando for $2B",0.4216388427194356,3,4,-0.012283364330217601,-0.137452555212925
AMD,2022-04-05,Strong Positive,"AMD Stock Up 2%, Advanced Micro Devices Acquires Pensando for $2B",0.4216388427194356,3,5,-0.0190886215461785,-0.15654117675910348
AMD,2022-04-06,Strong Negative,AMD CEO Lisa Su says chipmaker is 'doubling down on data centers' with $1.9B Pensando deal,-0.2304898149281794,2,-5,-0.0214949790483258,-0.0214949790483258
AMD,2022-04-06,Strong Negative,AMD CEO Lisa Su says chipmaker is 'doubling down on data centers' with $1.9B Pensando deal,-0.2304898149281794,2,-4,-0.0704776231758031,-0.0919726022241289
AMD,2022-04-06,Strong Negative,AMD CEO Lisa Su says chipmaker is 'doubling down on data centers' with $1.9B Pensando deal,-0.2304898149281794,2,-3,-0.0086140350265321,-0.100586637250661
AMD,2022-04-06,Strong Negative,AMD CEO Lisa Su says chipmaker is 'doubling down on data centers' with $1.9B Pensando deal,-0.2304898149281794,2,-2,0.001039990152500201,-0.0995466470981608
AMD,2022-04-06,Strong Negative,AMD CEO Lisa Su says chipmaker is 'doubling down on data centers' with $1.9B Pensando deal,-0.2304898149281794,2,-1,-0.0113615227633832,-0.110908169861544
AMD,2022-04-06,Strong Negative,AMD CEO Lisa Su says chipmaker is 'doubling down on data centers' with $1.9B Pensando deal,-0.2304898149281794,2,0,-0.007777520780929602,-0.11868569064247361
AMD,2022-04-06,Strong Negative,AMD CEO Lisa Su says chipmaker is 'doubling down on data centers' with $1.9B Pensando deal,-0.2304898149281794,2,1,-0.0018955484054079,-0.12058123904788151
AMD,2022-04-06,Strong Negative,AMD CEO Lisa Su says chipmaker is 'doubling down on data centers' with $1.9B Pensando deal,-0.2304898149281794,2,2,-0.0122451664592222,-0.1328264055071037
AMD,2022-04-06,Strong Negative,AMD CEO Lisa Su says chipmaker is 'doubling down on data centers' with $1.9B Pensando deal,-0.2304898149281794,2,3,-0.012283364330217601,-0.1451097698373213
AMD,2022-04-06,Strong Negative,AMD CEO Lisa Su says chipmaker is 'doubling down on data centers' with $1.9B Pensando deal,-0.2304898149281794,2,4,-0.0190886215461785,-0.1641983913834998
AMD,2022-04-06,Strong Negative,AMD CEO Lisa Su says chipmaker is 'doubling down on data centers' with $1.9B Pensando deal,-0.2304898149281794,2,5,0.0074330245026931994,-0.15676536688080658
AMD,2022-04-11,Strong Positive,SK hynix Accelerates DRAM Design with Cadence Spectre FX Simulator,1.0,1,-5,0.001039990152500201,0.001039990152500201
AMD,2022-04-11,Strong Positive,SK hynix Accelerates DRAM Design with Cadence Spectre FX Simulator,1.0,1,-4,-0.0113615227633832,-0.010321532610882998
AMD,2022-04-11,Strong Positive,SK hynix Accelerates DRAM Design with Cadence Spectre FX Simulator,1.0,1,-3,-0.007777520780929602,-0.0180990533918126
AMD,2022-04-11,Strong Positive,SK hynix Accelerates DRAM Design with Cadence Spectre FX Simulator,1.0,1,-2,-0.0018955484054079,-0.0199946017972205
AMD,2022-04-11,Strong Positive,SK hynix Accelerates DRAM Design with Cadence Spectre FX Simulator,1.0,1,-1,-0.0122451664592222,-0.0322397682564427
AMD,2022-04-11,Strong Positive,SK hynix Accelerates DRAM Design with Cadence Spectre FX Simulator,1.0,1,0,-0.012283364330217601,-0.044523132586660304
AMD,2022-04-11,Strong Positive,SK hynix Accelerates DRAM Design with Cadence Spectre FX Simulator,1.0,1,1,-0.0190886215461785,-0.0636117541328388
AMD,2022-04-11,Strong Positive,SK hynix Accelerates DRAM Design with Cadence Spectre FX Simulator,1.0,1,2,0.0074330245026931994,-0.0561787296301456
AMD,2022-04-11,Strong Positive,SK hynix Accelerates DRAM Design with Cadence Spectre FX Simulator,1.0,1,3,-0.025015215159885303,-0.0811939447900309
AMD,2022-04-11,Strong Positive,SK hynix Accelerates DRAM Design with Cadence Spectre FX Simulator,1.0,1,4,0.008151043965628001,-0.0730429008244029
AMD,2022-04-11,Strong Positive,SK hynix Accelerates DRAM Design with Cadence Spectre FX Simulator,1.0,1,5,0.0100272745045747,-0.0630156263198282
AMD,2022-04-12,Strong Negative,"The end of one-chip wonders: Why Nvidia, Intel and AMD's valuations have experienced massive upheaval",-0.1582854565916298,3,-5,-0.0113615227633832,-0.0113615227633832
AMD,2022-04-12,Strong Negative,"The end of one-chip wonders: Why Nvidia, Intel and AMD's valuations have experienced massive upheaval",-0.1582854565916298,3,-4,-0.007777520780929602,-0.0191390435443128
AMD,2022-04-12,Strong Negative,"The end of one-chip wonders: Why Nvidia, Intel and AMD's valuations have experienced massive upheaval",-0.1582854565916298,3,-3,-0.0018955484054079,-0.0210345919497207
AMD,2022-04-12,Strong Negative,"The end of one-chip wonders: Why Nvidia, Intel and AMD's valuations have experienced massive upheaval",-0.1582854565916298,3,-2,-0.0122451664592222,-0.0332797584089429
AMD,2022-04-12,Strong Negative,"The end of one-chip wonders: Why Nvidia, Intel and AMD's valuations have experienced massive upheaval",-0.1582854565916298,3,-1,-0.012283364330217601,-0.0455631227391605
AMD,2022-04-12,Strong Negative,"The end of one-chip wonders: Why Nvidia, Intel and AMD's valuations have experienced massive upheaval",-0.1582854565916298,3,0,-0.0190886215461785,-0.064651744285339
AMD,2022-04-12,Strong Negative,"The end of one-chip wonders: Why Nvidia, Intel and AMD's valuations have experienced massive upheaval",-0.1582854565916298,3,1,0.0074330245026931994,-0.0572187197826458
AMD,2022-04-12,Strong Negative,"The end of one-chip wonders: Why Nvidia, Intel and AMD's valuations have experienced massive upheaval",-0.1582854565916298,3,2,-0.025015215159885303,-0.0822339349425311
AMD,2022-04-12,Strong Negative,"The end of one-chip wonders: Why Nvidia, Intel and AMD's valuations have experienced massive upheaval",-0.1582854565916298,3,3,0.008151043965628001,-0.0740828909769031
AMD,2022-04-12,Strong Negative,"The end of one-chip wonders: Why Nvidia, Intel and AMD's valuations have experienced massive upheaval",-0.1582854565916298,3,4,0.0100272745045747,-0.0640556164723284
AMD,2022-04-12,Strong Negative,"The end of one-chip wonders: Why Nvidia, Intel and AMD's valuations have experienced massive upheaval",-0.1582854565916298,3,5,-0.01543723631478,-0.0794928527871084
AMD,2022-04-19,Strong Positive,Synopsys Introduces Industry's Highest Performance Neural Processor IP,0.5110791336561181,2,-5,-0.012283364330217601,-0.012283364330217601
AMD,2022-04-19,Strong Positive,Synopsys Introduces Industry's Highest Performance Neural Processor IP,0.5110791336561181,2,-4,-0.0190886215461785,-0.0313719858763961
AMD,2022-04-19,Strong Positive,Synopsys Introduces Industry's Highest Performance Neural Processor IP,0.5110791336561181,2,-3,0.0074330245026931994,-0.0239389613737029
AMD,2022-04-19,Strong Positive,Synopsys Introduces Industry's Highest Performance Neural Processor IP,0.5110791336561181,2,-2,-0.025015215159885303,-0.0489541765335882
AMD,2022-04-19,Strong Positive,Synopsys Introduces Industry's Highest Performance Neural Processor IP,0.5110791336561181,2,-1,0.008151043965628001,-0.0408031325679602
AMD,2022-04-19,Strong Positive,Synopsys Introduces Industry's Highest Performance Neural Processor IP,0.5110791336561181,2,0,0.0100272745045747,-0.030775858063385498
AMD,2022-04-19,Strong Positive,Synopsys Introduces Industry's Highest Performance Neural Processor IP,0.5110791336561181,2,1,-0.01543723631478,-0.046213094378165495
AMD,2022-04-19,Strong Positive,Synopsys Introduces Industry's Highest Performance Neural Processor IP,0.5110791336561181,2,2,-0.0236609249790233,-0.06987401935718879
AMD,2022-04-19,Strong Positive,Synopsys Introduces Industry's Highest Performance Neural Processor IP,0.5110791336561181,2,3,0.007153969496026702,-0.06272004986116209
AMD,2022-04-19,Strong Positive,Synopsys Introduces Industry's Highest Performance Neural Processor IP,0.5110791336561181,2,4,0.0160855737713273,-0.04663447608983479
AMD,2022-04-19,Strong Positive,Synopsys Introduces Industry's Highest Performance Neural Processor IP,0.5110791336561181,2,5,-0.023232028515955697,-0.06986650460579048
AMD,2022-04-20,Strong Positive,Latest Oracle Exadata servers ascend to the cloud,0.4984897632575626,2,-5,-0.0190886215461785,-0.0190886215461785
AMD,2022-04-20,Strong Positive,Latest Oracle Exadata servers ascend to the cloud,0.4984897632575626,2,-4,0.0074330245026931994,-0.011655597043485299
AMD,2022-04-20,Strong Positive,Latest Oracle Exadata servers ascend to the cloud,0.4984897632575626,2,-3,-0.025015215159885303,-0.0366708122033706
AMD,2022-04-20,Strong Positive,Latest Oracle Exadata servers ascend to the cloud,0.4984897632575626,2,-2,0.008151043965628001,-0.0285197682377426
AMD,2022-04-20,Strong Positive,Latest Oracle Exadata servers ascend to the cloud,0.4984897632575626,2,-1,0.0100272745045747,-0.0184924937331679
AMD,2022-04-20,Strong Positive,Latest Oracle Exadata servers ascend to the cloud,0.4984897632575626,2,0,-0.01543723631478,-0.0339297300479479
AMD,2022-04-20,Strong Positive,Latest Oracle Exadata servers ascend to the cloud,0.4984897632575626,2,1,-0.0236609249790233,-0.0575906550269712
AMD,2022-04-20,Strong Positive,Latest Oracle Exadata servers ascend to the cloud,0.4984897632575626,2,2,0.007153969496026702,-0.0504366855309445
AMD,2022-04-20,Strong Positive,Latest Oracle Exadata servers ascend to the cloud,0.4984897632575626,2,3,0.0160855737713273,-0.0343511117596172
AMD,2022-04-20,Strong Positive,Latest Oracle Exadata servers ascend to the cloud,0.4984897632575626,2,4,-0.023232028515955697,-0.057583140275572896
AMD,2022-04-20,Strong Positive,Latest Oracle Exadata servers ascend to the cloud,0.4984897632575626,2,5,-0.0017374614891245,-0.059320601764697396
AMD,2022-05-06,Strong Negative,Pave the Way for Next Wireless Breakthroughs,-0.4873655761255083,2,-5,-0.0009631109721944045,-0.0009631109721944045
AMD,2022-05-06,Strong Negative,Pave the Way for Next Wireless Breakthroughs,-0.4873655761255083,2,-4,0.033818404770845606,0.0328552937986512
AMD,2022-05-06,Strong Negative,Pave the Way for Next Wireless Breakthroughs,-0.4873655761255083,2,-3,0.0132913542532267,0.0461466480518779
AMD,2022-05-06,Strong Negative,Pave the Way for Next Wireless Breakthroughs,-0.4873655761255083,2,-2,0.0571568733566669,0.1033035214085448
AMD,2022-05-06,Strong Negative,Pave the Way for Next Wireless Breakthroughs,-0.4873655761255083,2,-1,-0.0054597463647632,0.09784377504378161
AMD,2022-05-06,Strong Negative,Pave the Way for Next Wireless Breakthroughs,-0.4873655761255083,2,0,0.027640795072892597,0.12548457011667422
AMD,2022-05-06,Strong Negative,Pave the Way for Next Wireless Breakthroughs,-0.4873655761255083,2,1,-0.055062510950137006,0.07042205916653721
AMD,2022-05-06,Strong Negative,Pave the Way for Next Wireless Breakthroughs,-0.4873655761255083,2,2,0.0152947523946571,0.08571681156119432
AMD,2022-05-06,Strong Negative,Pave the Way for Next Wireless Breakthroughs,-0.4873655761255083,2,3,0.020529362746522097,0.1062461743077164
AMD,2022-05-06,Strong Negative,Pave the Way for Next Wireless Breakthroughs,-0.4873655761255083,2,4,-0.0074172385263548,0.09882893578136161
AMD,2022-05-06,Strong Negative,Pave the Way for Next Wireless Breakthroughs,-0.4873655761255083,2,5,0.0555200767718142,0.1543490125531758
AMD,2022-05-09,Strong Negative,WD Announces WD Black SN850X and P40 Game Drive,-0.617390900893079,3,-5,0.033818404770845606,0.033818404770845606
AMD,2022-05-09,Strong Negative,WD Announces WD Black SN850X and P40 Game Drive,-0.617390900893079,3,-4,0.0132913542532267,0.04710975902407231
AMD,2022-05-09,Strong Negative,WD Announces WD Black SN850X and P40 Game Drive,-0.617390900893079,3,-3,0.0571568733566669,0.10426663238073922
AMD,2022-05-09,Strong Negative,WD Announces WD Black SN850X and P40 Game Drive,-0.617390900893079,3,-2,-0.0054597463647632,0.09880688601597601
AMD,2022-05-09,Strong Negative,WD Announces WD Black SN850X and P40 Game Drive,-0.617390900893079,3,-1,0.027640795072892597,0.1264476810888686
AMD,2022-05-09,Strong Negative,WD Announces WD Black SN850X and P40 Game Drive,-0.617390900893079,3,0,-0.055062510950137006,0.07138517013873161
AMD,2022-05-09,Strong Negative,WD Announces WD Black SN850X and P40 Game Drive,-0.617390900893079,3,1,0.0152947523946571,0.08667992253338871
AMD,2022-05-09,Strong Negative,WD Announces WD Black SN850X and P40 Game Drive,-0.617390900893079,3,2,0.020529362746522097,0.1072092852799108
AMD,2022-05-09,Strong Negative,WD Announces WD Black SN850X and P40 Game Drive,-0.617390900893079,3,3,-0.0074172385263548,0.099792046753556
AMD,2022-05-09,Strong Negative,WD Announces WD Black SN850X and P40 Game Drive,-0.617390900893079,3,4,0.0555200767718142,0.15531212352537022
AMD,2022-05-09,Strong Negative,WD Announces WD Black SN850X and P40 Game Drive,-0.617390900893079,3,5,0.002339964875643601,0.15765208840101383
AMD,2022-05-10,Strong Positive,AMD Announces Three New Radeon RX 6000 Series Graphics Cards and First Games Adding Support for AMD FidelityFX Super Resolution 2.0,0.5772272274437038,4,-5,0.0132913542532267,0.0132913542532267
AMD,2022-05-10,Strong Positive,AMD Announces Three New Radeon RX 6000 Series Graphics Cards and First Games Adding Support for AMD FidelityFX Super Resolution 2.0,0.5772272274437038,4,-4,0.0571568733566669,0.0704482276098936
AMD,2022-05-10,Strong Positive,AMD Announces Three New Radeon RX 6000 Series Graphics Cards and First Games Adding Support for AMD FidelityFX Super Resolution 2.0,0.5772272274437038,4,-3,-0.0054597463647632,0.0649884812451304
AMD,2022-05-10,Strong Positive,AMD Announces Three New Radeon RX 6000 Series Graphics Cards and First Games Adding Support for AMD FidelityFX Super Resolution 2.0,0.5772272274437038,4,-2,0.027640795072892597,0.09262927631802301
AMD,2022-05-10,Strong Positive,AMD Announces Three New Radeon RX 6000 Series Graphics Cards and First Games Adding Support for AMD FidelityFX Super Resolution 2.0,0.5772272274437038,4,-1,-0.055062510950137006,0.037566765367886
AMD,2022-05-10,Strong Positive,AMD Announces Three New Radeon RX 6000 Series Graphics Cards and First Games Adding Support for AMD FidelityFX Super Resolution 2.0,0.5772272274437038,4,0,0.0152947523946571,0.0528615177625431
AMD,2022-05-10,Strong Positive,AMD Announces Three New Radeon RX 6000 Series Graphics Cards and First Games Adding Support for AMD FidelityFX Super Resolution 2.0,0.5772272274437038,4,1,0.020529362746522097,0.0733908805090652
AMD,2022-05-10,Strong Positive,AMD Announces Three New Radeon RX 6000 Series Graphics Cards and First Games Adding Support for AMD FidelityFX Super Resolution 2.0,0.5772272274437038,4,2,-0.0074172385263548,0.0659736419827104
AMD,2022-05-10,Strong Positive,AMD Announces Three New Radeon RX 6000 Series Graphics Cards and First Games Adding Support for AMD FidelityFX Super Resolution 2.0,0.5772272274437038,4,3,0.0555200767718142,0.1214937187545246
AMD,2022-05-10,Strong Positive,AMD Announces Three New Radeon RX 6000 Series Graphics Cards and First Games Adding Support for AMD FidelityFX Super Resolution 2.0,0.5772272274437038,4,4,0.002339964875643601,0.1238336836301682
AMD,2022-05-10,Strong Positive,AMD Announces Three New Radeon RX 6000 Series Graphics Cards and First Games Adding Support for AMD FidelityFX Super Resolution 2.0,0.5772272274437038,4,5,0.0614290296872968,0.185262713317465
AMD,2022-05-23,Strong Positive,"AMD Showcases Industry-Leading Gaming, Commercial, and Mainstream PC Technologies at COMPUTEX 2022",0.3452659549124094,3,-5,0.002339964875643601,0.002339964875643601
AMD,2022-05-23,Strong Positive,"AMD Showcases Industry-Leading Gaming, Commercial, and Mainstream PC Technologies at COMPUTEX 2022",0.3452659549124094,3,-4,0.0614290296872968,0.0637689945629404
AMD,2022-05-23,Strong Positive,"AMD Showcases Industry-Leading Gaming, Commercial, and Mainstream PC Technologies at COMPUTEX 2022",0.3452659549124094,3,-3,-0.011317706254542204,0.052451288308398195
AMD,2022-05-23,Strong Positive,"AMD Showcases Industry-Leading Gaming, Commercial, and Mainstream PC Technologies at COMPUTEX 2022",0.3452659549124094,3,-2,0.009408983384165698,0.06186027169256389
AMD,2022-05-23,Strong Positive,"AMD Showcases Industry-Leading Gaming, Commercial, and Mainstream PC Technologies at COMPUTEX 2022",0.3452659549124094,3,-1,-0.029683971523246498,0.03217630016931739
AMD,2022-05-23,Strong Positive,"AMD Showcases Industry-Leading Gaming, Commercial, and Mainstream PC Technologies at COMPUTEX 2022",0.3452659549124094,3,0,0.00016407088390209962,0.03234037105321949
AMD,2022-05-23,Strong Positive,"AMD Showcases Industry-Leading Gaming, Commercial, and Mainstream PC Technologies at COMPUTEX 2022",0.3452659549124094,3,1,-0.0198653291131996,0.012475041940019891
AMD,2022-05-23,Strong Positive,"AMD Showcases Industry-Leading Gaming, Commercial, and Mainstream PC Technologies at COMPUTEX 2022",0.3452659549124094,3,2,0.0023494455667379,0.014824487506757791
AMD,2022-05-23,Strong Positive,"AMD Showcases Industry-Leading Gaming, Commercial, and Mainstream PC Technologies at COMPUTEX 2022",0.3452659549124094,3,3,0.0381318212791448,0.052956308785902594
AMD,2022-05-23,Strong Positive,"AMD Showcases Industry-Leading Gaming, Commercial, and Mainstream PC Technologies at COMPUTEX 2022",0.3452659549124094,3,4,0.0029048170775487006,0.055861125863451294
AMD,2022-05-23,Strong Positive,"AMD Showcases Industry-Leading Gaming, Commercial, and Mainstream PC Technologies at COMPUTEX 2022",0.3452659549124094,3,5,-0.0012585860085758001,0.054602539854875495
AMD,2022-06-01,Strong Positive,Best semiconductor ETFs in the UK 2023,1.0,1,-5,-0.0198653291131996,-0.0198653291131996
AMD,2022-06-01,Strong Positive,Best semiconductor ETFs in the UK 2023,1.0,1,-4,0.0023494455667379,-0.017515883546461698
AMD,2022-06-01,Strong Positive,Best semiconductor ETFs in the UK 2023,1.0,1,-3,0.0381318212791448,0.020615937732683103
AMD,2022-06-01,Strong Positive,Best semiconductor ETFs in the UK 2023,1.0,1,-2,0.0029048170775487006,0.023520754810231803
AMD,2022-06-01,Strong Positive,Best semiconductor ETFs in the UK 2023,1.0,1,-1,-0.0012585860085758001,0.022262168801656004
AMD,2022-06-01,Strong Positive,Best semiconductor ETFs in the UK 2023,1.0,1,0,0.0011127249924526997,0.023374893794108703
AMD,2022-06-01,Strong Positive,Best semiconductor ETFs in the UK 2023,1.0,1,1,0.0454261054663141,0.0688009992604228
AMD,2022-06-01,Strong Positive,Best semiconductor ETFs in the UK 2023,1.0,1,2,0.0049307828337537,0.0737317820941765
AMD,2022-06-01,Strong Positive,Best semiconductor ETFs in the UK 2023,1.0,1,3,-0.0094456683942661,0.0642861136999104
AMD,2022-06-01,Strong Positive,Best semiconductor ETFs in the UK 2023,1.0,1,4,-0.0121280755403598,0.0521580381595506
AMD,2022-06-01,Strong Positive,Best semiconductor ETFs in the UK 2023,1.0,1,5,-0.0249083116725338,0.0272497264870168
AMD,2022-06-06,Strong Positive,ASML engineer who fled charges of stealing chip tech is living comfortably in China as CEO of XTAL Inc.,0.3482397276801988,3,-5,0.0029048170775487006,0.0029048170775487006
AMD,2022-06-06,Strong Positive,ASML engineer who fled charges of stealing chip tech is living comfortably in China as CEO of XTAL Inc.,0.3482397276801988,3,-4,-0.0012585860085758001,0.0016462310689729005
AMD,2022-06-06,Strong Positive,ASML engineer who fled charges of stealing chip tech is living comfortably in China as CEO of XTAL Inc.,0.3482397276801988,3,-3,0.0011127249924526997,0.0027589560614256
AMD,2022-06-06,Strong Positive,ASML engineer who fled charges of stealing chip tech is living comfortably in China as CEO of XTAL Inc.,0.3482397276801988,3,-2,0.0454261054663141,0.0481850615277397
AMD,2022-06-06,Strong Positive,ASML engineer who fled charges of stealing chip tech is living comfortably in China as CEO of XTAL Inc.,0.3482397276801988,3,-1,0.0049307828337537,0.0531158443614934
AMD,2022-06-06,Strong Positive,ASML engineer who fled charges of stealing chip tech is living comfortably in China as CEO of XTAL Inc.,0.3482397276801988,3,0,-0.0094456683942661,0.043670175967227304
AMD,2022-06-06,Strong Positive,ASML engineer who fled charges of stealing chip tech is living comfortably in China as CEO of XTAL Inc.,0.3482397276801988,3,1,-0.0121280755403598,0.0315421004268675
AMD,2022-06-06,Strong Positive,ASML engineer who fled charges of stealing chip tech is living comfortably in China as CEO of XTAL Inc.,0.3482397276801988,3,2,-0.0249083116725338,0.006633788754333705
AMD,2022-06-06,Strong Positive,ASML engineer who fled charges of stealing chip tech is living comfortably in China as CEO of XTAL Inc.,0.3482397276801988,3,3,-0.0036370582953438,0.0029967304589899046
AMD,2022-06-06,Strong Positive,ASML engineer who fled charges of stealing chip tech is living comfortably in China as CEO of XTAL Inc.,0.3482397276801988,3,4,-0.0050131291057059005,-0.002016398646715996
AMD,2022-06-06,Strong Positive,ASML engineer who fled charges of stealing chip tech is living comfortably in China as CEO of XTAL Inc.,0.3482397276801988,3,5,-0.0360812246474768,-0.0380976232941928
AMD,2022-06-09,Strong Positive,AMD unveils roadmap for next-gen Ryzen chips and Zen 5 architecture,0.5,2,-5,0.0454261054663141,0.0454261054663141
AMD,2022-06-09,Strong Positive,AMD unveils roadmap for next-gen Ryzen chips and Zen 5 architecture,0.5,2,-4,0.0049307828337537,0.0503568883000678
AMD,2022-06-09,Strong Positive,AMD unveils roadmap for next-gen Ryzen chips and Zen 5 architecture,0.5,2,-3,-0.0094456683942661,0.040911219905801696
AMD,2022-06-09,Strong Positive,AMD unveils roadmap for next-gen Ryzen chips and Zen 5 architecture,0.5,2,-2,-0.0121280755403598,0.028783144365441896
AMD,2022-06-09,Strong Positive,AMD unveils roadmap for next-gen Ryzen chips and Zen 5 architecture,0.5,2,-1,-0.0249083116725338,0.003874832692908097
AMD,2022-06-09,Strong Positive,AMD unveils roadmap for next-gen Ryzen chips and Zen 5 architecture,0.5,2,0,-0.0036370582953438,0.00023777439756429708
AMD,2022-06-09,Strong Positive,AMD unveils roadmap for next-gen Ryzen chips and Zen 5 architecture,0.5,2,1,-0.0050131291057059005,-0.004775354708141603
AMD,2022-06-09,Strong Positive,AMD unveils roadmap for next-gen Ryzen chips and Zen 5 architecture,0.5,2,2,-0.0360812246474768,-0.04085657935561841
AMD,2022-06-09,Strong Positive,AMD unveils roadmap for next-gen Ryzen chips and Zen 5 architecture,0.5,2,3,-0.001815343079023,-0.04267192243464141
AMD,2022-06-09,Strong Positive,AMD unveils roadmap for next-gen Ryzen chips and Zen 5 architecture,0.5,2,4,0.001582860110146602,-0.0410890623244948
AMD,2022-06-09,Strong Positive,AMD unveils roadmap for next-gen Ryzen chips and Zen 5 architecture,0.5,2,5,-0.040840605518363396,-0.0819296678428582
AMD,2022-06-13,Strong Negative,"AMD Reveals Roadmap for Zen 4-based laptop CPU, Zen 5, RDNA 3, and RDNA 4",-0.5,2,-5,-0.0094456683942661,-0.0094456683942661
AMD,2022-06-13,Strong Negative,"AMD Reveals Roadmap for Zen 4-based laptop CPU, Zen 5, RDNA 3, and RDNA 4",-0.5,2,-4,-0.0121280755403598,-0.0215737439346259
AMD,2022-06-13,Strong Negative,"AMD Reveals Roadmap for Zen 4-based laptop CPU, Zen 5, RDNA 3, and RDNA 4",-0.5,2,-3,-0.0249083116725338,-0.0464820556071597
AMD,2022-06-13,Strong Negative,"AMD Reveals Roadmap for Zen 4-based laptop CPU, Zen 5, RDNA 3, and RDNA 4",-0.5,2,-2,-0.0036370582953438,-0.050119113902503495
AMD,2022-06-13,Strong Negative,"AMD Reveals Roadmap for Zen 4-based laptop CPU, Zen 5, RDNA 3, and RDNA 4",-0.5,2,-1,-0.0050131291057059005,-0.055132243008209396
AMD,2022-06-13,Strong Negative,"AMD Reveals Roadmap for Zen 4-based laptop CPU, Zen 5, RDNA 3, and RDNA 4",-0.5,2,0,-0.0360812246474768,-0.09121346765568619
AMD,2022-06-13,Strong Negative,"AMD Reveals Roadmap for Zen 4-based laptop CPU, Zen 5, RDNA 3, and RDNA 4",-0.5,2,1,-0.001815343079023,-0.09302881073470919
AMD,2022-06-13,Strong Negative,"AMD Reveals Roadmap for Zen 4-based laptop CPU, Zen 5, RDNA 3, and RDNA 4",-0.5,2,2,0.001582860110146602,-0.09144595062456258
AMD,2022-06-13,Strong Negative,"AMD Reveals Roadmap for Zen 4-based laptop CPU, Zen 5, RDNA 3, and RDNA 4",-0.5,2,3,-0.040840605518363396,-0.13228655614292598
AMD,2022-06-13,Strong Negative,"AMD Reveals Roadmap for Zen 4-based laptop CPU, Zen 5, RDNA 3, and RDNA 4",-0.5,2,4,-0.0180095392269112,-0.15029609536983718
AMD,2022-06-13,Strong Negative,"AMD Reveals Roadmap for Zen 4-based laptop CPU, Zen 5, RDNA 3, and RDNA 4",-0.5,2,5,0.0019859895371427995,-0.14831010583269438
AMD,2022-06-14,Strong Positive,Who's growing faster than Nvidia and AMD? Rising datacenter star Marvell,0.4058962494892468,2,-5,-0.0121280755403598,-0.0121280755403598
AMD,2022-06-14,Strong Positive,Who's growing faster than Nvidia and AMD? Rising datacenter star Marvell,0.4058962494892468,2,-4,-0.0249083116725338,-0.037036387212893596
AMD,2022-06-14,Strong Positive,Who's growing faster than Nvidia and AMD? Rising datacenter star Marvell,0.4058962494892468,2,-3,-0.0036370582953438,-0.0406734455082374
AMD,2022-06-14,Strong Positive,Who's growing faster than Nvidia and AMD? Rising datacenter star Marvell,0.4058962494892468,2,-2,-0.0050131291057059005,-0.0456865746139433
AMD,2022-06-14,Strong Positive,Who's growing faster than Nvidia and AMD? Rising datacenter star Marvell,0.4058962494892468,2,-1,-0.0360812246474768,-0.08176779926142011
AMD,2022-06-14,Strong Positive,Who's growing faster than Nvidia and AMD? Rising datacenter star Marvell,0.4058962494892468,2,0,-0.001815343079023,-0.0835831423404431
AMD,2022-06-14,Strong Positive,Who's growing faster than Nvidia and AMD? Rising datacenter star Marvell,0.4058962494892468,2,1,0.001582860110146602,-0.0820002822302965
AMD,2022-06-14,Strong Positive,Who's growing faster than Nvidia and AMD? Rising datacenter star Marvell,0.4058962494892468,2,2,-0.040840605518363396,-0.1228408877486599
AMD,2022-06-14,Strong Positive,Who's growing faster than Nvidia and AMD? Rising datacenter star Marvell,0.4058962494892468,2,3,-0.0180095392269112,-0.1408504269755711
AMD,2022-06-14,Strong Positive,Who's growing faster than Nvidia and AMD? Rising datacenter star Marvell,0.4058962494892468,2,4,0.0019859895371427995,-0.1388644374384283
AMD,2022-06-14,Strong Positive,Who's growing faster than Nvidia and AMD? Rising datacenter star Marvell,0.4058962494892468,2,5,0.0009813927247048,-0.1378830447137235
AMD,2022-06-17,Strong Negative,"With Funding Stalled, Chip Makers Warn Congress the U.S. Is Lagging",-1.0,1,-5,-0.0050131291057059005,-0.0050131291057059005
AMD,2022-06-17,Strong Negative,"With Funding Stalled, Chip Makers Warn Congress the U.S. Is Lagging",-1.0,1,-4,-0.0360812246474768,-0.041094353753182704
AMD,2022-06-17,Strong Negative,"With Funding Stalled, Chip Makers Warn Congress the U.S. Is Lagging",-1.0,1,-3,-0.001815343079023,-0.042909696832205704
AMD,2022-06-17,Strong Negative,"With Funding Stalled, Chip Makers Warn Congress the U.S. Is Lagging",-1.0,1,-2,0.001582860110146602,-0.0413268367220591
AMD,2022-06-17,Strong Negative,"With Funding Stalled, Chip Makers Warn Congress the U.S. Is Lagging",-1.0,1,-1,-0.040840605518363396,-0.0821674422404225
AMD,2022-06-17,Strong Negative,"With Funding Stalled, Chip Makers Warn Congress the U.S. Is Lagging",-1.0,1,0,-0.0180095392269112,-0.1001769814673337
AMD,2022-06-17,Strong Negative,"With Funding Stalled, Chip Makers Warn Congress the U.S. Is Lagging",-1.0,1,1,0.0019859895371427995,-0.0981909919301909
AMD,2022-06-17,Strong Negative,"With Funding Stalled, Chip Makers Warn Congress the U.S. Is Lagging",-1.0,1,2,0.0009813927247048,-0.09720959920548611
AMD,2022-06-17,Strong Negative,"With Funding Stalled, Chip Makers Warn Congress the U.S. Is Lagging",-1.0,1,3,-0.0306542721245431,-0.12786387133002922
AMD,2022-06-17,Strong Negative,"With Funding Stalled, Chip Makers Warn Congress the U.S. Is Lagging",-1.0,1,4,0.022148107660009804,-0.10571576367001942
AMD,2022-06-17,Strong Negative,"With Funding Stalled, Chip Makers Warn Congress the U.S. Is Lagging",-1.0,1,5,-0.0032335439919893997,-0.10894930766200882
AMD,2022-06-24,Strong Positive,"Chinese DPU chip firm gains funds, unicorn status ...",1.0,1,-5,-0.040840605518363396,-0.040840605518363396
AMD,2022-06-24,Strong Positive,"Chinese DPU chip firm gains funds, unicorn status ...",1.0,1,-4,-0.0180095392269112,-0.0588501447452746
AMD,2022-06-24,Strong Positive,"Chinese DPU chip firm gains funds, unicorn status ...",1.0,1,-3,0.0019859895371427995,-0.0568641552081318
AMD,2022-06-24,Strong Positive,"Chinese DPU chip firm gains funds, unicorn status ...",1.0,1,-2,0.0009813927247048,-0.055882762483427
AMD,2022-06-24,Strong Positive,"Chinese DPU chip firm gains funds, unicorn status ...",1.0,1,-1,-0.0306542721245431,-0.0865370346079701
AMD,2022-06-24,Strong Positive,"Chinese DPU chip firm gains funds, unicorn status ...",1.0,1,0,0.022148107660009804,-0.0643889269479603
AMD,2022-06-24,Strong Positive,"Chinese DPU chip firm gains funds, unicorn status ...",1.0,1,1,-0.0032335439919893997,-0.0676224709399497
AMD,2022-06-24,Strong Positive,"Chinese DPU chip firm gains funds, unicorn status ...",1.0,1,2,-0.0319750774844113,-0.099597548424361
AMD,2022-06-24,Strong Positive,"Chinese DPU chip firm gains funds, unicorn status ...",1.0,1,3,-0.035455110246649005,-0.13505265867101002
AMD,2022-06-24,Strong Positive,"Chinese DPU chip firm gains funds, unicorn status ...",1.0,1,4,-0.007086579126081101,-0.14213923779709112
AMD,2022-06-24,Strong Positive,"Chinese DPU chip firm gains funds, unicorn status ...",1.0,1,5,-0.0432163936492008,-0.1853556314462919
AMD,2022-06-29,Strong Negative,Chip manufacturers press for federal funding as bill flails in Congress,-0.3379389752446747,3,-5,0.0009813927247048,0.0009813927247048
AMD,2022-06-29,Strong Negative,Chip manufacturers press for federal funding as bill flails in Congress,-0.3379389752446747,3,-4,-0.0306542721245431,-0.0296728793998383
AMD,2022-06-29,Strong Negative,Chip manufacturers press for federal funding as bill flails in Congress,-0.3379389752446747,3,-3,0.022148107660009804,-0.007524771739828497
AMD,2022-06-29,Strong Negative,Chip manufacturers press for federal funding as bill flails in Congress,-0.3379389752446747,3,-2,-0.0032335439919893997,-0.010758315731817895
AMD,2022-06-29,Strong Negative,Chip manufacturers press for federal funding as bill flails in Congress,-0.3379389752446747,3,-1,-0.0319750774844113,-0.042733393216229196
AMD,2022-06-29,Strong Negative,Chip manufacturers press for federal funding as bill flails in Congress,-0.3379389752446747,3,0,-0.035455110246649005,-0.0781885034628782
AMD,2022-06-29,Strong Negative,Chip manufacturers press for federal funding as bill flails in Congress,-0.3379389752446747,3,1,-0.007086579126081101,-0.0852750825889593
AMD,2022-06-29,Strong Negative,Chip manufacturers press for federal funding as bill flails in Congress,-0.3379389752446747,3,2,-0.0432163936492008,-0.1284914762381601
AMD,2022-06-29,Strong Negative,Chip manufacturers press for federal funding as bill flails in Congress,-0.3379389752446747,3,3,0.003648749093288599,-0.12484272714487149
AMD,2022-06-29,Strong Negative,Chip manufacturers press for federal funding as bill flails in Congress,-0.3379389752446747,3,4,-0.0044174608744097996,-0.1292601880192813
AMD,2022-06-29,Strong Negative,Chip manufacturers press for federal funding as bill flails in Congress,-0.3379389752446747,3,5,0.0310233108122464,-0.09823687720703489
AMD,2026-08-26,Strong Positive,AMD Accelerates Kodiak AI’s New Autonomous Driving Platform with EPYC Processors,0.2563525442220956,12,-5,-0.0351052140423587,-0.0351052140423587
AMD,2026-08-26,Strong Positive,AMD Accelerates Kodiak AI’s New Autonomous Driving Platform with EPYC Processors,0.2563525442220956,12,-4,0.013709651288304099,-0.021395562754054603
AMD,2026-08-26,Strong Positive,AMD Accelerates Kodiak AI’s New Autonomous Driving Platform with EPYC Processors,0.2563525442220956,12,-3,0.004542523149344599,-0.016853039604710005
AMD,2026-08-26,Strong Positive,AMD Accelerates Kodiak AI’s New Autonomous Driving Platform with EPYC Processors,0.2563525442220956,12,-2,-0.0248854839613468,-0.041738523566056805
AMD,2026-08-26,Strong Positive,AMD Accelerates Kodiak AI’s New Autonomous Driving Platform with EPYC Processors,0.2563525442220956,12,-1,0.042878391854410905,0.0011398682883540998
AMD,2026-08-26,Strong Positive,AMD Accelerates Kodiak AI’s New Autonomous Driving Platform with EPYC Processors,0.2563525442220956,12,0,0.0027374724460831,0.0038773407344372
AMD,2026-08-26,Strong Positive,AMD Accelerates Kodiak AI’s New Autonomous Driving Platform with EPYC Processors,0.2563525442220956,12,1,-0.0225496715865149,-0.0186723308520777
AMD,2026-08-26,Strong Positive,AMD Accelerates Kodiak AI’s New Autonomous Driving Platform with EPYC Processors,0.2563525442220956,12,2,-0.0167756426871505,-0.0354479735392282
AMD,2026-08-26,Strong Positive,AMD Accelerates Kodiak AI’s New Autonomous Driving Platform with EPYC Processors,0.2563525442220956,12,3,0.010579383822064,-0.0248685897171642
AMD,2026-08-26,Strong Positive,AMD Accelerates Kodiak AI’s New Autonomous Driving Platform with EPYC Processors,0.2563525442220956,12,4,-0.010878257711249999,-0.0357468474284142
AMD,2026-08-26,Strong Positive,AMD Accelerates Kodiak AI’s New Autonomous Driving Platform with EPYC Processors,0.2563525442220956,12,5,-0.0078091579095553,-0.043556005337969494
AMZN,2022-01-03,Strong Positive,Smart Water for a Smarter Home: Moen Leads the Way with Industry's First Whole-Home Connected Water Product Suite,1.0,1,-5,-0.0247050777532627,-0.0247050777532627
AMZN,2022-01-03,Strong Positive,Smart Water for a Smarter Home: Moen Leads the Way with Industry's First Whole-Home Connected Water Product Suite,1.0,1,-4,0.010478410703567,-0.0142266670496957
AMZN,2022-01-03,Strong Positive,Smart Water for a Smarter Home: Moen Leads the Way with Industry's First Whole-Home Connected Water Product Suite,1.0,1,-3,-0.0084055710597913,-0.022632238109487002
AMZN,2022-01-03,Strong Positive,Smart Water for a Smarter Home: Moen Leads the Way with Industry's First Whole-Home Connected Water Product Suite,1.0,1,-2,-0.00030061041160830016,-0.0229328485210953
AMZN,2022-01-03,Strong Positive,Smart Water for a Smarter Home: Moen Leads the Way with Industry's First Whole-Home Connected Water Product Suite,1.0,1,-1,-0.0051848083942953,-0.0281176569153906
AMZN,2022-01-03,Strong Positive,Smart Water for a Smarter Home: Moen Leads the Way with Industry's First Whole-Home Connected Water Product Suite,1.0,1,0,0.012491622755105798,-0.015626034160284803
AMZN,2022-01-03,Strong Positive,Smart Water for a Smarter Home: Moen Leads the Way with Industry's First Whole-Home Connected Water Product Suite,1.0,1,1,-0.003944884466414401,-0.019570918626699206
AMZN,2022-01-03,Strong Positive,Smart Water for a Smarter Home: Moen Leads the Way with Industry's First Whole-Home Connected Water Product Suite,1.0,1,2,0.011827728120103,-0.0077431905065962064
AMZN,2022-01-03,Strong Positive,Smart Water for a Smarter Home: Moen Leads the Way with Industry's First Whole-Home Connected Water Product Suite,1.0,1,3,-0.006008286936514899,-0.013751477443111105
AMZN,2022-01-03,Strong Positive,Smart Water for a Smarter Home: Moen Leads the Way with Industry's First Whole-Home Connected Water Product Suite,1.0,1,4,0.0065450760621852,-0.007206401380925905
AMZN,2022-01-03,Strong Positive,Smart Water for a Smarter Home: Moen Leads the Way with Industry's First Whole-Home Connected Water Product Suite,1.0,1,5,-0.0072283771776,-0.014434778558525905
AMZN,2022-01-06,Strong Positive,Marin Software Announces Amazon DSP Integration to Expand Amazon Advertising Solutions,0.507786947114175,4,-5,-0.00030061041160830016,-0.00030061041160830016
AMZN,2022-01-06,Strong Positive,Marin Software Announces Amazon DSP Integration to Expand Amazon Advertising Solutions,0.507786947114175,4,-4,-0.0051848083942953,-0.0054854188059036005
AMZN,2022-01-06,Strong Positive,Marin Software Announces Amazon DSP Integration to Expand Amazon Advertising Solutions,0.507786947114175,4,-3,0.012491622755105798,0.007006203949202198
AMZN,2022-01-06,Strong Positive,Marin Software Announces Amazon DSP Integration to Expand Amazon Advertising Solutions,0.507786947114175,4,-2,-0.003944884466414401,0.0030613194827877966
AMZN,2022-01-06,Strong Positive,Marin Software Announces Amazon DSP Integration to Expand Amazon Advertising Solutions,0.507786947114175,4,-1,0.011827728120103,0.014889047602890795
AMZN,2022-01-06,Strong Positive,Marin Software Announces Amazon DSP Integration to Expand Amazon Advertising Solutions,0.507786947114175,4,0,-0.006008286936514899,0.008880760666375897
AMZN,2022-01-06,Strong Positive,Marin Software Announces Amazon DSP Integration to Expand Amazon Advertising Solutions,0.507786947114175,4,1,0.0065450760621852,0.015425836728561097
AMZN,2022-01-06,Strong Positive,Marin Software Announces Amazon DSP Integration to Expand Amazon Advertising Solutions,0.507786947114175,4,2,-0.0072283771776,0.008197459550961097
AMZN,2022-01-06,Strong Positive,Marin Software Announces Amazon DSP Integration to Expand Amazon Advertising Solutions,0.507786947114175,4,3,0.0089802546494908,0.017177714200451895
AMZN,2022-01-06,Strong Positive,Marin Software Announces Amazon DSP Integration to Expand Amazon Advertising Solutions,0.507786947114175,4,4,-0.0049030179908599,0.012274696209591995
AMZN,2022-01-06,Strong Positive,Marin Software Announces Amazon DSP Integration to Expand Amazon Advertising Solutions,0.507786947114175,4,5,0.0008463765293393009,0.013121072738931296
AMZN,2022-01-07,Strong Negative,Google loses Sonos smart speakers patent fight,-1.0,1,-5,-0.0051848083942953,-0.0051848083942953
AMZN,2022-01-07,Strong Negative,Google loses Sonos smart speakers patent fight,-1.0,1,-4,0.012491622755105798,0.007306814360810498
AMZN,2022-01-07,Strong Negative,Google loses Sonos smart speakers patent fight,-1.0,1,-3,-0.003944884466414401,0.0033619298943960967
AMZN,2022-01-07,Strong Negative,Google loses Sonos smart speakers patent fight,-1.0,1,-2,0.011827728120103,0.015189658014499096
AMZN,2022-01-07,Strong Negative,Google loses Sonos smart speakers patent fight,-1.0,1,-1,-0.006008286936514899,0.009181371077984196
AMZN,2022-01-07,Strong Negative,Google loses Sonos smart speakers patent fight,-1.0,1,0,0.0065450760621852,0.015726447140169394
AMZN,2022-01-07,Strong Negative,Google loses Sonos smart speakers patent fight,-1.0,1,1,-0.0072283771776,0.008498069962569394
AMZN,2022-01-07,Strong Negative,Google loses Sonos smart speakers patent fight,-1.0,1,2,0.0089802546494908,0.017478324612060194
AMZN,2022-01-07,Strong Negative,Google loses Sonos smart speakers patent fight,-1.0,1,3,-0.0049030179908599,0.012575306621200294
AMZN,2022-01-07,Strong Negative,Google loses Sonos smart speakers patent fight,-1.0,1,4,0.0008463765293393009,0.013421683150539595
AMZN,2022-01-07,Strong Negative,Google loses Sonos smart speakers patent fight,-1.0,1,5,-0.0004910617968134001,0.012930621353726194
AMZN,2022-01-10,Strong Negative,Amazon Delivery Drivers Sprint After Rolling Delivery Vans,-0.1828244528816067,5,-5,0.012491622755105798,0.012491622755105798
AMZN,2022-01-10,Strong Negative,Amazon Delivery Drivers Sprint After Rolling Delivery Vans,-0.1828244528816067,5,-4,-0.003944884466414401,0.008546738288691397
AMZN,2022-01-10,Strong Negative,Amazon Delivery Drivers Sprint After Rolling Delivery Vans,-0.1828244528816067,5,-3,0.011827728120103,0.020374466408794395
AMZN,2022-01-10,Strong Negative,Amazon Delivery Drivers Sprint After Rolling Delivery Vans,-0.1828244528816067,5,-2,-0.006008286936514899,0.014366179472279497
AMZN,2022-01-10,Strong Negative,Amazon Delivery Drivers Sprint After Rolling Delivery Vans,-0.1828244528816067,5,-1,0.0065450760621852,0.0209112555344647
AMZN,2022-01-10,Strong Negative,Amazon Delivery Drivers Sprint After Rolling Delivery Vans,-0.1828244528816067,5,0,-0.0072283771776,0.013682878356864698
AMZN,2022-01-10,Strong Negative,Amazon Delivery Drivers Sprint After Rolling Delivery Vans,-0.1828244528816067,5,1,0.0089802546494908,0.022663133006355498
AMZN,2022-01-10,Strong Negative,Amazon Delivery Drivers Sprint After Rolling Delivery Vans,-0.1828244528816067,5,2,-0.0049030179908599,0.017760115015495598
AMZN,2022-01-10,Strong Negative,Amazon Delivery Drivers Sprint After Rolling Delivery Vans,-0.1828244528816067,5,3,0.0008463765293393009,0.0186064915448349
AMZN,2022-01-10,Strong Negative,Amazon Delivery Drivers Sprint After Rolling Delivery Vans,-0.1828244528816067,5,4,-0.0004910617968134001,0.018115429748021498
AMZN,2022-01-10,Strong Negative,Amazon Delivery Drivers Sprint After Rolling Delivery Vans,-0.1828244528816067,5,5,0.005031703714688203,0.0231471334627097
AMZN,2022-01-12,Strong Negative,Tuvalu: Strikes deal with GoDaddy to manage .tv - ABC Pacific,-0.3293557946037598,3,-5,0.011827728120103,0.011827728120103
AMZN,2022-01-12,Strong Negative,Tuvalu: Strikes deal with GoDaddy to manage .tv - ABC Pacific,-0.3293557946037598,3,-4,-0.006008286936514899,0.0058194411835881
AMZN,2022-01-12,Strong Negative,Tuvalu: Strikes deal with GoDaddy to manage .tv - ABC Pacific,-0.3293557946037598,3,-3,0.0065450760621852,0.0123645172457733
AMZN,2022-01-12,Strong Negative,Tuvalu: Strikes deal with GoDaddy to manage .tv - ABC Pacific,-0.3293557946037598,3,-2,-0.0072283771776,0.0051361400681732994
AMZN,2022-01-12,Strong Negative,Tuvalu: Strikes deal with GoDaddy to manage .tv - ABC Pacific,-0.3293557946037598,3,-1,0.0089802546494908,0.0141163947176641
AMZN,2022-01-12,Strong Negative,Tuvalu: Strikes deal with GoDaddy to manage .tv - ABC Pacific,-0.3293557946037598,3,0,-0.0049030179908599,0.009213376726804199
AMZN,2022-01-12,Strong Negative,Tuvalu: Strikes deal with GoDaddy to manage .tv - ABC Pacific,-0.3293557946037598,3,1,0.0008463765293393009,0.0100597532561435
AMZN,2022-01-12,Strong Negative,Tuvalu: Strikes deal with GoDaddy to manage .tv - ABC Pacific,-0.3293557946037598,3,2,-0.0004910617968134001,0.009568691459330099
AMZN,2022-01-12,Strong Negative,Tuvalu: Strikes deal with GoDaddy to manage .tv - ABC Pacific,-0.3293557946037598,3,3,0.005031703714688203,0.014600395174018302
AMZN,2022-01-12,Strong Negative,Tuvalu: Strikes deal with GoDaddy to manage .tv - ABC Pacific,-0.3293557946037598,3,4,-0.005493683012884099,0.009106712161134203
AMZN,2022-01-12,Strong Negative,Tuvalu: Strikes deal with GoDaddy to manage .tv - ABC Pacific,-0.3293557946037598,3,5,-0.0166438881390185,-0.007537175977884298
AMZN,2022-01-13,Strong Positive,What’s Changed: 2021 Gartner Magic Quadrant for Cloud Database Management Systems,0.3332587466953053,6,-5,-0.006008286936514899,-0.006008286936514899
AMZN,2022-01-13,Strong Positive,What’s Changed: 2021 Gartner Magic Quadrant for Cloud Database Management Systems,0.3332587466953053,6,-4,0.0065450760621852,0.0005367891256703007
AMZN,2022-01-13,Strong Positive,What’s Changed: 2021 Gartner Magic Quadrant for Cloud Database Management Systems,0.3332587466953053,6,-3,-0.0072283771776,-0.006691588051929699
AMZN,2022-01-13,Strong Positive,What’s Changed: 2021 Gartner Magic Quadrant for Cloud Database Management Systems,0.3332587466953053,6,-2,0.0089802546494908,0.0022886665975611004
AMZN,2022-01-13,Strong Positive,What’s Changed: 2021 Gartner Magic Quadrant for Cloud Database Management Systems,0.3332587466953053,6,-1,-0.0049030179908599,-0.0026143513932987998
AMZN,2022-01-13,Strong Positive,What’s Changed: 2021 Gartner Magic Quadrant for Cloud Database Management Systems,0.3332587466953053,6,0,0.0008463765293393009,-0.0017679748639594988
AMZN,2022-01-13,Strong Positive,What’s Changed: 2021 Gartner Magic Quadrant for Cloud Database Management Systems,0.3332587466953053,6,1,-0.0004910617968134001,-0.002259036660772899
AMZN,2022-01-13,Strong Positive,What’s Changed: 2021 Gartner Magic Quadrant for Cloud Database Management Systems,0.3332587466953053,6,2,0.005031703714688203,0.002772667053915304
AMZN,2022-01-13,Strong Positive,What’s Changed: 2021 Gartner Magic Quadrant for Cloud Database Management Systems,0.3332587466953053,6,3,-0.005493683012884099,-0.0027210159589687952
AMZN,2022-01-13,Strong Positive,What’s Changed: 2021 Gartner Magic Quadrant for Cloud Database Management Systems,0.3332587466953053,6,4,-0.0166438881390185,-0.019364904097987294
AMZN,2022-01-13,Strong Positive,What’s Changed: 2021 Gartner Magic Quadrant for Cloud Database Management Systems,0.3332587466953053,6,5,-0.0317729569073995,-0.051137861005386795
AMZN,2022-01-14,Strong Negative,"Thieves cover Union Pacific Railroad train tracks in Los Angeles with stolen cargo and packages, interrupting deliveries",-0.3505397928823235,3,-5,0.0065450760621852,0.0065450760621852
AMZN,2022-01-14,Strong Negative,"Thieves cover Union Pacific Railroad train tracks in Los Angeles with stolen cargo and packages, interrupting deliveries",-0.3505397928823235,3,-4,-0.0072283771776,-0.0006833011154148
AMZN,2022-01-14,Strong Negative,"Thieves cover Union Pacific Railroad train tracks in Los Angeles with stolen cargo and packages, interrupting deliveries",-0.3505397928823235,3,-3,0.0089802546494908,0.008296953534076
AMZN,2022-01-14,Strong Negative,"Thieves cover Union Pacific Railroad train tracks in Los Angeles with stolen cargo and packages, interrupting deliveries",-0.3505397928823235,3,-2,-0.0049030179908599,0.0033939355432160995
AMZN,2022-01-14,Strong Negative,"Thieves cover Union Pacific Railroad train tracks in Los Angeles with stolen cargo and packages, interrupting deliveries",-0.3505397928823235,3,-1,0.0008463765293393009,0.0042403120725554005
AMZN,2022-01-14,Strong Negative,"Thieves cover Union Pacific Railroad train tracks in Los Angeles with stolen cargo and packages, interrupting deliveries",-0.3505397928823235,3,0,-0.0004910617968134001,0.0037492502757420004
AMZN,2022-01-14,Strong Negative,"Thieves cover Union Pacific Railroad train tracks in Los Angeles with stolen cargo and packages, interrupting deliveries",-0.3505397928823235,3,1,0.005031703714688203,0.008780953990430204
AMZN,2022-01-14,Strong Negative,"Thieves cover Union Pacific Railroad train tracks in Los Angeles with stolen cargo and packages, interrupting deliveries",-0.3505397928823235,3,2,-0.005493683012884099,0.003287270977546105
AMZN,2022-01-14,Strong Negative,"Thieves cover Union Pacific Railroad train tracks in Los Angeles with stolen cargo and packages, interrupting deliveries",-0.3505397928823235,3,3,-0.0166438881390185,-0.013356617161472396
AMZN,2022-01-14,Strong Negative,"Thieves cover Union Pacific Railroad train tracks in Los Angeles with stolen cargo and packages, interrupting deliveries",-0.3505397928823235,3,4,-0.0317729569073995,-0.0451295740688719
AMZN,2022-01-14,Strong Negative,"Thieves cover Union Pacific Railroad train tracks in Los Angeles with stolen cargo and packages, interrupting deliveries",-0.3505397928823235,3,5,0.008748804373687899,-0.036380769695184
AMZN,2022-01-18,Strong Negative,Amazon reimagines in-store shopping with Amazon Style,-0.0249522723136269,5,-5,-0.0072283771776,-0.0072283771776
AMZN,2022-01-18,Strong Negative,Amazon reimagines in-store shopping with Amazon Style,-0.0249522723136269,5,-4,0.0089802546494908,0.0017518774718907996
AMZN,2022-01-18,Strong Negative,Amazon reimagines in-store shopping with Amazon Style,-0.0249522723136269,5,-3,-0.0049030179908599,-0.0031511405189691005
AMZN,2022-01-18,Strong Negative,Amazon reimagines in-store shopping with Amazon Style,-0.0249522723136269,5,-2,0.0008463765293393009,-0.0023047639896297996
AMZN,2022-01-18,Strong Negative,Amazon reimagines in-store shopping with Amazon Style,-0.0249522723136269,5,-1,-0.0004910617968134001,-0.0027958257864431997
AMZN,2022-01-18,Strong Negative,Amazon reimagines in-store shopping with Amazon Style,-0.0249522723136269,5,0,0.005031703714688203,0.0022358779282450033
AMZN,2022-01-18,Strong Negative,Amazon reimagines in-store shopping with Amazon Style,-0.0249522723136269,5,1,-0.005493683012884099,-0.003257805084639096
AMZN,2022-01-18,Strong Negative,Amazon reimagines in-store shopping with Amazon Style,-0.0249522723136269,5,2,-0.0166438881390185,-0.019901693223657597
AMZN,2022-01-18,Strong Negative,Amazon reimagines in-store shopping with Amazon Style,-0.0249522723136269,5,3,-0.0317729569073995,-0.0516746501310571
AMZN,2022-01-18,Strong Negative,Amazon reimagines in-store shopping with Amazon Style,-0.0249522723136269,5,4,0.008748804373687899,-0.0429258457573692
AMZN,2022-01-18,Strong Negative,Amazon reimagines in-store shopping with Amazon Style,-0.0249522723136269,5,5,-0.008352129729703901,-0.0512779754870731
AMZN,2022-01-20,Strong Positive,Amazon to open its first in-person clothing store. What we know about the new Amazon Style.,0.2389879099739323,4,-5,-0.0049030179908599,-0.0049030179908599
AMZN,2022-01-20,Strong Positive,Amazon to open its first in-person clothing store. What we know about the new Amazon Style.,0.2389879099739323,4,-4,0.0008463765293393009,-0.004056641461520599
AMZN,2022-01-20,Strong Positive,Amazon to open its first in-person clothing store. What we know about the new Amazon Style.,0.2389879099739323,4,-3,-0.0004910617968134001,-0.004547703258333999
AMZN,2022-01-20,Strong Positive,Amazon to open its first in-person clothing store. What we know about the new Amazon Style.,0.2389879099739323,4,-2,0.005031703714688203,0.0004840004563542036
AMZN,2022-01-20,Strong Positive,Amazon to open its first in-person clothing store. What we know about the new Amazon Style.,0.2389879099739323,4,-1,-0.005493683012884099,-0.005009682556529896
AMZN,2022-01-20,Strong Positive,Amazon to open its first in-person clothing store. What we know about the new Amazon Style.,0.2389879099739323,4,0,-0.0166438881390185,-0.021653570695548397
AMZN,2022-01-20,Strong Positive,Amazon to open its first in-person clothing store. What we know about the new Amazon Style.,0.2389879099739323,4,1,-0.0317729569073995,-0.0534265276029479
AMZN,2022-01-20,Strong Positive,Amazon to open its first in-person clothing store. What we know about the new Amazon Style.,0.2389879099739323,4,2,0.008748804373687899,-0.04467772322926
AMZN,2022-01-20,Strong Positive,Amazon to open its first in-person clothing store. What we know about the new Amazon Style.,0.2389879099739323,4,3,-0.008352129729703901,-0.053029852958963904
AMZN,2022-01-20,Strong Positive,Amazon to open its first in-person clothing store. What we know about the new Amazon Style.,0.2389879099739323,4,4,-0.006389751321692,-0.0594196042806559
AMZN,2022-01-20,Strong Positive,Amazon to open its first in-person clothing store. What we know about the new Amazon Style.,0.2389879099739323,4,5,0.0155791785094257,-0.0438404257712302
AMZN,2022-01-24,Strong Positive,"UIP, Churchill Living acquire 300-unit apartment tower across from Amazon HQ2",0.4692188784787817,4,-5,-0.0004910617968134001,-0.0004910617968134001
AMZN,2022-01-24,Strong Positive,"UIP, Churchill Living acquire 300-unit apartment tower across from Amazon HQ2",0.4692188784787817,4,-4,0.005031703714688203,0.004540641917874803
AMZN,2022-01-24,Strong Positive,"UIP, Churchill Living acquire 300-unit apartment tower across from Amazon HQ2",0.4692188784787817,4,-3,-0.005493683012884099,-0.0009530410950092964
AMZN,2022-01-24,Strong Positive,"UIP, Churchill Living acquire 300-unit apartment tower across from Amazon HQ2",0.4692188784787817,4,-2,-0.0166438881390185,-0.017596929234027798
AMZN,2022-01-24,Strong Positive,"UIP, Churchill Living acquire 300-unit apartment tower across from Amazon HQ2",0.4692188784787817,4,-1,-0.0317729569073995,-0.0493698861414273
AMZN,2022-01-24,Strong Positive,"UIP, Churchill Living acquire 300-unit apartment tower across from Amazon HQ2",0.4692188784787817,4,0,0.008748804373687899,-0.0406210817677394
AMZN,2022-01-24,Strong Positive,"UIP, Churchill Living acquire 300-unit apartment tower across from Amazon HQ2",0.4692188784787817,4,1,-0.008352129729703901,-0.048973211497443304
AMZN,2022-01-24,Strong Positive,"UIP, Churchill Living acquire 300-unit apartment tower across from Amazon HQ2",0.4692188784787817,4,2,-0.006389751321692,-0.0553629628191353
AMZN,2022-01-24,Strong Positive,"UIP, Churchill Living acquire 300-unit apartment tower across from Amazon HQ2",0.4692188784787817,4,3,0.0155791785094257,-0.0397837843097096
AMZN,2022-01-24,Strong Positive,"UIP, Churchill Living acquire 300-unit apartment tower across from Amazon HQ2",0.4692188784787817,4,4,-0.00028477023700459667,-0.040068554546714194
AMZN,2022-01-24,Strong Positive,"UIP, Churchill Living acquire 300-unit apartment tower across from Amazon HQ2",0.4692188784787817,4,5,0.006885050793990204,-0.03318350375272399
AMZN,2022-01-25,Strong Negative,Amazon Has Stopped Paying Some Workers to Quit,-1.0,3,-5,0.005031703714688203,0.005031703714688203
AMZN,2022-01-25,Strong Negative,Amazon Has Stopped Paying Some Workers to Quit,-1.0,3,-4,-0.005493683012884099,-0.0004619792981958963
AMZN,2022-01-25,Strong Negative,Amazon Has Stopped Paying Some Workers to Quit,-1.0,3,-3,-0.0166438881390185,-0.017105867437214397
AMZN,2022-01-25,Strong Negative,Amazon Has Stopped Paying Some Workers to Quit,-1.0,3,-2,-0.0317729569073995,-0.048878824344613894
AMZN,2022-01-25,Strong Negative,Amazon Has Stopped Paying Some Workers to Quit,-1.0,3,-1,0.008748804373687899,-0.040130019970925995
AMZN,2022-01-25,Strong Negative,Amazon Has Stopped Paying Some Workers to Quit,-1.0,3,0,-0.008352129729703901,-0.0484821497006299
AMZN,2022-01-25,Strong Negative,Amazon Has Stopped Paying Some Workers to Quit,-1.0,3,1,-0.006389751321692,-0.054871901022321895
AMZN,2022-01-25,Strong Negative,Amazon Has Stopped Paying Some Workers to Quit,-1.0,3,2,0.0155791785094257,-0.03929272251289619
AMZN,2022-01-25,Strong Negative,Amazon Has Stopped Paying Some Workers to Quit,-1.0,3,3,-0.00028477023700459667,-0.039577492749900786
AMZN,2022-01-25,Strong Negative,Amazon Has Stopped Paying Some Workers to Quit,-1.0,3,4,0.006885050793990204,-0.03269244195591058
AMZN,2022-01-25,Strong Negative,Amazon Has Stopped Paying Some Workers to Quit,-1.0,3,5,0.004027202903049001,-0.028665239052861582
AMZN,2022-01-26,Strong Positive,"Warehouse Giant Prologis to Offer More Peripheral Services, CFO Says",0.2866920980841284,4,-5,-0.005493683012884099,-0.005493683012884099
AMZN,2022-01-26,Strong Positive,"Warehouse Giant Prologis to Offer More Peripheral Services, CFO Says",0.2866920980841284,4,-4,-0.0166438881390185,-0.0221375711519026
AMZN,2022-01-26,Strong Positive,"Warehouse Giant Prologis to Offer More Peripheral Services, CFO Says",0.2866920980841284,4,-3,-0.0317729569073995,-0.053910528059302104
AMZN,2022-01-26,Strong Positive,"Warehouse Giant Prologis to Offer More Peripheral Services, CFO Says",0.2866920980841284,4,-2,0.008748804373687899,-0.045161723685614205
AMZN,2022-01-26,Strong Positive,"Warehouse Giant Prologis to Offer More Peripheral Services, CFO Says",0.2866920980841284,4,-1,-0.008352129729703901,-0.053513853415318106
AMZN,2022-01-26,Strong Positive,"Warehouse Giant Prologis to Offer More Peripheral Services, CFO Says",0.2866920980841284,4,0,-0.006389751321692,-0.059903604737010105
AMZN,2022-01-26,Strong Positive,"Warehouse Giant Prologis to Offer More Peripheral Services, CFO Says",0.2866920980841284,4,1,0.0155791785094257,-0.0443244262275844
AMZN,2022-01-26,Strong Positive,"Warehouse Giant Prologis to Offer More Peripheral Services, CFO Says",0.2866920980841284,4,2,-0.00028477023700459667,-0.044609196464588996
AMZN,2022-01-26,Strong Positive,"Warehouse Giant Prologis to Offer More Peripheral Services, CFO Says",0.2866920980841284,4,3,0.006885050793990204,-0.03772414567059879
AMZN,2022-01-26,Strong Positive,"Warehouse Giant Prologis to Offer More Peripheral Services, CFO Says",0.2866920980841284,4,4,0.004027202903049001,-0.033696942767549795
AMZN,2022-01-26,Strong Positive,"Warehouse Giant Prologis to Offer More Peripheral Services, CFO Says",0.2866920980841284,4,5,-0.0119681752140202,-0.04566511798157
AMZN,2022-01-27,Strong Negative,11 Undervalued Mega-Cap Stocks to Consider,-0.1543937020855659,6,-5,-0.0166438881390185,-0.0166438881390185
AMZN,2022-01-27,Strong Negative,11 Undervalued Mega-Cap Stocks to Consider,-0.1543937020855659,6,-4,-0.0317729569073995,-0.048416845046418
AMZN,2022-01-27,Strong Negative,11 Undervalued Mega-Cap Stocks to Consider,-0.1543937020855659,6,-3,0.008748804373687899,-0.0396680406727301
AMZN,2022-01-27,Strong Negative,11 Undervalued Mega-Cap Stocks to Consider,-0.1543937020855659,6,-2,-0.008352129729703901,-0.048020170402434004
AMZN,2022-01-27,Strong Negative,11 Undervalued Mega-Cap Stocks to Consider,-0.1543937020855659,6,-1,-0.006389751321692,-0.054409921724126
AMZN,2022-01-27,Strong Negative,11 Undervalued Mega-Cap Stocks to Consider,-0.1543937020855659,6,0,0.0155791785094257,-0.0388307432147003
AMZN,2022-01-27,Strong Negative,11 Undervalued Mega-Cap Stocks to Consider,-0.1543937020855659,6,1,-0.00028477023700459667,-0.0391155134517049
AMZN,2022-01-27,Strong Negative,11 Undervalued Mega-Cap Stocks to Consider,-0.1543937020855659,6,2,0.006885050793990204,-0.0322304626577147
AMZN,2022-01-27,Strong Negative,11 Undervalued Mega-Cap Stocks to Consider,-0.1543937020855659,6,3,0.004027202903049001,-0.028203259754665696
AMZN,2022-01-27,Strong Negative,11 Undervalued Mega-Cap Stocks to Consider,-0.1543937020855659,6,4,-0.0119681752140202,-0.040171434968685894
AMZN,2022-01-27,Strong Negative,11 Undervalued Mega-Cap Stocks to Consider,-0.1543937020855659,6,5,-0.037583544001268794,-0.07775497896995469
AMZN,2022-01-28,Strong Positive,3 reasons why Amazon should spend billions to buy Kohl's: analyst,0.4005552304705162,2,-5,-0.0317729569073995,-0.0317729569073995
AMZN,2022-01-28,Strong Positive,3 reasons why Amazon should spend billions to buy Kohl's: analyst,0.4005552304705162,2,-4,0.008748804373687899,-0.023024152533711602
AMZN,2022-01-28,Strong Positive,3 reasons why Amazon should spend billions to buy Kohl's: analyst,0.4005552304705162,2,-3,-0.008352129729703901,-0.0313762822634155
AMZN,2022-01-28,Strong Positive,3 reasons why Amazon should spend billions to buy Kohl's: analyst,0.4005552304705162,2,-2,-0.006389751321692,-0.0377660335851075
AMZN,2022-01-28,Strong Positive,3 reasons why Amazon should spend billions to buy Kohl's: analyst,0.4005552304705162,2,-1,0.0155791785094257,-0.0221868550756818
AMZN,2022-01-28,Strong Positive,3 reasons why Amazon should spend billions to buy Kohl's: analyst,0.4005552304705162,2,0,-0.00028477023700459667,-0.022471625312686396
AMZN,2022-01-28,Strong Positive,3 reasons why Amazon should spend billions to buy Kohl's: analyst,0.4005552304705162,2,1,0.006885050793990204,-0.015586574518696193
AMZN,2022-01-28,Strong Positive,3 reasons why Amazon should spend billions to buy Kohl's: analyst,0.4005552304705162,2,2,0.004027202903049001,-0.011559371615647192
AMZN,2022-01-28,Strong Positive,3 reasons why Amazon should spend billions to buy Kohl's: analyst,0.4005552304705162,2,3,-0.0119681752140202,-0.023527546829667394
AMZN,2022-01-28,Strong Positive,3 reasons why Amazon should spend billions to buy Kohl's: analyst,0.4005552304705162,2,4,-0.037583544001268794,-0.06111109083093619
AMZN,2022-01-28,Strong Positive,3 reasons why Amazon should spend billions to buy Kohl's: analyst,0.4005552304705162,2,5,0.12274393387945032,0.06163284304851413
AMZN,2022-01-31,Strong Positive,Univision cerró acuerdo con Televisa para una nueva plataforma de streaming,0.3310966064902475,3,-5,0.008748804373687899,0.008748804373687899
AMZN,2022-01-31,Strong Positive,Univision cerró acuerdo con Televisa para una nueva plataforma de streaming,0.3310966064902475,3,-4,-0.008352129729703901,0.0003966746439839977
AMZN,2022-01-31,Strong Positive,Univision cerró acuerdo con Televisa para una nueva plataforma de streaming,0.3310966064902475,3,-3,-0.006389751321692,-0.0059930766777080025
AMZN,2022-01-31,Strong Positive,Univision cerró acuerdo con Televisa para una nueva plataforma de streaming,0.3310966064902475,3,-2,0.0155791785094257,0.009586101831717698
AMZN,2022-01-31,Strong Positive,Univision cerró acuerdo con Televisa para una nueva plataforma de streaming,0.3310966064902475,3,-1,-0.00028477023700459667,0.009301331594713101
AMZN,2022-01-31,Strong Positive,Univision cerró acuerdo con Televisa para una nueva plataforma de streaming,0.3310966064902475,3,0,0.006885050793990204,0.016186382388703305
AMZN,2022-01-31,Strong Positive,Univision cerró acuerdo con Televisa para una nueva plataforma de streaming,0.3310966064902475,3,1,0.004027202903049001,0.020213585291752306
AMZN,2022-01-31,Strong Positive,Univision cerró acuerdo con Televisa para una nueva plataforma de streaming,0.3310966064902475,3,2,-0.0119681752140202,0.008245410077732105
AMZN,2022-01-31,Strong Positive,Univision cerró acuerdo con Televisa para una nueva plataforma de streaming,0.3310966064902475,3,3,-0.037583544001268794,-0.029338133923536687
AMZN,2022-01-31,Strong Positive,Univision cerró acuerdo con Televisa para una nueva plataforma de streaming,0.3310966064902475,3,4,0.12274393387945032,0.09340579995591364
AMZN,2022-01-31,Strong Positive,Univision cerró acuerdo con Televisa para una nueva plataforma de streaming,0.3310966064902475,3,5,0.0099220715249886,0.10332787148090224
AMZN,2022-02-03,Strong Positive,Amazon to Raise Price of Prime Membership,0.4562977479345249,10,-5,0.0155791785094257,0.0155791785094257
AMZN,2022-02-03,Strong Positive,Amazon to Raise Price of Prime Membership,0.4562977479345249,10,-4,-0.00028477023700459667,0.015294408272421104
AMZN,2022-02-03,Strong Positive,Amazon to Raise Price of Prime Membership,0.4562977479345249,10,-3,0.006885050793990204,0.022179459066411306
AMZN,2022-02-03,Strong Positive,Amazon to Raise Price of Prime Membership,0.4562977479345249,10,-2,0.004027202903049001,0.026206661969460306
AMZN,2022-02-03,Strong Positive,Amazon to Raise Price of Prime Membership,0.4562977479345249,10,-1,-0.0119681752140202,0.014238486755440106
AMZN,2022-02-03,Strong Positive,Amazon to Raise Price of Prime Membership,0.4562977479345249,10,0,-0.037583544001268794,-0.023345057245828686
AMZN,2022-02-03,Strong Positive,Amazon to Raise Price of Prime Membership,0.4562977479345249,10,1,0.12274393387945032,0.09939887663362162
AMZN,2022-02-03,Strong Positive,Amazon to Raise Price of Prime Membership,0.4562977479345249,10,2,0.0099220715249886,0.10932094815861022
AMZN,2022-02-03,Strong Positive,Amazon to Raise Price of Prime Membership,0.4562977479345249,10,3,0.010786207749758098,0.12010715590836832
AMZN,2022-02-03,Strong Positive,Amazon to Raise Price of Prime Membership,0.4562977479345249,10,4,-0.0225781298295656,0.09752902607880272
AMZN,2022-02-03,Strong Positive,Amazon to Raise Price of Prime Membership,0.4562977479345249,10,5,0.0090708038604483,0.10659982993925102
AMZN,2022-02-04,Strong Positive,"Amazon notches up sunny sales, despite client shift to 'multicloud',",0.4355255923257398,7,-5,-0.00028477023700459667,-0.00028477023700459667
AMZN,2022-02-04,Strong Positive,"Amazon notches up sunny sales, despite client shift to 'multicloud',",0.4355255923257398,7,-4,0.006885050793990204,0.006600280556985607
AMZN,2022-02-04,Strong Positive,"Amazon notches up sunny sales, despite client shift to 'multicloud',",0.4355255923257398,7,-3,0.004027202903049001,0.010627483460034608
AMZN,2022-02-04,Strong Positive,"Amazon notches up sunny sales, despite client shift to 'multicloud',",0.4355255923257398,7,-2,-0.0119681752140202,-0.0013406917539855925
AMZN,2022-02-04,Strong Positive,"Amazon notches up sunny sales, despite client shift to 'multicloud',",0.4355255923257398,7,-1,-0.037583544001268794,-0.03892423575525439
AMZN,2022-02-04,Strong Positive,"Amazon notches up sunny sales, despite client shift to 'multicloud',",0.4355255923257398,7,0,0.12274393387945032,0.08381969812419593
AMZN,2022-02-04,Strong Positive,"Amazon notches up sunny sales, despite client shift to 'multicloud',",0.4355255923257398,7,1,0.0099220715249886,0.09374176964918453
AMZN,2022-02-04,Strong Positive,"Amazon notches up sunny sales, despite client shift to 'multicloud',",0.4355255923257398,7,2,0.010786207749758098,0.10452797739894262
AMZN,2022-02-04,Strong Positive,"Amazon notches up sunny sales, despite client shift to 'multicloud',",0.4355255923257398,7,3,-0.0225781298295656,0.08194984756937702
AMZN,2022-02-04,Strong Positive,"Amazon notches up sunny sales, despite client shift to 'multicloud',",0.4355255923257398,7,4,0.0090708038604483,0.09102065142982532
AMZN,2022-02-04,Strong Positive,"Amazon notches up sunny sales, despite client shift to 'multicloud',",0.4355255923257398,7,5,-0.004189470143844097,0.08683118128598122
AMZN,2022-02-07,Strong Positive,"Amazon hiking base salary cap to $350,000 for corporate, tech workers",0.2628597732378395,6,-5,0.006885050793990204,0.006885050793990204
AMZN,2022-02-07,Strong Positive,"Amazon hiking base salary cap to $350,000 for corporate, tech workers",0.2628597732378395,6,-4,0.004027202903049001,0.010912253697039204
AMZN,2022-02-07,Strong Positive,"Amazon hiking base salary cap to $350,000 for corporate, tech workers",0.2628597732378395,6,-3,-0.0119681752140202,-0.0010559215169809958
AMZN,2022-02-07,Strong Positive,"Amazon hiking base salary cap to $350,000 for corporate, tech workers",0.2628597732378395,6,-2,-0.037583544001268794,-0.03863946551824979
AMZN,2022-02-07,Strong Positive,"Amazon hiking base salary cap to $350,000 for corporate, tech workers",0.2628597732378395,6,-1,0.12274393387945032,0.08410446836120053
AMZN,2022-02-07,Strong Positive,"Amazon hiking base salary cap to $350,000 for corporate, tech workers",0.2628597732378395,6,0,0.0099220715249886,0.09402653988618913
AMZN,2022-02-07,Strong Positive,"Amazon hiking base salary cap to $350,000 for corporate, tech workers",0.2628597732378395,6,1,0.010786207749758098,0.10481274763594722
AMZN,2022-02-07,Strong Positive,"Amazon hiking base salary cap to $350,000 for corporate, tech workers",0.2628597732378395,6,2,-0.0225781298295656,0.08223461780638162
AMZN,2022-02-07,Strong Positive,"Amazon hiking base salary cap to $350,000 for corporate, tech workers",0.2628597732378395,6,3,0.0090708038604483,0.09130542166682992
AMZN,2022-02-07,Strong Positive,"Amazon hiking base salary cap to $350,000 for corporate, tech workers",0.2628597732378395,6,4,-0.004189470143844097,0.08711595152298582
AMZN,2022-02-07,Strong Positive,"Amazon hiking base salary cap to $350,000 for corporate, tech workers",0.2628597732378395,6,5,0.0109825300413322,0.09809848156431802
AMZN,2022-02-08,Strong Positive,"Amazon expanding healthcare service to 20 more cities, lands Silicon Labs, Whole Foods Market as customers",0.2354932457106177,7,-5,0.004027202903049001,0.004027202903049001
AMZN,2022-02-08,Strong Positive,"Amazon expanding healthcare service to 20 more cities, lands Silicon Labs, Whole Foods Market as customers",0.2354932457106177,7,-4,-0.0119681752140202,-0.0079409723109712
AMZN,2022-02-08,Strong Positive,"Amazon expanding healthcare service to 20 more cities, lands Silicon Labs, Whole Foods Market as customers",0.2354932457106177,7,-3,-0.037583544001268794,-0.04552451631223999
AMZN,2022-02-08,Strong Positive,"Amazon expanding healthcare service to 20 more cities, lands Silicon Labs, Whole Foods Market as customers",0.2354932457106177,7,-2,0.12274393387945032,0.07721941756721032
AMZN,2022-02-08,Strong Positive,"Amazon expanding healthcare service to 20 more cities, lands Silicon Labs, Whole Foods Market as customers",0.2354932457106177,7,-1,0.0099220715249886,0.08714148909219892
AMZN,2022-02-08,Strong Positive,"Amazon expanding healthcare service to 20 more cities, lands Silicon Labs, Whole Foods Market as customers",0.2354932457106177,7,0,0.010786207749758098,0.09792769684195701
AMZN,2022-02-08,Strong Positive,"Amazon expanding healthcare service to 20 more cities, lands Silicon Labs, Whole Foods Market as customers",0.2354932457106177,7,1,-0.0225781298295656,0.07534956701239141
AMZN,2022-02-08,Strong Positive,"Amazon expanding healthcare service to 20 more cities, lands Silicon Labs, Whole Foods Market as customers",0.2354932457106177,7,2,0.0090708038604483,0.08442037087283971
AMZN,2022-02-08,Strong Positive,"Amazon expanding healthcare service to 20 more cities, lands Silicon Labs, Whole Foods Market as customers",0.2354932457106177,7,3,-0.004189470143844097,0.08023090072899561
AMZN,2022-02-08,Strong Positive,"Amazon expanding healthcare service to 20 more cities, lands Silicon Labs, Whole Foods Market as customers",0.2354932457106177,7,4,0.0109825300413322,0.09121343077032781
AMZN,2022-02-08,Strong Positive,"Amazon expanding healthcare service to 20 more cities, lands Silicon Labs, Whole Foods Market as customers",0.2354932457106177,7,5,-0.0162055335626143,0.07500789720771352
AMZN,2022-02-11,Strong Negative,"Soros Cut Stake in Big Tech Stocks Before Selloff, Added Peloton",-0.0324694184285818,7,-5,0.12274393387945032,0.12274393387945032
AMZN,2022-02-11,Strong Negative,"Soros Cut Stake in Big Tech Stocks Before Selloff, Added Peloton",-0.0324694184285818,7,-4,0.0099220715249886,0.13266600540443893
AMZN,2022-02-11,Strong Negative,"Soros Cut Stake in Big Tech Stocks Before Selloff, Added Peloton",-0.0324694184285818,7,-3,0.010786207749758098,0.14345221315419704
AMZN,2022-02-11,Strong Negative,"Soros Cut Stake in Big Tech Stocks Before Selloff, Added Peloton",-0.0324694184285818,7,-2,-0.0225781298295656,0.12087408332463144
AMZN,2022-02-11,Strong Negative,"Soros Cut Stake in Big Tech Stocks Before Selloff, Added Peloton",-0.0324694184285818,7,-1,0.0090708038604483,0.12994488718507974
AMZN,2022-02-11,Strong Negative,"Soros Cut Stake in Big Tech Stocks Before Selloff, Added Peloton",-0.0324694184285818,7,0,-0.004189470143844097,0.12575541704123563
AMZN,2022-02-11,Strong Negative,"Soros Cut Stake in Big Tech Stocks Before Selloff, Added Peloton",-0.0324694184285818,7,1,0.0109825300413322,0.13673794708256784
AMZN,2022-02-11,Strong Negative,"Soros Cut Stake in Big Tech Stocks Before Selloff, Added Peloton",-0.0324694184285818,7,2,-0.0162055335626143,0.12053241351995354
AMZN,2022-02-11,Strong Negative,"Soros Cut Stake in Big Tech Stocks Before Selloff, Added Peloton",-0.0324694184285818,7,3,0.010411675034373099,0.13094408855432665
AMZN,2022-02-11,Strong Negative,"Soros Cut Stake in Big Tech Stocks Before Selloff, Added Peloton",-0.0324694184285818,7,4,0.007934991464533199,0.13887908001885985
AMZN,2022-02-11,Strong Negative,"Soros Cut Stake in Big Tech Stocks Before Selloff, Added Peloton",-0.0324694184285818,7,5,-0.0018567289101754005,0.13702235110868444
AMZN,2022-02-14,Strong Negative,Stanley Druckenmiller Buys Chevron as Family Offices Reveal Stock Picks,-0.0330420343991405,8,-5,0.0099220715249886,0.0099220715249886
AMZN,2022-02-14,Strong Negative,Stanley Druckenmiller Buys Chevron as Family Offices Reveal Stock Picks,-0.0330420343991405,8,-4,0.010786207749758098,0.0207082792747467
AMZN,2022-02-14,Strong Negative,Stanley Druckenmiller Buys Chevron as Family Offices Reveal Stock Picks,-0.0330420343991405,8,-3,-0.0225781298295656,-0.0018698505548188984
AMZN,2022-02-14,Strong Negative,Stanley Druckenmiller Buys Chevron as Family Offices Reveal Stock Picks,-0.0330420343991405,8,-2,0.0090708038604483,0.0072009533056294015
AMZN,2022-02-14,Strong Negative,Stanley Druckenmiller Buys Chevron as Family Offices Reveal Stock Picks,-0.0330420343991405,8,-1,-0.004189470143844097,0.0030114831617853045
AMZN,2022-02-14,Strong Negative,Stanley Druckenmiller Buys Chevron as Family Offices Reveal Stock Picks,-0.0330420343991405,8,0,0.0109825300413322,0.013994013203117505
AMZN,2022-02-14,Strong Negative,Stanley Druckenmiller Buys Chevron as Family Offices Reveal Stock Picks,-0.0330420343991405,8,1,-0.0162055335626143,-0.002211520359496795
AMZN,2022-02-14,Strong Negative,Stanley Druckenmiller Buys Chevron as Family Offices Reveal Stock Picks,-0.0330420343991405,8,2,0.010411675034373099,0.008200154674876304
AMZN,2022-02-14,Strong Negative,Stanley Druckenmiller Buys Chevron as Family Offices Reveal Stock Picks,-0.0330420343991405,8,3,0.007934991464533199,0.0161351461394095
AMZN,2022-02-14,Strong Negative,Stanley Druckenmiller Buys Chevron as Family Offices Reveal Stock Picks,-0.0330420343991405,8,4,-0.0018567289101754005,0.0142784172292341
AMZN,2022-02-14,Strong Negative,Stanley Druckenmiller Buys Chevron as Family Offices Reveal Stock Picks,-0.0330420343991405,8,5,-0.005709665331644201,0.0085687518975899
AMZN,2022-02-15,Strong Negative,"Amazon, Walmart and JPMorgan Chase among companies relaxing employee mask mandates",-0.1224491642866128,11,-5,0.010786207749758098,0.010786207749758098
AMZN,2022-02-15,Strong Negative,"Amazon, Walmart and JPMorgan Chase among companies relaxing employee mask mandates",-0.1224491642866128,11,-4,-0.0225781298295656,-0.0117919220798075
AMZN,2022-02-15,Strong Negative,"Amazon, Walmart and JPMorgan Chase among companies relaxing employee mask mandates",-0.1224491642866128,11,-3,0.0090708038604483,-0.0027211182193592007
AMZN,2022-02-15,Strong Negative,"Amazon, Walmart and JPMorgan Chase among companies relaxing employee mask mandates",-0.1224491642866128,11,-2,-0.004189470143844097,-0.006910588363203298
AMZN,2022-02-15,Strong Negative,"Amazon, Walmart and JPMorgan Chase among companies relaxing employee mask mandates",-0.1224491642866128,11,-1,0.0109825300413322,0.004071941678128903
AMZN,2022-02-15,Strong Negative,"Amazon, Walmart and JPMorgan Chase among companies relaxing employee mask mandates",-0.1224491642866128,11,0,-0.0162055335626143,-0.012133591884485397
AMZN,2022-02-15,Strong Negative,"Amazon, Walmart and JPMorgan Chase among companies relaxing employee mask mandates",-0.1224491642866128,11,1,0.010411675034373099,-0.0017219168501122987
AMZN,2022-02-15,Strong Negative,"Amazon, Walmart and JPMorgan Chase among companies relaxing employee mask mandates",-0.1224491642866128,11,2,0.007934991464533199,0.0062130746144209
AMZN,2022-02-15,Strong Negative,"Amazon, Walmart and JPMorgan Chase among companies relaxing employee mask mandates",-0.1224491642866128,11,3,-0.0018567289101754005,0.0043563457042455
AMZN,2022-02-15,Strong Negative,"Amazon, Walmart and JPMorgan Chase among companies relaxing employee mask mandates",-0.1224491642866128,11,4,-0.005709665331644201,-0.001353319627398701
AMZN,2022-02-15,Strong Negative,"Amazon, Walmart and JPMorgan Chase among companies relaxing employee mask mandates",-0.1224491642866128,11,5,-0.010141104829252498,-0.011494424456651199
AMZN,2022-02-16,Strong Negative,"Mindy Kaling, Amazon Publishing, and Amazon Studios Announce Mindy’s Book Studio and First-Look Deal, a New Home for Dynamic Storytelling",-0.3576522488924114,3,-5,-0.0225781298295656,-0.0225781298295656
AMZN,2022-02-16,Strong Negative,"Mindy Kaling, Amazon Publishing, and Amazon Studios Announce Mindy’s Book Studio and First-Look Deal, a New Home for Dynamic Storytelling",-0.3576522488924114,3,-4,0.0090708038604483,-0.0135073259691173
AMZN,2022-02-16,Strong Negative,"Mindy Kaling, Amazon Publishing, and Amazon Studios Announce Mindy’s Book Studio and First-Look Deal, a New Home for Dynamic Storytelling",-0.3576522488924114,3,-3,-0.004189470143844097,-0.017696796112961398
AMZN,2022-02-16,Strong Negative,"Mindy Kaling, Amazon Publishing, and Amazon Studios Announce Mindy’s Book Studio and First-Look Deal, a New Home for Dynamic Storytelling",-0.3576522488924114,3,-2,0.0109825300413322,-0.006714266071629197
AMZN,2022-02-16,Strong Negative,"Mindy Kaling, Amazon Publishing, and Amazon Studios Announce Mindy’s Book Studio and First-Look Deal, a New Home for Dynamic Storytelling",-0.3576522488924114,3,-1,-0.0162055335626143,-0.022919799634243496
AMZN,2022-02-16,Strong Negative,"Mindy Kaling, Amazon Publishing, and Amazon Studios Announce Mindy’s Book Studio and First-Look Deal, a New Home for Dynamic Storytelling",-0.3576522488924114,3,0,0.010411675034373099,-0.012508124599870397
AMZN,2022-02-16,Strong Negative,"Mindy Kaling, Amazon Publishing, and Amazon Studios Announce Mindy’s Book Studio and First-Look Deal, a New Home for Dynamic Storytelling",-0.3576522488924114,3,1,0.007934991464533199,-0.004573133135337198
AMZN,2022-02-16,Strong Negative,"Mindy Kaling, Amazon Publishing, and Amazon Studios Announce Mindy’s Book Studio and First-Look Deal, a New Home for Dynamic Storytelling",-0.3576522488924114,3,2,-0.0018567289101754005,-0.006429862045512599
AMZN,2022-02-16,Strong Negative,"Mindy Kaling, Amazon Publishing, and Amazon Studios Announce Mindy’s Book Studio and First-Look Deal, a New Home for Dynamic Storytelling",-0.3576522488924114,3,3,-0.005709665331644201,-0.0121395273771568
AMZN,2022-02-16,Strong Negative,"Mindy Kaling, Amazon Publishing, and Amazon Studios Announce Mindy’s Book Studio and First-Look Deal, a New Home for Dynamic Storytelling",-0.3576522488924114,3,4,-0.010141104829252498,-0.022280632206409298
AMZN,2022-02-16,Strong Negative,"Mindy Kaling, Amazon Publishing, and Amazon Studios Announce Mindy’s Book Studio and First-Look Deal, a New Home for Dynamic Storytelling",-0.3576522488924114,3,5,0.011490558465484899,-0.010790073740924399
AMZN,2022-02-17,Strong Positive,Radware Acquiring SecurityDAM for $30 Million to Accelerate Cloud Security Services,1.0,3,-5,0.0090708038604483,0.0090708038604483
AMZN,2022-02-17,Strong Positive,Radware Acquiring SecurityDAM for $30 Million to Accelerate Cloud Security Services,1.0,3,-4,-0.004189470143844097,0.004881333716604203
AMZN,2022-02-17,Strong Positive,Radware Acquiring SecurityDAM for $30 Million to Accelerate Cloud Security Services,1.0,3,-3,0.0109825300413322,0.015863863757936403
AMZN,2022-02-17,Strong Positive,Radware Acquiring SecurityDAM for $30 Million to Accelerate Cloud Security Services,1.0,3,-2,-0.0162055335626143,-0.00034166980467789654
AMZN,2022-02-17,Strong Positive,Radware Acquiring SecurityDAM for $30 Million to Accelerate Cloud Security Services,1.0,3,-1,0.010411675034373099,0.010070005229695202
AMZN,2022-02-17,Strong Positive,Radware Acquiring SecurityDAM for $30 Million to Accelerate Cloud Security Services,1.0,3,0,0.007934991464533199,0.0180049966942284
AMZN,2022-02-17,Strong Positive,Radware Acquiring SecurityDAM for $30 Million to Accelerate Cloud Security Services,1.0,3,1,-0.0018567289101754005,0.016148267784052997
AMZN,2022-02-17,Strong Positive,Radware Acquiring SecurityDAM for $30 Million to Accelerate Cloud Security Services,1.0,3,2,-0.005709665331644201,0.010438602452408796
AMZN,2022-02-17,Strong Positive,Radware Acquiring SecurityDAM for $30 Million to Accelerate Cloud Security Services,1.0,3,3,-0.010141104829252498,0.00029749762315629813
AMZN,2022-02-17,Strong Positive,Radware Acquiring SecurityDAM for $30 Million to Accelerate Cloud Security Services,1.0,3,4,0.011490558465484899,0.011788056088641197
AMZN,2022-02-17,Strong Positive,Radware Acquiring SecurityDAM for $30 Million to Accelerate Cloud Security Services,1.0,3,5,0.0005509708888129013,0.012339026977454098
AMZN,2022-02-18,Strong Positive,Samsung SDS joins hands with Amazon for global cloud business,0.348514652777027,4,-5,-0.004189470143844097,-0.004189470143844097
AMZN,2022-02-18,Strong Positive,Samsung SDS joins hands with Amazon for global cloud business,0.348514652777027,4,-4,0.0109825300413322,0.0067930598974881035
AMZN,2022-02-18,Strong Positive,Samsung SDS joins hands with Amazon for global cloud business,0.348514652777027,4,-3,-0.0162055335626143,-0.009412473665126197
AMZN,2022-02-18,Strong Positive,Samsung SDS joins hands with Amazon for global cloud business,0.348514652777027,4,-2,0.010411675034373099,0.000999201369246902
AMZN,2022-02-18,Strong Positive,Samsung SDS joins hands with Amazon for global cloud business,0.348514652777027,4,-1,0.007934991464533199,0.008934192833780101
AMZN,2022-02-18,Strong Positive,Samsung SDS joins hands with Amazon for global cloud business,0.348514652777027,4,0,-0.0018567289101754005,0.0070774639236047005
AMZN,2022-02-18,Strong Positive,Samsung SDS joins hands with Amazon for global cloud business,0.348514652777027,4,1,-0.005709665331644201,0.0013677985919604996
AMZN,2022-02-18,Strong Positive,Samsung SDS joins hands with Amazon for global cloud business,0.348514652777027,4,2,-0.010141104829252498,-0.008773306237291998
AMZN,2022-02-18,Strong Positive,Samsung SDS joins hands with Amazon for global cloud business,0.348514652777027,4,3,0.011490558465484899,0.0027172522281929
AMZN,2022-02-18,Strong Positive,Samsung SDS joins hands with Amazon for global cloud business,0.348514652777027,4,4,0.0005509708888129013,0.0032682231170058015
AMZN,2022-02-18,Strong Positive,Samsung SDS joins hands with Amazon for global cloud business,0.348514652777027,4,5,-0.004444920118471999,-0.0011766970014661978
AMZN,2022-02-22,Strong Negative,Tractor Supply Co. stock underperforms Tuesday when compared to competitors,-0.5085546605836416,4,-5,0.0109825300413322,0.0109825300413322
AMZN,2022-02-22,Strong Negative,Tractor Supply Co. stock underperforms Tuesday when compared to competitors,-0.5085546605836416,4,-4,-0.0162055335626143,-0.0052230035212820995
AMZN,2022-02-22,Strong Negative,Tractor Supply Co. stock underperforms Tuesday when compared to competitors,-0.5085546605836416,4,-3,0.010411675034373099,0.005188671513090999
AMZN,2022-02-22,Strong Negative,Tractor Supply Co. stock underperforms Tuesday when compared to competitors,-0.5085546605836416,4,-2,0.007934991464533199,0.013123662977624198
AMZN,2022-02-22,Strong Negative,Tractor Supply Co. stock underperforms Tuesday when compared to competitors,-0.5085546605836416,4,-1,-0.0018567289101754005,0.011266934067448798
AMZN,2022-02-22,Strong Negative,Tractor Supply Co. stock underperforms Tuesday when compared to competitors,-0.5085546605836416,4,0,-0.005709665331644201,0.005557268735804597
AMZN,2022-02-22,Strong Negative,Tractor Supply Co. stock underperforms Tuesday when compared to competitors,-0.5085546605836416,4,1,-0.010141104829252498,-0.004583836093447901
AMZN,2022-02-22,Strong Negative,Tractor Supply Co. stock underperforms Tuesday when compared to competitors,-0.5085546605836416,4,2,0.011490558465484899,0.006906722372036997
AMZN,2022-02-22,Strong Negative,Tractor Supply Co. stock underperforms Tuesday when compared to competitors,-0.5085546605836416,4,3,0.0005509708888129013,0.007457693260849899
AMZN,2022-02-22,Strong Negative,Tractor Supply Co. stock underperforms Tuesday when compared to competitors,-0.5085546605836416,4,4,-0.004444920118471999,0.0030127731423778992
AMZN,2022-02-22,Strong Negative,Tractor Supply Co. stock underperforms Tuesday when compared to competitors,-0.5085546605836416,4,5,-0.0004542569545296013,0.002558516187848298
AMZN,2022-02-25,Strong Positive,Amazon’s India Partner Samara Capital Plans $500 Million Fund,0.4236000589580771,2,-5,0.007934991464533199,0.007934991464533199
AMZN,2022-02-25,Strong Positive,Amazon’s India Partner Samara Capital Plans $500 Million Fund,0.4236000589580771,2,-4,-0.0018567289101754005,0.0060782625543577985
AMZN,2022-02-25,Strong Positive,Amazon’s India Partner Samara Capital Plans $500 Million Fund,0.4236000589580771,2,-3,-0.005709665331644201,0.0003685972227135976
AMZN,2022-02-25,Strong Positive,Amazon’s India Partner Samara Capital Plans $500 Million Fund,0.4236000589580771,2,-2,-0.010141104829252498,-0.0097725076065389
AMZN,2022-02-25,Strong Positive,Amazon’s India Partner Samara Capital Plans $500 Million Fund,0.4236000589580771,2,-1,0.011490558465484899,0.0017180508589459981
AMZN,2022-02-25,Strong Positive,Amazon’s India Partner Samara Capital Plans $500 Million Fund,0.4236000589580771,2,0,0.0005509708888129013,0.0022690217477588995
AMZN,2022-02-25,Strong Positive,Amazon’s India Partner Samara Capital Plans $500 Million Fund,0.4236000589580771,2,1,-0.004444920118471999,-0.0021758983707131
AMZN,2022-02-25,Strong Positive,Amazon’s India Partner Samara Capital Plans $500 Million Fund,0.4236000589580771,2,2,-0.0004542569545296013,-0.002630155325242701
AMZN,2022-02-25,Strong Positive,Amazon’s India Partner Samara Capital Plans $500 Million Fund,0.4236000589580771,2,3,-0.010755342325757101,-0.013385497650999802
AMZN,2022-02-25,Strong Positive,Amazon’s India Partner Samara Capital Plans $500 Million Fund,0.4236000589580771,2,4,-0.013034529777013599,-0.0264200274280134
AMZN,2022-02-25,Strong Positive,Amazon’s India Partner Samara Capital Plans $500 Million Fund,0.4236000589580771,2,5,-0.0007719307037063004,-0.0271919581317197
AMZN,2022-03-01,Strong Positive,File your taxes on time with H&R Block Deluxe and State for $33,0.3205655676538791,3,-5,-0.005709665331644201,-0.005709665331644201
AMZN,2022-03-01,Strong Positive,File your taxes on time with H&R Block Deluxe and State for $33,0.3205655676538791,3,-4,-0.010141104829252498,-0.0158507701608967
AMZN,2022-03-01,Strong Positive,File your taxes on time with H&R Block Deluxe and State for $33,0.3205655676538791,3,-3,0.011490558465484899,-0.0043602116954118
AMZN,2022-03-01,Strong Positive,File your taxes on time with H&R Block Deluxe and State for $33,0.3205655676538791,3,-2,0.0005509708888129013,-0.003809240806598899
AMZN,2022-03-01,Strong Positive,File your taxes on time with H&R Block Deluxe and State for $33,0.3205655676538791,3,-1,-0.004444920118471999,-0.008254160925070898
AMZN,2022-03-01,Strong Positive,File your taxes on time with H&R Block Deluxe and State for $33,0.3205655676538791,3,0,-0.0004542569545296013,-0.0087084178796005
AMZN,2022-03-01,Strong Positive,File your taxes on time with H&R Block Deluxe and State for $33,0.3205655676538791,3,1,-0.010755342325757101,-0.019463760205357603
AMZN,2022-03-01,Strong Positive,File your taxes on time with H&R Block Deluxe and State for $33,0.3205655676538791,3,2,-0.013034529777013599,-0.0324982899823712
AMZN,2022-03-01,Strong Positive,File your taxes on time with H&R Block Deluxe and State for $33,0.3205655676538791,3,3,-0.0007719307037063004,-0.0332702206860775
AMZN,2022-03-01,Strong Positive,File your taxes on time with H&R Block Deluxe and State for $33,0.3205655676538791,3,4,-0.019339228530072,-0.0526094492161495
AMZN,2022-03-01,Strong Positive,File your taxes on time with H&R Block Deluxe and State for $33,0.3205655676538791,3,5,-0.005817303558898501,-0.058426752775047996
AMZN,2022-03-02,Strong Negative,"Amazon Closing All Bookstores, Shops to Focus on Grocery Sector",-0.1025617759502273,6,-5,-0.010141104829252498,-0.010141104829252498
AMZN,2022-03-02,Strong Negative,"Amazon Closing All Bookstores, Shops to Focus on Grocery Sector",-0.1025617759502273,6,-4,0.011490558465484899,0.0013494536362324006
AMZN,2022-03-02,Strong Negative,"Amazon Closing All Bookstores, Shops to Focus on Grocery Sector",-0.1025617759502273,6,-3,0.0005509708888129013,0.0019004245250453019
AMZN,2022-03-02,Strong Negative,"Amazon Closing All Bookstores, Shops to Focus on Grocery Sector",-0.1025617759502273,6,-2,-0.004444920118471999,-0.0025444955934266975
AMZN,2022-03-02,Strong Negative,"Amazon Closing All Bookstores, Shops to Focus on Grocery Sector",-0.1025617759502273,6,-1,-0.0004542569545296013,-0.0029987525479562988
AMZN,2022-03-02,Strong Negative,"Amazon Closing All Bookstores, Shops to Focus on Grocery Sector",-0.1025617759502273,6,0,-0.010755342325757101,-0.0137540948737134
AMZN,2022-03-02,Strong Negative,"Amazon Closing All Bookstores, Shops to Focus on Grocery Sector",-0.1025617759502273,6,1,-0.013034529777013599,-0.026788624650726997
AMZN,2022-03-02,Strong Negative,"Amazon Closing All Bookstores, Shops to Focus on Grocery Sector",-0.1025617759502273,6,2,-0.0007719307037063004,-0.027560555354433296
AMZN,2022-03-02,Strong Negative,"Amazon Closing All Bookstores, Shops to Focus on Grocery Sector",-0.1025617759502273,6,3,-0.019339228530072,-0.046899783884505296
AMZN,2022-03-02,Strong Negative,"Amazon Closing All Bookstores, Shops to Focus on Grocery Sector",-0.1025617759502273,6,4,-0.005817303558898501,-0.052717087443403796
AMZN,2022-03-02,Strong Negative,"Amazon Closing All Bookstores, Shops to Focus on Grocery Sector",-0.1025617759502273,6,5,-0.011997115453915998,-0.0647142028973198
AMZN,2022-03-03,Strong Negative,Amazon to close Green Hills store amid nationwide move,-0.3488780604891758,4,-5,0.011490558465484899,0.011490558465484899
AMZN,2022-03-03,Strong Negative,Amazon to close Green Hills store amid nationwide move,-0.3488780604891758,4,-4,0.0005509708888129013,0.0120415293542978
AMZN,2022-03-03,Strong Negative,Amazon to close Green Hills store amid nationwide move,-0.3488780604891758,4,-3,-0.004444920118471999,0.0075966092358258006
AMZN,2022-03-03,Strong Negative,Amazon to close Green Hills store amid nationwide move,-0.3488780604891758,4,-2,-0.0004542569545296013,0.007142352281296199
AMZN,2022-03-03,Strong Negative,Amazon to close Green Hills store amid nationwide move,-0.3488780604891758,4,-1,-0.010755342325757101,-0.003612990044460902
AMZN,2022-03-03,Strong Negative,Amazon to close Green Hills store amid nationwide move,-0.3488780604891758,4,0,-0.013034529777013599,-0.0166475198214745
AMZN,2022-03-03,Strong Negative,Amazon to close Green Hills store amid nationwide move,-0.3488780604891758,4,1,-0.0007719307037063004,-0.017419450525180798
AMZN,2022-03-03,Strong Negative,Amazon to close Green Hills store amid nationwide move,-0.3488780604891758,4,2,-0.019339228530072,-0.0367586790552528
AMZN,2022-03-03,Strong Negative,Amazon to close Green Hills store amid nationwide move,-0.3488780604891758,4,3,-0.005817303558898501,-0.0425759826141513
AMZN,2022-03-03,Strong Negative,Amazon to close Green Hills store amid nationwide move,-0.3488780604891758,4,4,-0.011997115453915998,-0.054573098068067295
AMZN,2022-03-03,Strong Negative,Amazon to close Green Hills store amid nationwide move,-0.3488780604891758,4,5,0.0652299528614088,0.010656854793341504
AMZN,2022-03-08,Strong Negative,"Starbucks, Coca-Cola, PepsiCo suspend operations in Russia; Amazon suspends web services sign-ups",-0.6210217387745506,5,-5,-0.0004542569545296013,-0.0004542569545296013
AMZN,2022-03-08,Strong Negative,"Starbucks, Coca-Cola, PepsiCo suspend operations in Russia; Amazon suspends web services sign-ups",-0.6210217387745506,5,-4,-0.010755342325757101,-0.011209599280286702
AMZN,2022-03-08,Strong Negative,"Starbucks, Coca-Cola, PepsiCo suspend operations in Russia; Amazon suspends web services sign-ups",-0.6210217387745506,5,-3,-0.013034529777013599,-0.0242441290573003
AMZN,2022-03-08,Strong Negative,"Starbucks, Coca-Cola, PepsiCo suspend operations in Russia; Amazon suspends web services sign-ups",-0.6210217387745506,5,-2,-0.0007719307037063004,-0.025016059761006598
AMZN,2022-03-08,Strong Negative,"Starbucks, Coca-Cola, PepsiCo suspend operations in Russia; Amazon suspends web services sign-ups",-0.6210217387745506,5,-1,-0.019339228530072,-0.0443552882910786
AMZN,2022-03-08,Strong Negative,"Starbucks, Coca-Cola, PepsiCo suspend operations in Russia; Amazon suspends web services sign-ups",-0.6210217387745506,5,0,-0.005817303558898501,-0.0501725918499771
AMZN,2022-03-08,Strong Negative,"Starbucks, Coca-Cola, PepsiCo suspend operations in Russia; Amazon suspends web services sign-ups",-0.6210217387745506,5,1,-0.011997115453915998,-0.062169707303893096
AMZN,2022-03-08,Strong Negative,"Starbucks, Coca-Cola, PepsiCo suspend operations in Russia; Amazon suspends web services sign-ups",-0.6210217387745506,5,2,0.0652299528614088,0.0030602455575157034
AMZN,2022-03-08,Strong Negative,"Starbucks, Coca-Cola, PepsiCo suspend operations in Russia; Amazon suspends web services sign-ups",-0.6210217387745506,5,3,0.011931484576020298,0.014991730133536002
AMZN,2022-03-08,Strong Negative,"Starbucks, Coca-Cola, PepsiCo suspend operations in Russia; Amazon suspends web services sign-ups",-0.6210217387745506,5,4,-0.0060247247544797,0.008967005379056302
AMZN,2022-03-08,Strong Negative,"Starbucks, Coca-Cola, PepsiCo suspend operations in Russia; Amazon suspends web services sign-ups",-0.6210217387745506,5,5,0.007500812570917496,0.016467817949973797
AMZN,2022-03-17,Strong Negative,Amazon closes $8.5bn deal to buy MGM movie studio,-0.1053355175137612,8,-5,0.0652299528614088,0.0652299528614088
AMZN,2022-03-17,Strong Negative,Amazon closes $8.5bn deal to buy MGM movie studio,-0.1053355175137612,8,-4,0.011931484576020298,0.07716143743742909
AMZN,2022-03-17,Strong Negative,Amazon closes $8.5bn deal to buy MGM movie studio,-0.1053355175137612,8,-3,-0.0060247247544797,0.0711367126829494
AMZN,2022-03-17,Strong Negative,Amazon closes $8.5bn deal to buy MGM movie studio,-0.1053355175137612,8,-2,0.007500812570917496,0.07863752525386689
AMZN,2022-03-17,Strong Negative,Amazon closes $8.5bn deal to buy MGM movie studio,-0.1053355175137612,8,-1,0.0018468720930710988,0.08048439734693799
AMZN,2022-03-17,Strong Negative,Amazon closes $8.5bn deal to buy MGM movie studio,-0.1053355175137612,8,0,0.0149014862136827,0.0953858835606207
AMZN,2022-03-17,Strong Negative,Amazon closes $8.5bn deal to buy MGM movie studio,-0.1053355175137612,8,1,0.0050441688980352,0.1004300524586559
AMZN,2022-03-17,Strong Negative,Amazon closes $8.5bn deal to buy MGM movie studio,-0.1053355175137612,8,2,0.0042747058987078,0.1047047583573637
AMZN,2022-03-17,Strong Negative,Amazon closes $8.5bn deal to buy MGM movie studio,-0.1053355175137612,8,3,0.0013858568016764002,0.1060906151590401
AMZN,2022-03-17,Strong Negative,Amazon closes $8.5bn deal to buy MGM movie studio,-0.1053355175137612,8,4,0.005389566819915301,0.1114801819789554
AMZN,2022-03-17,Strong Negative,Amazon closes $8.5bn deal to buy MGM movie studio,-0.1053355175137612,8,5,-0.0207488669386491,0.09073131504030629
AMZN,2022-03-21,Strong Positive,Amazon to open new Prince George’s delivery station — built for it from the ground up,0.5094128024097263,5,-5,-0.0060247247544797,-0.0060247247544797
AMZN,2022-03-21,Strong Positive,Amazon to open new Prince George’s delivery station — built for it from the ground up,0.5094128024097263,5,-4,0.007500812570917496,0.0014760878164377968
AMZN,2022-03-21,Strong Positive,Amazon to open new Prince George’s delivery station — built for it from the ground up,0.5094128024097263,5,-3,0.0018468720930710988,0.0033229599095088956
AMZN,2022-03-21,Strong Positive,Amazon to open new Prince George’s delivery station — built for it from the ground up,0.5094128024097263,5,-2,0.0149014862136827,0.018224446123191594
AMZN,2022-03-21,Strong Positive,Amazon to open new Prince George’s delivery station — built for it from the ground up,0.5094128024097263,5,-1,0.0050441688980352,0.023268615021226794
AMZN,2022-03-21,Strong Positive,Amazon to open new Prince George’s delivery station — built for it from the ground up,0.5094128024097263,5,0,0.0042747058987078,0.027543320919934593
AMZN,2022-03-21,Strong Positive,Amazon to open new Prince George’s delivery station — built for it from the ground up,0.5094128024097263,5,1,0.0013858568016764002,0.028929177721610994
AMZN,2022-03-21,Strong Positive,Amazon to open new Prince George’s delivery station — built for it from the ground up,0.5094128024097263,5,2,0.005389566819915301,0.034318744541526294
AMZN,2022-03-21,Strong Positive,Amazon to open new Prince George’s delivery station — built for it from the ground up,0.5094128024097263,5,3,-0.0207488669386491,0.013569877602877194
AMZN,2022-03-21,Strong Positive,Amazon to open new Prince George’s delivery station — built for it from the ground up,0.5094128024097263,5,4,0.0077023602268492,0.021272237829726395
AMZN,2022-03-21,Strong Positive,Amazon to open new Prince George’s delivery station — built for it from the ground up,0.5094128024097263,5,5,0.0101202773729139,0.031392515202640296
AMZN,2022-03-22,Strong Positive,Sources: Amazon snaps up more industrial space in Gaston County,0.6089652847560675,7,-5,0.007500812570917496,0.007500812570917496
AMZN,2022-03-22,Strong Positive,Sources: Amazon snaps up more industrial space in Gaston County,0.6089652847560675,7,-4,0.0018468720930710988,0.009347684663988595
AMZN,2022-03-22,Strong Positive,Sources: Amazon snaps up more industrial space in Gaston County,0.6089652847560675,7,-3,0.0149014862136827,0.024249170877671297
AMZN,2022-03-22,Strong Positive,Sources: Amazon snaps up more industrial space in Gaston County,0.6089652847560675,7,-2,0.0050441688980352,0.029293339775706497
AMZN,2022-03-22,Strong Positive,Sources: Amazon snaps up more industrial space in Gaston County,0.6089652847560675,7,-1,0.0042747058987078,0.0335680456744143
AMZN,2022-03-22,Strong Positive,Sources: Amazon snaps up more industrial space in Gaston County,0.6089652847560675,7,0,0.0013858568016764002,0.034953902476090704
AMZN,2022-03-22,Strong Positive,Sources: Amazon snaps up more industrial space in Gaston County,0.6089652847560675,7,1,0.005389566819915301,0.040343469296006004
AMZN,2022-03-22,Strong Positive,Sources: Amazon snaps up more industrial space in Gaston County,0.6089652847560675,7,2,-0.0207488669386491,0.019594602357356904
AMZN,2022-03-22,Strong Positive,Sources: Amazon snaps up more industrial space in Gaston County,0.6089652847560675,7,3,0.0077023602268492,0.027296962584206105
AMZN,2022-03-22,Strong Positive,Sources: Amazon snaps up more industrial space in Gaston County,0.6089652847560675,7,4,0.0101202773729139,0.037417239957120006
AMZN,2022-03-22,Strong Positive,Sources: Amazon snaps up more industrial space in Gaston County,0.6089652847560675,7,5,-0.0152894866609492,0.022127753296170807
AMZN,2022-03-28,Strong Negative,Amazon Stock Rally Erases Losses for the Year,-0.7800396311711408,4,-5,0.0042747058987078,0.0042747058987078
AMZN,2022-03-28,Strong Negative,Amazon Stock Rally Erases Losses for the Year,-0.7800396311711408,4,-4,0.0013858568016764002,0.0056605627003842
AMZN,2022-03-28,Strong Negative,Amazon Stock Rally Erases Losses for the Year,-0.7800396311711408,4,-3,0.005389566819915301,0.0110501295202995
AMZN,2022-03-28,Strong Negative,Amazon Stock Rally Erases Losses for the Year,-0.7800396311711408,4,-2,-0.0207488669386491,-0.0096987374183496
AMZN,2022-03-28,Strong Negative,Amazon Stock Rally Erases Losses for the Year,-0.7800396311711408,4,-1,0.0077023602268492,-0.0019963771915004003
AMZN,2022-03-28,Strong Negative,Amazon Stock Rally Erases Losses for the Year,-0.7800396311711408,4,0,0.0101202773729139,0.008123900181413499
AMZN,2022-03-28,Strong Negative,Amazon Stock Rally Erases Losses for the Year,-0.7800396311711408,4,1,-0.0152894866609492,-0.007165586479535701
AMZN,2022-03-28,Strong Negative,Amazon Stock Rally Erases Losses for the Year,-0.7800396311711408,4,2,-0.006755369521752699,-0.0139209560012884
AMZN,2022-03-28,Strong Negative,Amazon Stock Rally Erases Losses for the Year,-0.7800396311711408,4,3,-0.007470149084531199,-0.0213911050858196
AMZN,2022-03-28,Strong Negative,Amazon Stock Rally Erases Losses for the Year,-0.7800396311711408,4,4,0.005354534093144301,-0.016036570992675296
AMZN,2022-03-28,Strong Negative,Amazon Stock Rally Erases Losses for the Year,-0.7800396311711408,4,5,0.008675892727835602,-0.007360678264839694
AMZN,2022-03-29,Strong Positive,AWS for Games,0.412800741909081,2,-5,0.0013858568016764002,0.0013858568016764002
AMZN,2022-03-29,Strong Positive,AWS for Games,0.412800741909081,2,-4,0.005389566819915301,0.006775423621591701
AMZN,2022-03-29,Strong Positive,AWS for Games,0.412800741909081,2,-3,-0.0207488669386491,-0.0139734433170574
AMZN,2022-03-29,Strong Positive,AWS for Games,0.412800741909081,2,-2,0.0077023602268492,-0.0062710830902082
AMZN,2022-03-29,Strong Positive,AWS for Games,0.412800741909081,2,-1,0.0101202773729139,0.0038491942827057002
AMZN,2022-03-29,Strong Positive,AWS for Games,0.412800741909081,2,0,-0.0152894866609492,-0.0114402923782435
AMZN,2022-03-29,Strong Positive,AWS for Games,0.412800741909081,2,1,-0.006755369521752699,-0.018195661899996197
AMZN,2022-03-29,Strong Positive,AWS for Games,0.412800741909081,2,2,-0.007470149084531199,-0.025665810984527394
AMZN,2022-03-29,Strong Positive,AWS for Games,0.412800741909081,2,3,0.005354534093144301,-0.020311276891383095
AMZN,2022-03-29,Strong Positive,AWS for Games,0.412800741909081,2,4,0.008675892727835602,-0.011635384163547494
AMZN,2022-03-29,Strong Positive,AWS for Games,0.412800741909081,2,5,-0.0032880720539837024,-0.014923456217531196
AMZN,2022-03-30,Strong Positive,Palo Alto Networks teams with Amazon to bring next-gen firewall service to AWS,0.291031336860883,8,-5,0.005389566819915301,0.005389566819915301
AMZN,2022-03-30,Strong Positive,Palo Alto Networks teams with Amazon to bring next-gen firewall service to AWS,0.291031336860883,8,-4,-0.0207488669386491,-0.0153593001187338
AMZN,2022-03-30,Strong Positive,Palo Alto Networks teams with Amazon to bring next-gen firewall service to AWS,0.291031336860883,8,-3,0.0077023602268492,-0.0076569398918846
AMZN,2022-03-30,Strong Positive,Palo Alto Networks teams with Amazon to bring next-gen firewall service to AWS,0.291031336860883,8,-2,0.0101202773729139,0.0024633374810293
AMZN,2022-03-30,Strong Positive,Palo Alto Networks teams with Amazon to bring next-gen firewall service to AWS,0.291031336860883,8,-1,-0.0152894866609492,-0.0128261491799199
AMZN,2022-03-30,Strong Positive,Palo Alto Networks teams with Amazon to bring next-gen firewall service to AWS,0.291031336860883,8,0,-0.006755369521752699,-0.0195815187016726
AMZN,2022-03-30,Strong Positive,Palo Alto Networks teams with Amazon to bring next-gen firewall service to AWS,0.291031336860883,8,1,-0.007470149084531199,-0.027051667786203798
AMZN,2022-03-30,Strong Positive,Palo Alto Networks teams with Amazon to bring next-gen firewall service to AWS,0.291031336860883,8,2,0.005354534093144301,-0.0216971336930595
AMZN,2022-03-30,Strong Positive,Palo Alto Networks teams with Amazon to bring next-gen firewall service to AWS,0.291031336860883,8,3,0.008675892727835602,-0.013021240965223897
AMZN,2022-03-30,Strong Positive,Palo Alto Networks teams with Amazon to bring next-gen firewall service to AWS,0.291031336860883,8,4,-0.0032880720539837024,-0.0163093130192076
AMZN,2022-03-30,Strong Positive,Palo Alto Networks teams with Amazon to bring next-gen firewall service to AWS,0.291031336860883,8,5,-0.010588766779998003,-0.026898079799205603
AMZN,2022-03-31,Strong Negative,Amazon renews Prime credit card tie-up with JPMorgan Chase after flirting with American Express,-0.1561184597642839,4,-5,-0.0207488669386491,-0.0207488669386491
AMZN,2022-03-31,Strong Negative,Amazon renews Prime credit card tie-up with JPMorgan Chase after flirting with American Express,-0.1561184597642839,4,-4,0.0077023602268492,-0.0130465067117999
AMZN,2022-03-31,Strong Negative,Amazon renews Prime credit card tie-up with JPMorgan Chase after flirting with American Express,-0.1561184597642839,4,-3,0.0101202773729139,-0.002926229338886
AMZN,2022-03-31,Strong Negative,Amazon renews Prime credit card tie-up with JPMorgan Chase after flirting with American Express,-0.1561184597642839,4,-2,-0.0152894866609492,-0.0182157159998352
AMZN,2022-03-31,Strong Negative,Amazon renews Prime credit card tie-up with JPMorgan Chase after flirting with American Express,-0.1561184597642839,4,-1,-0.006755369521752699,-0.024971085521587902
AMZN,2022-03-31,Strong Negative,Amazon renews Prime credit card tie-up with JPMorgan Chase after flirting with American Express,-0.1561184597642839,4,0,-0.007470149084531199,-0.0324412346061191
AMZN,2022-03-31,Strong Negative,Amazon renews Prime credit card tie-up with JPMorgan Chase after flirting with American Express,-0.1561184597642839,4,1,0.005354534093144301,-0.0270867005129748
AMZN,2022-03-31,Strong Negative,Amazon renews Prime credit card tie-up with JPMorgan Chase after flirting with American Express,-0.1561184597642839,4,2,0.008675892727835602,-0.018410807785139198
AMZN,2022-03-31,Strong Negative,Amazon renews Prime credit card tie-up with JPMorgan Chase after flirting with American Express,-0.1561184597642839,4,3,-0.0032880720539837024,-0.0216988798391229
AMZN,2022-03-31,Strong Negative,Amazon renews Prime credit card tie-up with JPMorgan Chase after flirting with American Express,-0.1561184597642839,4,4,-0.010588766779998003,-0.032287646619120904
AMZN,2022-03-31,Strong Negative,Amazon renews Prime credit card tie-up with JPMorgan Chase after flirting with American Express,-0.1561184597642839,4,5,-0.0084973098059479,-0.040784956425068804
AMZN,2022-04-01,Strong Negative,"Amazon workers in New York City vote to unionize, a first for the company",-0.193205167465409,6,-5,0.0077023602268492,0.0077023602268492
AMZN,2022-04-01,Strong Negative,"Amazon workers in New York City vote to unionize, a first for the company",-0.193205167465409,6,-4,0.0101202773729139,0.0178226375997631
AMZN,2022-04-01,Strong Negative,"Amazon workers in New York City vote to unionize, a first for the company",-0.193205167465409,6,-3,-0.0152894866609492,0.0025331509388138995
AMZN,2022-04-01,Strong Negative,"Amazon workers in New York City vote to unionize, a first for the company",-0.193205167465409,6,-2,-0.006755369521752699,-0.0042222185829387995
AMZN,2022-04-01,Strong Negative,"Amazon workers in New York City vote to unionize, a first for the company",-0.193205167465409,6,-1,-0.007470149084531199,-0.011692367667469998
AMZN,2022-04-01,Strong Negative,"Amazon workers in New York City vote to unionize, a first for the company",-0.193205167465409,6,0,0.005354534093144301,-0.006337833574325697
AMZN,2022-04-01,Strong Negative,"Amazon workers in New York City vote to unionize, a first for the company",-0.193205167465409,6,1,0.008675892727835602,0.0023380591535099044
AMZN,2022-04-01,Strong Negative,"Amazon workers in New York City vote to unionize, a first for the company",-0.193205167465409,6,2,-0.0032880720539837024,-0.000950012900473798
AMZN,2022-04-01,Strong Negative,"Amazon workers in New York City vote to unionize, a first for the company",-0.193205167465409,6,3,-0.010588766779998003,-0.011538779680471801
AMZN,2022-04-01,Strong Negative,"Amazon workers in New York City vote to unionize, a first for the company",-0.193205167465409,6,4,-0.0084973098059479,-0.020036089486419703
AMZN,2022-04-01,Strong Negative,"Amazon workers in New York City vote to unionize, a first for the company",-0.193205167465409,6,5,-0.007087445105589202,-0.027123534592008905
AMZN,2022-04-05,Strong Negative,Oculus VisionTech Launches in AWS Marketplace,-0.223887355141821,4,-5,-0.0152894866609492,-0.0152894866609492
AMZN,2022-04-05,Strong Negative,Oculus VisionTech Launches in AWS Marketplace,-0.223887355141821,4,-4,-0.006755369521752699,-0.022044856182701897
AMZN,2022-04-05,Strong Negative,Oculus VisionTech Launches in AWS Marketplace,-0.223887355141821,4,-3,-0.007470149084531199,-0.029515005267233094
AMZN,2022-04-05,Strong Negative,Oculus VisionTech Launches in AWS Marketplace,-0.223887355141821,4,-2,0.005354534093144301,-0.024160471174088795
AMZN,2022-04-05,Strong Negative,Oculus VisionTech Launches in AWS Marketplace,-0.223887355141821,4,-1,0.008675892727835602,-0.015484578446253193
AMZN,2022-04-05,Strong Negative,Oculus VisionTech Launches in AWS Marketplace,-0.223887355141821,4,0,-0.0032880720539837024,-0.018772650500236895
AMZN,2022-04-05,Strong Negative,Oculus VisionTech Launches in AWS Marketplace,-0.223887355141821,4,1,-0.010588766779998003,-0.0293614172802349
AMZN,2022-04-05,Strong Negative,Oculus VisionTech Launches in AWS Marketplace,-0.223887355141821,4,2,-0.0084973098059479,-0.0378587270861828
AMZN,2022-04-05,Strong Negative,Oculus VisionTech Launches in AWS Marketplace,-0.223887355141821,4,3,-0.007087445105589202,-0.044946172191772
AMZN,2022-04-05,Strong Negative,Oculus VisionTech Launches in AWS Marketplace,-0.223887355141821,4,4,0.0020432553789931016,-0.0429029168127789
AMZN,2022-04-05,Strong Negative,Oculus VisionTech Launches in AWS Marketplace,-0.223887355141821,4,5,0.0020111935750884,-0.0408917232376905
AMZN,2022-04-06,Strong Positive,Global Video Streaming Market to Boost in Coming Years –,0.3935290412684503,3,-5,-0.006755369521752699,-0.006755369521752699
AMZN,2022-04-06,Strong Positive,Global Video Streaming Market to Boost in Coming Years –,0.3935290412684503,3,-4,-0.007470149084531199,-0.014225518606283898
AMZN,2022-04-06,Strong Positive,Global Video Streaming Market to Boost in Coming Years –,0.3935290412684503,3,-3,0.005354534093144301,-0.008870984513139597
AMZN,2022-04-06,Strong Positive,Global Video Streaming Market to Boost in Coming Years –,0.3935290412684503,3,-2,0.008675892727835602,-0.0001950917853039951
AMZN,2022-04-06,Strong Positive,Global Video Streaming Market to Boost in Coming Years –,0.3935290412684503,3,-1,-0.0032880720539837024,-0.0034831638392876976
AMZN,2022-04-06,Strong Positive,Global Video Streaming Market to Boost in Coming Years –,0.3935290412684503,3,0,-0.010588766779998003,-0.0140719306192857
AMZN,2022-04-06,Strong Positive,Global Video Streaming Market to Boost in Coming Years –,0.3935290412684503,3,1,-0.0084973098059479,-0.022569240425233603
AMZN,2022-04-06,Strong Positive,Global Video Streaming Market to Boost in Coming Years –,0.3935290412684503,3,2,-0.007087445105589202,-0.029656685530822804
AMZN,2022-04-06,Strong Positive,Global Video Streaming Market to Boost in Coming Years –,0.3935290412684503,3,3,0.0020432553789931016,-0.027613430151829703
AMZN,2022-04-06,Strong Positive,Global Video Streaming Market to Boost in Coming Years –,0.3935290412684503,3,4,0.0020111935750884,-0.0256022365767413
AMZN,2022-04-06,Strong Positive,Global Video Streaming Market to Boost in Coming Years –,0.3935290412684503,3,5,0.011197235178303799,-0.014405001398437502
AMZN,2022-04-07,Strong Positive,"UFC, Formula 1 and WWE could be the next acquisition targets for streaming giants",0.3295762859305863,3,-5,-0.007470149084531199,-0.007470149084531199
AMZN,2022-04-07,Strong Positive,"UFC, Formula 1 and WWE could be the next acquisition targets for streaming giants",0.3295762859305863,3,-4,0.005354534093144301,-0.002115614991386898
AMZN,2022-04-07,Strong Positive,"UFC, Formula 1 and WWE could be the next acquisition targets for streaming giants",0.3295762859305863,3,-3,0.008675892727835602,0.006560277736448704
AMZN,2022-04-07,Strong Positive,"UFC, Formula 1 and WWE could be the next acquisition targets for streaming giants",0.3295762859305863,3,-2,-0.0032880720539837024,0.0032722056824650014
AMZN,2022-04-07,Strong Positive,"UFC, Formula 1 and WWE could be the next acquisition targets for streaming giants",0.3295762859305863,3,-1,-0.010588766779998003,-0.007316561097533002
AMZN,2022-04-07,Strong Positive,"UFC, Formula 1 and WWE could be the next acquisition targets for streaming giants",0.3295762859305863,3,0,-0.0084973098059479,-0.015813870903480902
AMZN,2022-04-07,Strong Positive,"UFC, Formula 1 and WWE could be the next acquisition targets for streaming giants",0.3295762859305863,3,1,-0.007087445105589202,-0.022901316009070104
AMZN,2022-04-07,Strong Positive,"UFC, Formula 1 and WWE could be the next acquisition targets for streaming giants",0.3295762859305863,3,2,0.0020432553789931016,-0.020858060630077002
AMZN,2022-04-07,Strong Positive,"UFC, Formula 1 and WWE could be the next acquisition targets for streaming giants",0.3295762859305863,3,3,0.0020111935750884,-0.0188468670549886
AMZN,2022-04-07,Strong Positive,"UFC, Formula 1 and WWE could be the next acquisition targets for streaming giants",0.3295762859305863,3,4,0.011197235178303799,-0.007649631876684802
AMZN,2022-04-07,Strong Positive,"UFC, Formula 1 and WWE could be the next acquisition targets for streaming giants",0.3295762859305863,3,5,-0.0017857589859985,-0.009435390862683302
AMZN,2022-04-12,Strong Negative,Etsy Sellers Strike as Site Ramps Up to Battle Amazon,-0.1423615336385961,8,-5,-0.0032880720539837024,-0.0032880720539837024
AMZN,2022-04-12,Strong Negative,Etsy Sellers Strike as Site Ramps Up to Battle Amazon,-0.1423615336385961,8,-4,-0.010588766779998003,-0.013876838833981706
AMZN,2022-04-12,Strong Negative,Etsy Sellers Strike as Site Ramps Up to Battle Amazon,-0.1423615336385961,8,-3,-0.0084973098059479,-0.022374148639929606
AMZN,2022-04-12,Strong Negative,Etsy Sellers Strike as Site Ramps Up to Battle Amazon,-0.1423615336385961,8,-2,-0.007087445105589202,-0.029461593745518808
AMZN,2022-04-12,Strong Negative,Etsy Sellers Strike as Site Ramps Up to Battle Amazon,-0.1423615336385961,8,-1,0.0020432553789931016,-0.027418338366525706
AMZN,2022-04-12,Strong Negative,Etsy Sellers Strike as Site Ramps Up to Battle Amazon,-0.1423615336385961,8,0,0.0020111935750884,-0.025407144791437304
AMZN,2022-04-12,Strong Negative,Etsy Sellers Strike as Site Ramps Up to Battle Amazon,-0.1423615336385961,8,1,0.011197235178303799,-0.014209909613133506
AMZN,2022-04-12,Strong Negative,Etsy Sellers Strike as Site Ramps Up to Battle Amazon,-0.1423615336385961,8,2,-0.0017857589859985,-0.015995668599132006
AMZN,2022-04-12,Strong Negative,Etsy Sellers Strike as Site Ramps Up to Battle Amazon,-0.1423615336385961,8,3,0.0063412117193622,-0.009654456879769804
AMZN,2022-04-12,Strong Negative,Etsy Sellers Strike as Site Ramps Up to Battle Amazon,-0.1423615336385961,8,4,0.012537780102122701,0.0028833232223528966
AMZN,2022-04-12,Strong Negative,Etsy Sellers Strike as Site Ramps Up to Battle Amazon,-0.1423615336385961,8,5,-0.0114565784282483,-0.008573255205895403
AMZN,2022-04-13,Strong Positive,"IMDb TV will be renamed Amazon Freevee, says Amazon",0.2801394383688,3,-5,-0.010588766779998003,-0.010588766779998003
AMZN,2022-04-13,Strong Positive,"IMDb TV will be renamed Amazon Freevee, says Amazon",0.2801394383688,3,-4,-0.0084973098059479,-0.019086076585945903
AMZN,2022-04-13,Strong Positive,"IMDb TV will be renamed Amazon Freevee, says Amazon",0.2801394383688,3,-3,-0.007087445105589202,-0.026173521691535105
AMZN,2022-04-13,Strong Positive,"IMDb TV will be renamed Amazon Freevee, says Amazon",0.2801394383688,3,-2,0.0020432553789931016,-0.024130266312542004
AMZN,2022-04-13,Strong Positive,"IMDb TV will be renamed Amazon Freevee, says Amazon",0.2801394383688,3,-1,0.0020111935750884,-0.0221190727374536
AMZN,2022-04-13,Strong Positive,"IMDb TV will be renamed Amazon Freevee, says Amazon",0.2801394383688,3,0,0.011197235178303799,-0.010921837559149803
AMZN,2022-04-13,Strong Positive,"IMDb TV will be renamed Amazon Freevee, says Amazon",0.2801394383688,3,1,-0.0017857589859985,-0.012707596545148303
AMZN,2022-04-13,Strong Positive,"IMDb TV will be renamed Amazon Freevee, says Amazon",0.2801394383688,3,2,0.0063412117193622,-0.006366384825786103
AMZN,2022-04-13,Strong Positive,"IMDb TV will be renamed Amazon Freevee, says Amazon",0.2801394383688,3,3,0.012537780102122701,0.006171395276336598
AMZN,2022-04-13,Strong Positive,"IMDb TV will be renamed Amazon Freevee, says Amazon",0.2801394383688,3,4,-0.0114565784282483,-0.005285183151911702
AMZN,2022-04-13,Strong Positive,"IMDb TV will be renamed Amazon Freevee, says Amazon",0.2801394383688,3,5,-0.016335105069117804,-0.021620288221029505
AMZN,2022-04-18,Strong Positive,National Landing poised to pass Capital Riverfront as fastest-growing neighborhood,0.4399486189568079,5,-5,-0.007087445105589202,-0.007087445105589202
AMZN,2022-04-18,Strong Positive,National Landing poised to pass Capital Riverfront as fastest-growing neighborhood,0.4399486189568079,5,-4,0.0020432553789931016,-0.0050441897265961
AMZN,2022-04-18,Strong Positive,National Landing poised to pass Capital Riverfront as fastest-growing neighborhood,0.4399486189568079,5,-3,0.0020111935750884,-0.0030329961515077
AMZN,2022-04-18,Strong Positive,National Landing poised to pass Capital Riverfront as fastest-growing neighborhood,0.4399486189568079,5,-2,0.011197235178303799,0.008164239026796099
AMZN,2022-04-18,Strong Positive,National Landing poised to pass Capital Riverfront as fastest-growing neighborhood,0.4399486189568079,5,-1,-0.0017857589859985,0.0063784800407975985
AMZN,2022-04-18,Strong Positive,National Landing poised to pass Capital Riverfront as fastest-growing neighborhood,0.4399486189568079,5,0,0.0063412117193622,0.012719691760159798
AMZN,2022-04-18,Strong Positive,National Landing poised to pass Capital Riverfront as fastest-growing neighborhood,0.4399486189568079,5,1,0.012537780102122701,0.0252574718622825
AMZN,2022-04-18,Strong Positive,National Landing poised to pass Capital Riverfront as fastest-growing neighborhood,0.4399486189568079,5,2,-0.0114565784282483,0.013800893434034199
AMZN,2022-04-18,Strong Positive,National Landing poised to pass Capital Riverfront as fastest-growing neighborhood,0.4399486189568079,5,3,-0.016335105069117804,-0.0025342116350836053
AMZN,2022-04-18,Strong Positive,National Landing poised to pass Capital Riverfront as fastest-growing neighborhood,0.4399486189568079,5,4,-0.0004232584074255995,-0.0029574700425092047
AMZN,2022-04-18,Strong Positive,National Landing poised to pass Capital Riverfront as fastest-growing neighborhood,0.4399486189568079,5,5,-0.0009025204420330009,-0.0038599904845422056
AMZN,2022-04-19,Strong Negative,RCD Is a Way to Spread Consumer Discretionary Bets,-0.192313854100377,10,-5,0.0020432553789931016,0.0020432553789931016
AMZN,2022-04-19,Strong Negative,RCD Is a Way to Spread Consumer Discretionary Bets,-0.192313854100377,10,-4,0.0020111935750884,0.004054448954081502
AMZN,2022-04-19,Strong Negative,RCD Is a Way to Spread Consumer Discretionary Bets,-0.192313854100377,10,-3,0.011197235178303799,0.0152516841323853
AMZN,2022-04-19,Strong Negative,RCD Is a Way to Spread Consumer Discretionary Bets,-0.192313854100377,10,-2,-0.0017857589859985,0.0134659251463868
AMZN,2022-04-19,Strong Negative,RCD Is a Way to Spread Consumer Discretionary Bets,-0.192313854100377,10,-1,0.0063412117193622,0.019807136865749
AMZN,2022-04-19,Strong Negative,RCD Is a Way to Spread Consumer Discretionary Bets,-0.192313854100377,10,0,0.012537780102122701,0.0323449169678717
AMZN,2022-04-19,Strong Negative,RCD Is a Way to Spread Consumer Discretionary Bets,-0.192313854100377,10,1,-0.0114565784282483,0.0208883385396234
AMZN,2022-04-19,Strong Negative,RCD Is a Way to Spread Consumer Discretionary Bets,-0.192313854100377,10,2,-0.016335105069117804,0.004553233470505597
AMZN,2022-04-19,Strong Negative,RCD Is a Way to Spread Consumer Discretionary Bets,-0.192313854100377,10,3,-0.0004232584074255995,0.004129975063079997
AMZN,2022-04-19,Strong Negative,RCD Is a Way to Spread Consumer Discretionary Bets,-0.192313854100377,10,4,-0.0009025204420330009,0.003227454621046996
AMZN,2022-04-19,Strong Negative,RCD Is a Way to Spread Consumer Discretionary Bets,-0.192313854100377,10,5,-0.0080058622084875,-0.004778407587440504
AMZN,2022-04-21,Strong Negative,Amazon launches $1B fund to invest in supply chain technology companies,-0.1234148441831144,8,-5,0.011197235178303799,0.011197235178303799
AMZN,2022-04-21,Strong Negative,Amazon launches $1B fund to invest in supply chain technology companies,-0.1234148441831144,8,-4,-0.0017857589859985,0.009411476192305299
AMZN,2022-04-21,Strong Negative,Amazon launches $1B fund to invest in supply chain technology companies,-0.1234148441831144,8,-3,0.0063412117193622,0.0157526879116675
AMZN,2022-04-21,Strong Negative,Amazon launches $1B fund to invest in supply chain technology companies,-0.1234148441831144,8,-2,0.012537780102122701,0.0282904680137902
AMZN,2022-04-21,Strong Negative,Amazon launches $1B fund to invest in supply chain technology companies,-0.1234148441831144,8,-1,-0.0114565784282483,0.0168338895855419
AMZN,2022-04-21,Strong Negative,Amazon launches $1B fund to invest in supply chain technology companies,-0.1234148441831144,8,0,-0.016335105069117804,0.0004987845164240966
AMZN,2022-04-21,Strong Negative,Amazon launches $1B fund to invest in supply chain technology companies,-0.1234148441831144,8,1,-0.0004232584074255995,7.55261089984971e-05
AMZN,2022-04-21,Strong Negative,Amazon launches $1B fund to invest in supply chain technology companies,-0.1234148441831144,8,2,-0.0009025204420330009,-0.0008269943330345038
AMZN,2022-04-21,Strong Negative,Amazon launches $1B fund to invest in supply chain technology companies,-0.1234148441831144,8,3,-0.0080058622084875,-0.008832856541522004
AMZN,2022-04-21,Strong Negative,Amazon launches $1B fund to invest in supply chain technology companies,-0.1234148441831144,8,4,-0.0075828583926545005,-0.016415714934176505
AMZN,2022-04-21,Strong Negative,Amazon launches $1B fund to invest in supply chain technology companies,-0.1234148441831144,8,5,0.011018500853795701,-0.005397214080380804
AMZN,2022-04-22,Strong Positive,Walmart expanding its India sourcing to $10 billion by 2027,0.3695329183286998,3,-5,-0.0017857589859985,-0.0017857589859985
AMZN,2022-04-22,Strong Positive,Walmart expanding its India sourcing to $10 billion by 2027,0.3695329183286998,3,-4,0.0063412117193622,0.0045554527333637
AMZN,2022-04-22,Strong Positive,Walmart expanding its India sourcing to $10 billion by 2027,0.3695329183286998,3,-3,0.012537780102122701,0.017093232835486402
AMZN,2022-04-22,Strong Positive,Walmart expanding its India sourcing to $10 billion by 2027,0.3695329183286998,3,-2,-0.0114565784282483,0.005636654407238102
AMZN,2022-04-22,Strong Positive,Walmart expanding its India sourcing to $10 billion by 2027,0.3695329183286998,3,-1,-0.016335105069117804,-0.010698450661879702
AMZN,2022-04-22,Strong Positive,Walmart expanding its India sourcing to $10 billion by 2027,0.3695329183286998,3,0,-0.0004232584074255995,-0.011121709069305302
AMZN,2022-04-22,Strong Positive,Walmart expanding its India sourcing to $10 billion by 2027,0.3695329183286998,3,1,-0.0009025204420330009,-0.012024229511338302
AMZN,2022-04-22,Strong Positive,Walmart expanding its India sourcing to $10 billion by 2027,0.3695329183286998,3,2,-0.0080058622084875,-0.020030091719825803
AMZN,2022-04-22,Strong Positive,Walmart expanding its India sourcing to $10 billion by 2027,0.3695329183286998,3,3,-0.0075828583926545005,-0.027612950112480304
AMZN,2022-04-22,Strong Positive,Walmart expanding its India sourcing to $10 billion by 2027,0.3695329183286998,3,4,0.011018500853795701,-0.016594449258684602
AMZN,2022-04-22,Strong Positive,Walmart expanding its India sourcing to $10 billion by 2027,0.3695329183286998,3,5,-0.0954958334934634,-0.112090282752148
AMZN,2022-04-25,Strong Negative,Reliance abandons plans to buy Indian retailer amid challenges,-0.0339858361767527,11,-5,0.0063412117193622,0.0063412117193622
AMZN,2022-04-25,Strong Negative,Reliance abandons plans to buy Indian retailer amid challenges,-0.0339858361767527,11,-4,0.012537780102122701,0.018878991821484902
AMZN,2022-04-25,Strong Negative,Reliance abandons plans to buy Indian retailer amid challenges,-0.0339858361767527,11,-3,-0.0114565784282483,0.007422413393236602
AMZN,2022-04-25,Strong Negative,Reliance abandons plans to buy Indian retailer amid challenges,-0.0339858361767527,11,-2,-0.016335105069117804,-0.008912691675881202
AMZN,2022-04-25,Strong Negative,Reliance abandons plans to buy Indian retailer amid challenges,-0.0339858361767527,11,-1,-0.0004232584074255995,-0.009335950083306802
AMZN,2022-04-25,Strong Negative,Reliance abandons plans to buy Indian retailer amid challenges,-0.0339858361767527,11,0,-0.0009025204420330009,-0.010238470525339802
AMZN,2022-04-25,Strong Negative,Reliance abandons plans to buy Indian retailer amid challenges,-0.0339858361767527,11,1,-0.0080058622084875,-0.018244332733827303
AMZN,2022-04-25,Strong Negative,Reliance abandons plans to buy Indian retailer amid challenges,-0.0339858361767527,11,2,-0.0075828583926545005,-0.025827191126481804
AMZN,2022-04-25,Strong Negative,Reliance abandons plans to buy Indian retailer amid challenges,-0.0339858361767527,11,3,0.011018500853795701,-0.014808690272686102
AMZN,2022-04-25,Strong Negative,Reliance abandons plans to buy Indian retailer amid challenges,-0.0339858361767527,11,4,-0.0954958334934634,-0.11030452376614949
AMZN,2022-04-25,Strong Negative,Reliance abandons plans to buy Indian retailer amid challenges,-0.0339858361767527,11,5,-0.014938001851931799,-0.1252425256180813
AMZN,2022-04-29,Strong Negative,Amazon’s biggest drop since 2006 caps dismal month for tech,-0.334751595583623,16,-5,-0.0004232584074255995,-0.0004232584074255995
AMZN,2022-04-29,Strong Negative,Amazon’s biggest drop since 2006 caps dismal month for tech,-0.334751595583623,16,-4,-0.0009025204420330009,-0.0013257788494586004
AMZN,2022-04-29,Strong Negative,Amazon’s biggest drop since 2006 caps dismal month for tech,-0.334751595583623,16,-3,-0.0080058622084875,-0.009331641057946101
AMZN,2022-04-29,Strong Negative,Amazon’s biggest drop since 2006 caps dismal month for tech,-0.334751595583623,16,-2,-0.0075828583926545005,-0.0169144994506006
AMZN,2022-04-29,Strong Negative,Amazon’s biggest drop since 2006 caps dismal month for tech,-0.334751595583623,16,-1,0.011018500853795701,-0.0058959985968049
AMZN,2022-04-29,Strong Negative,Amazon’s biggest drop since 2006 caps dismal month for tech,-0.334751595583623,16,0,-0.0954958334934634,-0.1013918320902683
AMZN,2022-04-29,Strong Negative,Amazon’s biggest drop since 2006 caps dismal month for tech,-0.334751595583623,16,1,-0.014938001851931799,-0.11632983394220009
AMZN,2022-04-29,Strong Negative,Amazon’s biggest drop since 2006 caps dismal month for tech,-0.334751595583623,16,2,-0.0030474211998302997,-0.11937725514203039
AMZN,2022-04-29,Strong Negative,Amazon’s biggest drop since 2006 caps dismal month for tech,-0.334751595583623,16,3,-0.020331616361041003,-0.1397088715030714
AMZN,2022-04-29,Strong Negative,Amazon’s biggest drop since 2006 caps dismal month for tech,-0.334751595583623,16,4,-0.02524637837241231,-0.1649552498754837
AMZN,2022-04-29,Strong Negative,Amazon’s biggest drop since 2006 caps dismal month for tech,-0.334751595583623,16,5,-0.002060331489222,-0.1670155813647057
AMZN,2022-05-02,Strong Negative,Woman says Amazon.com fired her because she got 'long COVID' - lawsuit,-0.4461740735807588,4,-5,-0.0009025204420330009,-0.0009025204420330009
AMZN,2022-05-02,Strong Negative,Woman says Amazon.com fired her because she got 'long COVID' - lawsuit,-0.4461740735807588,4,-4,-0.0080058622084875,-0.008908382650520501
AMZN,2022-05-02,Strong Negative,Woman says Amazon.com fired her because she got 'long COVID' - lawsuit,-0.4461740735807588,4,-3,-0.0075828583926545005,-0.016491241043175002
AMZN,2022-05-02,Strong Negative,Woman says Amazon.com fired her because she got 'long COVID' - lawsuit,-0.4461740735807588,4,-2,0.011018500853795701,-0.005472740189379301
AMZN,2022-05-02,Strong Negative,Woman says Amazon.com fired her because she got 'long COVID' - lawsuit,-0.4461740735807588,4,-1,-0.0954958334934634,-0.1009685736828427
AMZN,2022-05-02,Strong Negative,Woman says Amazon.com fired her because she got 'long COVID' - lawsuit,-0.4461740735807588,4,0,-0.014938001851931799,-0.1159065755347745
AMZN,2022-05-02,Strong Negative,Woman says Amazon.com fired her because she got 'long COVID' - lawsuit,-0.4461740735807588,4,1,-0.0030474211998302997,-0.1189539967346048
AMZN,2022-05-02,Strong Negative,Woman says Amazon.com fired her because she got 'long COVID' - lawsuit,-0.4461740735807588,4,2,-0.020331616361041003,-0.1392856130956458
AMZN,2022-05-02,Strong Negative,Woman says Amazon.com fired her because she got 'long COVID' - lawsuit,-0.4461740735807588,4,3,-0.02524637837241231,-0.1645319914680581
AMZN,2022-05-02,Strong Negative,Woman says Amazon.com fired her because she got 'long COVID' - lawsuit,-0.4461740735807588,4,4,-0.002060331489222,-0.1665923229572801
AMZN,2022-05-02,Strong Negative,Woman says Amazon.com fired her because she got 'long COVID' - lawsuit,-0.4461740735807588,4,5,-0.013006882865166103,-0.1795992058224462
AMZN,2022-05-05,Strong Negative,Tech sell-off pushes Nasdaq to steepest drop since June 2020,-0.2036777298193681,9,-5,0.011018500853795701,0.011018500853795701
AMZN,2022-05-05,Strong Negative,Tech sell-off pushes Nasdaq to steepest drop since June 2020,-0.2036777298193681,9,-4,-0.0954958334934634,-0.0844773326396677
AMZN,2022-05-05,Strong Negative,Tech sell-off pushes Nasdaq to steepest drop since June 2020,-0.2036777298193681,9,-3,-0.014938001851931799,-0.09941533449159949
AMZN,2022-05-05,Strong Negative,Tech sell-off pushes Nasdaq to steepest drop since June 2020,-0.2036777298193681,9,-2,-0.0030474211998302997,-0.10246275569142979
AMZN,2022-05-05,Strong Negative,Tech sell-off pushes Nasdaq to steepest drop since June 2020,-0.2036777298193681,9,-1,-0.020331616361041003,-0.12279437205247079
AMZN,2022-05-05,Strong Negative,Tech sell-off pushes Nasdaq to steepest drop since June 2020,-0.2036777298193681,9,0,-0.02524637837241231,-0.1480407504248831
AMZN,2022-05-05,Strong Negative,Tech sell-off pushes Nasdaq to steepest drop since June 2020,-0.2036777298193681,9,1,-0.002060331489222,-0.1501010819141051
AMZN,2022-05-05,Strong Negative,Tech sell-off pushes Nasdaq to steepest drop since June 2020,-0.2036777298193681,9,2,-0.013006882865166103,-0.1631079647792712
AMZN,2022-05-05,Strong Negative,Tech sell-off pushes Nasdaq to steepest drop since June 2020,-0.2036777298193681,9,3,-0.011505095390634901,-0.1746130601699061
AMZN,2022-05-05,Strong Negative,Tech sell-off pushes Nasdaq to steepest drop since June 2020,-0.2036777298193681,9,4,-0.0023740184578275036,-0.1769870786277336
AMZN,2022-05-05,Strong Negative,Tech sell-off pushes Nasdaq to steepest drop since June 2020,-0.2036777298193681,9,5,0.0171547931582898,-0.1598322854694438
AMZN,2022-05-06,Strong Negative,Amazon fires managers at its pro-union New York City warehouse,-0.2626301463690331,5,-5,-0.0954958334934634,-0.0954958334934634
AMZN,2022-05-06,Strong Negative,Amazon fires managers at its pro-union New York City warehouse,-0.2626301463690331,5,-4,-0.014938001851931799,-0.11043383534539519
AMZN,2022-05-06,Strong Negative,Amazon fires managers at its pro-union New York City warehouse,-0.2626301463690331,5,-3,-0.0030474211998302997,-0.11348125654522549
AMZN,2022-05-06,Strong Negative,Amazon fires managers at its pro-union New York City warehouse,-0.2626301463690331,5,-2,-0.020331616361041003,-0.1338128729062665
AMZN,2022-05-06,Strong Negative,Amazon fires managers at its pro-union New York City warehouse,-0.2626301463690331,5,-1,-0.02524637837241231,-0.15905925127867881
AMZN,2022-05-06,Strong Negative,Amazon fires managers at its pro-union New York City warehouse,-0.2626301463690331,5,0,-0.002060331489222,-0.1611195827679008
AMZN,2022-05-06,Strong Negative,Amazon fires managers at its pro-union New York City warehouse,-0.2626301463690331,5,1,-0.013006882865166103,-0.1741264656330669
AMZN,2022-05-06,Strong Negative,Amazon fires managers at its pro-union New York City warehouse,-0.2626301463690331,5,2,-0.011505095390634901,-0.18563156102370182
AMZN,2022-05-06,Strong Negative,Amazon fires managers at its pro-union New York City warehouse,-0.2626301463690331,5,3,-0.0023740184578275036,-0.18800557948152932
AMZN,2022-05-06,Strong Negative,Amazon fires managers at its pro-union New York City warehouse,-0.2626301463690331,5,4,0.0171547931582898,-0.17085078632323952
AMZN,2022-05-06,Strong Negative,Amazon fires managers at its pro-union New York City warehouse,-0.2626301463690331,5,5,0.0202157449332143,-0.15063504139002523
AMZN,2022-05-10,Strong Negative,Prologis offers to buy Duke Realty in $23.7 billion deal as warehouse demand soars,-0.1844812065524667,4,-5,-0.0030474211998302997,-0.0030474211998302997
AMZN,2022-05-10,Strong Negative,Prologis offers to buy Duke Realty in $23.7 billion deal as warehouse demand soars,-0.1844812065524667,4,-4,-0.020331616361041003,-0.023379037560871303
AMZN,2022-05-10,Strong Negative,Prologis offers to buy Duke Realty in $23.7 billion deal as warehouse demand soars,-0.1844812065524667,4,-3,-0.02524637837241231,-0.04862541593328361
AMZN,2022-05-10,Strong Negative,Prologis offers to buy Duke Realty in $23.7 billion deal as warehouse demand soars,-0.1844812065524667,4,-2,-0.002060331489222,-0.05068574742250561
AMZN,2022-05-10,Strong Negative,Prologis offers to buy Duke Realty in $23.7 billion deal as warehouse demand soars,-0.1844812065524667,4,-1,-0.013006882865166103,-0.06369263028767172
AMZN,2022-05-10,Strong Negative,Prologis offers to buy Duke Realty in $23.7 billion deal as warehouse demand soars,-0.1844812065524667,4,0,-0.011505095390634901,-0.07519772567830663
AMZN,2022-05-10,Strong Negative,Prologis offers to buy Duke Realty in $23.7 billion deal as warehouse demand soars,-0.1844812065524667,4,1,-0.0023740184578275036,-0.07757174413613413
AMZN,2022-05-10,Strong Negative,Prologis offers to buy Duke Realty in $23.7 billion deal as warehouse demand soars,-0.1844812065524667,4,2,0.0171547931582898,-0.06041695097784433
AMZN,2022-05-10,Strong Negative,Prologis offers to buy Duke Realty in $23.7 billion deal as warehouse demand soars,-0.1844812065524667,4,3,0.0202157449332143,-0.04020120604463003
AMZN,2022-05-10,Strong Negative,Prologis offers to buy Duke Realty in $23.7 billion deal as warehouse demand soars,-0.1844812065524667,4,4,-0.0082616739729676,-0.04846288001759763
AMZN,2022-05-10,Strong Negative,Prologis offers to buy Duke Realty in $23.7 billion deal as warehouse demand soars,-0.1844812065524667,4,5,0.015232044953507499,-0.033230835064090136
AMZN,2022-05-11,Strong Negative,Rackspace CEO’s comments fuel speculation about another sale of tech company,-0.2522374563313649,8,-5,-0.020331616361041003,-0.020331616361041003
AMZN,2022-05-11,Strong Negative,Rackspace CEO’s comments fuel speculation about another sale of tech company,-0.2522374563313649,8,-4,-0.02524637837241231,-0.04557799473345331
AMZN,2022-05-11,Strong Negative,Rackspace CEO’s comments fuel speculation about another sale of tech company,-0.2522374563313649,8,-3,-0.002060331489222,-0.04763832622267531
AMZN,2022-05-11,Strong Negative,Rackspace CEO’s comments fuel speculation about another sale of tech company,-0.2522374563313649,8,-2,-0.013006882865166103,-0.06064520908784141
AMZN,2022-05-11,Strong Negative,Rackspace CEO’s comments fuel speculation about another sale of tech company,-0.2522374563313649,8,-1,-0.011505095390634901,-0.07215030447847631
AMZN,2022-05-11,Strong Negative,Rackspace CEO’s comments fuel speculation about another sale of tech company,-0.2522374563313649,8,0,-0.0023740184578275036,-0.07452432293630382
AMZN,2022-05-11,Strong Negative,Rackspace CEO’s comments fuel speculation about another sale of tech company,-0.2522374563313649,8,1,0.0171547931582898,-0.05736952977801402
AMZN,2022-05-11,Strong Negative,Rackspace CEO’s comments fuel speculation about another sale of tech company,-0.2522374563313649,8,2,0.0202157449332143,-0.03715378484479972
AMZN,2022-05-11,Strong Negative,Rackspace CEO’s comments fuel speculation about another sale of tech company,-0.2522374563313649,8,3,-0.0082616739729676,-0.04541545881776732
AMZN,2022-05-11,Strong Negative,Rackspace CEO’s comments fuel speculation about another sale of tech company,-0.2522374563313649,8,4,0.015232044953507499,-0.03018341386425982
AMZN,2022-05-11,Strong Negative,Rackspace CEO’s comments fuel speculation about another sale of tech company,-0.2522374563313649,8,5,-0.0224717252863523,-0.052655139150612124
AMZN,2022-05-12,Strong Negative,"Starbucks Baristas Are Unionizing, and Even Howard Schultz Can’t Make Them Stop",-0.1136739791252494,10,-5,-0.02524637837241231,-0.02524637837241231
AMZN,2022-05-12,Strong Negative,"Starbucks Baristas Are Unionizing, and Even Howard Schultz Can’t Make Them Stop",-0.1136739791252494,10,-4,-0.002060331489222,-0.02730670986163431
AMZN,2022-05-12,Strong Negative,"Starbucks Baristas Are Unionizing, and Even Howard Schultz Can’t Make Them Stop",-0.1136739791252494,10,-3,-0.013006882865166103,-0.040313592726800414
AMZN,2022-05-12,Strong Negative,"Starbucks Baristas Are Unionizing, and Even Howard Schultz Can’t Make Them Stop",-0.1136739791252494,10,-2,-0.011505095390634901,-0.05181868811743531
AMZN,2022-05-12,Strong Negative,"Starbucks Baristas Are Unionizing, and Even Howard Schultz Can’t Make Them Stop",-0.1136739791252494,10,-1,-0.0023740184578275036,-0.05419270657526282
AMZN,2022-05-12,Strong Negative,"Starbucks Baristas Are Unionizing, and Even Howard Schultz Can’t Make Them Stop",-0.1136739791252494,10,0,0.0171547931582898,-0.03703791341697302
AMZN,2022-05-12,Strong Negative,"Starbucks Baristas Are Unionizing, and Even Howard Schultz Can’t Make Them Stop",-0.1136739791252494,10,1,0.0202157449332143,-0.01682216848375872
AMZN,2022-05-12,Strong Negative,"Starbucks Baristas Are Unionizing, and Even Howard Schultz Can’t Make Them Stop",-0.1136739791252494,10,2,-0.0082616739729676,-0.02508384245672632
AMZN,2022-05-12,Strong Negative,"Starbucks Baristas Are Unionizing, and Even Howard Schultz Can’t Make Them Stop",-0.1136739791252494,10,3,0.015232044953507499,-0.00985179750321882
AMZN,2022-05-12,Strong Negative,"Starbucks Baristas Are Unionizing, and Even Howard Schultz Can’t Make Them Stop",-0.1136739791252494,10,4,-0.0224717252863523,-0.032323522789571124
AMZN,2022-05-12,Strong Negative,"Starbucks Baristas Are Unionizing, and Even Howard Schultz Can’t Make Them Stop",-0.1136739791252494,10,5,0.0072861574706207,-0.025037365318950424
AMZN,2022-05-13,Strong Negative,"Exclusive: Maker of Walmart, Amazon store-brand baby formulas sees shortages through rest of 2022",-0.2659606062628322,4,-5,-0.002060331489222,-0.002060331489222
AMZN,2022-05-13,Strong Negative,"Exclusive: Maker of Walmart, Amazon store-brand baby formulas sees shortages through rest of 2022",-0.2659606062628322,4,-4,-0.013006882865166103,-0.015067214354388103
AMZN,2022-05-13,Strong Negative,"Exclusive: Maker of Walmart, Amazon store-brand baby formulas sees shortages through rest of 2022",-0.2659606062628322,4,-3,-0.011505095390634901,-0.026572309745023004
AMZN,2022-05-13,Strong Negative,"Exclusive: Maker of Walmart, Amazon store-brand baby formulas sees shortages through rest of 2022",-0.2659606062628322,4,-2,-0.0023740184578275036,-0.028946328202850508
AMZN,2022-05-13,Strong Negative,"Exclusive: Maker of Walmart, Amazon store-brand baby formulas sees shortages through rest of 2022",-0.2659606062628322,4,-1,0.0171547931582898,-0.011791535044560708
AMZN,2022-05-13,Strong Negative,"Exclusive: Maker of Walmart, Amazon store-brand baby formulas sees shortages through rest of 2022",-0.2659606062628322,4,0,0.0202157449332143,0.00842420988865359
AMZN,2022-05-13,Strong Negative,"Exclusive: Maker of Walmart, Amazon store-brand baby formulas sees shortages through rest of 2022",-0.2659606062628322,4,1,-0.0082616739729676,0.00016253591568599068
AMZN,2022-05-13,Strong Negative,"Exclusive: Maker of Walmart, Amazon store-brand baby formulas sees shortages through rest of 2022",-0.2659606062628322,4,2,0.015232044953507499,0.01539458086919349
AMZN,2022-05-13,Strong Negative,"Exclusive: Maker of Walmart, Amazon store-brand baby formulas sees shortages through rest of 2022",-0.2659606062628322,4,3,-0.0224717252863523,-0.0070771444171588115
AMZN,2022-05-13,Strong Negative,"Exclusive: Maker of Walmart, Amazon store-brand baby formulas sees shortages through rest of 2022",-0.2659606062628322,4,4,0.0072861574706207,0.00020901305346188864
AMZN,2022-05-13,Strong Negative,"Exclusive: Maker of Walmart, Amazon store-brand baby formulas sees shortages through rest of 2022",-0.2659606062628322,4,5,0.005642512363942399,0.005851525417404288
AMZN,2022-05-17,Strong Negative,"Amazon’s unpaid time off practices violate USERRA, class-action suit claims",-0.796643333576089,4,-5,-0.011505095390634901,-0.011505095390634901
AMZN,2022-05-17,Strong Negative,"Amazon’s unpaid time off practices violate USERRA, class-action suit claims",-0.796643333576089,4,-4,-0.0023740184578275036,-0.013879113848462405
AMZN,2022-05-17,Strong Negative,"Amazon’s unpaid time off practices violate USERRA, class-action suit claims",-0.796643333576089,4,-3,0.0171547931582898,0.0032756793098273947
AMZN,2022-05-17,Strong Negative,"Amazon’s unpaid time off practices violate USERRA, class-action suit claims",-0.796643333576089,4,-2,0.0202157449332143,0.023491424243041695
AMZN,2022-05-17,Strong Negative,"Amazon’s unpaid time off practices violate USERRA, class-action suit claims",-0.796643333576089,4,-1,-0.0082616739729676,0.015229750270074095
AMZN,2022-05-17,Strong Negative,"Amazon’s unpaid time off practices violate USERRA, class-action suit claims",-0.796643333576089,4,0,0.015232044953507499,0.030461795223581594
AMZN,2022-05-17,Strong Negative,"Amazon’s unpaid time off practices violate USERRA, class-action suit claims",-0.796643333576089,4,1,-0.0224717252863523,0.007990069937229293
AMZN,2022-05-17,Strong Negative,"Amazon’s unpaid time off practices violate USERRA, class-action suit claims",-0.796643333576089,4,2,0.0072861574706207,0.015276227407849993
AMZN,2022-05-17,Strong Negative,"Amazon’s unpaid time off practices violate USERRA, class-action suit claims",-0.796643333576089,4,3,0.005642512363942399,0.020918739771792393
AMZN,2022-05-17,Strong Negative,"Amazon’s unpaid time off practices violate USERRA, class-action suit claims",-0.796643333576089,4,4,-0.0169434203976371,0.0039753193741552915
AMZN,2022-05-17,Strong Negative,"Amazon’s unpaid time off practices violate USERRA, class-action suit claims",-0.796643333576089,4,5,-0.010878884840006198,-0.006903565465850907
AMZN,2022-05-18,Strong Negative,"Amazon, Kong Studios Opening Offices In Santa Monica",-0.205800756341017,8,-5,-0.0023740184578275036,-0.0023740184578275036
AMZN,2022-05-18,Strong Negative,"Amazon, Kong Studios Opening Offices In Santa Monica",-0.205800756341017,8,-4,0.0171547931582898,0.014780774700462296
AMZN,2022-05-18,Strong Negative,"Amazon, Kong Studios Opening Offices In Santa Monica",-0.205800756341017,8,-3,0.0202157449332143,0.034996519633676594
AMZN,2022-05-18,Strong Negative,"Amazon, Kong Studios Opening Offices In Santa Monica",-0.205800756341017,8,-2,-0.0082616739729676,0.026734845660708995
AMZN,2022-05-18,Strong Negative,"Amazon, Kong Studios Opening Offices In Santa Monica",-0.205800756341017,8,-1,0.015232044953507499,0.04196689061421649
AMZN,2022-05-18,Strong Negative,"Amazon, Kong Studios Opening Offices In Santa Monica",-0.205800756341017,8,0,-0.0224717252863523,0.01949516532786419
AMZN,2022-05-18,Strong Negative,"Amazon, Kong Studios Opening Offices In Santa Monica",-0.205800756341017,8,1,0.0072861574706207,0.02678132279848489
AMZN,2022-05-18,Strong Negative,"Amazon, Kong Studios Opening Offices In Santa Monica",-0.205800756341017,8,2,0.005642512363942399,0.03242383516242729
AMZN,2022-05-18,Strong Negative,"Amazon, Kong Studios Opening Offices In Santa Monica",-0.205800756341017,8,3,-0.0169434203976371,0.015480414764790191
AMZN,2022-05-18,Strong Negative,"Amazon, Kong Studios Opening Offices In Santa Monica",-0.205800756341017,8,4,-0.010878884840006198,0.0046015299247839925
AMZN,2022-05-18,Strong Negative,"Amazon, Kong Studios Opening Offices In Santa Monica",-0.205800756341017,8,5,0.0117010569659426,0.01630258689072659
AMZN,2022-05-19,Strong Negative,FedEx expands pilot of self-driving trucks,-0.204692656295516,5,-5,0.0171547931582898,0.0171547931582898
AMZN,2022-05-19,Strong Negative,FedEx expands pilot of self-driving trucks,-0.204692656295516,5,-4,0.0202157449332143,0.0373705380915041
AMZN,2022-05-19,Strong Negative,FedEx expands pilot of self-driving trucks,-0.204692656295516,5,-3,-0.0082616739729676,0.029108864118536498
AMZN,2022-05-19,Strong Negative,FedEx expands pilot of self-driving trucks,-0.204692656295516,5,-2,0.015232044953507499,0.044340909072043994
AMZN,2022-05-19,Strong Negative,FedEx expands pilot of self-driving trucks,-0.204692656295516,5,-1,-0.0224717252863523,0.021869183785691693
AMZN,2022-05-19,Strong Negative,FedEx expands pilot of self-driving trucks,-0.204692656295516,5,0,0.0072861574706207,0.029155341256312393
AMZN,2022-05-19,Strong Negative,FedEx expands pilot of self-driving trucks,-0.204692656295516,5,1,0.005642512363942399,0.034797853620254796
AMZN,2022-05-19,Strong Negative,FedEx expands pilot of self-driving trucks,-0.204692656295516,5,2,-0.0169434203976371,0.017854433222617695
AMZN,2022-05-19,Strong Negative,FedEx expands pilot of self-driving trucks,-0.204692656295516,5,3,-0.010878884840006198,0.006975548382611496
AMZN,2022-05-19,Strong Negative,FedEx expands pilot of self-driving trucks,-0.204692656295516,5,4,0.0117010569659426,0.018676605348554094
AMZN,2022-05-19,Strong Negative,FedEx expands pilot of self-driving trucks,-0.204692656295516,5,5,0.0125876514190344,0.0312642567675885
AMZN,2022-05-23,Strong Positive,Amazon (AMZN) Announces New Fire 7 Tablets,0.3922374584469227,8,-5,-0.0082616739729676,-0.0082616739729676
AMZN,2022-05-23,Strong Positive,Amazon (AMZN) Announces New Fire 7 Tablets,0.3922374584469227,8,-4,0.015232044953507499,0.006970370980539899
AMZN,2022-05-23,Strong Positive,Amazon (AMZN) Announces New Fire 7 Tablets,0.3922374584469227,8,-3,-0.0224717252863523,-0.015501354305812402
AMZN,2022-05-23,Strong Positive,Amazon (AMZN) Announces New Fire 7 Tablets,0.3922374584469227,8,-2,0.0072861574706207,-0.008215196835191702
AMZN,2022-05-23,Strong Positive,Amazon (AMZN) Announces New Fire 7 Tablets,0.3922374584469227,8,-1,0.005642512363942399,-0.002572684471249302
AMZN,2022-05-23,Strong Positive,Amazon (AMZN) Announces New Fire 7 Tablets,0.3922374584469227,8,0,-0.0169434203976371,-0.019516104868886403
AMZN,2022-05-23,Strong Positive,Amazon (AMZN) Announces New Fire 7 Tablets,0.3922374584469227,8,1,-0.010878884840006198,-0.0303949897088926
AMZN,2022-05-23,Strong Positive,Amazon (AMZN) Announces New Fire 7 Tablets,0.3922374584469227,8,2,0.0117010569659426,-0.018693932742950004
AMZN,2022-05-23,Strong Positive,Amazon (AMZN) Announces New Fire 7 Tablets,0.3922374584469227,8,3,0.0125876514190344,-0.006106281323915604
AMZN,2022-05-23,Strong Positive,Amazon (AMZN) Announces New Fire 7 Tablets,0.3922374584469227,8,4,0.003992575251148399,-0.0021137060727672054
AMZN,2022-05-23,Strong Positive,Amazon (AMZN) Announces New Fire 7 Tablets,0.3922374584469227,8,5,0.046623130509757096,0.044509424436989894
AMZN,2022-05-25,Strong Positive,Our verdict on the Garmin Instinct 2S GPS smartwatch,0.4994628595316913,2,-5,-0.0224717252863523,-0.0224717252863523
AMZN,2022-05-25,Strong Positive,Our verdict on the Garmin Instinct 2S GPS smartwatch,0.4994628595316913,2,-4,0.0072861574706207,-0.0151855678157316
AMZN,2022-05-25,Strong Positive,Our verdict on the Garmin Instinct 2S GPS smartwatch,0.4994628595316913,2,-3,0.005642512363942399,-0.009543055451789201
AMZN,2022-05-25,Strong Positive,Our verdict on the Garmin Instinct 2S GPS smartwatch,0.4994628595316913,2,-2,-0.0169434203976371,-0.026486475849426303
AMZN,2022-05-25,Strong Positive,Our verdict on the Garmin Instinct 2S GPS smartwatch,0.4994628595316913,2,-1,-0.010878884840006198,-0.0373653606894325
AMZN,2022-05-25,Strong Positive,Our verdict on the Garmin Instinct 2S GPS smartwatch,0.4994628595316913,2,0,0.0117010569659426,-0.0256643037234899
AMZN,2022-05-25,Strong Positive,Our verdict on the Garmin Instinct 2S GPS smartwatch,0.4994628595316913,2,1,0.0125876514190344,-0.0130766523044555
AMZN,2022-05-25,Strong Positive,Our verdict on the Garmin Instinct 2S GPS smartwatch,0.4994628595316913,2,2,0.003992575251148399,-0.009084077053307101
AMZN,2022-05-25,Strong Positive,Our verdict on the Garmin Instinct 2S GPS smartwatch,0.4994628595316913,2,3,0.046623130509757096,0.03753905345644999
AMZN,2022-05-25,Strong Positive,Our verdict on the Garmin Instinct 2S GPS smartwatch,0.4994628595316913,2,4,0.0196618956685525,0.057200949125002495
AMZN,2022-05-25,Strong Positive,Our verdict on the Garmin Instinct 2S GPS smartwatch,0.4994628595316913,2,5,0.004064800298378302,0.0612657494233808
AMZN,2022-05-26,Strong Positive,Hyperion looks to slower growth for a helping hand,0.2288460272154671,5,-5,0.0072861574706207,0.0072861574706207
AMZN,2022-05-26,Strong Positive,Hyperion looks to slower growth for a helping hand,0.2288460272154671,5,-4,0.005642512363942399,0.0129286698345631
AMZN,2022-05-26,Strong Positive,Hyperion looks to slower growth for a helping hand,0.2288460272154671,5,-3,-0.0169434203976371,-0.004014750563074002
AMZN,2022-05-26,Strong Positive,Hyperion looks to slower growth for a helping hand,0.2288460272154671,5,-2,-0.010878884840006198,-0.0148936354030802
AMZN,2022-05-26,Strong Positive,Hyperion looks to slower growth for a helping hand,0.2288460272154671,5,-1,0.0117010569659426,-0.0031925784371376
AMZN,2022-05-26,Strong Positive,Hyperion looks to slower growth for a helping hand,0.2288460272154671,5,0,0.0125876514190344,0.009395072981896799
AMZN,2022-05-26,Strong Positive,Hyperion looks to slower growth for a helping hand,0.2288460272154671,5,1,0.003992575251148399,0.013387648233045198
AMZN,2022-05-26,Strong Positive,Hyperion looks to slower growth for a helping hand,0.2288460272154671,5,2,0.046623130509757096,0.06001077874280229
AMZN,2022-05-26,Strong Positive,Hyperion looks to slower growth for a helping hand,0.2288460272154671,5,3,0.0196618956685525,0.0796726744113548
AMZN,2022-05-26,Strong Positive,Hyperion looks to slower growth for a helping hand,0.2288460272154671,5,4,0.004064800298378302,0.0837374747097331
AMZN,2022-05-26,Strong Positive,Hyperion looks to slower growth for a helping hand,0.2288460272154671,5,5,0.0008341517128180008,0.0845716264225511
AMZN,2022-06-01,Strong Positive,Quantrepreneurs: Wall Street Quants Who Left Trading to Build Startups,0.2419865150800174,4,-5,-0.010878884840006198,-0.010878884840006198
AMZN,2022-06-01,Strong Positive,Quantrepreneurs: Wall Street Quants Who Left Trading to Build Startups,0.2419865150800174,4,-4,0.0117010569659426,0.0008221721259364014
AMZN,2022-06-01,Strong Positive,Quantrepreneurs: Wall Street Quants Who Left Trading to Build Startups,0.2419865150800174,4,-3,0.0125876514190344,0.0134098235449708
AMZN,2022-06-01,Strong Positive,Quantrepreneurs: Wall Street Quants Who Left Trading to Build Startups,0.2419865150800174,4,-2,0.003992575251148399,0.017402398796119198
AMZN,2022-06-01,Strong Positive,Quantrepreneurs: Wall Street Quants Who Left Trading to Build Startups,0.2419865150800174,4,-1,0.046623130509757096,0.0640255293058763
AMZN,2022-06-01,Strong Positive,Quantrepreneurs: Wall Street Quants Who Left Trading to Build Startups,0.2419865150800174,4,0,0.0196618956685525,0.0836874249744288
AMZN,2022-06-01,Strong Positive,Quantrepreneurs: Wall Street Quants Who Left Trading to Build Startups,0.2419865150800174,4,1,0.004064800298378302,0.0877522252728071
AMZN,2022-06-01,Strong Positive,Quantrepreneurs: Wall Street Quants Who Left Trading to Build Startups,0.2419865150800174,4,2,0.0008341517128180008,0.0885863769856251
AMZN,2022-06-01,Strong Positive,Quantrepreneurs: Wall Street Quants Who Left Trading to Build Startups,0.2419865150800174,4,3,0.016611922594092797,0.10519829957971791
AMZN,2022-06-01,Strong Positive,Quantrepreneurs: Wall Street Quants Who Left Trading to Build Startups,0.2419865150800174,4,4,-0.0229700252365907,0.08222827434312721
AMZN,2022-06-01,Strong Positive,Quantrepreneurs: Wall Street Quants Who Left Trading to Build Startups,0.2419865150800174,4,5,-0.0076002196531302,0.07462805468999702
AMZN,2022-06-03,Strong Negative,Amazon consumer CEO Dave Clark resigns,-0.2006658896883418,6,-5,0.0125876514190344,0.0125876514190344
AMZN,2022-06-03,Strong Negative,Amazon consumer CEO Dave Clark resigns,-0.2006658896883418,6,-4,0.003992575251148399,0.016580226670182798
AMZN,2022-06-03,Strong Negative,Amazon consumer CEO Dave Clark resigns,-0.2006658896883418,6,-3,0.046623130509757096,0.0632033571799399
AMZN,2022-06-03,Strong Negative,Amazon consumer CEO Dave Clark resigns,-0.2006658896883418,6,-2,0.0196618956685525,0.0828652528484924
AMZN,2022-06-03,Strong Negative,Amazon consumer CEO Dave Clark resigns,-0.2006658896883418,6,-1,0.004064800298378302,0.0869300531468707
AMZN,2022-06-03,Strong Negative,Amazon consumer CEO Dave Clark resigns,-0.2006658896883418,6,0,0.0008341517128180008,0.08776420485968871
AMZN,2022-06-03,Strong Negative,Amazon consumer CEO Dave Clark resigns,-0.2006658896883418,6,1,0.016611922594092797,0.1043761274537815
AMZN,2022-06-03,Strong Negative,Amazon consumer CEO Dave Clark resigns,-0.2006658896883418,6,2,-0.0229700252365907,0.0814061022171908
AMZN,2022-06-03,Strong Negative,Amazon consumer CEO Dave Clark resigns,-0.2006658896883418,6,3,-0.0076002196531302,0.07380588256406061
AMZN,2022-06-03,Strong Negative,Amazon consumer CEO Dave Clark resigns,-0.2006658896883418,6,4,-0.014723580963975798,0.059082301600084805
AMZN,2022-06-03,Strong Negative,Amazon consumer CEO Dave Clark resigns,-0.2006658896883418,6,5,-0.0206918127789563,0.038390488821128506
AMZN,2022-06-07,Strong Negative,"With shares of Kansas City’s Cerner turned over, sale to Oracle will close Wednesday",-0.1951006528695956,5,-5,0.046623130509757096,0.046623130509757096
AMZN,2022-06-07,Strong Negative,"With shares of Kansas City’s Cerner turned over, sale to Oracle will close Wednesday",-0.1951006528695956,5,-4,0.0196618956685525,0.0662850261783096
AMZN,2022-06-07,Strong Negative,"With shares of Kansas City’s Cerner turned over, sale to Oracle will close Wednesday",-0.1951006528695956,5,-3,0.004064800298378302,0.0703498264766879
AMZN,2022-06-07,Strong Negative,"With shares of Kansas City’s Cerner turned over, sale to Oracle will close Wednesday",-0.1951006528695956,5,-2,0.0008341517128180008,0.0711839781895059
AMZN,2022-06-07,Strong Negative,"With shares of Kansas City’s Cerner turned over, sale to Oracle will close Wednesday",-0.1951006528695956,5,-1,0.016611922594092797,0.0877959007835987
AMZN,2022-06-07,Strong Negative,"With shares of Kansas City’s Cerner turned over, sale to Oracle will close Wednesday",-0.1951006528695956,5,0,-0.0229700252365907,0.064825875547008
AMZN,2022-06-07,Strong Negative,"With shares of Kansas City’s Cerner turned over, sale to Oracle will close Wednesday",-0.1951006528695956,5,1,-0.0076002196531302,0.0572256558938778
AMZN,2022-06-07,Strong Negative,"With shares of Kansas City’s Cerner turned over, sale to Oracle will close Wednesday",-0.1951006528695956,5,2,-0.014723580963975798,0.042502074929902
AMZN,2022-06-07,Strong Negative,"With shares of Kansas City’s Cerner turned over, sale to Oracle will close Wednesday",-0.1951006528695956,5,3,-0.0206918127789563,0.021810262150945704
AMZN,2022-06-07,Strong Negative,"With shares of Kansas City’s Cerner turned over, sale to Oracle will close Wednesday",-0.1951006528695956,5,4,-0.008040883337467095,0.01376937881347861
AMZN,2022-06-07,Strong Negative,"With shares of Kansas City’s Cerner turned over, sale to Oracle will close Wednesday",-0.1951006528695956,5,5,-0.014933898440963201,-0.0011645196274845913
AMZN,2022-06-08,Strong Negative,Amazon Sued Over 'Bait-And-Switch' Whole Foods Fee,-0.5951129337586177,5,-5,0.0196618956685525,0.0196618956685525
AMZN,2022-06-08,Strong Negative,Amazon Sued Over 'Bait-And-Switch' Whole Foods Fee,-0.5951129337586177,5,-4,0.004064800298378302,0.023726695966930802
AMZN,2022-06-08,Strong Negative,Amazon Sued Over 'Bait-And-Switch' Whole Foods Fee,-0.5951129337586177,5,-3,0.0008341517128180008,0.024560847679748803
AMZN,2022-06-08,Strong Negative,Amazon Sued Over 'Bait-And-Switch' Whole Foods Fee,-0.5951129337586177,5,-2,0.016611922594092797,0.0411727702738416
AMZN,2022-06-08,Strong Negative,Amazon Sued Over 'Bait-And-Switch' Whole Foods Fee,-0.5951129337586177,5,-1,-0.0229700252365907,0.0182027450372509
AMZN,2022-06-08,Strong Negative,Amazon Sued Over 'Bait-And-Switch' Whole Foods Fee,-0.5951129337586177,5,0,-0.0076002196531302,0.010602525384120699
AMZN,2022-06-08,Strong Negative,Amazon Sued Over 'Bait-And-Switch' Whole Foods Fee,-0.5951129337586177,5,1,-0.014723580963975798,-0.0041210555798551
AMZN,2022-06-08,Strong Negative,Amazon Sued Over 'Bait-And-Switch' Whole Foods Fee,-0.5951129337586177,5,2,-0.0206918127789563,-0.0248128683588114
AMZN,2022-06-08,Strong Negative,Amazon Sued Over 'Bait-And-Switch' Whole Foods Fee,-0.5951129337586177,5,3,-0.008040883337467095,-0.032853751696278494
AMZN,2022-06-08,Strong Negative,Amazon Sued Over 'Bait-And-Switch' Whole Foods Fee,-0.5951129337586177,5,4,-0.014933898440963201,-0.04778765013724169
AMZN,2022-06-08,Strong Negative,Amazon Sued Over 'Bait-And-Switch' Whole Foods Fee,-0.5951129337586177,5,5,0.0274178263428186,-0.020369823794423092
AMZN,2022-06-13,Strong Negative,"Drones will start delivering Amazon packages this year, company says",-0.0408905414461998,9,-5,0.016611922594092797,0.016611922594092797
AMZN,2022-06-13,Strong Negative,"Drones will start delivering Amazon packages this year, company says",-0.0408905414461998,9,-4,-0.0229700252365907,-0.006358102642497903
AMZN,2022-06-13,Strong Negative,"Drones will start delivering Amazon packages this year, company says",-0.0408905414461998,9,-3,-0.0076002196531302,-0.013958322295628104
AMZN,2022-06-13,Strong Negative,"Drones will start delivering Amazon packages this year, company says",-0.0408905414461998,9,-2,-0.014723580963975798,-0.028681903259603903
AMZN,2022-06-13,Strong Negative,"Drones will start delivering Amazon packages this year, company says",-0.0408905414461998,9,-1,-0.0206918127789563,-0.0493737160385602
AMZN,2022-06-13,Strong Negative,"Drones will start delivering Amazon packages this year, company says",-0.0408905414461998,9,0,-0.008040883337467095,-0.057414599376027296
AMZN,2022-06-13,Strong Negative,"Drones will start delivering Amazon packages this year, company says",-0.0408905414461998,9,1,-0.014933898440963201,-0.0723484978169905
AMZN,2022-06-13,Strong Negative,"Drones will start delivering Amazon packages this year, company says",-0.0408905414461998,9,2,0.0274178263428186,-0.0449306714741719
AMZN,2022-06-13,Strong Negative,"Drones will start delivering Amazon packages this year, company says",-0.0408905414461998,9,3,0.0031030231746678044,-0.0418276482995041
AMZN,2022-06-13,Strong Negative,"Drones will start delivering Amazon packages this year, company says",-0.0408905414461998,9,4,0.0125366903890243,-0.029290957910479795
AMZN,2022-06-13,Strong Negative,"Drones will start delivering Amazon packages this year, company says",-0.0408905414461998,9,5,-0.0020704422854262994,-0.031361400195906095
AMZN,2022-06-23,Strong Negative,Here’s how much the Jif peanut butter recall could cost parent company JM Smucker,-1.0,1,-5,0.0274178263428186,0.0274178263428186
AMZN,2022-06-23,Strong Negative,Here’s how much the Jif peanut butter recall could cost parent company JM Smucker,-1.0,1,-4,0.0031030231746678044,0.030520849517486404
AMZN,2022-06-23,Strong Negative,Here’s how much the Jif peanut butter recall could cost parent company JM Smucker,-1.0,1,-3,0.0125366903890243,0.043057539906510706
AMZN,2022-06-23,Strong Negative,Here’s how much the Jif peanut butter recall could cost parent company JM Smucker,-1.0,1,-2,-0.0020704422854262994,0.040987097621084406
AMZN,2022-06-23,Strong Negative,Here’s how much the Jif peanut butter recall could cost parent company JM Smucker,-1.0,1,-1,0.0039431144342730005,0.04493021205535741
AMZN,2022-06-23,Strong Negative,Here’s how much the Jif peanut butter recall could cost parent company JM Smucker,-1.0,1,0,0.017140012257941498,0.06207022431329891
AMZN,2022-06-23,Strong Negative,Here’s how much the Jif peanut butter recall could cost parent company JM Smucker,-1.0,1,1,0.0014889593394782005,0.0635591836527771
AMZN,2022-06-23,Strong Negative,Here’s how much the Jif peanut butter recall could cost parent company JM Smucker,-1.0,1,2,-0.0204892603875423,0.0430699232652348
AMZN,2022-06-23,Strong Negative,Here’s how much the Jif peanut butter recall could cost parent company JM Smucker,-1.0,1,3,-0.020937397308484804,0.02213252595675
AMZN,2022-06-23,Strong Negative,Here’s how much the Jif peanut butter recall could cost parent company JM Smucker,-1.0,1,4,0.013235822380230201,0.0353683483369802
AMZN,2022-06-23,Strong Negative,Here’s how much the Jif peanut butter recall could cost parent company JM Smucker,-1.0,1,5,-0.012477581830208301,0.022890766506771902
AMZN,2022-06-24,Strong Positive,Seattle Pride’s Biggest Sponsors Also Give Big to Homophobic Politicians,0.4908215942037984,4,-5,0.0031030231746678044,0.0031030231746678044
AMZN,2022-06-24,Strong Positive,Seattle Pride’s Biggest Sponsors Also Give Big to Homophobic Politicians,0.4908215942037984,4,-4,0.0125366903890243,0.015639713563692106
AMZN,2022-06-24,Strong Positive,Seattle Pride’s Biggest Sponsors Also Give Big to Homophobic Politicians,0.4908215942037984,4,-3,-0.0020704422854262994,0.013569271278265807
AMZN,2022-06-24,Strong Positive,Seattle Pride’s Biggest Sponsors Also Give Big to Homophobic Politicians,0.4908215942037984,4,-2,0.0039431144342730005,0.017512385712538808
AMZN,2022-06-24,Strong Positive,Seattle Pride’s Biggest Sponsors Also Give Big to Homophobic Politicians,0.4908215942037984,4,-1,0.017140012257941498,0.03465239797048031
AMZN,2022-06-24,Strong Positive,Seattle Pride’s Biggest Sponsors Also Give Big to Homophobic Politicians,0.4908215942037984,4,0,0.0014889593394782005,0.03614135730995851
AMZN,2022-06-24,Strong Positive,Seattle Pride’s Biggest Sponsors Also Give Big to Homophobic Politicians,0.4908215942037984,4,1,-0.0204892603875423,0.01565209692241621
AMZN,2022-06-24,Strong Positive,Seattle Pride’s Biggest Sponsors Also Give Big to Homophobic Politicians,0.4908215942037984,4,2,-0.020937397308484804,-0.0052853003860685935
AMZN,2022-06-24,Strong Positive,Seattle Pride’s Biggest Sponsors Also Give Big to Homophobic Politicians,0.4908215942037984,4,3,0.013235822380230201,0.007950521994161608
AMZN,2022-06-24,Strong Positive,Seattle Pride’s Biggest Sponsors Also Give Big to Homophobic Politicians,0.4908215942037984,4,4,-0.012477581830208301,-0.004527059836046694
AMZN,2022-06-24,Strong Positive,Seattle Pride’s Biggest Sponsors Also Give Big to Homophobic Politicians,0.4908215942037984,4,5,0.0249405839850744,0.020413524149027706
AMZN,2022-06-28,Strong Positive,Kroger's automated grocery delivery warehouse opens in Pleasant Prairie,0.3213197168863876,3,-5,-0.0020704422854262994,-0.0020704422854262994
AMZN,2022-06-28,Strong Positive,Kroger's automated grocery delivery warehouse opens in Pleasant Prairie,0.3213197168863876,3,-4,0.0039431144342730005,0.0018726721488467012
AMZN,2022-06-28,Strong Positive,Kroger's automated grocery delivery warehouse opens in Pleasant Prairie,0.3213197168863876,3,-3,0.017140012257941498,0.0190126844067882
AMZN,2022-06-28,Strong Positive,Kroger's automated grocery delivery warehouse opens in Pleasant Prairie,0.3213197168863876,3,-2,0.0014889593394782005,0.0205016437462664
AMZN,2022-06-28,Strong Positive,Kroger's automated grocery delivery warehouse opens in Pleasant Prairie,0.3213197168863876,3,-1,-0.0204892603875423,1.2383358724100263e-05
AMZN,2022-06-28,Strong Positive,Kroger's automated grocery delivery warehouse opens in Pleasant Prairie,0.3213197168863876,3,0,-0.020937397308484804,-0.020925013949760703
AMZN,2022-06-28,Strong Positive,Kroger's automated grocery delivery warehouse opens in Pleasant Prairie,0.3213197168863876,3,1,0.013235822380230201,-0.007689191569530502
AMZN,2022-06-28,Strong Positive,Kroger's automated grocery delivery warehouse opens in Pleasant Prairie,0.3213197168863876,3,2,-0.012477581830208301,-0.020166773399738804
AMZN,2022-06-28,Strong Positive,Kroger's automated grocery delivery warehouse opens in Pleasant Prairie,0.3213197168863876,3,3,0.0249405839850744,0.004773810585335596
AMZN,2022-06-28,Strong Positive,Kroger's automated grocery delivery warehouse opens in Pleasant Prairie,0.3213197168863876,3,4,0.0188425271424619,0.023616337727797497
AMZN,2022-06-28,Strong Positive,Kroger's automated grocery delivery warehouse opens in Pleasant Prairie,0.3213197168863876,3,5,0.0009006293656715,0.024516967093468997
AMZN,2022-06-30,Strong Negative,"Amazon, Disney, AT&T Gave to Abortion Foes Like DeSantis While Vowing to Help Employees",-0.1208911054651421,9,-5,0.017140012257941498,0.017140012257941498
AMZN,2022-06-30,Strong Negative,"Amazon, Disney, AT&T Gave to Abortion Foes Like DeSantis While Vowing to Help Employees",-0.1208911054651421,9,-4,0.0014889593394782005,0.018628971597419698
AMZN,2022-06-30,Strong Negative,"Amazon, Disney, AT&T Gave to Abortion Foes Like DeSantis While Vowing to Help Employees",-0.1208911054651421,9,-3,-0.0204892603875423,-0.001860288790122601
AMZN,2022-06-30,Strong Negative,"Amazon, Disney, AT&T Gave to Abortion Foes Like DeSantis While Vowing to Help Employees",-0.1208911054651421,9,-2,-0.020937397308484804,-0.022797686098607405
AMZN,2022-06-30,Strong Negative,"Amazon, Disney, AT&T Gave to Abortion Foes Like DeSantis While Vowing to Help Employees",-0.1208911054651421,9,-1,0.013235822380230201,-0.009561863718377204
AMZN,2022-06-30,Strong Negative,"Amazon, Disney, AT&T Gave to Abortion Foes Like DeSantis While Vowing to Help Employees",-0.1208911054651421,9,0,-0.012477581830208301,-0.022039445548585505
AMZN,2022-06-30,Strong Negative,"Amazon, Disney, AT&T Gave to Abortion Foes Like DeSantis While Vowing to Help Employees",-0.1208911054651421,9,1,0.0249405839850744,0.0029011384364888947
AMZN,2022-06-30,Strong Negative,"Amazon, Disney, AT&T Gave to Abortion Foes Like DeSantis While Vowing to Help Employees",-0.1208911054651421,9,2,0.0188425271424619,0.021743665578950796
AMZN,2022-06-30,Strong Negative,"Amazon, Disney, AT&T Gave to Abortion Foes Like DeSantis While Vowing to Help Employees",-0.1208911054651421,9,3,0.0009006293656715,0.022644294944622296
AMZN,2022-06-30,Strong Negative,"Amazon, Disney, AT&T Gave to Abortion Foes Like DeSantis While Vowing to Help Employees",-0.1208911054651421,9,4,-0.003905560428645101,0.018738734515977195
AMZN,2022-06-30,Strong Negative,"Amazon, Disney, AT&T Gave to Abortion Foes Like DeSantis While Vowing to Help Employees",-0.1208911054651421,9,5,-0.0080454894332629,0.010693245082714294
AVGO,2022-01-24,Strong Positive,"Silicon Labs Announces BG24, MG24 TinyML 2.4GHz SoCs — and Boasts of a Fourfold Performance Gain",1.0,1,-5,-0.0075955814507742,-0.0075955814507742
AVGO,2022-01-24,Strong Positive,"Silicon Labs Announces BG24, MG24 TinyML 2.4GHz SoCs — and Boasts of a Fourfold Performance Gain",1.0,1,-4,-0.006260764390710698,-0.013856345841484898
AVGO,2022-01-24,Strong Positive,"Silicon Labs Announces BG24, MG24 TinyML 2.4GHz SoCs — and Boasts of a Fourfold Performance Gain",1.0,1,-3,-0.012935260644072799,-0.026791606485557697
AVGO,2022-01-24,Strong Positive,"Silicon Labs Announces BG24, MG24 TinyML 2.4GHz SoCs — and Boasts of a Fourfold Performance Gain",1.0,1,-2,-0.015825194098029897,-0.04261680058358759
AVGO,2022-01-24,Strong Positive,"Silicon Labs Announces BG24, MG24 TinyML 2.4GHz SoCs — and Boasts of a Fourfold Performance Gain",1.0,1,-1,0.0012737669052223996,-0.04134303367836519
AVGO,2022-01-24,Strong Positive,"Silicon Labs Announces BG24, MG24 TinyML 2.4GHz SoCs — and Boasts of a Fourfold Performance Gain",1.0,1,0,0.011080993723295001,-0.03026203995507019
AVGO,2022-01-24,Strong Positive,"Silicon Labs Announces BG24, MG24 TinyML 2.4GHz SoCs — and Boasts of a Fourfold Performance Gain",1.0,1,1,0.009444035783814801,-0.02081800417125539
AVGO,2022-01-24,Strong Positive,"Silicon Labs Announces BG24, MG24 TinyML 2.4GHz SoCs — and Boasts of a Fourfold Performance Gain",1.0,1,2,0.0445870832968953,0.02376907912563991
AVGO,2022-01-24,Strong Positive,"Silicon Labs Announces BG24, MG24 TinyML 2.4GHz SoCs — and Boasts of a Fourfold Performance Gain",1.0,1,3,-0.016512569956973498,0.007256509168666412
AVGO,2022-01-24,Strong Positive,"Silicon Labs Announces BG24, MG24 TinyML 2.4GHz SoCs — and Boasts of a Fourfold Performance Gain",1.0,1,4,0.001435125723971302,0.008691634892637714
AVGO,2022-01-24,Strong Positive,"Silicon Labs Announces BG24, MG24 TinyML 2.4GHz SoCs — and Boasts of a Fourfold Performance Gain",1.0,1,5,0.014049031601773405,0.02274066649441112
AVGO,2022-02-02,Strong Positive,VAST Data Accelerates Global Expansion Plans Across Europe and Asia,1.0,1,-5,0.0445870832968953,0.0445870832968953
AVGO,2022-02-02,Strong Positive,VAST Data Accelerates Global Expansion Plans Across Europe and Asia,1.0,1,-4,-0.016512569956973498,0.0280745133399218
AVGO,2022-02-02,Strong Positive,VAST Data Accelerates Global Expansion Plans Across Europe and Asia,1.0,1,-3,0.001435125723971302,0.029509639063893103
AVGO,2022-02-02,Strong Positive,VAST Data Accelerates Global Expansion Plans Across Europe and Asia,1.0,1,-2,0.014049031601773405,0.04355867066566651
AVGO,2022-02-02,Strong Positive,VAST Data Accelerates Global Expansion Plans Across Europe and Asia,1.0,1,-1,0.00487120348343,0.04842987414909651
AVGO,2022-02-02,Strong Positive,VAST Data Accelerates Global Expansion Plans Across Europe and Asia,1.0,1,0,0.009943721619664699,0.05837359576876121
AVGO,2022-02-02,Strong Positive,VAST Data Accelerates Global Expansion Plans Across Europe and Asia,1.0,1,1,0.003124703804505004,0.06149829957326621
AVGO,2022-02-02,Strong Positive,VAST Data Accelerates Global Expansion Plans Across Europe and Asia,1.0,1,2,0.0034129737702523998,0.06491127334351861
AVGO,2022-02-02,Strong Positive,VAST Data Accelerates Global Expansion Plans Across Europe and Asia,1.0,1,3,0.003757458510292501,0.06866873185381112
AVGO,2022-02-02,Strong Positive,VAST Data Accelerates Global Expansion Plans Across Europe and Asia,1.0,1,4,0.0101898931810167,0.07885862503482782
AVGO,2022-02-02,Strong Positive,VAST Data Accelerates Global Expansion Plans Across Europe and Asia,1.0,1,5,-0.0026640867322877994,0.07619453830254003
AVGO,2022-02-04,Strong Positive,"Apple, Broadcom win new trial in $1.1 bln Caltech patent case",1.0,2,-5,0.001435125723971302,0.001435125723971302
AVGO,2022-02-04,Strong Positive,"Apple, Broadcom win new trial in $1.1 bln Caltech patent case",1.0,2,-4,0.014049031601773405,0.015484157325744707
AVGO,2022-02-04,Strong Positive,"Apple, Broadcom win new trial in $1.1 bln Caltech patent case",1.0,2,-3,0.00487120348343,0.02035536080917471
AVGO,2022-02-04,Strong Positive,"Apple, Broadcom win new trial in $1.1 bln Caltech patent case",1.0,2,-2,0.009943721619664699,0.030299082428839406
AVGO,2022-02-04,Strong Positive,"Apple, Broadcom win new trial in $1.1 bln Caltech patent case",1.0,2,-1,0.003124703804505004,0.03342378623334441
AVGO,2022-02-04,Strong Positive,"Apple, Broadcom win new trial in $1.1 bln Caltech patent case",1.0,2,0,0.0034129737702523998,0.03683676000359681
AVGO,2022-02-04,Strong Positive,"Apple, Broadcom win new trial in $1.1 bln Caltech patent case",1.0,2,1,0.003757458510292501,0.040594218513889314
AVGO,2022-02-04,Strong Positive,"Apple, Broadcom win new trial in $1.1 bln Caltech patent case",1.0,2,2,0.0101898931810167,0.050784111694906015
AVGO,2022-02-04,Strong Positive,"Apple, Broadcom win new trial in $1.1 bln Caltech patent case",1.0,2,3,-0.0026640867322877994,0.04812002496261822
AVGO,2022-02-04,Strong Positive,"Apple, Broadcom win new trial in $1.1 bln Caltech patent case",1.0,2,4,-0.010049824131240597,0.03807020083137762
AVGO,2022-02-04,Strong Positive,"Apple, Broadcom win new trial in $1.1 bln Caltech patent case",1.0,2,5,0.0013847963750571006,0.03945499720643472
AVGO,2022-02-28,Strong Positive,Intel Boosting Chipmaking With $5.4B Tower Buy,1.0,1,-5,0.0131148672887894,0.0131148672887894
AVGO,2022-02-28,Strong Positive,Intel Boosting Chipmaking With $5.4B Tower Buy,1.0,1,-4,0.0056817113700006,0.01879657865879
AVGO,2022-02-28,Strong Positive,Intel Boosting Chipmaking With $5.4B Tower Buy,1.0,1,-3,0.0043670017325452976,0.023163580391335297
AVGO,2022-02-28,Strong Positive,Intel Boosting Chipmaking With $5.4B Tower Buy,1.0,1,-2,-0.0074011265249135025,0.015762453866421795
AVGO,2022-02-28,Strong Positive,Intel Boosting Chipmaking With $5.4B Tower Buy,1.0,1,-1,-0.0016967225569327008,0.014065731309489094
AVGO,2022-02-28,Strong Positive,Intel Boosting Chipmaking With $5.4B Tower Buy,1.0,1,0,-0.0039479948337615,0.010117736475727595
AVGO,2022-02-28,Strong Positive,Intel Boosting Chipmaking With $5.4B Tower Buy,1.0,1,1,-0.014172359660985002,-0.004054623185257407
AVGO,2022-02-28,Strong Positive,Intel Boosting Chipmaking With $5.4B Tower Buy,1.0,1,2,0.0106881350196208,0.0066335118343633925
AVGO,2022-02-28,Strong Positive,Intel Boosting Chipmaking With $5.4B Tower Buy,1.0,1,3,0.002027979906150501,0.008661491740513894
AVGO,2022-02-28,Strong Positive,Intel Boosting Chipmaking With $5.4B Tower Buy,1.0,1,4,0.0445471980350455,0.05320868977555939
AVGO,2022-02-28,Strong Positive,Intel Boosting Chipmaking With $5.4B Tower Buy,1.0,1,5,-0.005552455255235199,0.04765623452032419
AVGO,2022-03-07,Strong Positive,GLOBALFOUNDRIES ANNOUNCES NEXT GENERATION IN SILICON PHOTONICS SOLUTIONS AND COLLABORATES WITH INDUSTRY LEADERS TO ADVANCE A NEW ERA OF MORE IN THE DATA CENTER,1.0,1,-5,-0.0039479948337615,-0.0039479948337615
AVGO,2022-03-07,Strong Positive,GLOBALFOUNDRIES ANNOUNCES NEXT GENERATION IN SILICON PHOTONICS SOLUTIONS AND COLLABORATES WITH INDUSTRY LEADERS TO ADVANCE A NEW ERA OF MORE IN THE DATA CENTER,1.0,1,-4,-0.014172359660985002,-0.018120354494746502
AVGO,2022-03-07,Strong Positive,GLOBALFOUNDRIES ANNOUNCES NEXT GENERATION IN SILICON PHOTONICS SOLUTIONS AND COLLABORATES WITH INDUSTRY LEADERS TO ADVANCE A NEW ERA OF MORE IN THE DATA CENTER,1.0,1,-3,0.0106881350196208,-0.007432219475125703
AVGO,2022-03-07,Strong Positive,GLOBALFOUNDRIES ANNOUNCES NEXT GENERATION IN SILICON PHOTONICS SOLUTIONS AND COLLABORATES WITH INDUSTRY LEADERS TO ADVANCE A NEW ERA OF MORE IN THE DATA CENTER,1.0,1,-2,0.002027979906150501,-0.005404239568975202
AVGO,2022-03-07,Strong Positive,GLOBALFOUNDRIES ANNOUNCES NEXT GENERATION IN SILICON PHOTONICS SOLUTIONS AND COLLABORATES WITH INDUSTRY LEADERS TO ADVANCE A NEW ERA OF MORE IN THE DATA CENTER,1.0,1,-1,0.0445471980350455,0.0391429584660703
AVGO,2022-03-07,Strong Positive,GLOBALFOUNDRIES ANNOUNCES NEXT GENERATION IN SILICON PHOTONICS SOLUTIONS AND COLLABORATES WITH INDUSTRY LEADERS TO ADVANCE A NEW ERA OF MORE IN THE DATA CENTER,1.0,1,0,-0.005552455255235199,0.0335905032108351
AVGO,2022-03-07,Strong Positive,GLOBALFOUNDRIES ANNOUNCES NEXT GENERATION IN SILICON PHOTONICS SOLUTIONS AND COLLABORATES WITH INDUSTRY LEADERS TO ADVANCE A NEW ERA OF MORE IN THE DATA CENTER,1.0,1,1,0.013847548650209401,0.0474380518610445
AVGO,2022-03-07,Strong Positive,GLOBALFOUNDRIES ANNOUNCES NEXT GENERATION IN SILICON PHOTONICS SOLUTIONS AND COLLABORATES WITH INDUSTRY LEADERS TO ADVANCE A NEW ERA OF MORE IN THE DATA CENTER,1.0,1,2,0.0005845124500880039,0.048022564311132505
AVGO,2022-03-07,Strong Positive,GLOBALFOUNDRIES ANNOUNCES NEXT GENERATION IN SILICON PHOTONICS SOLUTIONS AND COLLABORATES WITH INDUSTRY LEADERS TO ADVANCE A NEW ERA OF MORE IN THE DATA CENTER,1.0,1,3,-0.0044557791600569,0.04356678515107561
AVGO,2022-03-07,Strong Positive,GLOBALFOUNDRIES ANNOUNCES NEXT GENERATION IN SILICON PHOTONICS SOLUTIONS AND COLLABORATES WITH INDUSTRY LEADERS TO ADVANCE A NEW ERA OF MORE IN THE DATA CENTER,1.0,1,4,0.003927958774644899,0.047494743925720506
AVGO,2022-03-07,Strong Positive,GLOBALFOUNDRIES ANNOUNCES NEXT GENERATION IN SILICON PHOTONICS SOLUTIONS AND COLLABORATES WITH INDUSTRY LEADERS TO ADVANCE A NEW ERA OF MORE IN THE DATA CENTER,1.0,1,5,0.0018126299305602014,0.04930737385628071
AVGO,2022-03-09,Strong Negative,CAFC Affirms ITC Denial of Broadcom’s Request for Ban on Renesas Products Under Section 337,-0.5140907123343729,2,-5,0.0106881350196208,0.0106881350196208
AVGO,2022-03-09,Strong Negative,CAFC Affirms ITC Denial of Broadcom’s Request for Ban on Renesas Products Under Section 337,-0.5140907123343729,2,-4,0.002027979906150501,0.0127161149257713
AVGO,2022-03-09,Strong Negative,CAFC Affirms ITC Denial of Broadcom’s Request for Ban on Renesas Products Under Section 337,-0.5140907123343729,2,-3,0.0445471980350455,0.0572633129608168
AVGO,2022-03-09,Strong Negative,CAFC Affirms ITC Denial of Broadcom’s Request for Ban on Renesas Products Under Section 337,-0.5140907123343729,2,-2,-0.005552455255235199,0.0517108577055816
AVGO,2022-03-09,Strong Negative,CAFC Affirms ITC Denial of Broadcom’s Request for Ban on Renesas Products Under Section 337,-0.5140907123343729,2,-1,0.013847548650209401,0.065558406355791
AVGO,2022-03-09,Strong Negative,CAFC Affirms ITC Denial of Broadcom’s Request for Ban on Renesas Products Under Section 337,-0.5140907123343729,2,0,0.0005845124500880039,0.066142918805879
AVGO,2022-03-09,Strong Negative,CAFC Affirms ITC Denial of Broadcom’s Request for Ban on Renesas Products Under Section 337,-0.5140907123343729,2,1,-0.0044557791600569,0.0616871396458221
AVGO,2022-03-09,Strong Negative,CAFC Affirms ITC Denial of Broadcom’s Request for Ban on Renesas Products Under Section 337,-0.5140907123343729,2,2,0.003927958774644899,0.065615098420467
AVGO,2022-03-09,Strong Negative,CAFC Affirms ITC Denial of Broadcom’s Request for Ban on Renesas Products Under Section 337,-0.5140907123343729,2,3,0.0018126299305602014,0.0674277283510272
AVGO,2022-03-09,Strong Negative,CAFC Affirms ITC Denial of Broadcom’s Request for Ban on Renesas Products Under Section 337,-0.5140907123343729,2,4,0.012592456349064397,0.08002018470009159
AVGO,2022-03-09,Strong Negative,CAFC Affirms ITC Denial of Broadcom’s Request for Ban on Renesas Products Under Section 337,-0.5140907123343729,2,5,-0.012861060364262003,0.06715912433582959
AVGO,2022-03-15,Strong Negative,"Webroot sues CrowdStrike, Sophos, others over alleged patent infringement",-1.0,1,-5,0.013847548650209401,0.013847548650209401
AVGO,2022-03-15,Strong Negative,"Webroot sues CrowdStrike, Sophos, others over alleged patent infringement",-1.0,1,-4,0.0005845124500880039,0.014432061100297405
AVGO,2022-03-15,Strong Negative,"Webroot sues CrowdStrike, Sophos, others over alleged patent infringement",-1.0,1,-3,-0.0044557791600569,0.009976281940240505
AVGO,2022-03-15,Strong Negative,"Webroot sues CrowdStrike, Sophos, others over alleged patent infringement",-1.0,1,-2,0.003927958774644899,0.013904240714885404
AVGO,2022-03-15,Strong Negative,"Webroot sues CrowdStrike, Sophos, others over alleged patent infringement",-1.0,1,-1,0.0018126299305602014,0.015716870645445608
AVGO,2022-03-15,Strong Negative,"Webroot sues CrowdStrike, Sophos, others over alleged patent infringement",-1.0,1,0,0.012592456349064397,0.028309326994510005
AVGO,2022-03-15,Strong Negative,"Webroot sues CrowdStrike, Sophos, others over alleged patent infringement",-1.0,1,1,-0.012861060364262003,0.015448266630248002
AVGO,2022-03-15,Strong Negative,"Webroot sues CrowdStrike, Sophos, others over alleged patent infringement",-1.0,1,2,-0.019436186834019598,-0.003987920203771596
AVGO,2022-03-15,Strong Negative,"Webroot sues CrowdStrike, Sophos, others over alleged patent infringement",-1.0,1,3,-0.0076250764374512,-0.011612996641222796
AVGO,2022-03-15,Strong Negative,"Webroot sues CrowdStrike, Sophos, others over alleged patent infringement",-1.0,1,4,-0.0054993527742682995,-0.017112349415491095
AVGO,2022-03-15,Strong Negative,"Webroot sues CrowdStrike, Sophos, others over alleged patent infringement",-1.0,1,5,-0.002938457630438998,-0.020050807045930093
AVGO,2022-03-22,Strong Positive,Global Navigation Satellite System Market is Projected to Hit USD 320.73 Billion in 2021-2028 | GNSS Industry Exhibit a CAGR of 9.02%,1.0,1,-5,0.012592456349064397,0.012592456349064397
AVGO,2022-03-22,Strong Positive,Global Navigation Satellite System Market is Projected to Hit USD 320.73 Billion in 2021-2028 | GNSS Industry Exhibit a CAGR of 9.02%,1.0,1,-4,-0.012861060364262003,-0.00026860401519760574
AVGO,2022-03-22,Strong Positive,Global Navigation Satellite System Market is Projected to Hit USD 320.73 Billion in 2021-2028 | GNSS Industry Exhibit a CAGR of 9.02%,1.0,1,-3,-0.019436186834019598,-0.019704790849217203
AVGO,2022-03-22,Strong Positive,Global Navigation Satellite System Market is Projected to Hit USD 320.73 Billion in 2021-2028 | GNSS Industry Exhibit a CAGR of 9.02%,1.0,1,-2,-0.0076250764374512,-0.027329867286668405
AVGO,2022-03-22,Strong Positive,Global Navigation Satellite System Market is Projected to Hit USD 320.73 Billion in 2021-2028 | GNSS Industry Exhibit a CAGR of 9.02%,1.0,1,-1,-0.0054993527742682995,-0.032829220060936706
AVGO,2022-03-22,Strong Positive,Global Navigation Satellite System Market is Projected to Hit USD 320.73 Billion in 2021-2028 | GNSS Industry Exhibit a CAGR of 9.02%,1.0,1,0,-0.002938457630438998,-0.035767677691375704
AVGO,2022-03-22,Strong Positive,Global Navigation Satellite System Market is Projected to Hit USD 320.73 Billion in 2021-2028 | GNSS Industry Exhibit a CAGR of 9.02%,1.0,1,1,-0.005192210505921502,-0.040959888197297206
AVGO,2022-03-22,Strong Positive,Global Navigation Satellite System Market is Projected to Hit USD 320.73 Billion in 2021-2028 | GNSS Industry Exhibit a CAGR of 9.02%,1.0,1,2,0.0229032426032015,-0.018056645594095706
AVGO,2022-03-22,Strong Positive,Global Navigation Satellite System Market is Projected to Hit USD 320.73 Billion in 2021-2028 | GNSS Industry Exhibit a CAGR of 9.02%,1.0,1,3,0.0047292118002272,-0.013327433793868505
AVGO,2022-03-22,Strong Positive,Global Navigation Satellite System Market is Projected to Hit USD 320.73 Billion in 2021-2028 | GNSS Industry Exhibit a CAGR of 9.02%,1.0,1,4,-0.0090960342814492,-0.022423468075317705
AVGO,2022-03-22,Strong Positive,Global Navigation Satellite System Market is Projected to Hit USD 320.73 Billion in 2021-2028 | GNSS Industry Exhibit a CAGR of 9.02%,1.0,1,5,-0.0036367145718537996,-0.026060182647171505
AVGO,2022-03-29,Strong Positive,Verblecon: Sophisticated New Loader Used in Low-level Attacks,0.4287512148776154,2,-5,-0.002938457630438998,-0.002938457630438998
AVGO,2022-03-29,Strong Positive,Verblecon: Sophisticated New Loader Used in Low-level Attacks,0.4287512148776154,2,-4,-0.005192210505921502,-0.0081306681363605
AVGO,2022-03-29,Strong Positive,Verblecon: Sophisticated New Loader Used in Low-level Attacks,0.4287512148776154,2,-3,0.0229032426032015,0.014772574466841
AVGO,2022-03-29,Strong Positive,Verblecon: Sophisticated New Loader Used in Low-level Attacks,0.4287512148776154,2,-2,0.0047292118002272,0.0195017862670682
AVGO,2022-03-29,Strong Positive,Verblecon: Sophisticated New Loader Used in Low-level Attacks,0.4287512148776154,2,-1,-0.0090960342814492,0.010405751985619001
AVGO,2022-03-29,Strong Positive,Verblecon: Sophisticated New Loader Used in Low-level Attacks,0.4287512148776154,2,0,-0.0036367145718537996,0.006769037413765201
AVGO,2022-03-29,Strong Positive,Verblecon: Sophisticated New Loader Used in Low-level Attacks,0.4287512148776154,2,1,-0.005135952869943601,0.0016330845438216005
AVGO,2022-03-29,Strong Positive,Verblecon: Sophisticated New Loader Used in Low-level Attacks,0.4287512148776154,2,2,0.0101603166665893,0.0117934012104109
AVGO,2022-03-29,Strong Positive,Verblecon: Sophisticated New Loader Used in Low-level Attacks,0.4287512148776154,2,3,-0.0023843278441262,0.009409073366284701
AVGO,2022-03-29,Strong Positive,Verblecon: Sophisticated New Loader Used in Low-level Attacks,0.4287512148776154,2,4,-0.00803635441553,0.0013727189507547009
AVGO,2022-03-29,Strong Positive,Verblecon: Sophisticated New Loader Used in Low-level Attacks,0.4287512148776154,2,5,-0.010449464038998203,-0.009076745088243502
AVGO,2022-04-14,Strong Negative,"Broadcom Inc. stock falls Thursday, underperforms market",-0.5252393252985723,2,-5,-0.0006338482647174999,-0.0006338482647174999
AVGO,2022-04-14,Strong Negative,"Broadcom Inc. stock falls Thursday, underperforms market",-0.5252393252985723,2,-4,-0.012635299607343501,-0.013269147872061002
AVGO,2022-04-14,Strong Negative,"Broadcom Inc. stock falls Thursday, underperforms market",-0.5252393252985723,2,-3,0.0127711297731144,-0.000498018098946602
AVGO,2022-04-14,Strong Negative,"Broadcom Inc. stock falls Thursday, underperforms market",-0.5252393252985723,2,-2,0.0119063382059224,0.011408320106975798
AVGO,2022-04-14,Strong Negative,"Broadcom Inc. stock falls Thursday, underperforms market",-0.5252393252985723,2,-1,-0.0075595877929178,0.003848732314057997
AVGO,2022-04-14,Strong Negative,"Broadcom Inc. stock falls Thursday, underperforms market",-0.5252393252985723,2,0,-0.008675160006159203,-0.004826427692101206
AVGO,2022-04-14,Strong Negative,"Broadcom Inc. stock falls Thursday, underperforms market",-0.5252393252985723,2,1,0.021276102108507697,0.01644967441640649
AVGO,2022-04-14,Strong Negative,"Broadcom Inc. stock falls Thursday, underperforms market",-0.5252393252985723,2,2,-0.0033912299707430024,0.013058444445663488
AVGO,2022-04-14,Strong Negative,"Broadcom Inc. stock falls Thursday, underperforms market",-0.5252393252985723,2,3,0.0147519519907593,0.027810396436422788
AVGO,2022-04-14,Strong Negative,"Broadcom Inc. stock falls Thursday, underperforms market",-0.5252393252985723,2,4,0.012342833616417498,0.040153230052840286
AVGO,2022-04-14,Strong Negative,"Broadcom Inc. stock falls Thursday, underperforms market",-0.5252393252985723,2,5,0.016434254093860803,0.05658748414670109
AVGO,2022-04-18,Strong Negative,Netflix Scores as California Judge Says Broadcom’s Dynamic Resource Provisioning Patent Claim is Abstract under Alice,-1.0,1,-5,-0.012635299607343501,-0.012635299607343501
AVGO,2022-04-18,Strong Negative,Netflix Scores as California Judge Says Broadcom’s Dynamic Resource Provisioning Patent Claim is Abstract under Alice,-1.0,1,-4,0.0127711297731144,0.00013583016577089872
AVGO,2022-04-18,Strong Negative,Netflix Scores as California Judge Says Broadcom’s Dynamic Resource Provisioning Patent Claim is Abstract under Alice,-1.0,1,-3,0.0119063382059224,0.012042168371693298
AVGO,2022-04-18,Strong Negative,Netflix Scores as California Judge Says Broadcom’s Dynamic Resource Provisioning Patent Claim is Abstract under Alice,-1.0,1,-2,-0.0075595877929178,0.004482580578775498
AVGO,2022-04-18,Strong Negative,Netflix Scores as California Judge Says Broadcom’s Dynamic Resource Provisioning Patent Claim is Abstract under Alice,-1.0,1,-1,-0.008675160006159203,-0.004192579427383705
AVGO,2022-04-18,Strong Negative,Netflix Scores as California Judge Says Broadcom’s Dynamic Resource Provisioning Patent Claim is Abstract under Alice,-1.0,1,0,0.021276102108507697,0.017083522681123994
AVGO,2022-04-18,Strong Negative,Netflix Scores as California Judge Says Broadcom’s Dynamic Resource Provisioning Patent Claim is Abstract under Alice,-1.0,1,1,-0.0033912299707430024,0.013692292710380992
AVGO,2022-04-18,Strong Negative,Netflix Scores as California Judge Says Broadcom’s Dynamic Resource Provisioning Patent Claim is Abstract under Alice,-1.0,1,2,0.0147519519907593,0.028444244701140292
AVGO,2022-04-18,Strong Negative,Netflix Scores as California Judge Says Broadcom’s Dynamic Resource Provisioning Patent Claim is Abstract under Alice,-1.0,1,3,0.012342833616417498,0.04078707831755779
AVGO,2022-04-18,Strong Negative,Netflix Scores as California Judge Says Broadcom’s Dynamic Resource Provisioning Patent Claim is Abstract under Alice,-1.0,1,4,0.016434254093860803,0.05722133241141859
AVGO,2022-04-18,Strong Negative,Netflix Scores as California Judge Says Broadcom’s Dynamic Resource Provisioning Patent Claim is Abstract under Alice,-1.0,1,5,-0.0112613431962245,0.04595998921519409
AVGO,2022-04-20,Strong Positive,Nvidia's GPU-powered AI is creating chips with 'better than human design',1.0,1,-5,0.0119063382059224,0.0119063382059224
AVGO,2022-04-20,Strong Positive,Nvidia's GPU-powered AI is creating chips with 'better than human design',1.0,1,-4,-0.0075595877929178,0.004346750413004599
AVGO,2022-04-20,Strong Positive,Nvidia's GPU-powered AI is creating chips with 'better than human design',1.0,1,-3,-0.008675160006159203,-0.004328409593154604
AVGO,2022-04-20,Strong Positive,Nvidia's GPU-powered AI is creating chips with 'better than human design',1.0,1,-2,0.021276102108507697,0.016947692515353094
AVGO,2022-04-20,Strong Positive,Nvidia's GPU-powered AI is creating chips with 'better than human design',1.0,1,-1,-0.0033912299707430024,0.013556462544610091
AVGO,2022-04-20,Strong Positive,Nvidia's GPU-powered AI is creating chips with 'better than human design',1.0,1,0,0.0147519519907593,0.02830841453536939
AVGO,2022-04-20,Strong Positive,Nvidia's GPU-powered AI is creating chips with 'better than human design',1.0,1,1,0.012342833616417498,0.04065124815178689
AVGO,2022-04-20,Strong Positive,Nvidia's GPU-powered AI is creating chips with 'better than human design',1.0,1,2,0.016434254093860803,0.05708550224564769
AVGO,2022-04-20,Strong Positive,Nvidia's GPU-powered AI is creating chips with 'better than human design',1.0,1,3,-0.0112613431962245,0.04582415904942319
AVGO,2022-04-20,Strong Positive,Nvidia's GPU-powered AI is creating chips with 'better than human design',1.0,1,4,-0.009560592667606796,0.036263566381816395
AVGO,2022-04-20,Strong Positive,Nvidia's GPU-powered AI is creating chips with 'better than human design',1.0,1,5,0.0002518373118475999,0.036515403693663996
AVGO,2022-05-20,Strong Positive,Coherent optics move toward interoperability,1.0,1,-5,-0.007894556896483901,-0.007894556896483901
AVGO,2022-05-20,Strong Positive,Coherent optics move toward interoperability,1.0,1,-4,0.0021224846328237006,-0.005772072263660201
AVGO,2022-05-20,Strong Positive,Coherent optics move toward interoperability,1.0,1,-3,0.0178285549236667,0.012056482660006498
AVGO,2022-05-20,Strong Positive,Coherent optics move toward interoperability,1.0,1,-2,-0.012703650433513604,-0.0006471677735071062
AVGO,2022-05-20,Strong Positive,Coherent optics move toward interoperability,1.0,1,-1,-0.0373359906349671,-0.0379831584084742
AVGO,2022-05-20,Strong Positive,Coherent optics move toward interoperability,1.0,1,0,-0.0024208440278621003,-0.0404040024363363
AVGO,2022-05-20,Strong Positive,Coherent optics move toward interoperability,1.0,1,1,-0.04761126535372261,-0.08801526779005892
AVGO,2022-05-20,Strong Positive,Coherent optics move toward interoperability,1.0,1,2,0.017158722761732102,-0.0708565450283268
AVGO,2022-05-20,Strong Positive,Coherent optics move toward interoperability,1.0,1,3,0.00017850774278170035,-0.0706780372855451
AVGO,2022-05-20,Strong Positive,Coherent optics move toward interoperability,1.0,1,4,0.008088323669561904,-0.0625897136159832
AVGO,2022-05-20,Strong Positive,Coherent optics move toward interoperability,1.0,1,5,0.0265984012612756,-0.0359913123547076
AVGO,2022-06-07,Strong Positive,Broadcom-VMware Merger Agreement Stock/Cash Election Provides Tax Advantages to VMware Shareholders,0.6208148163514681,2,-5,-0.0027474044286085,-0.0027474044286085
AVGO,2022-06-07,Strong Positive,Broadcom-VMware Merger Agreement Stock/Cash Election Provides Tax Advantages to VMware Shareholders,0.6208148163514681,2,-4,-0.0038257807953560007,-0.0065731852239645
AVGO,2022-06-07,Strong Positive,Broadcom-VMware Merger Agreement Stock/Cash Election Provides Tax Advantages to VMware Shareholders,0.6208148163514681,2,-3,-0.021946414034590002,-0.028519599258554504
AVGO,2022-06-07,Strong Positive,Broadcom-VMware Merger Agreement Stock/Cash Election Provides Tax Advantages to VMware Shareholders,0.6208148163514681,2,-2,0.0027506206255347027,-0.0257689786330198
AVGO,2022-06-07,Strong Positive,Broadcom-VMware Merger Agreement Stock/Cash Election Provides Tax Advantages to VMware Shareholders,0.6208148163514681,2,-1,-0.0070411025964587995,-0.0328100812294786
AVGO,2022-06-07,Strong Positive,Broadcom-VMware Merger Agreement Stock/Cash Election Provides Tax Advantages to VMware Shareholders,0.6208148163514681,2,0,0.012328030809555399,-0.020482050419923202
AVGO,2022-06-07,Strong Positive,Broadcom-VMware Merger Agreement Stock/Cash Election Provides Tax Advantages to VMware Shareholders,0.6208148163514681,2,1,-0.0061197192420100995,-0.0266017696619333
AVGO,2022-06-07,Strong Positive,Broadcom-VMware Merger Agreement Stock/Cash Election Provides Tax Advantages to VMware Shareholders,0.6208148163514681,2,2,0.0106184254370708,-0.0159833442248625
AVGO,2022-06-07,Strong Positive,Broadcom-VMware Merger Agreement Stock/Cash Election Provides Tax Advantages to VMware Shareholders,0.6208148163514681,2,3,0.008392344010043299,-0.007591000214819201
AVGO,2022-06-07,Strong Positive,Broadcom-VMware Merger Agreement Stock/Cash Election Provides Tax Advantages to VMware Shareholders,0.6208148163514681,2,4,0.0028027083673868997,-0.0047882918474323015
AVGO,2022-06-07,Strong Positive,Broadcom-VMware Merger Agreement Stock/Cash Election Provides Tax Advantages to VMware Shareholders,0.6208148163514681,2,5,0.0031110958413672,-0.0016771960060651017
AVGO,2022-06-14,Strong Negative,RSA 2022: The Road to Adversary Engagement,-0.2838654614187052,3,-5,0.012328030809555399,0.012328030809555399
AVGO,2022-06-14,Strong Negative,RSA 2022: The Road to Adversary Engagement,-0.2838654614187052,3,-4,-0.0061197192420100995,0.006208311567545299
AVGO,2022-06-14,Strong Negative,RSA 2022: The Road to Adversary Engagement,-0.2838654614187052,3,-3,0.0106184254370708,0.0168267370046161
AVGO,2022-06-14,Strong Negative,RSA 2022: The Road to Adversary Engagement,-0.2838654614187052,3,-2,0.008392344010043299,0.0252190810146594
AVGO,2022-06-14,Strong Negative,RSA 2022: The Road to Adversary Engagement,-0.2838654614187052,3,-1,0.0028027083673868997,0.0280217893820463
AVGO,2022-06-14,Strong Negative,RSA 2022: The Road to Adversary Engagement,-0.2838654614187052,3,0,0.0031110958413672,0.0311328852234135
AVGO,2022-06-14,Strong Negative,RSA 2022: The Road to Adversary Engagement,-0.2838654614187052,3,1,-0.0123990503998326,0.0187338348235809
AVGO,2022-06-14,Strong Negative,RSA 2022: The Road to Adversary Engagement,-0.2838654614187052,3,2,-0.015718694824184698,0.0030151399993962012
AVGO,2022-06-14,Strong Negative,RSA 2022: The Road to Adversary Engagement,-0.2838654614187052,3,3,-0.009202683252216699,-0.006187543252820497
AVGO,2022-06-14,Strong Negative,RSA 2022: The Road to Adversary Engagement,-0.2838654614187052,3,4,-0.0065867266089812,-0.012774269861801697
AVGO,2022-06-14,Strong Negative,RSA 2022: The Road to Adversary Engagement,-0.2838654614187052,3,5,-0.0137664726532589,-0.026540742515060597
AVGO,2022-06-17,Strong Negative,Broadcom's acquire-and-axe history concerns VMware users,-1.0,1,-5,0.008392344010043299,0.008392344010043299
AVGO,2022-06-17,Strong Negative,Broadcom's acquire-and-axe history concerns VMware users,-1.0,1,-4,0.0028027083673868997,0.011195052377430199
AVGO,2022-06-17,Strong Negative,Broadcom's acquire-and-axe history concerns VMware users,-1.0,1,-3,0.0031110958413672,0.014306148218797398
AVGO,2022-06-17,Strong Negative,Broadcom's acquire-and-axe history concerns VMware users,-1.0,1,-2,-0.0123990503998326,0.0019070978189647987
AVGO,2022-06-17,Strong Negative,Broadcom's acquire-and-axe history concerns VMware users,-1.0,1,-1,-0.015718694824184698,-0.0138115970052199
AVGO,2022-06-17,Strong Negative,Broadcom's acquire-and-axe history concerns VMware users,-1.0,1,0,-0.009202683252216699,-0.023014280257436598
AVGO,2022-06-17,Strong Negative,Broadcom's acquire-and-axe history concerns VMware users,-1.0,1,1,-0.0065867266089812,-0.029601006866417798
AVGO,2022-06-17,Strong Negative,Broadcom's acquire-and-axe history concerns VMware users,-1.0,1,2,-0.0137664726532589,-0.0433674795196767
AVGO,2022-06-17,Strong Negative,Broadcom's acquire-and-axe history concerns VMware users,-1.0,1,3,-0.0139254110499678,-0.0572928905696445
AVGO,2022-06-17,Strong Negative,Broadcom's acquire-and-axe history concerns VMware users,-1.0,1,4,-0.009071308560470996,-0.06636419913011549
AVGO,2022-06-17,Strong Negative,Broadcom's acquire-and-axe history concerns VMware users,-1.0,1,5,0.0006923444150710003,-0.06567185471504448
AVGO,2022-06-24,Strong Positive,"Chinese DPU chip firm gains funds, unicorn status ...",1.0,1,-5,-0.015718694824184698,-0.015718694824184698
AVGO,2022-06-24,Strong Positive,"Chinese DPU chip firm gains funds, unicorn status ...",1.0,1,-4,-0.009202683252216699,-0.024921378076401397
AVGO,2022-06-24,Strong Positive,"Chinese DPU chip firm gains funds, unicorn status ...",1.0,1,-3,-0.0065867266089812,-0.03150810468538259
AVGO,2022-06-24,Strong Positive,"Chinese DPU chip firm gains funds, unicorn status ...",1.0,1,-2,-0.0137664726532589,-0.04527457733864149
AVGO,2022-06-24,Strong Positive,"Chinese DPU chip firm gains funds, unicorn status ...",1.0,1,-1,-0.0139254110499678,-0.05919998838860929
AVGO,2022-06-24,Strong Positive,"Chinese DPU chip firm gains funds, unicorn status ...",1.0,1,0,-0.009071308560470996,-0.0682712969490803
AVGO,2022-06-24,Strong Positive,"Chinese DPU chip firm gains funds, unicorn status ...",1.0,1,1,0.0006923444150710003,-0.06757895253400929
AVGO,2022-06-24,Strong Positive,"Chinese DPU chip firm gains funds, unicorn status ...",1.0,1,2,0.016110967941796,-0.051467984592213294
AVGO,2022-06-24,Strong Positive,"Chinese DPU chip firm gains funds, unicorn status ...",1.0,1,3,-0.0170469906252784,-0.0685149752174917
AVGO,2022-06-24,Strong Positive,"Chinese DPU chip firm gains funds, unicorn status ...",1.0,1,4,0.0030230709670385995,-0.06549190425045309
AVGO,2022-06-24,Strong Positive,"Chinese DPU chip firm gains funds, unicorn status ...",1.0,1,5,-0.023006105084337,-0.0884980093347901
AVGO,2022-06-29,Strong Positive,Qualcomm’s new wi-fi 7 and RF front-end modules are gunning for 5G auto and IoT device markets,1.0,1,-5,-0.0137664726532589,-0.0137664726532589
AVGO,2022-06-29,Strong Positive,Qualcomm’s new wi-fi 7 and RF front-end modules are gunning for 5G auto and IoT device markets,1.0,1,-4,-0.0139254110499678,-0.0276918837032267
AVGO,2022-06-29,Strong Positive,Qualcomm’s new wi-fi 7 and RF front-end modules are gunning for 5G auto and IoT device markets,1.0,1,-3,-0.009071308560470996,-0.036763192263697696
AVGO,2022-06-29,Strong Positive,Qualcomm’s new wi-fi 7 and RF front-end modules are gunning for 5G auto and IoT device markets,1.0,1,-2,0.0006923444150710003,-0.03607084784862669
AVGO,2022-06-29,Strong Positive,Qualcomm’s new wi-fi 7 and RF front-end modules are gunning for 5G auto and IoT device markets,1.0,1,-1,0.016110967941796,-0.019959879906830694
AVGO,2022-06-29,Strong Positive,Qualcomm’s new wi-fi 7 and RF front-end modules are gunning for 5G auto and IoT device markets,1.0,1,0,-0.0170469906252784,-0.03700687053210909
AVGO,2022-06-29,Strong Positive,Qualcomm’s new wi-fi 7 and RF front-end modules are gunning for 5G auto and IoT device markets,1.0,1,1,0.0030230709670385995,-0.03398379956507049
AVGO,2022-06-29,Strong Positive,Qualcomm’s new wi-fi 7 and RF front-end modules are gunning for 5G auto and IoT device markets,1.0,1,2,-0.023006105084337,-0.056989904649407494
AVGO,2022-06-29,Strong Positive,Qualcomm’s new wi-fi 7 and RF front-end modules are gunning for 5G auto and IoT device markets,1.0,1,3,-0.020342496973706,-0.0773324016231135
AVGO,2022-06-29,Strong Positive,Qualcomm’s new wi-fi 7 and RF front-end modules are gunning for 5G auto and IoT device markets,1.0,1,4,0.006835744186493101,-0.0704966574366204
AVGO,2022-06-29,Strong Positive,Qualcomm’s new wi-fi 7 and RF front-end modules are gunning for 5G auto and IoT device markets,1.0,1,5,0.011609275531692796,-0.0588873819049276
GOOGL,2022-01-04,Strong Negative,Investor Michael Seibel Explains Google’s Search Quality Decline And How It’s Creating Opportunities,-0.0660962578223153,4,-5,-0.003610194119090901,-0.003610194119090901
GOOGL,2022-01-04,Strong Negative,Investor Michael Seibel Explains Google’s Search Quality Decline And How It’s Creating Opportunities,-0.0660962578223153,4,-4,-6.886557529130002e-05,-0.0036790596943822008
GOOGL,2022-01-04,Strong Negative,Investor Michael Seibel Explains Google’s Search Quality Decline And How It’s Creating Opportunities,-0.0660962578223153,4,-3,-0.00011078201057050001,-0.0037898417049527008
GOOGL,2022-01-04,Strong Negative,Investor Michael Seibel Explains Google’s Search Quality Decline And How It’s Creating Opportunities,-0.0660962578223153,4,-2,-0.0029790150568271,-0.006768856761779801
GOOGL,2022-01-04,Strong Negative,Investor Michael Seibel Explains Google’s Search Quality Decline And How It’s Creating Opportunities,-0.0660962578223153,4,-1,-0.0086636564634088,-0.0154325132251886
GOOGL,2022-01-04,Strong Negative,Investor Michael Seibel Explains Google’s Search Quality Decline And How It’s Creating Opportunities,-0.0660962578223153,4,0,0.0088879814621151,-0.006544531763073501
GOOGL,2022-01-04,Strong Negative,Investor Michael Seibel Explains Google’s Search Quality Decline And How It’s Creating Opportunities,-0.0660962578223153,4,1,-0.015155688156856202,-0.0217002199199297
GOOGL,2022-01-04,Strong Negative,Investor Michael Seibel Explains Google’s Search Quality Decline And How It’s Creating Opportunities,-0.0660962578223153,4,2,0.0005031223897607,-0.021197097530169
GOOGL,2022-01-04,Strong Negative,Investor Michael Seibel Explains Google’s Search Quality Decline And How It’s Creating Opportunities,-0.0660962578223153,4,3,0.005529760430298501,-0.0156673370998705
GOOGL,2022-01-04,Strong Negative,Investor Michael Seibel Explains Google’s Search Quality Decline And How It’s Creating Opportunities,-0.0660962578223153,4,4,0.011402186372077301,-0.0042651507277931995
GOOGL,2022-01-04,Strong Negative,Investor Michael Seibel Explains Google’s Search Quality Decline And How It’s Creating Opportunities,-0.0660962578223153,4,5,-0.0073308458972936,-0.011595996625086799
GOOGL,2022-01-05,Strong Negative,$20 Billion In 2022: Google Pays Apple For Not Launching Its Own Search Engine?,-0.6296400536705182,2,-5,-6.886557529130002e-05,-6.886557529130002e-05
GOOGL,2022-01-05,Strong Negative,$20 Billion In 2022: Google Pays Apple For Not Launching Its Own Search Engine?,-0.6296400536705182,2,-4,-0.00011078201057050001,-0.00017964758586180003
GOOGL,2022-01-05,Strong Negative,$20 Billion In 2022: Google Pays Apple For Not Launching Its Own Search Engine?,-0.6296400536705182,2,-3,-0.0029790150568271,-0.0031586626426889
GOOGL,2022-01-05,Strong Negative,$20 Billion In 2022: Google Pays Apple For Not Launching Its Own Search Engine?,-0.6296400536705182,2,-2,-0.0086636564634088,-0.0118223191060977
GOOGL,2022-01-05,Strong Negative,$20 Billion In 2022: Google Pays Apple For Not Launching Its Own Search Engine?,-0.6296400536705182,2,-1,0.0088879814621151,-0.0029343376439826003
GOOGL,2022-01-05,Strong Negative,$20 Billion In 2022: Google Pays Apple For Not Launching Its Own Search Engine?,-0.6296400536705182,2,0,-0.015155688156856202,-0.0180900258008388
GOOGL,2022-01-05,Strong Negative,$20 Billion In 2022: Google Pays Apple For Not Launching Its Own Search Engine?,-0.6296400536705182,2,1,0.0005031223897607,-0.0175869034110781
GOOGL,2022-01-05,Strong Negative,$20 Billion In 2022: Google Pays Apple For Not Launching Its Own Search Engine?,-0.6296400536705182,2,2,0.005529760430298501,-0.0120571429807796
GOOGL,2022-01-05,Strong Negative,$20 Billion In 2022: Google Pays Apple For Not Launching Its Own Search Engine?,-0.6296400536705182,2,3,0.011402186372077301,-0.0006549566087022986
GOOGL,2022-01-05,Strong Negative,$20 Billion In 2022: Google Pays Apple For Not Launching Its Own Search Engine?,-0.6296400536705182,2,4,-0.0073308458972936,-0.007985802505995898
GOOGL,2022-01-05,Strong Negative,$20 Billion In 2022: Google Pays Apple For Not Launching Its Own Search Engine?,-0.6296400536705182,2,5,0.0081608630092633,0.00017506050326740116
GOOGL,2022-01-07,Strong Negative,Google users fume as smart speaker features disappear following Sonos patent ruling,-0.598878497896698,4,-5,-0.0029790150568271,-0.0029790150568271
GOOGL,2022-01-07,Strong Negative,Google users fume as smart speaker features disappear following Sonos patent ruling,-0.598878497896698,4,-4,-0.0086636564634088,-0.0116426715202359
GOOGL,2022-01-07,Strong Negative,Google users fume as smart speaker features disappear following Sonos patent ruling,-0.598878497896698,4,-3,0.0088879814621151,-0.0027546900581208004
GOOGL,2022-01-07,Strong Negative,Google users fume as smart speaker features disappear following Sonos patent ruling,-0.598878497896698,4,-2,-0.015155688156856202,-0.017910378214977003
GOOGL,2022-01-07,Strong Negative,Google users fume as smart speaker features disappear following Sonos patent ruling,-0.598878497896698,4,-1,0.0005031223897607,-0.0174072558252163
GOOGL,2022-01-07,Strong Negative,Google users fume as smart speaker features disappear following Sonos patent ruling,-0.598878497896698,4,0,0.005529760430298501,-0.011877495394917802
GOOGL,2022-01-07,Strong Negative,Google users fume as smart speaker features disappear following Sonos patent ruling,-0.598878497896698,4,1,0.011402186372077301,-0.00047530902284050047
GOOGL,2022-01-07,Strong Negative,Google users fume as smart speaker features disappear following Sonos patent ruling,-0.598878497896698,4,2,-0.0073308458972936,-0.007806154920134101
GOOGL,2022-01-07,Strong Negative,Google users fume as smart speaker features disappear following Sonos patent ruling,-0.598878497896698,4,3,0.0081608630092633,0.0003547080891291984
GOOGL,2022-01-07,Strong Negative,Google users fume as smart speaker features disappear following Sonos patent ruling,-0.598878497896698,4,4,0.0049107581034928995,0.005265466192622098
GOOGL,2022-01-07,Strong Negative,Google users fume as smart speaker features disappear following Sonos patent ruling,-0.598878497896698,4,5,0.00022461307124510034,0.005490079263867198
GOOGL,2022-01-18,Strong Positive,Chip giant Nvidia expands R&D operations in Israel,1.0,1,-5,0.011402186372077301,0.011402186372077301
GOOGL,2022-01-18,Strong Positive,Chip giant Nvidia expands R&D operations in Israel,1.0,1,-4,-0.0073308458972936,0.004071340474783701
GOOGL,2022-01-18,Strong Positive,Chip giant Nvidia expands R&D operations in Israel,1.0,1,-3,0.0081608630092633,0.012232203484047001
GOOGL,2022-01-18,Strong Positive,Chip giant Nvidia expands R&D operations in Israel,1.0,1,-2,0.0049107581034928995,0.0171429615875399
GOOGL,2022-01-18,Strong Positive,Chip giant Nvidia expands R&D operations in Israel,1.0,1,-1,0.00022461307124510034,0.017367574658785002
GOOGL,2022-01-18,Strong Positive,Chip giant Nvidia expands R&D operations in Israel,1.0,1,0,-7.311343216009902e-05,0.017294461226624903
GOOGL,2022-01-18,Strong Positive,Chip giant Nvidia expands R&D operations in Israel,1.0,1,1,0.0045015301823469,0.0217959914089718
GOOGL,2022-01-18,Strong Positive,Chip giant Nvidia expands R&D operations in Israel,1.0,1,2,-0.0004000113284739013,0.021395980080497902
GOOGL,2022-01-18,Strong Positive,Chip giant Nvidia expands R&D operations in Israel,1.0,1,3,0.005554596875310101,0.026950576955808003
GOOGL,2022-01-18,Strong Positive,Chip giant Nvidia expands R&D operations in Israel,1.0,1,4,-0.0011067381399954002,0.025843838815812602
GOOGL,2022-01-18,Strong Positive,Chip giant Nvidia expands R&D operations in Israel,1.0,1,5,-0.006397020310813399,0.019446818504999203
GOOGL,2022-01-19,Strong Positive,How to Invest in the Top 100 U.S. ESG Companies,0.2744217475897087,3,-5,-0.0073308458972936,-0.0073308458972936
GOOGL,2022-01-19,Strong Positive,How to Invest in the Top 100 U.S. ESG Companies,0.2744217475897087,3,-4,0.0081608630092633,0.0008300171119696989
GOOGL,2022-01-19,Strong Positive,How to Invest in the Top 100 U.S. ESG Companies,0.2744217475897087,3,-3,0.0049107581034928995,0.005740775215462598
GOOGL,2022-01-19,Strong Positive,How to Invest in the Top 100 U.S. ESG Companies,0.2744217475897087,3,-2,0.00022461307124510034,0.005965388286707699
GOOGL,2022-01-19,Strong Positive,How to Invest in the Top 100 U.S. ESG Companies,0.2744217475897087,3,-1,-7.311343216009902e-05,0.0058922748545476
GOOGL,2022-01-19,Strong Positive,How to Invest in the Top 100 U.S. ESG Companies,0.2744217475897087,3,0,0.0045015301823469,0.0103938050368945
GOOGL,2022-01-19,Strong Positive,How to Invest in the Top 100 U.S. ESG Companies,0.2744217475897087,3,1,-0.0004000113284739013,0.009993793708420599
GOOGL,2022-01-19,Strong Positive,How to Invest in the Top 100 U.S. ESG Companies,0.2744217475897087,3,2,0.005554596875310101,0.0155483905837307
GOOGL,2022-01-19,Strong Positive,How to Invest in the Top 100 U.S. ESG Companies,0.2744217475897087,3,3,-0.0011067381399954002,0.0144416524437353
GOOGL,2022-01-19,Strong Positive,How to Invest in the Top 100 U.S. ESG Companies,0.2744217475897087,3,4,-0.006397020310813399,0.0080446321329219
GOOGL,2022-01-19,Strong Positive,How to Invest in the Top 100 U.S. ESG Companies,0.2744217475897087,3,5,0.0196684357276606,0.027713067860582502
GOOGL,2022-01-21,Strong Positive,"Microsoft secures IPs like Call of Duty and Candy Crash to boost its metaverse ambitions, analyst says",1.0,1,-5,0.0049107581034928995,0.0049107581034928995
GOOGL,2022-01-21,Strong Positive,"Microsoft secures IPs like Call of Duty and Candy Crash to boost its metaverse ambitions, analyst says",1.0,1,-4,0.00022461307124510034,0.005135371174738
GOOGL,2022-01-21,Strong Positive,"Microsoft secures IPs like Call of Duty and Candy Crash to boost its metaverse ambitions, analyst says",1.0,1,-3,-7.311343216009902e-05,0.005062257742577901
GOOGL,2022-01-21,Strong Positive,"Microsoft secures IPs like Call of Duty and Candy Crash to boost its metaverse ambitions, analyst says",1.0,1,-2,0.0045015301823469,0.0095637879249248
GOOGL,2022-01-21,Strong Positive,"Microsoft secures IPs like Call of Duty and Candy Crash to boost its metaverse ambitions, analyst says",1.0,1,-1,-0.0004000113284739013,0.0091637765964509
GOOGL,2022-01-21,Strong Positive,"Microsoft secures IPs like Call of Duty and Candy Crash to boost its metaverse ambitions, analyst says",1.0,1,0,0.005554596875310101,0.014718373471761
GOOGL,2022-01-21,Strong Positive,"Microsoft secures IPs like Call of Duty and Candy Crash to boost its metaverse ambitions, analyst says",1.0,1,1,-0.0011067381399954002,0.0136116353317656
GOOGL,2022-01-21,Strong Positive,"Microsoft secures IPs like Call of Duty and Candy Crash to boost its metaverse ambitions, analyst says",1.0,1,2,-0.006397020310813399,0.007214615020952201
GOOGL,2022-01-21,Strong Positive,"Microsoft secures IPs like Call of Duty and Candy Crash to boost its metaverse ambitions, analyst says",1.0,1,3,0.0196684357276606,0.026883050748612802
GOOGL,2022-01-21,Strong Positive,"Microsoft secures IPs like Call of Duty and Candy Crash to boost its metaverse ambitions, analyst says",1.0,1,4,0.0083060825437593,0.0351891332923721
GOOGL,2022-01-21,Strong Positive,"Microsoft secures IPs like Call of Duty and Candy Crash to boost its metaverse ambitions, analyst says",1.0,1,5,0.002320062009135704,0.03750919530150781
GOOGL,2022-01-26,Strong Positive,Strategas Macro Thematic Opportunities ETF,0.4946805606007725,2,-5,0.0045015301823469,0.0045015301823469
GOOGL,2022-01-26,Strong Positive,Strategas Macro Thematic Opportunities ETF,0.4946805606007725,2,-4,-0.0004000113284739013,0.0041015188538729985
GOOGL,2022-01-26,Strong Positive,Strategas Macro Thematic Opportunities ETF,0.4946805606007725,2,-3,0.005554596875310101,0.0096561157291831
GOOGL,2022-01-26,Strong Positive,Strategas Macro Thematic Opportunities ETF,0.4946805606007725,2,-2,-0.0011067381399954002,0.008549377589187699
GOOGL,2022-01-26,Strong Positive,Strategas Macro Thematic Opportunities ETF,0.4946805606007725,2,-1,-0.006397020310813399,0.0021523572783743
GOOGL,2022-01-26,Strong Positive,Strategas Macro Thematic Opportunities ETF,0.4946805606007725,2,0,0.0196684357276606,0.0218207930060349
GOOGL,2022-01-26,Strong Positive,Strategas Macro Thematic Opportunities ETF,0.4946805606007725,2,1,0.0083060825437593,0.0301268755497942
GOOGL,2022-01-26,Strong Positive,Strategas Macro Thematic Opportunities ETF,0.4946805606007725,2,2,0.002320062009135704,0.032446937558929904
GOOGL,2022-01-26,Strong Positive,Strategas Macro Thematic Opportunities ETF,0.4946805606007725,2,3,-0.017336855695894597,0.015110081863035307
GOOGL,2022-01-26,Strong Positive,Strategas Macro Thematic Opportunities ETF,0.4946805606007725,2,4,0.0104945665782725,0.025604648441307807
GOOGL,2022-01-26,Strong Positive,Strategas Macro Thematic Opportunities ETF,0.4946805606007725,2,5,0.06711194195501609,0.09271659039632389
GOOGL,2022-01-31,Strong Negative,Neil Young’s dispute with Spotify over Joe Rogan increases pressure on streamer to monitor content,-1.0,1,-5,-0.0011067381399954002,-0.0011067381399954002
GOOGL,2022-01-31,Strong Negative,Neil Young’s dispute with Spotify over Joe Rogan increases pressure on streamer to monitor content,-1.0,1,-4,-0.006397020310813399,-0.007503758450808799
GOOGL,2022-01-31,Strong Negative,Neil Young’s dispute with Spotify over Joe Rogan increases pressure on streamer to monitor content,-1.0,1,-3,0.0196684357276606,0.0121646772768518
GOOGL,2022-01-31,Strong Negative,Neil Young’s dispute with Spotify over Joe Rogan increases pressure on streamer to monitor content,-1.0,1,-2,0.0083060825437593,0.0204707598206111
GOOGL,2022-01-31,Strong Negative,Neil Young’s dispute with Spotify over Joe Rogan increases pressure on streamer to monitor content,-1.0,1,-1,0.002320062009135704,0.022790821829746805
GOOGL,2022-01-31,Strong Negative,Neil Young’s dispute with Spotify over Joe Rogan increases pressure on streamer to monitor content,-1.0,1,0,-0.017336855695894597,0.005453966133852208
GOOGL,2022-01-31,Strong Negative,Neil Young’s dispute with Spotify over Joe Rogan increases pressure on streamer to monitor content,-1.0,1,1,0.0104945665782725,0.015948532712124708
GOOGL,2022-01-31,Strong Negative,Neil Young’s dispute with Spotify over Joe Rogan increases pressure on streamer to monitor content,-1.0,1,2,0.06711194195501609,0.0830604746671408
GOOGL,2022-01-31,Strong Negative,Neil Young’s dispute with Spotify over Joe Rogan increases pressure on streamer to monitor content,-1.0,1,3,0.0073684760700789,0.0904289507372197
GOOGL,2022-01-31,Strong Negative,Neil Young’s dispute with Spotify over Joe Rogan increases pressure on streamer to monitor content,-1.0,1,4,-0.0111963319510222,0.0792326187861975
GOOGL,2022-01-31,Strong Negative,Neil Young’s dispute with Spotify over Joe Rogan increases pressure on streamer to monitor content,-1.0,1,5,-0.0205124815897898,0.0587201371964077
GOOGL,2022-02-11,Strong Negative,"Copyright case: Google LLC v. Oracle America Inc., USA",-0.3094635478302253,7,-5,-0.0111963319510222,-0.0111963319510222
GOOGL,2022-02-11,Strong Negative,"Copyright case: Google LLC v. Oracle America Inc., USA",-0.3094635478302253,7,-4,-0.0205124815897898,-0.031708813540812
GOOGL,2022-02-11,Strong Negative,"Copyright case: Google LLC v. Oracle America Inc., USA",-0.3094635478302253,7,-3,-0.0098132174511653,-0.0415220309919773
GOOGL,2022-02-11,Strong Negative,"Copyright case: Google LLC v. Oracle America Inc., USA",-0.3094635478302253,7,-2,-0.0054584340840193,-0.0469804650759966
GOOGL,2022-02-11,Strong Negative,"Copyright case: Google LLC v. Oracle America Inc., USA",-0.3094635478302253,7,-1,0.0016425217693307008,-0.04533794330666589
GOOGL,2022-02-11,Strong Negative,"Copyright case: Google LLC v. Oracle America Inc., USA",-0.3094635478302253,7,0,0.0004310486123653007,-0.04490689469430059
GOOGL,2022-02-11,Strong Negative,"Copyright case: Google LLC v. Oracle America Inc., USA",-0.3094635478302253,7,1,0.0080211926204057,-0.03688570207389489
GOOGL,2022-02-11,Strong Negative,"Copyright case: Google LLC v. Oracle America Inc., USA",-0.3094635478302253,7,2,-0.016876375718330998,-0.05376207779222589
GOOGL,2022-02-11,Strong Negative,"Copyright case: Google LLC v. Oracle America Inc., USA",-0.3094635478302253,7,3,0.008520994585973099,-0.04524108320625279
GOOGL,2022-02-11,Strong Negative,"Copyright case: Google LLC v. Oracle America Inc., USA",-0.3094635478302253,7,4,-0.008002006900677702,-0.053243090106930485
GOOGL,2022-02-11,Strong Negative,"Copyright case: Google LLC v. Oracle America Inc., USA",-0.3094635478302253,7,5,-0.004710621554409702,-0.05795371166134019
GOOGL,2022-02-16,Strong Positive,Waymo partners with logistics giant to run self-driving trucks between Dallas and Houston,0.5372375992246065,2,-5,-0.0054584340840193,-0.0054584340840193
GOOGL,2022-02-16,Strong Positive,Waymo partners with logistics giant to run self-driving trucks between Dallas and Houston,0.5372375992246065,2,-4,0.0016425217693307008,-0.0038159123146885993
GOOGL,2022-02-16,Strong Positive,Waymo partners with logistics giant to run self-driving trucks between Dallas and Houston,0.5372375992246065,2,-3,0.0004310486123653007,-0.0033848637023232986
GOOGL,2022-02-16,Strong Positive,Waymo partners with logistics giant to run self-driving trucks between Dallas and Houston,0.5372375992246065,2,-2,0.0080211926204057,0.004636328918082402
GOOGL,2022-02-16,Strong Positive,Waymo partners with logistics giant to run self-driving trucks between Dallas and Houston,0.5372375992246065,2,-1,-0.016876375718330998,-0.012240046800248596
GOOGL,2022-02-16,Strong Positive,Waymo partners with logistics giant to run self-driving trucks between Dallas and Houston,0.5372375992246065,2,0,0.008520994585973099,-0.003719052214275497
GOOGL,2022-02-16,Strong Positive,Waymo partners with logistics giant to run self-driving trucks between Dallas and Houston,0.5372375992246065,2,1,-0.008002006900677702,-0.011721059114953199
GOOGL,2022-02-16,Strong Positive,Waymo partners with logistics giant to run self-driving trucks between Dallas and Houston,0.5372375992246065,2,2,-0.004710621554409702,-0.016431680669362903
GOOGL,2022-02-16,Strong Positive,Waymo partners with logistics giant to run self-driving trucks between Dallas and Houston,0.5372375992246065,2,3,0.0055232651355902,-0.010908415533772703
GOOGL,2022-02-16,Strong Positive,Waymo partners with logistics giant to run self-driving trucks between Dallas and Houston,0.5372375992246065,2,4,0.0084713275634914,-0.0024370879702813025
GOOGL,2022-02-16,Strong Positive,Waymo partners with logistics giant to run self-driving trucks between Dallas and Houston,0.5372375992246065,2,5,0.0063909685093686,0.003953880539087297
GOOGL,2022-02-22,Strong Positive,Kraft Heinz taps Google for multiyear transformation push,1.0,1,-5,0.0080211926204057,0.0080211926204057
GOOGL,2022-02-22,Strong Positive,Kraft Heinz taps Google for multiyear transformation push,1.0,1,-4,-0.016876375718330998,-0.008855183097925297
GOOGL,2022-02-22,Strong Positive,Kraft Heinz taps Google for multiyear transformation push,1.0,1,-3,0.008520994585973099,-0.00033418851195219854
GOOGL,2022-02-22,Strong Positive,Kraft Heinz taps Google for multiyear transformation push,1.0,1,-2,-0.008002006900677702,-0.0083361954126299
GOOGL,2022-02-22,Strong Positive,Kraft Heinz taps Google for multiyear transformation push,1.0,1,-1,-0.004710621554409702,-0.013046816967039602
GOOGL,2022-02-22,Strong Positive,Kraft Heinz taps Google for multiyear transformation push,1.0,1,0,0.0055232651355902,-0.007523551831449402
GOOGL,2022-02-22,Strong Positive,Kraft Heinz taps Google for multiyear transformation push,1.0,1,1,0.0084713275634914,0.0009477757320419979
GOOGL,2022-02-22,Strong Positive,Kraft Heinz taps Google for multiyear transformation push,1.0,1,2,0.0063909685093686,0.007338744241410598
GOOGL,2022-02-22,Strong Positive,Kraft Heinz taps Google for multiyear transformation push,1.0,1,3,-0.0021788762330564003,0.005159868008354197
GOOGL,2022-02-22,Strong Positive,Kraft Heinz taps Google for multiyear transformation push,1.0,1,4,0.0014650994458978001,0.006624967454251998
GOOGL,2022-02-22,Strong Positive,Kraft Heinz taps Google for multiyear transformation push,1.0,1,5,0.0079403456155376,0.014565313069789598
GOOGL,2022-02-24,Strong Negative,Exclusive: Singapore flags concern to India over ban on Sea's game -sources,-0.5355684315043427,2,-5,0.008520994585973099,0.008520994585973099
GOOGL,2022-02-24,Strong Negative,Exclusive: Singapore flags concern to India over ban on Sea's game -sources,-0.5355684315043427,2,-4,-0.008002006900677702,0.0005189876852953971
GOOGL,2022-02-24,Strong Negative,Exclusive: Singapore flags concern to India over ban on Sea's game -sources,-0.5355684315043427,2,-3,-0.004710621554409702,-0.004191633869114305
GOOGL,2022-02-24,Strong Negative,Exclusive: Singapore flags concern to India over ban on Sea's game -sources,-0.5355684315043427,2,-2,0.0055232651355902,0.001331631266475895
GOOGL,2022-02-24,Strong Negative,Exclusive: Singapore flags concern to India over ban on Sea's game -sources,-0.5355684315043427,2,-1,0.0084713275634914,0.009802958829967295
GOOGL,2022-02-24,Strong Negative,Exclusive: Singapore flags concern to India over ban on Sea's game -sources,-0.5355684315043427,2,0,0.0063909685093686,0.016193927339335897
GOOGL,2022-02-24,Strong Negative,Exclusive: Singapore flags concern to India over ban on Sea's game -sources,-0.5355684315043427,2,1,-0.0021788762330564003,0.014015051106279496
GOOGL,2022-02-24,Strong Negative,Exclusive: Singapore flags concern to India over ban on Sea's game -sources,-0.5355684315043427,2,2,0.0014650994458978001,0.015480150552177297
GOOGL,2022-02-24,Strong Negative,Exclusive: Singapore flags concern to India over ban on Sea's game -sources,-0.5355684315043427,2,3,0.0079403456155376,0.023420496167714897
GOOGL,2022-02-24,Strong Negative,Exclusive: Singapore flags concern to India over ban on Sea's game -sources,-0.5355684315043427,2,4,-0.012975337889130202,0.010445158278584695
GOOGL,2022-02-24,Strong Negative,Exclusive: Singapore flags concern to India over ban on Sea's game -sources,-0.5355684315043427,2,5,0.0092912916974379,0.019736449976022592
GOOGL,2022-02-25,Strong Positive,"Qualcomm Inc. stock rises Friday, still underperforms market",1.0,2,-5,-0.008002006900677702,-0.008002006900677702
GOOGL,2022-02-25,Strong Positive,"Qualcomm Inc. stock rises Friday, still underperforms market",1.0,2,-4,-0.004710621554409702,-0.012712628455087404
GOOGL,2022-02-25,Strong Positive,"Qualcomm Inc. stock rises Friday, still underperforms market",1.0,2,-3,0.0055232651355902,-0.007189363319497204
GOOGL,2022-02-25,Strong Positive,"Qualcomm Inc. stock rises Friday, still underperforms market",1.0,2,-2,0.0084713275634914,0.0012819642439941964
GOOGL,2022-02-25,Strong Positive,"Qualcomm Inc. stock rises Friday, still underperforms market",1.0,2,-1,0.0063909685093686,0.007672932753362796
GOOGL,2022-02-25,Strong Positive,"Qualcomm Inc. stock rises Friday, still underperforms market",1.0,2,0,-0.0021788762330564003,0.005494056520306396
GOOGL,2022-02-25,Strong Positive,"Qualcomm Inc. stock rises Friday, still underperforms market",1.0,2,1,0.0014650994458978001,0.006959155966204196
GOOGL,2022-02-25,Strong Positive,"Qualcomm Inc. stock rises Friday, still underperforms market",1.0,2,2,0.0079403456155376,0.014899501581741796
GOOGL,2022-02-25,Strong Positive,"Qualcomm Inc. stock rises Friday, still underperforms market",1.0,2,3,-0.012975337889130202,0.0019241636926115944
GOOGL,2022-02-25,Strong Positive,"Qualcomm Inc. stock rises Friday, still underperforms market",1.0,2,4,0.0092912916974379,0.011215455390049494
GOOGL,2022-02-25,Strong Positive,"Qualcomm Inc. stock rises Friday, still underperforms market",1.0,2,5,-0.0003923122799662001,0.010823143110083294
GOOGL,2022-03-01,Strong Negative,"Google, Meta face penalties in Russia as deadline passes to open local offices",-0.3845661564053834,3,-5,0.0055232651355902,0.0055232651355902
GOOGL,2022-03-01,Strong Negative,"Google, Meta face penalties in Russia as deadline passes to open local offices",-0.3845661564053834,3,-4,0.0084713275634914,0.0139945926990816
GOOGL,2022-03-01,Strong Negative,"Google, Meta face penalties in Russia as deadline passes to open local offices",-0.3845661564053834,3,-3,0.0063909685093686,0.020385561208450198
GOOGL,2022-03-01,Strong Negative,"Google, Meta face penalties in Russia as deadline passes to open local offices",-0.3845661564053834,3,-2,-0.0021788762330564003,0.018206684975393798
GOOGL,2022-03-01,Strong Negative,"Google, Meta face penalties in Russia as deadline passes to open local offices",-0.3845661564053834,3,-1,0.0014650994458978001,0.019671784421291597
GOOGL,2022-03-01,Strong Negative,"Google, Meta face penalties in Russia as deadline passes to open local offices",-0.3845661564053834,3,0,0.0079403456155376,0.027612130036829198
GOOGL,2022-03-01,Strong Negative,"Google, Meta face penalties in Russia as deadline passes to open local offices",-0.3845661564053834,3,1,-0.012975337889130202,0.014636792147698996
GOOGL,2022-03-01,Strong Negative,"Google, Meta face penalties in Russia as deadline passes to open local offices",-0.3845661564053834,3,2,0.0092912916974379,0.023928083845136894
GOOGL,2022-03-01,Strong Negative,"Google, Meta face penalties in Russia as deadline passes to open local offices",-0.3845661564053834,3,3,-0.0003923122799662001,0.023535771565170692
GOOGL,2022-03-01,Strong Negative,"Google, Meta face penalties in Russia as deadline passes to open local offices",-0.3845661564053834,3,4,-0.005027291490537399,0.018508480074633293
GOOGL,2022-03-01,Strong Negative,"Google, Meta face penalties in Russia as deadline passes to open local offices",-0.3845661564053834,3,5,0.0103928336048984,0.028901313679531693
GOOGL,2022-03-03,Strong Negative,DigitalOcean vs Cloudflare — which stock can take advantage of cloud expansion?,-0.4799447504716053,2,-5,0.0063909685093686,0.0063909685093686
GOOGL,2022-03-03,Strong Negative,DigitalOcean vs Cloudflare — which stock can take advantage of cloud expansion?,-0.4799447504716053,2,-4,-0.0021788762330564003,0.004212092276312199
GOOGL,2022-03-03,Strong Negative,DigitalOcean vs Cloudflare — which stock can take advantage of cloud expansion?,-0.4799447504716053,2,-3,0.0014650994458978001,0.00567719172221
GOOGL,2022-03-03,Strong Negative,DigitalOcean vs Cloudflare — which stock can take advantage of cloud expansion?,-0.4799447504716053,2,-2,0.0079403456155376,0.0136175373377476
GOOGL,2022-03-03,Strong Negative,DigitalOcean vs Cloudflare — which stock can take advantage of cloud expansion?,-0.4799447504716053,2,-1,-0.012975337889130202,0.000642199448617398
GOOGL,2022-03-03,Strong Negative,DigitalOcean vs Cloudflare — which stock can take advantage of cloud expansion?,-0.4799447504716053,2,0,0.0092912916974379,0.009933491146055297
GOOGL,2022-03-03,Strong Negative,DigitalOcean vs Cloudflare — which stock can take advantage of cloud expansion?,-0.4799447504716053,2,1,-0.0003923122799662001,0.009541178866089097
GOOGL,2022-03-03,Strong Negative,DigitalOcean vs Cloudflare — which stock can take advantage of cloud expansion?,-0.4799447504716053,2,2,-0.005027291490537399,0.0045138873755516985
GOOGL,2022-03-03,Strong Negative,DigitalOcean vs Cloudflare — which stock can take advantage of cloud expansion?,-0.4799447504716053,2,3,0.0103928336048984,0.014906720980450098
GOOGL,2022-03-03,Strong Negative,DigitalOcean vs Cloudflare — which stock can take advantage of cloud expansion?,-0.4799447504716053,2,4,0.0136891771353111,0.028595898115761197
GOOGL,2022-03-03,Strong Negative,DigitalOcean vs Cloudflare — which stock can take advantage of cloud expansion?,-0.4799447504716053,2,5,0.0036810499885818002,0.032276948104343
GOOGL,2022-03-08,Strong Negative,Alphabet’s (GOOGL) Stock Price Has Fallen 12.8% in 2022. Should You Buy It?,-0.2173603843942989,5,-5,0.0079403456155376,0.0079403456155376
GOOGL,2022-03-08,Strong Negative,Alphabet’s (GOOGL) Stock Price Has Fallen 12.8% in 2022. Should You Buy It?,-0.2173603843942989,5,-4,-0.012975337889130202,-0.005034992273592602
GOOGL,2022-03-08,Strong Negative,Alphabet’s (GOOGL) Stock Price Has Fallen 12.8% in 2022. Should You Buy It?,-0.2173603843942989,5,-3,0.0092912916974379,0.004256299423845297
GOOGL,2022-03-08,Strong Negative,Alphabet’s (GOOGL) Stock Price Has Fallen 12.8% in 2022. Should You Buy It?,-0.2173603843942989,5,-2,-0.0003923122799662001,0.003863987143879097
GOOGL,2022-03-08,Strong Negative,Alphabet’s (GOOGL) Stock Price Has Fallen 12.8% in 2022. Should You Buy It?,-0.2173603843942989,5,-1,-0.005027291490537399,-0.0011633043466583014
GOOGL,2022-03-08,Strong Negative,Alphabet’s (GOOGL) Stock Price Has Fallen 12.8% in 2022. Should You Buy It?,-0.2173603843942989,5,0,0.0103928336048984,0.009229529258240098
GOOGL,2022-03-08,Strong Negative,Alphabet’s (GOOGL) Stock Price Has Fallen 12.8% in 2022. Should You Buy It?,-0.2173603843942989,5,1,0.0136891771353111,0.022918706393551196
GOOGL,2022-03-08,Strong Negative,Alphabet’s (GOOGL) Stock Price Has Fallen 12.8% in 2022. Should You Buy It?,-0.2173603843942989,5,2,0.0036810499885818002,0.026599756382132994
GOOGL,2022-03-08,Strong Negative,Alphabet’s (GOOGL) Stock Price Has Fallen 12.8% in 2022. Should You Buy It?,-0.2173603843942989,5,3,0.0014145924101478975,0.02801434879228089
GOOGL,2022-03-08,Strong Negative,Alphabet’s (GOOGL) Stock Price Has Fallen 12.8% in 2022. Should You Buy It?,-0.2173603843942989,5,4,-0.0109752302198803,0.01703911857240059
GOOGL,2022-03-08,Strong Negative,Alphabet’s (GOOGL) Stock Price Has Fallen 12.8% in 2022. Should You Buy It?,-0.2173603843942989,5,5,-0.005587061191495303,0.011452057380905288
GOOGL,2022-03-10,Strong Positive,Amazon announces 20-for-1 stock split,0.2433339351079248,4,-5,0.0092912916974379,0.0092912916974379
GOOGL,2022-03-10,Strong Positive,Amazon announces 20-for-1 stock split,0.2433339351079248,4,-4,-0.0003923122799662001,0.0088989794174717
GOOGL,2022-03-10,Strong Positive,Amazon announces 20-for-1 stock split,0.2433339351079248,4,-3,-0.005027291490537399,0.0038716879269343005
GOOGL,2022-03-10,Strong Positive,Amazon announces 20-for-1 stock split,0.2433339351079248,4,-2,0.0103928336048984,0.0142645215318327
GOOGL,2022-03-10,Strong Positive,Amazon announces 20-for-1 stock split,0.2433339351079248,4,-1,0.0136891771353111,0.027953698667143798
GOOGL,2022-03-10,Strong Positive,Amazon announces 20-for-1 stock split,0.2433339351079248,4,0,0.0036810499885818002,0.031634748655725596
GOOGL,2022-03-10,Strong Positive,Amazon announces 20-for-1 stock split,0.2433339351079248,4,1,0.0014145924101478975,0.0330493410658735
GOOGL,2022-03-10,Strong Positive,Amazon announces 20-for-1 stock split,0.2433339351079248,4,2,-0.0109752302198803,0.022074110845993197
GOOGL,2022-03-10,Strong Positive,Amazon announces 20-for-1 stock split,0.2433339351079248,4,3,-0.005587061191495303,0.016487049654497894
GOOGL,2022-03-10,Strong Positive,Amazon announces 20-for-1 stock split,0.2433339351079248,4,4,-0.005487760435896702,0.010999289218601192
GOOGL,2022-03-10,Strong Positive,Amazon announces 20-for-1 stock split,0.2433339351079248,4,5,-0.007915835193488499,0.0030834540251126925
GOOGL,2022-03-11,Strong Negative,‘The Dirty Dozen List’ – Corporations Enable and Profit from Sexual Exploitation,-0.4334062075263187,2,-5,-0.0003923122799662001,-0.0003923122799662001
GOOGL,2022-03-11,Strong Negative,‘The Dirty Dozen List’ – Corporations Enable and Profit from Sexual Exploitation,-0.4334062075263187,2,-4,-0.005027291490537399,-0.005419603770503599
GOOGL,2022-03-11,Strong Negative,‘The Dirty Dozen List’ – Corporations Enable and Profit from Sexual Exploitation,-0.4334062075263187,2,-3,0.0103928336048984,0.004973229834394801
GOOGL,2022-03-11,Strong Negative,‘The Dirty Dozen List’ – Corporations Enable and Profit from Sexual Exploitation,-0.4334062075263187,2,-2,0.0136891771353111,0.0186624069697059
GOOGL,2022-03-11,Strong Negative,‘The Dirty Dozen List’ – Corporations Enable and Profit from Sexual Exploitation,-0.4334062075263187,2,-1,0.0036810499885818002,0.022343456958287697
GOOGL,2022-03-11,Strong Negative,‘The Dirty Dozen List’ – Corporations Enable and Profit from Sexual Exploitation,-0.4334062075263187,2,0,0.0014145924101478975,0.023758049368435594
GOOGL,2022-03-11,Strong Negative,‘The Dirty Dozen List’ – Corporations Enable and Profit from Sexual Exploitation,-0.4334062075263187,2,1,-0.0109752302198803,0.012782819148555294
GOOGL,2022-03-11,Strong Negative,‘The Dirty Dozen List’ – Corporations Enable and Profit from Sexual Exploitation,-0.4334062075263187,2,2,-0.005587061191495303,0.007195757957059991
GOOGL,2022-03-11,Strong Negative,‘The Dirty Dozen List’ – Corporations Enable and Profit from Sexual Exploitation,-0.4334062075263187,2,3,-0.005487760435896702,0.001707997521163289
GOOGL,2022-03-11,Strong Negative,‘The Dirty Dozen List’ – Corporations Enable and Profit from Sexual Exploitation,-0.4334062075263187,2,4,-0.007915835193488499,-0.00620783767232521
GOOGL,2022-03-11,Strong Negative,‘The Dirty Dozen List’ – Corporations Enable and Profit from Sexual Exploitation,-0.4334062075263187,2,5,-0.003384094568666101,-0.009591932240991311
GOOGL,2022-03-16,Strong Positive,"Instacart Unveils Shoppable Recipes, New Product Integrations With TikTok, Tasty, Hearst Magazines And More",0.5176022112365556,2,-5,0.0136891771353111,0.0136891771353111
GOOGL,2022-03-16,Strong Positive,"Instacart Unveils Shoppable Recipes, New Product Integrations With TikTok, Tasty, Hearst Magazines And More",0.5176022112365556,2,-4,0.0036810499885818002,0.017370227123892898
GOOGL,2022-03-16,Strong Positive,"Instacart Unveils Shoppable Recipes, New Product Integrations With TikTok, Tasty, Hearst Magazines And More",0.5176022112365556,2,-3,0.0014145924101478975,0.018784819534040795
GOOGL,2022-03-16,Strong Positive,"Instacart Unveils Shoppable Recipes, New Product Integrations With TikTok, Tasty, Hearst Magazines And More",0.5176022112365556,2,-2,-0.0109752302198803,0.007809589314160495
GOOGL,2022-03-16,Strong Positive,"Instacart Unveils Shoppable Recipes, New Product Integrations With TikTok, Tasty, Hearst Magazines And More",0.5176022112365556,2,-1,-0.005587061191495303,0.002222528122665192
GOOGL,2022-03-16,Strong Positive,"Instacart Unveils Shoppable Recipes, New Product Integrations With TikTok, Tasty, Hearst Magazines And More",0.5176022112365556,2,0,-0.005487760435896702,-0.00326523231323151
GOOGL,2022-03-16,Strong Positive,"Instacart Unveils Shoppable Recipes, New Product Integrations With TikTok, Tasty, Hearst Magazines And More",0.5176022112365556,2,1,-0.007915835193488499,-0.011181067506720009
GOOGL,2022-03-16,Strong Positive,"Instacart Unveils Shoppable Recipes, New Product Integrations With TikTok, Tasty, Hearst Magazines And More",0.5176022112365556,2,2,-0.003384094568666101,-0.01456516207538611
GOOGL,2022-03-16,Strong Positive,"Instacart Unveils Shoppable Recipes, New Product Integrations With TikTok, Tasty, Hearst Magazines And More",0.5176022112365556,2,3,0.0026037368595989,-0.01196142521578721
GOOGL,2022-03-16,Strong Positive,"Instacart Unveils Shoppable Recipes, New Product Integrations With TikTok, Tasty, Hearst Magazines And More",0.5176022112365556,2,4,0.008021799455763201,-0.003939625760024009
GOOGL,2022-03-16,Strong Positive,"Instacart Unveils Shoppable Recipes, New Product Integrations With TikTok, Tasty, Hearst Magazines And More",0.5176022112365556,2,5,0.002985574059651599,-0.0009540517003724103
GOOGL,2022-03-21,Strong Positive,The BlackBerry veteran who took on Google and won,0.4893561681746098,2,-5,-0.0109752302198803,-0.0109752302198803
GOOGL,2022-03-21,Strong Positive,The BlackBerry veteran who took on Google and won,0.4893561681746098,2,-4,-0.005587061191495303,-0.016562291411375604
GOOGL,2022-03-21,Strong Positive,The BlackBerry veteran who took on Google and won,0.4893561681746098,2,-3,-0.005487760435896702,-0.022050051847272305
GOOGL,2022-03-21,Strong Positive,The BlackBerry veteran who took on Google and won,0.4893561681746098,2,-2,-0.007915835193488499,-0.029965887040760805
GOOGL,2022-03-21,Strong Positive,The BlackBerry veteran who took on Google and won,0.4893561681746098,2,-1,-0.003384094568666101,-0.033349981609426906
GOOGL,2022-03-21,Strong Positive,The BlackBerry veteran who took on Google and won,0.4893561681746098,2,0,0.0026037368595989,-0.030746244749828004
GOOGL,2022-03-21,Strong Positive,The BlackBerry veteran who took on Google and won,0.4893561681746098,2,1,0.008021799455763201,-0.022724445294064803
GOOGL,2022-03-21,Strong Positive,The BlackBerry veteran who took on Google and won,0.4893561681746098,2,2,0.002985574059651599,-0.019738871234413202
GOOGL,2022-03-21,Strong Positive,The BlackBerry veteran who took on Google and won,0.4893561681746098,2,3,0.0016133167919907994,-0.018125554442422403
GOOGL,2022-03-21,Strong Positive,The BlackBerry veteran who took on Google and won,0.4893561681746098,2,4,0.0015477296296161,-0.016577824812806303
GOOGL,2022-03-21,Strong Positive,The BlackBerry veteran who took on Google and won,0.4893561681746098,2,5,-0.017007765790490802,-0.033585590603297105
GOOGL,2022-03-24,Strong Positive,Perfect Corp.’s YouCam Apps Reach over 1 Billion Downloads Worldwide,0.253031832849229,4,-5,-0.007915835193488499,-0.007915835193488499
GOOGL,2022-03-24,Strong Positive,Perfect Corp.’s YouCam Apps Reach over 1 Billion Downloads Worldwide,0.253031832849229,4,-4,-0.003384094568666101,-0.0112999297621546
GOOGL,2022-03-24,Strong Positive,Perfect Corp.’s YouCam Apps Reach over 1 Billion Downloads Worldwide,0.253031832849229,4,-3,0.0026037368595989,-0.0086961929025557
GOOGL,2022-03-24,Strong Positive,Perfect Corp.’s YouCam Apps Reach over 1 Billion Downloads Worldwide,0.253031832849229,4,-2,0.008021799455763201,-0.0006743934467924994
GOOGL,2022-03-24,Strong Positive,Perfect Corp.’s YouCam Apps Reach over 1 Billion Downloads Worldwide,0.253031832849229,4,-1,0.002985574059651599,0.0023111806128590998
GOOGL,2022-03-24,Strong Positive,Perfect Corp.’s YouCam Apps Reach over 1 Billion Downloads Worldwide,0.253031832849229,4,0,0.0016133167919907994,0.003924497404849899
GOOGL,2022-03-24,Strong Positive,Perfect Corp.’s YouCam Apps Reach over 1 Billion Downloads Worldwide,0.253031832849229,4,1,0.0015477296296161,0.005472227034465999
GOOGL,2022-03-24,Strong Positive,Perfect Corp.’s YouCam Apps Reach over 1 Billion Downloads Worldwide,0.253031832849229,4,2,-0.017007765790490802,-0.011535538756024803
GOOGL,2022-03-24,Strong Positive,Perfect Corp.’s YouCam Apps Reach over 1 Billion Downloads Worldwide,0.253031832849229,4,3,-0.0097868452172547,-0.021322383973279502
GOOGL,2022-03-24,Strong Positive,Perfect Corp.’s YouCam Apps Reach over 1 Billion Downloads Worldwide,0.253031832849229,4,4,0.007067092025344301,-0.014255291947935202
GOOGL,2022-03-24,Strong Positive,Perfect Corp.’s YouCam Apps Reach over 1 Billion Downloads Worldwide,0.253031832849229,4,5,-0.007832830330915199,-0.022088122278850403
GOOGL,2022-03-28,Strong Negative,Amazon Stock Rally Erases Losses for the Year,-0.3888315380556888,3,-5,0.0026037368595989,0.0026037368595989
GOOGL,2022-03-28,Strong Negative,Amazon Stock Rally Erases Losses for the Year,-0.3888315380556888,3,-4,0.008021799455763201,0.0106255363153621
GOOGL,2022-03-28,Strong Negative,Amazon Stock Rally Erases Losses for the Year,-0.3888315380556888,3,-3,0.002985574059651599,0.0136111103750137
GOOGL,2022-03-28,Strong Negative,Amazon Stock Rally Erases Losses for the Year,-0.3888315380556888,3,-2,0.0016133167919907994,0.0152244271670045
GOOGL,2022-03-28,Strong Negative,Amazon Stock Rally Erases Losses for the Year,-0.3888315380556888,3,-1,0.0015477296296161,0.0167721567966206
GOOGL,2022-03-28,Strong Negative,Amazon Stock Rally Erases Losses for the Year,-0.3888315380556888,3,0,-0.017007765790490802,-0.00023560899387020315
GOOGL,2022-03-28,Strong Negative,Amazon Stock Rally Erases Losses for the Year,-0.3888315380556888,3,1,-0.0097868452172547,-0.010022454211124902
GOOGL,2022-03-28,Strong Negative,Amazon Stock Rally Erases Losses for the Year,-0.3888315380556888,3,2,0.007067092025344301,-0.0029553621857806014
GOOGL,2022-03-28,Strong Negative,Amazon Stock Rally Erases Losses for the Year,-0.3888315380556888,3,3,-0.007832830330915199,-0.0107881925166958
GOOGL,2022-03-28,Strong Negative,Amazon Stock Rally Erases Losses for the Year,-0.3888315380556888,3,4,0.009691093459991501,-0.0010970990567042982
GOOGL,2022-03-28,Strong Negative,Amazon Stock Rally Erases Losses for the Year,-0.3888315380556888,3,5,-0.0004602737233087989,-0.001557372780013097
GOOGL,2022-03-29,Strong Negative,Google Play Store App practices: France slaps $2 mn penalty on Google,-0.420971982209724,3,-5,0.008021799455763201,0.008021799455763201
GOOGL,2022-03-29,Strong Negative,Google Play Store App practices: France slaps $2 mn penalty on Google,-0.420971982209724,3,-4,0.002985574059651599,0.0110073735154148
GOOGL,2022-03-29,Strong Negative,Google Play Store App practices: France slaps $2 mn penalty on Google,-0.420971982209724,3,-3,0.0016133167919907994,0.0126206903074056
GOOGL,2022-03-29,Strong Negative,Google Play Store App practices: France slaps $2 mn penalty on Google,-0.420971982209724,3,-2,0.0015477296296161,0.0141684199370217
GOOGL,2022-03-29,Strong Negative,Google Play Store App practices: France slaps $2 mn penalty on Google,-0.420971982209724,3,-1,-0.017007765790490802,-0.0028393458534691027
GOOGL,2022-03-29,Strong Negative,Google Play Store App practices: France slaps $2 mn penalty on Google,-0.420971982209724,3,0,-0.0097868452172547,-0.012626191070723802
GOOGL,2022-03-29,Strong Negative,Google Play Store App practices: France slaps $2 mn penalty on Google,-0.420971982209724,3,1,0.007067092025344301,-0.005559099045379501
GOOGL,2022-03-29,Strong Negative,Google Play Store App practices: France slaps $2 mn penalty on Google,-0.420971982209724,3,2,-0.007832830330915199,-0.0133919293762947
GOOGL,2022-03-29,Strong Negative,Google Play Store App practices: France slaps $2 mn penalty on Google,-0.420971982209724,3,3,0.009691093459991501,-0.0037008359163031995
GOOGL,2022-03-29,Strong Negative,Google Play Store App practices: France slaps $2 mn penalty on Google,-0.420971982209724,3,4,-0.0004602737233087989,-0.004161109639611998
GOOGL,2022-03-29,Strong Negative,Google Play Store App practices: France slaps $2 mn penalty on Google,-0.420971982209724,3,5,0.005553942689829897,0.0013928330502178989
GOOGL,2022-03-31,Strong Negative,GameStop Soars on Plans to Extend Rebound With Stock Split,-0.5041927824159863,2,-5,0.0016133167919907994,0.0016133167919907994
GOOGL,2022-03-31,Strong Negative,GameStop Soars on Plans to Extend Rebound With Stock Split,-0.5041927824159863,2,-4,0.0015477296296161,0.0031610464216068994
GOOGL,2022-03-31,Strong Negative,GameStop Soars on Plans to Extend Rebound With Stock Split,-0.5041927824159863,2,-3,-0.017007765790490802,-0.013846719368883903
GOOGL,2022-03-31,Strong Negative,GameStop Soars on Plans to Extend Rebound With Stock Split,-0.5041927824159863,2,-2,-0.0097868452172547,-0.023633564586138602
GOOGL,2022-03-31,Strong Negative,GameStop Soars on Plans to Extend Rebound With Stock Split,-0.5041927824159863,2,-1,0.007067092025344301,-0.016566472560794302
GOOGL,2022-03-31,Strong Negative,GameStop Soars on Plans to Extend Rebound With Stock Split,-0.5041927824159863,2,0,-0.007832830330915199,-0.024399302891709503
GOOGL,2022-03-31,Strong Negative,GameStop Soars on Plans to Extend Rebound With Stock Split,-0.5041927824159863,2,1,0.009691093459991501,-0.014708209431718001
GOOGL,2022-03-31,Strong Negative,GameStop Soars on Plans to Extend Rebound With Stock Split,-0.5041927824159863,2,2,-0.0004602737233087989,-0.0151684831550268
GOOGL,2022-03-31,Strong Negative,GameStop Soars on Plans to Extend Rebound With Stock Split,-0.5041927824159863,2,3,0.005553942689829897,-0.009614540465196903
GOOGL,2022-03-31,Strong Negative,GameStop Soars on Plans to Extend Rebound With Stock Split,-0.5041927824159863,2,4,-0.0070457644630748,-0.016660304928271703
GOOGL,2022-03-31,Strong Negative,GameStop Soars on Plans to Extend Rebound With Stock Split,-0.5041927824159863,2,5,-0.0072077266320297005,-0.023868031560301404
GOOGL,2022-04-01,Strong Positive,Nova Labs surges to $200m series D,1.0,1,-5,0.0015477296296161,0.0015477296296161
GOOGL,2022-04-01,Strong Positive,Nova Labs surges to $200m series D,1.0,1,-4,-0.017007765790490802,-0.015460036160874702
GOOGL,2022-04-01,Strong Positive,Nova Labs surges to $200m series D,1.0,1,-3,-0.0097868452172547,-0.0252468813781294
GOOGL,2022-04-01,Strong Positive,Nova Labs surges to $200m series D,1.0,1,-2,0.007067092025344301,-0.0181797893527851
GOOGL,2022-04-01,Strong Positive,Nova Labs surges to $200m series D,1.0,1,-1,-0.007832830330915199,-0.0260126196837003
GOOGL,2022-04-01,Strong Positive,Nova Labs surges to $200m series D,1.0,1,0,0.009691093459991501,-0.016321526223708797
GOOGL,2022-04-01,Strong Positive,Nova Labs surges to $200m series D,1.0,1,1,-0.0004602737233087989,-0.016781799947017596
GOOGL,2022-04-01,Strong Positive,Nova Labs surges to $200m series D,1.0,1,2,0.005553942689829897,-0.011227857257187699
GOOGL,2022-04-01,Strong Positive,Nova Labs surges to $200m series D,1.0,1,3,-0.0070457644630748,-0.0182736217202625
GOOGL,2022-04-01,Strong Positive,Nova Labs surges to $200m series D,1.0,1,4,-0.0072077266320297005,-0.0254813483522922
GOOGL,2022-04-01,Strong Positive,Nova Labs surges to $200m series D,1.0,1,5,-0.0051614657170376,-0.0306428140693298
GOOGL,2022-04-04,Strong Negative,Expedia Hires Google Travel Advertising Director Rob Torres,-0.2677329595485231,3,-5,-0.017007765790490802,-0.017007765790490802
GOOGL,2022-04-04,Strong Negative,Expedia Hires Google Travel Advertising Director Rob Torres,-0.2677329595485231,3,-4,-0.0097868452172547,-0.0267946110077455
GOOGL,2022-04-04,Strong Negative,Expedia Hires Google Travel Advertising Director Rob Torres,-0.2677329595485231,3,-3,0.007067092025344301,-0.0197275189824012
GOOGL,2022-04-04,Strong Negative,Expedia Hires Google Travel Advertising Director Rob Torres,-0.2677329595485231,3,-2,-0.007832830330915199,-0.0275603493133164
GOOGL,2022-04-04,Strong Negative,Expedia Hires Google Travel Advertising Director Rob Torres,-0.2677329595485231,3,-1,0.009691093459991501,-0.017869255853324897
GOOGL,2022-04-04,Strong Negative,Expedia Hires Google Travel Advertising Director Rob Torres,-0.2677329595485231,3,0,-0.0004602737233087989,-0.018329529576633696
GOOGL,2022-04-04,Strong Negative,Expedia Hires Google Travel Advertising Director Rob Torres,-0.2677329595485231,3,1,0.005553942689829897,-0.012775586886803799
GOOGL,2022-04-04,Strong Negative,Expedia Hires Google Travel Advertising Director Rob Torres,-0.2677329595485231,3,2,-0.0070457644630748,-0.0198213513498786
GOOGL,2022-04-04,Strong Negative,Expedia Hires Google Travel Advertising Director Rob Torres,-0.2677329595485231,3,3,-0.0072077266320297005,-0.0270290779819083
GOOGL,2022-04-04,Strong Negative,Expedia Hires Google Travel Advertising Director Rob Torres,-0.2677329595485231,3,4,-0.0051614657170376,-0.0321905436989459
GOOGL,2022-04-04,Strong Negative,Expedia Hires Google Travel Advertising Director Rob Torres,-0.2677329595485231,3,5,-0.0098342993984043,-0.042024843097350204
GOOGL,2022-04-05,Strong Negative,Alphabet’s Pichai Freed From Questioning in Google ‘Incognito’ Privacy Suit,-0.246711797633741,2,-5,-0.0097868452172547,-0.0097868452172547
GOOGL,2022-04-05,Strong Negative,Alphabet’s Pichai Freed From Questioning in Google ‘Incognito’ Privacy Suit,-0.246711797633741,2,-4,0.007067092025344301,-0.0027197531919103983
GOOGL,2022-04-05,Strong Negative,Alphabet’s Pichai Freed From Questioning in Google ‘Incognito’ Privacy Suit,-0.246711797633741,2,-3,-0.007832830330915199,-0.010552583522825596
GOOGL,2022-04-05,Strong Negative,Alphabet’s Pichai Freed From Questioning in Google ‘Incognito’ Privacy Suit,-0.246711797633741,2,-2,0.009691093459991501,-0.000861490062834095
GOOGL,2022-04-05,Strong Negative,Alphabet’s Pichai Freed From Questioning in Google ‘Incognito’ Privacy Suit,-0.246711797633741,2,-1,-0.0004602737233087989,-0.001321763786142894
GOOGL,2022-04-05,Strong Negative,Alphabet’s Pichai Freed From Questioning in Google ‘Incognito’ Privacy Suit,-0.246711797633741,2,0,0.005553942689829897,0.004232178903687003
GOOGL,2022-04-05,Strong Negative,Alphabet’s Pichai Freed From Questioning in Google ‘Incognito’ Privacy Suit,-0.246711797633741,2,1,-0.0070457644630748,-0.002813585559387797
GOOGL,2022-04-05,Strong Negative,Alphabet’s Pichai Freed From Questioning in Google ‘Incognito’ Privacy Suit,-0.246711797633741,2,2,-0.0072077266320297005,-0.010021312191417497
GOOGL,2022-04-05,Strong Negative,Alphabet’s Pichai Freed From Questioning in Google ‘Incognito’ Privacy Suit,-0.246711797633741,2,3,-0.0051614657170376,-0.015182777908455097
GOOGL,2022-04-05,Strong Negative,Alphabet’s Pichai Freed From Questioning in Google ‘Incognito’ Privacy Suit,-0.246711797633741,2,4,-0.0098342993984043,-0.025017077306859398
GOOGL,2022-04-05,Strong Negative,Alphabet’s Pichai Freed From Questioning in Google ‘Incognito’ Privacy Suit,-0.246711797633741,2,5,-0.004384079216194099,-0.029401156523053498
GOOGL,2022-04-11,Strong Positive,These Black Women Launched An AI-Powered Beauty Tech And Secured Backing From Serena Ventures,0.5011047850637735,2,-5,-0.0004602737233087989,-0.0004602737233087989
GOOGL,2022-04-11,Strong Positive,These Black Women Launched An AI-Powered Beauty Tech And Secured Backing From Serena Ventures,0.5011047850637735,2,-4,0.005553942689829897,0.005093668966521098
GOOGL,2022-04-11,Strong Positive,These Black Women Launched An AI-Powered Beauty Tech And Secured Backing From Serena Ventures,0.5011047850637735,2,-3,-0.0070457644630748,-0.0019520954965537018
GOOGL,2022-04-11,Strong Positive,These Black Women Launched An AI-Powered Beauty Tech And Secured Backing From Serena Ventures,0.5011047850637735,2,-2,-0.0072077266320297005,-0.009159822128583402
GOOGL,2022-04-11,Strong Positive,These Black Women Launched An AI-Powered Beauty Tech And Secured Backing From Serena Ventures,0.5011047850637735,2,-1,-0.0051614657170376,-0.014321287845621002
GOOGL,2022-04-11,Strong Positive,These Black Women Launched An AI-Powered Beauty Tech And Secured Backing From Serena Ventures,0.5011047850637735,2,0,-0.0098342993984043,-0.024155587244025303
GOOGL,2022-04-11,Strong Positive,These Black Women Launched An AI-Powered Beauty Tech And Secured Backing From Serena Ventures,0.5011047850637735,2,1,-0.004384079216194099,-0.028539666460219403
GOOGL,2022-04-11,Strong Positive,These Black Women Launched An AI-Powered Beauty Tech And Secured Backing From Serena Ventures,0.5011047850637735,2,2,-0.0032617353626656007,-0.031801401822885
GOOGL,2022-04-11,Strong Positive,These Black Women Launched An AI-Powered Beauty Tech And Secured Backing From Serena Ventures,0.5011047850637735,2,3,-0.0014913516761809985,-0.033292753499066005
GOOGL,2022-04-11,Strong Positive,These Black Women Launched An AI-Powered Beauty Tech And Secured Backing From Serena Ventures,0.5011047850637735,2,4,0.0067005426025317,-0.026592210896534303
GOOGL,2022-04-11,Strong Positive,These Black Women Launched An AI-Powered Beauty Tech And Secured Backing From Serena Ventures,0.5011047850637735,2,5,-0.0040822030284863,-0.030674413925020603
GOOGL,2022-04-19,Strong Negative,LinkedIn was the most exploited brand in phishing attacks last quarter,-1.0,1,-5,-0.0098342993984043,-0.0098342993984043
GOOGL,2022-04-19,Strong Negative,LinkedIn was the most exploited brand in phishing attacks last quarter,-1.0,1,-4,-0.004384079216194099,-0.0142183786145984
GOOGL,2022-04-19,Strong Negative,LinkedIn was the most exploited brand in phishing attacks last quarter,-1.0,1,-3,-0.0032617353626656007,-0.017480113977264
GOOGL,2022-04-19,Strong Negative,LinkedIn was the most exploited brand in phishing attacks last quarter,-1.0,1,-2,-0.0014913516761809985,-0.018971465653445
GOOGL,2022-04-19,Strong Negative,LinkedIn was the most exploited brand in phishing attacks last quarter,-1.0,1,-1,0.0067005426025317,-0.0122709230509133
GOOGL,2022-04-19,Strong Negative,LinkedIn was the most exploited brand in phishing attacks last quarter,-1.0,1,0,-0.0040822030284863,-0.0163531260793996
GOOGL,2022-04-19,Strong Negative,LinkedIn was the most exploited brand in phishing attacks last quarter,-1.0,1,1,-0.0005607510564641996,-0.0169138771358638
GOOGL,2022-04-19,Strong Negative,LinkedIn was the most exploited brand in phishing attacks last quarter,-1.0,1,2,-0.004499924936576402,-0.021413802072440202
GOOGL,2022-04-19,Strong Negative,LinkedIn was the most exploited brand in phishing attacks last quarter,-1.0,1,3,-0.015308000753403897,-0.0367218028258441
GOOGL,2022-04-19,Strong Negative,LinkedIn was the most exploited brand in phishing attacks last quarter,-1.0,1,4,0.0158959026274306,-0.0208259001984135
GOOGL,2022-04-19,Strong Negative,LinkedIn was the most exploited brand in phishing attacks last quarter,-1.0,1,5,0.0017989801188598997,-0.0190269200795536
GOOGL,2022-04-21,Strong Positive,Apple Spends Record High on Lobbying Amid Pressure from Congress,1.0,1,-5,-0.0032617353626656007,-0.0032617353626656007
GOOGL,2022-04-21,Strong Positive,Apple Spends Record High on Lobbying Amid Pressure from Congress,1.0,1,-4,-0.0014913516761809985,-0.004753087038846599
GOOGL,2022-04-21,Strong Positive,Apple Spends Record High on Lobbying Amid Pressure from Congress,1.0,1,-3,0.0067005426025317,0.001947455563685101
GOOGL,2022-04-21,Strong Positive,Apple Spends Record High on Lobbying Amid Pressure from Congress,1.0,1,-2,-0.0040822030284863,-0.0021347474648011986
GOOGL,2022-04-21,Strong Positive,Apple Spends Record High on Lobbying Amid Pressure from Congress,1.0,1,-1,-0.0005607510564641996,-0.002695498521265398
GOOGL,2022-04-21,Strong Positive,Apple Spends Record High on Lobbying Amid Pressure from Congress,1.0,1,0,-0.004499924936576402,-0.0071954234578418
GOOGL,2022-04-21,Strong Positive,Apple Spends Record High on Lobbying Amid Pressure from Congress,1.0,1,1,-0.015308000753403897,-0.022503424211245696
GOOGL,2022-04-21,Strong Positive,Apple Spends Record High on Lobbying Amid Pressure from Congress,1.0,1,2,0.0158959026274306,-0.006607521583815095
GOOGL,2022-04-21,Strong Positive,Apple Spends Record High on Lobbying Amid Pressure from Congress,1.0,1,3,0.0017989801188598997,-0.004808541464955195
GOOGL,2022-04-21,Strong Positive,Apple Spends Record High on Lobbying Amid Pressure from Congress,1.0,1,4,-0.0355105586057315,-0.04031910007068669
GOOGL,2022-04-21,Strong Positive,Apple Spends Record High on Lobbying Amid Pressure from Congress,1.0,1,5,0.001476417702450404,-0.038842682368236285
GOOGL,2022-04-25,Strong Positive,What is fintech and why does it matter?,0.4840077054457932,2,-5,0.0067005426025317,0.0067005426025317
GOOGL,2022-04-25,Strong Positive,What is fintech and why does it matter?,0.4840077054457932,2,-4,-0.0040822030284863,0.0026183395740454005
GOOGL,2022-04-25,Strong Positive,What is fintech and why does it matter?,0.4840077054457932,2,-3,-0.0005607510564641996,0.002057588517581201
GOOGL,2022-04-25,Strong Positive,What is fintech and why does it matter?,0.4840077054457932,2,-2,-0.004499924936576402,-0.002442336418995201
GOOGL,2022-04-25,Strong Positive,What is fintech and why does it matter?,0.4840077054457932,2,-1,-0.015308000753403897,-0.0177503371723991
GOOGL,2022-04-25,Strong Positive,What is fintech and why does it matter?,0.4840077054457932,2,0,0.0158959026274306,-0.0018544345449684994
GOOGL,2022-04-25,Strong Positive,What is fintech and why does it matter?,0.4840077054457932,2,1,0.0017989801188598997,-5.5454426108599714e-05
GOOGL,2022-04-25,Strong Positive,What is fintech and why does it matter?,0.4840077054457932,2,2,-0.0355105586057315,-0.035566013031840094
GOOGL,2022-04-25,Strong Positive,What is fintech and why does it matter?,0.4840077054457932,2,3,0.001476417702450404,-0.03408959532938969
GOOGL,2022-04-25,Strong Positive,What is fintech and why does it matter?,0.4840077054457932,2,4,0.007765076874702695,-0.026324518454686995
GOOGL,2022-04-25,Strong Positive,What is fintech and why does it matter?,0.4840077054457932,2,5,0.004980616185328999,-0.021343902269357996
GOOGL,2022-04-28,Strong Positive,"China Grants First Driverless Taxi Permits to Baidu, Pony.ai",0.6868186400018214,3,-5,-0.004499924936576402,-0.004499924936576402
GOOGL,2022-04-28,Strong Positive,"China Grants First Driverless Taxi Permits to Baidu, Pony.ai",0.6868186400018214,3,-4,-0.015308000753403897,-0.0198079256899803
GOOGL,2022-04-28,Strong Positive,"China Grants First Driverless Taxi Permits to Baidu, Pony.ai",0.6868186400018214,3,-3,0.0158959026274306,-0.003912023062549699
GOOGL,2022-04-28,Strong Positive,"China Grants First Driverless Taxi Permits to Baidu, Pony.ai",0.6868186400018214,3,-2,0.0017989801188598997,-0.002113042943689799
GOOGL,2022-04-28,Strong Positive,"China Grants First Driverless Taxi Permits to Baidu, Pony.ai",0.6868186400018214,3,-1,-0.0355105586057315,-0.03762360154942129
GOOGL,2022-04-28,Strong Positive,"China Grants First Driverless Taxi Permits to Baidu, Pony.ai",0.6868186400018214,3,0,0.001476417702450404,-0.03614718384697089
GOOGL,2022-04-28,Strong Positive,"China Grants First Driverless Taxi Permits to Baidu, Pony.ai",0.6868186400018214,3,1,0.007765076874702695,-0.028382106972268194
GOOGL,2022-04-28,Strong Positive,"China Grants First Driverless Taxi Permits to Baidu, Pony.ai",0.6868186400018214,3,2,0.004980616185328999,-0.023401490786939195
GOOGL,2022-04-28,Strong Positive,"China Grants First Driverless Taxi Permits to Baidu, Pony.ai",0.6868186400018214,3,3,0.005374164352296399,-0.018027326434642797
GOOGL,2022-04-28,Strong Positive,"China Grants First Driverless Taxi Permits to Baidu, Pony.ai",0.6868186400018214,3,4,0.008179119392053895,-0.009848207042588902
GOOGL,2022-04-28,Strong Positive,"China Grants First Driverless Taxi Permits to Baidu, Pony.ai",0.6868186400018214,3,5,0.0032884711998506996,-0.006559735842738203
GOOGL,2022-04-29,Strong Negative,Top 10 Growth Stocks by Market Capitalization,-0.1437170164329415,6,-5,-0.015308000753403897,-0.015308000753403897
GOOGL,2022-04-29,Strong Negative,Top 10 Growth Stocks by Market Capitalization,-0.1437170164329415,6,-4,0.0158959026274306,0.0005879018740267035
GOOGL,2022-04-29,Strong Negative,Top 10 Growth Stocks by Market Capitalization,-0.1437170164329415,6,-3,0.0017989801188598997,0.002386881992886603
GOOGL,2022-04-29,Strong Negative,Top 10 Growth Stocks by Market Capitalization,-0.1437170164329415,6,-2,-0.0355105586057315,-0.03312367661284489
GOOGL,2022-04-29,Strong Negative,Top 10 Growth Stocks by Market Capitalization,-0.1437170164329415,6,-1,0.001476417702450404,-0.031647258910394487
GOOGL,2022-04-29,Strong Negative,Top 10 Growth Stocks by Market Capitalization,-0.1437170164329415,6,0,0.007765076874702695,-0.02388218203569179
GOOGL,2022-04-29,Strong Negative,Top 10 Growth Stocks by Market Capitalization,-0.1437170164329415,6,1,0.004980616185328999,-0.018901565850362793
GOOGL,2022-04-29,Strong Negative,Top 10 Growth Stocks by Market Capitalization,-0.1437170164329415,6,2,0.005374164352296399,-0.013527401498066393
GOOGL,2022-04-29,Strong Negative,Top 10 Growth Stocks by Market Capitalization,-0.1437170164329415,6,3,0.008179119392053895,-0.0053482821060124985
GOOGL,2022-04-29,Strong Negative,Top 10 Growth Stocks by Market Capitalization,-0.1437170164329415,6,4,0.0032884711998506996,-0.002059810906161799
GOOGL,2022-04-29,Strong Negative,Top 10 Growth Stocks by Market Capitalization,-0.1437170164329415,6,5,0.0054662550874259004,0.0034064441812641016
GOOGL,2022-05-02,Strong Positive,Two Chinese driverless robotaxi services approved in Beijing,1.0,1,-5,0.0158959026274306,0.0158959026274306
GOOGL,2022-05-02,Strong Positive,Two Chinese driverless robotaxi services approved in Beijing,1.0,1,-4,0.0017989801188598997,0.0176948827462905
GOOGL,2022-05-02,Strong Positive,Two Chinese driverless robotaxi services approved in Beijing,1.0,1,-3,-0.0355105586057315,-0.017815675859440997
GOOGL,2022-05-02,Strong Positive,Two Chinese driverless robotaxi services approved in Beijing,1.0,1,-2,0.001476417702450404,-0.016339258156990593
GOOGL,2022-05-02,Strong Positive,Two Chinese driverless robotaxi services approved in Beijing,1.0,1,-1,0.007765076874702695,-0.008574181282287898
GOOGL,2022-05-02,Strong Positive,Two Chinese driverless robotaxi services approved in Beijing,1.0,1,0,0.004980616185328999,-0.003593565096958899
GOOGL,2022-05-02,Strong Positive,Two Chinese driverless robotaxi services approved in Beijing,1.0,1,1,0.005374164352296399,0.0017805992553375002
GOOGL,2022-05-02,Strong Positive,Two Chinese driverless robotaxi services approved in Beijing,1.0,1,2,0.008179119392053895,0.009959718647391395
GOOGL,2022-05-02,Strong Positive,Two Chinese driverless robotaxi services approved in Beijing,1.0,1,3,0.0032884711998506996,0.013248189847242095
GOOGL,2022-05-02,Strong Positive,Two Chinese driverless robotaxi services approved in Beijing,1.0,1,4,0.0054662550874259004,0.018714444934667996
GOOGL,2022-05-02,Strong Positive,Two Chinese driverless robotaxi services approved in Beijing,1.0,1,5,0.011173340815251499,0.029887785749919495
GOOGL,2022-05-03,Strong Negative,Stock Splits Lead to Split Results in Trading,-0.3784708015521971,3,-5,0.0017989801188598997,0.0017989801188598997
GOOGL,2022-05-03,Strong Negative,Stock Splits Lead to Split Results in Trading,-0.3784708015521971,3,-4,-0.0355105586057315,-0.0337115784868716
GOOGL,2022-05-03,Strong Negative,Stock Splits Lead to Split Results in Trading,-0.3784708015521971,3,-3,0.001476417702450404,-0.032235160784421193
GOOGL,2022-05-03,Strong Negative,Stock Splits Lead to Split Results in Trading,-0.3784708015521971,3,-2,0.007765076874702695,-0.0244700839097185
GOOGL,2022-05-03,Strong Negative,Stock Splits Lead to Split Results in Trading,-0.3784708015521971,3,-1,0.004980616185328999,-0.0194894677243895
GOOGL,2022-05-03,Strong Negative,Stock Splits Lead to Split Results in Trading,-0.3784708015521971,3,0,0.005374164352296399,-0.0141153033720931
GOOGL,2022-05-03,Strong Negative,Stock Splits Lead to Split Results in Trading,-0.3784708015521971,3,1,0.008179119392053895,-0.005936183980039205
GOOGL,2022-05-03,Strong Negative,Stock Splits Lead to Split Results in Trading,-0.3784708015521971,3,2,0.0032884711998506996,-0.002647712780188506
GOOGL,2022-05-03,Strong Negative,Stock Splits Lead to Split Results in Trading,-0.3784708015521971,3,3,0.0054662550874259004,0.0028185423072373946
GOOGL,2022-05-03,Strong Negative,Stock Splits Lead to Split Results in Trading,-0.3784708015521971,3,4,0.011173340815251499,0.013991883122488894
GOOGL,2022-05-03,Strong Negative,Stock Splits Lead to Split Results in Trading,-0.3784708015521971,3,5,0.004596420341477898,0.018588303463966793
GOOGL,2022-05-04,Strong Positive,Google Cloud and SAP Expand Partnership to Enable Native Integration Between Google Workspace and SAP S/4HANA® Cloud,0.5292021883238358,2,-5,-0.0355105586057315,-0.0355105586057315
GOOGL,2022-05-04,Strong Positive,Google Cloud and SAP Expand Partnership to Enable Native Integration Between Google Workspace and SAP S/4HANA® Cloud,0.5292021883238358,2,-4,0.001476417702450404,-0.03403414090328109
GOOGL,2022-05-04,Strong Positive,Google Cloud and SAP Expand Partnership to Enable Native Integration Between Google Workspace and SAP S/4HANA® Cloud,0.5292021883238358,2,-3,0.007765076874702695,-0.0262690640285784
GOOGL,2022-05-04,Strong Positive,Google Cloud and SAP Expand Partnership to Enable Native Integration Between Google Workspace and SAP S/4HANA® Cloud,0.5292021883238358,2,-2,0.004980616185328999,-0.0212884478432494
GOOGL,2022-05-04,Strong Positive,Google Cloud and SAP Expand Partnership to Enable Native Integration Between Google Workspace and SAP S/4HANA® Cloud,0.5292021883238358,2,-1,0.005374164352296399,-0.015914283490953002
GOOGL,2022-05-04,Strong Positive,Google Cloud and SAP Expand Partnership to Enable Native Integration Between Google Workspace and SAP S/4HANA® Cloud,0.5292021883238358,2,0,0.008179119392053895,-0.007735164098899107
GOOGL,2022-05-04,Strong Positive,Google Cloud and SAP Expand Partnership to Enable Native Integration Between Google Workspace and SAP S/4HANA® Cloud,0.5292021883238358,2,1,0.0032884711998506996,-0.004446692899048407
GOOGL,2022-05-04,Strong Positive,Google Cloud and SAP Expand Partnership to Enable Native Integration Between Google Workspace and SAP S/4HANA® Cloud,0.5292021883238358,2,2,0.0054662550874259004,0.0010195621883774932
GOOGL,2022-05-04,Strong Positive,Google Cloud and SAP Expand Partnership to Enable Native Integration Between Google Workspace and SAP S/4HANA® Cloud,0.5292021883238358,2,3,0.011173340815251499,0.012192903003628991
GOOGL,2022-05-04,Strong Positive,Google Cloud and SAP Expand Partnership to Enable Native Integration Between Google Workspace and SAP S/4HANA® Cloud,0.5292021883238358,2,4,0.004596420341477898,0.01678932334510689
GOOGL,2022-05-04,Strong Positive,Google Cloud and SAP Expand Partnership to Enable Native Integration Between Google Workspace and SAP S/4HANA® Cloud,0.5292021883238358,2,5,0.022730585058317397,0.039519908403424286
GOOGL,2022-05-05,Strong Negative,2022 Selloff Has Left the U.S. Stock Market Undervalued,-0.449912137160108,5,-5,0.001476417702450404,0.001476417702450404
GOOGL,2022-05-05,Strong Negative,2022 Selloff Has Left the U.S. Stock Market Undervalued,-0.449912137160108,5,-4,0.007765076874702695,0.009241494577153099
GOOGL,2022-05-05,Strong Negative,2022 Selloff Has Left the U.S. Stock Market Undervalued,-0.449912137160108,5,-3,0.004980616185328999,0.014222110762482098
GOOGL,2022-05-05,Strong Negative,2022 Selloff Has Left the U.S. Stock Market Undervalued,-0.449912137160108,5,-2,0.005374164352296399,0.019596275114778496
GOOGL,2022-05-05,Strong Negative,2022 Selloff Has Left the U.S. Stock Market Undervalued,-0.449912137160108,5,-1,0.008179119392053895,0.02777539450683239
GOOGL,2022-05-05,Strong Negative,2022 Selloff Has Left the U.S. Stock Market Undervalued,-0.449912137160108,5,0,0.0032884711998506996,0.03106386570668309
GOOGL,2022-05-05,Strong Negative,2022 Selloff Has Left the U.S. Stock Market Undervalued,-0.449912137160108,5,1,0.0054662550874259004,0.03653012079410899
GOOGL,2022-05-05,Strong Negative,2022 Selloff Has Left the U.S. Stock Market Undervalued,-0.449912137160108,5,2,0.011173340815251499,0.047703461609360495
GOOGL,2022-05-05,Strong Negative,2022 Selloff Has Left the U.S. Stock Market Undervalued,-0.449912137160108,5,3,0.004596420341477898,0.052299881950838394
GOOGL,2022-05-05,Strong Negative,2022 Selloff Has Left the U.S. Stock Market Undervalued,-0.449912137160108,5,4,0.022730585058317397,0.07503046700915579
GOOGL,2022-05-05,Strong Negative,2022 Selloff Has Left the U.S. Stock Market Undervalued,-0.449912137160108,5,5,-0.0043125366431330005,0.0707179303660228
GOOGL,2022-05-09,Strong Negative,Tinder owner Match sues Google in 'last resort' to avoid app-store booting,-0.3115595325578992,4,-5,0.004980616185328999,0.004980616185328999
GOOGL,2022-05-09,Strong Negative,Tinder owner Match sues Google in 'last resort' to avoid app-store booting,-0.3115595325578992,4,-4,0.005374164352296399,0.010354780537625398
GOOGL,2022-05-09,Strong Negative,Tinder owner Match sues Google in 'last resort' to avoid app-store booting,-0.3115595325578992,4,-3,0.008179119392053895,0.01853389992967929
GOOGL,2022-05-09,Strong Negative,Tinder owner Match sues Google in 'last resort' to avoid app-store booting,-0.3115595325578992,4,-2,0.0032884711998506996,0.02182237112952999
GOOGL,2022-05-09,Strong Negative,Tinder owner Match sues Google in 'last resort' to avoid app-store booting,-0.3115595325578992,4,-1,0.0054662550874259004,0.02728862621695589
GOOGL,2022-05-09,Strong Negative,Tinder owner Match sues Google in 'last resort' to avoid app-store booting,-0.3115595325578992,4,0,0.011173340815251499,0.03846196703220739
GOOGL,2022-05-09,Strong Negative,Tinder owner Match sues Google in 'last resort' to avoid app-store booting,-0.3115595325578992,4,1,0.004596420341477898,0.04305838737368529
GOOGL,2022-05-09,Strong Negative,Tinder owner Match sues Google in 'last resort' to avoid app-store booting,-0.3115595325578992,4,2,0.022730585058317397,0.06578897243200268
GOOGL,2022-05-09,Strong Negative,Tinder owner Match sues Google in 'last resort' to avoid app-store booting,-0.3115595325578992,4,3,-0.0043125366431330005,0.06147643578886969
GOOGL,2022-05-09,Strong Negative,Tinder owner Match sues Google in 'last resort' to avoid app-store booting,-0.3115595325578992,4,4,-0.008644396714369902,0.052832039074499786
GOOGL,2022-05-09,Strong Negative,Tinder owner Match sues Google in 'last resort' to avoid app-store booting,-0.3115595325578992,4,5,-0.002243037760979099,0.05058900131352069
GOOGL,2022-05-10,Strong Negative,Online dating giant Match Group sues Google over app store,-0.802712481423885,4,-5,0.005374164352296399,0.005374164352296399
GOOGL,2022-05-10,Strong Negative,Online dating giant Match Group sues Google over app store,-0.802712481423885,4,-4,0.008179119392053895,0.013553283744350294
GOOGL,2022-05-10,Strong Negative,Online dating giant Match Group sues Google over app store,-0.802712481423885,4,-3,0.0032884711998506996,0.016841754944200996
GOOGL,2022-05-10,Strong Negative,Online dating giant Match Group sues Google over app store,-0.802712481423885,4,-2,0.0054662550874259004,0.022308010031626895
GOOGL,2022-05-10,Strong Negative,Online dating giant Match Group sues Google over app store,-0.802712481423885,4,-1,0.011173340815251499,0.033481350846878394
GOOGL,2022-05-10,Strong Negative,Online dating giant Match Group sues Google over app store,-0.802712481423885,4,0,0.004596420341477898,0.03807777118835629
GOOGL,2022-05-10,Strong Negative,Online dating giant Match Group sues Google over app store,-0.802712481423885,4,1,0.022730585058317397,0.06080835624667369
GOOGL,2022-05-10,Strong Negative,Online dating giant Match Group sues Google over app store,-0.802712481423885,4,2,-0.0043125366431330005,0.05649581960354069
GOOGL,2022-05-10,Strong Negative,Online dating giant Match Group sues Google over app store,-0.802712481423885,4,3,-0.008644396714369902,0.04785142288917079
GOOGL,2022-05-10,Strong Negative,Online dating giant Match Group sues Google over app store,-0.802712481423885,4,4,-0.002243037760979099,0.045608385128191695
GOOGL,2022-05-10,Strong Negative,Online dating giant Match Group sues Google over app store,-0.802712481423885,4,5,-0.008180889495153002,0.037427495633038696
GOOGL,2022-05-12,Strong Positive,Google’s New Wallet Digitizes Payment Cards Plus Drivers’ Licenses And Other Credentials,0.281764586298028,3,-5,0.0032884711998506996,0.0032884711998506996
GOOGL,2022-05-12,Strong Positive,Google’s New Wallet Digitizes Payment Cards Plus Drivers’ Licenses And Other Credentials,0.281764586298028,3,-4,0.0054662550874259004,0.0087547262872766
GOOGL,2022-05-12,Strong Positive,Google’s New Wallet Digitizes Payment Cards Plus Drivers’ Licenses And Other Credentials,0.281764586298028,3,-3,0.011173340815251499,0.019928067102528098
GOOGL,2022-05-12,Strong Positive,Google’s New Wallet Digitizes Payment Cards Plus Drivers’ Licenses And Other Credentials,0.281764586298028,3,-2,0.004596420341477898,0.024524487444005996
GOOGL,2022-05-12,Strong Positive,Google’s New Wallet Digitizes Payment Cards Plus Drivers’ Licenses And Other Credentials,0.281764586298028,3,-1,0.022730585058317397,0.04725507250232339
GOOGL,2022-05-12,Strong Positive,Google’s New Wallet Digitizes Payment Cards Plus Drivers’ Licenses And Other Credentials,0.281764586298028,3,0,-0.0043125366431330005,0.04294253585919039
GOOGL,2022-05-12,Strong Positive,Google’s New Wallet Digitizes Payment Cards Plus Drivers’ Licenses And Other Credentials,0.281764586298028,3,1,-0.008644396714369902,0.03429813914482049
GOOGL,2022-05-12,Strong Positive,Google’s New Wallet Digitizes Payment Cards Plus Drivers’ Licenses And Other Credentials,0.281764586298028,3,2,-0.002243037760979099,0.03205510138384139
GOOGL,2022-05-12,Strong Positive,Google’s New Wallet Digitizes Payment Cards Plus Drivers’ Licenses And Other Credentials,0.281764586298028,3,3,-0.008180889495153002,0.02387421188868839
GOOGL,2022-05-12,Strong Positive,Google’s New Wallet Digitizes Payment Cards Plus Drivers’ Licenses And Other Credentials,0.281764586298028,3,4,0.009823519177610394,0.03369773106629878
GOOGL,2022-05-12,Strong Positive,Google’s New Wallet Digitizes Payment Cards Plus Drivers’ Licenses And Other Credentials,0.281764586298028,3,5,-0.008185014404750002,0.02551271666154878
GOOGL,2022-05-20,Strong Negative,Music festivals are a UX nightmare. Here’s how Snap and Live Nation are fixing them,-0.4366316572143459,2,-5,-0.008644396714369902,-0.008644396714369902
GOOGL,2022-05-20,Strong Negative,Music festivals are a UX nightmare. Here’s how Snap and Live Nation are fixing them,-0.4366316572143459,2,-4,-0.002243037760979099,-0.010887434475349001
GOOGL,2022-05-20,Strong Negative,Music festivals are a UX nightmare. Here’s how Snap and Live Nation are fixing them,-0.4366316572143459,2,-3,-0.008180889495153002,-0.019068323970502003
GOOGL,2022-05-20,Strong Negative,Music festivals are a UX nightmare. Here’s how Snap and Live Nation are fixing them,-0.4366316572143459,2,-2,0.009823519177610394,-0.009244804792891609
GOOGL,2022-05-20,Strong Negative,Music festivals are a UX nightmare. Here’s how Snap and Live Nation are fixing them,-0.4366316572143459,2,-1,-0.008185014404750002,-0.01742981919764161
GOOGL,2022-05-20,Strong Negative,Music festivals are a UX nightmare. Here’s how Snap and Live Nation are fixing them,-0.4366316572143459,2,0,-0.0102635413512598,-0.02769336054890141
GOOGL,2022-05-20,Strong Negative,Music festivals are a UX nightmare. Here’s how Snap and Live Nation are fixing them,-0.4366316572143459,2,1,0.007062335595938499,-0.02063102495296291
GOOGL,2022-05-20,Strong Negative,Music festivals are a UX nightmare. Here’s how Snap and Live Nation are fixing them,-0.4366316572143459,2,2,-0.028231767235240197,-0.04886279218820311
GOOGL,2022-05-20,Strong Negative,Music festivals are a UX nightmare. Here’s how Snap and Live Nation are fixing them,-0.4366316572143459,2,3,-0.0155525335934601,-0.0644153257816632
GOOGL,2022-05-20,Strong Negative,Music festivals are a UX nightmare. Here’s how Snap and Live Nation are fixing them,-0.4366316572143459,2,4,-0.008922790460623699,-0.0733381162422869
GOOGL,2022-05-20,Strong Negative,Music festivals are a UX nightmare. Here’s how Snap and Live Nation are fixing them,-0.4366316572143459,2,5,0.009329915464601303,-0.0640082007776856
GOOGL,2022-05-24,Strong Positive,Our Ultimate Stock-Pickers' Top 10 High-Conviction Purchases,0.4122236854784312,2,-5,-0.008180889495153002,-0.008180889495153002
GOOGL,2022-05-24,Strong Positive,Our Ultimate Stock-Pickers' Top 10 High-Conviction Purchases,0.4122236854784312,2,-4,0.009823519177610394,0.0016426296824573923
GOOGL,2022-05-24,Strong Positive,Our Ultimate Stock-Pickers' Top 10 High-Conviction Purchases,0.4122236854784312,2,-3,-0.008185014404750002,-0.0065423847222926095
GOOGL,2022-05-24,Strong Positive,Our Ultimate Stock-Pickers' Top 10 High-Conviction Purchases,0.4122236854784312,2,-2,-0.0102635413512598,-0.01680592607355241
GOOGL,2022-05-24,Strong Positive,Our Ultimate Stock-Pickers' Top 10 High-Conviction Purchases,0.4122236854784312,2,-1,0.007062335595938499,-0.00974359047761391
GOOGL,2022-05-24,Strong Positive,Our Ultimate Stock-Pickers' Top 10 High-Conviction Purchases,0.4122236854784312,2,0,-0.028231767235240197,-0.03797535771285411
GOOGL,2022-05-24,Strong Positive,Our Ultimate Stock-Pickers' Top 10 High-Conviction Purchases,0.4122236854784312,2,1,-0.0155525335934601,-0.05352789130631421
GOOGL,2022-05-24,Strong Positive,Our Ultimate Stock-Pickers' Top 10 High-Conviction Purchases,0.4122236854784312,2,2,-0.008922790460623699,-0.06245068176693791
GOOGL,2022-05-24,Strong Positive,Our Ultimate Stock-Pickers' Top 10 High-Conviction Purchases,0.4122236854784312,2,3,0.009329915464601303,-0.05312076630233661
GOOGL,2022-05-24,Strong Positive,Our Ultimate Stock-Pickers' Top 10 High-Conviction Purchases,0.4122236854784312,2,4,0.0155229989917892,-0.037597767310547404
GOOGL,2022-05-24,Strong Positive,Our Ultimate Stock-Pickers' Top 10 High-Conviction Purchases,0.4122236854784312,2,5,0.0085385386661382,-0.029059228644409206
GOOGL,2022-05-26,Strong Negative,L’OFFICIEL Makes Its Arrival in the Metaverse with Virtual Land on The Sandbox,-0.4976233820746495,2,-5,-0.008185014404750002,-0.008185014404750002
GOOGL,2022-05-26,Strong Negative,L’OFFICIEL Makes Its Arrival in the Metaverse with Virtual Land on The Sandbox,-0.4976233820746495,2,-4,-0.0102635413512598,-0.018448555756009802
GOOGL,2022-05-26,Strong Negative,L’OFFICIEL Makes Its Arrival in the Metaverse with Virtual Land on The Sandbox,-0.4976233820746495,2,-3,0.007062335595938499,-0.011386220160071302
GOOGL,2022-05-26,Strong Negative,L’OFFICIEL Makes Its Arrival in the Metaverse with Virtual Land on The Sandbox,-0.4976233820746495,2,-2,-0.028231767235240197,-0.0396179873953115
GOOGL,2022-05-26,Strong Negative,L’OFFICIEL Makes Its Arrival in the Metaverse with Virtual Land on The Sandbox,-0.4976233820746495,2,-1,-0.0155525335934601,-0.0551705209887716
GOOGL,2022-05-26,Strong Negative,L’OFFICIEL Makes Its Arrival in the Metaverse with Virtual Land on The Sandbox,-0.4976233820746495,2,0,-0.008922790460623699,-0.0640933114493953
GOOGL,2022-05-26,Strong Negative,L’OFFICIEL Makes Its Arrival in the Metaverse with Virtual Land on The Sandbox,-0.4976233820746495,2,1,0.009329915464601303,-0.054763395984793996
GOOGL,2022-05-26,Strong Negative,L’OFFICIEL Makes Its Arrival in the Metaverse with Virtual Land on The Sandbox,-0.4976233820746495,2,2,0.0155229989917892,-0.03924039699300479
GOOGL,2022-05-26,Strong Negative,L’OFFICIEL Makes Its Arrival in the Metaverse with Virtual Land on The Sandbox,-0.4976233820746495,2,3,0.0085385386661382,-0.030701858326866595
GOOGL,2022-05-26,Strong Negative,L’OFFICIEL Makes Its Arrival in the Metaverse with Virtual Land on The Sandbox,-0.4976233820746495,2,4,0.005369165034237101,-0.025332693292629493
GOOGL,2022-05-26,Strong Negative,L’OFFICIEL Makes Its Arrival in the Metaverse with Virtual Land on The Sandbox,-0.4976233820746495,2,5,-0.00017892002382730032,-0.025511613316456794
GOOGL,2022-05-31,Strong Negative,"Apple Inc. stock falls Tuesday, underperforms market",-0.5143998736050824,2,-5,0.007062335595938499,0.007062335595938499
GOOGL,2022-05-31,Strong Negative,"Apple Inc. stock falls Tuesday, underperforms market",-0.5143998736050824,2,-4,-0.028231767235240197,-0.021169431639301697
GOOGL,2022-05-31,Strong Negative,"Apple Inc. stock falls Tuesday, underperforms market",-0.5143998736050824,2,-3,-0.0155525335934601,-0.0367219652327618
GOOGL,2022-05-31,Strong Negative,"Apple Inc. stock falls Tuesday, underperforms market",-0.5143998736050824,2,-2,-0.008922790460623699,-0.0456447556933855
GOOGL,2022-05-31,Strong Negative,"Apple Inc. stock falls Tuesday, underperforms market",-0.5143998736050824,2,-1,0.009329915464601303,-0.036314840228784194
GOOGL,2022-05-31,Strong Negative,"Apple Inc. stock falls Tuesday, underperforms market",-0.5143998736050824,2,0,0.0155229989917892,-0.02079184123699499
GOOGL,2022-05-31,Strong Negative,"Apple Inc. stock falls Tuesday, underperforms market",-0.5143998736050824,2,1,0.0085385386661382,-0.012253302570856791
GOOGL,2022-05-31,Strong Negative,"Apple Inc. stock falls Tuesday, underperforms market",-0.5143998736050824,2,2,0.005369165034237101,-0.00688413753661969
GOOGL,2022-05-31,Strong Negative,"Apple Inc. stock falls Tuesday, underperforms market",-0.5143998736050824,2,3,-0.00017892002382730032,-0.00706305756044699
GOOGL,2022-05-31,Strong Negative,"Apple Inc. stock falls Tuesday, underperforms market",-0.5143998736050824,2,4,0.0165703297333046,0.009507272172857609
GOOGL,2022-05-31,Strong Negative,"Apple Inc. stock falls Tuesday, underperforms market",-0.5143998736050824,2,5,-0.0058097136572417,0.0036975585156159094
GOOGL,2022-06-06,Strong Positive,"Lawyer David Boies bills $1,950 hourly in Google case, court filing shows",0.3539837967119862,6,-5,0.009329915464601303,0.009329915464601303
GOOGL,2022-06-06,Strong Positive,"Lawyer David Boies bills $1,950 hourly in Google case, court filing shows",0.3539837967119862,6,-4,0.0155229989917892,0.024852914456390506
GOOGL,2022-06-06,Strong Positive,"Lawyer David Boies bills $1,950 hourly in Google case, court filing shows",0.3539837967119862,6,-3,0.0085385386661382,0.033391453122528704
GOOGL,2022-06-06,Strong Positive,"Lawyer David Boies bills $1,950 hourly in Google case, court filing shows",0.3539837967119862,6,-2,0.005369165034237101,0.038760618156765805
GOOGL,2022-06-06,Strong Positive,"Lawyer David Boies bills $1,950 hourly in Google case, court filing shows",0.3539837967119862,6,-1,-0.00017892002382730032,0.038581698132938505
GOOGL,2022-06-06,Strong Positive,"Lawyer David Boies bills $1,950 hourly in Google case, court filing shows",0.3539837967119862,6,0,0.0165703297333046,0.055152027866243104
GOOGL,2022-06-06,Strong Positive,"Lawyer David Boies bills $1,950 hourly in Google case, court filing shows",0.3539837967119862,6,1,-0.0058097136572417,0.049342314209001405
GOOGL,2022-06-06,Strong Positive,"Lawyer David Boies bills $1,950 hourly in Google case, court filing shows",0.3539837967119862,6,2,0.0075764004220352,0.05691871463103661
GOOGL,2022-06-06,Strong Positive,"Lawyer David Boies bills $1,950 hourly in Google case, court filing shows",0.3539837967119862,6,3,0.006660186450100601,0.0635789010811372
GOOGL,2022-06-06,Strong Positive,"Lawyer David Boies bills $1,950 hourly in Google case, court filing shows",0.3539837967119862,6,4,0.003276538171523999,0.0668554392526612
GOOGL,2022-06-06,Strong Positive,"Lawyer David Boies bills $1,950 hourly in Google case, court filing shows",0.3539837967119862,6,5,0.0035948536798679,0.07045029293252911
GOOGL,2022-06-08,Strong Positive,Google partners up with Figma to bring the popular design tool to Chromebooks,0.7051001929464937,3,-5,0.0085385386661382,0.0085385386661382
GOOGL,2022-06-08,Strong Positive,Google partners up with Figma to bring the popular design tool to Chromebooks,0.7051001929464937,3,-4,0.005369165034237101,0.013907703700375302
GOOGL,2022-06-08,Strong Positive,Google partners up with Figma to bring the popular design tool to Chromebooks,0.7051001929464937,3,-3,-0.00017892002382730032,0.013728783676548001
GOOGL,2022-06-08,Strong Positive,Google partners up with Figma to bring the popular design tool to Chromebooks,0.7051001929464937,3,-2,0.0165703297333046,0.0302991134098526
GOOGL,2022-06-08,Strong Positive,Google partners up with Figma to bring the popular design tool to Chromebooks,0.7051001929464937,3,-1,-0.0058097136572417,0.0244893997526109
GOOGL,2022-06-08,Strong Positive,Google partners up with Figma to bring the popular design tool to Chromebooks,0.7051001929464937,3,0,0.0075764004220352,0.0320658001746461
GOOGL,2022-06-08,Strong Positive,Google partners up with Figma to bring the popular design tool to Chromebooks,0.7051001929464937,3,1,0.006660186450100601,0.0387259866247467
GOOGL,2022-06-08,Strong Positive,Google partners up with Figma to bring the popular design tool to Chromebooks,0.7051001929464937,3,2,0.003276538171523999,0.0420025247962707
GOOGL,2022-06-08,Strong Positive,Google partners up with Figma to bring the popular design tool to Chromebooks,0.7051001929464937,3,3,0.0035948536798679,0.0455973784761386
GOOGL,2022-06-08,Strong Positive,Google partners up with Figma to bring the popular design tool to Chromebooks,0.7051001929464937,3,4,0.00122064362136,0.0468180220974986
GOOGL,2022-06-08,Strong Positive,Google partners up with Figma to bring the popular design tool to Chromebooks,0.7051001929464937,3,5,0.0035993509370730002,0.0504173730345716
GOOGL,2022-06-13,Strong Positive,Google Engineer Claims AI System is Sentient; China's Tech Giants Flourish as Crackdown Eases,0.2950035250332472,3,-5,0.0165703297333046,0.0165703297333046
GOOGL,2022-06-13,Strong Positive,Google Engineer Claims AI System is Sentient; China's Tech Giants Flourish as Crackdown Eases,0.2950035250332472,3,-4,-0.0058097136572417,0.0107606160760629
GOOGL,2022-06-13,Strong Positive,Google Engineer Claims AI System is Sentient; China's Tech Giants Flourish as Crackdown Eases,0.2950035250332472,3,-3,0.0075764004220352,0.0183370164980981
GOOGL,2022-06-13,Strong Positive,Google Engineer Claims AI System is Sentient; China's Tech Giants Flourish as Crackdown Eases,0.2950035250332472,3,-2,0.006660186450100601,0.0249972029481987
GOOGL,2022-06-13,Strong Positive,Google Engineer Claims AI System is Sentient; China's Tech Giants Flourish as Crackdown Eases,0.2950035250332472,3,-1,0.003276538171523999,0.0282737411197227
GOOGL,2022-06-13,Strong Positive,Google Engineer Claims AI System is Sentient; China's Tech Giants Flourish as Crackdown Eases,0.2950035250332472,3,0,0.0035948536798679,0.0318685947995906
GOOGL,2022-06-13,Strong Positive,Google Engineer Claims AI System is Sentient; China's Tech Giants Flourish as Crackdown Eases,0.2950035250332472,3,1,0.00122064362136,0.0330892384209506
GOOGL,2022-06-13,Strong Positive,Google Engineer Claims AI System is Sentient; China's Tech Giants Flourish as Crackdown Eases,0.2950035250332472,3,2,0.0035993509370730002,0.036688589358023604
GOOGL,2022-06-13,Strong Positive,Google Engineer Claims AI System is Sentient; China's Tech Giants Flourish as Crackdown Eases,0.2950035250332472,3,3,0.006355453080755302,0.04304404243877891
GOOGL,2022-06-13,Strong Positive,Google Engineer Claims AI System is Sentient; China's Tech Giants Flourish as Crackdown Eases,0.2950035250332472,3,4,-0.0016910567084575997,0.041352985730321305
GOOGL,2022-06-13,Strong Positive,Google Engineer Claims AI System is Sentient; China's Tech Giants Flourish as Crackdown Eases,0.2950035250332472,3,5,0.015841130135201904,0.05719411586552321
GOOGL,2022-06-15,Strong Positive,C3 AI Receives Google Cloud AI/ML Partner of the Year Award,0.5264114301932012,2,-5,0.0075764004220352,0.0075764004220352
GOOGL,2022-06-15,Strong Positive,C3 AI Receives Google Cloud AI/ML Partner of the Year Award,0.5264114301932012,2,-4,0.006660186450100601,0.0142365868721358
GOOGL,2022-06-15,Strong Positive,C3 AI Receives Google Cloud AI/ML Partner of the Year Award,0.5264114301932012,2,-3,0.003276538171523999,0.0175131250436598
GOOGL,2022-06-15,Strong Positive,C3 AI Receives Google Cloud AI/ML Partner of the Year Award,0.5264114301932012,2,-2,0.0035948536798679,0.0211079787235277
GOOGL,2022-06-15,Strong Positive,C3 AI Receives Google Cloud AI/ML Partner of the Year Award,0.5264114301932012,2,-1,0.00122064362136,0.022328622344887698
GOOGL,2022-06-15,Strong Positive,C3 AI Receives Google Cloud AI/ML Partner of the Year Award,0.5264114301932012,2,0,0.0035993509370730002,0.025927973281960698
GOOGL,2022-06-15,Strong Positive,C3 AI Receives Google Cloud AI/ML Partner of the Year Award,0.5264114301932012,2,1,0.006355453080755302,0.032283426362716
GOOGL,2022-06-15,Strong Positive,C3 AI Receives Google Cloud AI/ML Partner of the Year Award,0.5264114301932012,2,2,-0.0016910567084575997,0.0305923696542584
GOOGL,2022-06-15,Strong Positive,C3 AI Receives Google Cloud AI/ML Partner of the Year Award,0.5264114301932012,2,3,0.015841130135201904,0.046433499789460306
GOOGL,2022-06-15,Strong Positive,C3 AI Receives Google Cloud AI/ML Partner of the Year Award,0.5264114301932012,2,4,0.0009522446436181001,0.04738574443307841
GOOGL,2022-06-15,Strong Positive,C3 AI Receives Google Cloud AI/ML Partner of the Year Award,0.5264114301932012,2,5,-0.0081255516242098,0.03926019280886861
GOOGL,2022-06-16,Strong Positive,McDonald's agrees to pay $1.3 bln to settle French tax dispute,1.0,1,-5,0.006660186450100601,0.006660186450100601
GOOGL,2022-06-16,Strong Positive,McDonald's agrees to pay $1.3 bln to settle French tax dispute,1.0,1,-4,0.003276538171523999,0.0099367246216246
GOOGL,2022-06-16,Strong Positive,McDonald's agrees to pay $1.3 bln to settle French tax dispute,1.0,1,-3,0.0035948536798679,0.0135315783014925
GOOGL,2022-06-16,Strong Positive,McDonald's agrees to pay $1.3 bln to settle French tax dispute,1.0,1,-2,0.00122064362136,0.0147522219228525
GOOGL,2022-06-16,Strong Positive,McDonald's agrees to pay $1.3 bln to settle French tax dispute,1.0,1,-1,0.0035993509370730002,0.018351572859925502
GOOGL,2022-06-16,Strong Positive,McDonald's agrees to pay $1.3 bln to settle French tax dispute,1.0,1,0,0.006355453080755302,0.024707025940680805
GOOGL,2022-06-16,Strong Positive,McDonald's agrees to pay $1.3 bln to settle French tax dispute,1.0,1,1,-0.0016910567084575997,0.023015969232223203
GOOGL,2022-06-16,Strong Positive,McDonald's agrees to pay $1.3 bln to settle French tax dispute,1.0,1,2,0.015841130135201904,0.03885709936742511
GOOGL,2022-06-16,Strong Positive,McDonald's agrees to pay $1.3 bln to settle French tax dispute,1.0,1,3,0.0009522446436181001,0.03980934401104321
GOOGL,2022-06-16,Strong Positive,McDonald's agrees to pay $1.3 bln to settle French tax dispute,1.0,1,4,-0.0081255516242098,0.031683792386833415
GOOGL,2022-06-16,Strong Positive,McDonald's agrees to pay $1.3 bln to settle French tax dispute,1.0,1,5,0.016813747311820802,0.04849753969865422
GOOGL,2022-06-17,Strong Positive,Walmart enters shoppable TV via exclusive deal with Roku,1.0,1,-5,0.003276538171523999,0.003276538171523999
GOOGL,2022-06-17,Strong Positive,Walmart enters shoppable TV via exclusive deal with Roku,1.0,1,-4,0.0035948536798679,0.006871391851391899
GOOGL,2022-06-17,Strong Positive,Walmart enters shoppable TV via exclusive deal with Roku,1.0,1,-3,0.00122064362136,0.0080920354727519
GOOGL,2022-06-17,Strong Positive,Walmart enters shoppable TV via exclusive deal with Roku,1.0,1,-2,0.0035993509370730002,0.0116913864098249
GOOGL,2022-06-17,Strong Positive,Walmart enters shoppable TV via exclusive deal with Roku,1.0,1,-1,0.006355453080755302,0.018046839490580203
GOOGL,2022-06-17,Strong Positive,Walmart enters shoppable TV via exclusive deal with Roku,1.0,1,0,-0.0016910567084575997,0.016355782782122602
GOOGL,2022-06-17,Strong Positive,Walmart enters shoppable TV via exclusive deal with Roku,1.0,1,1,0.015841130135201904,0.0321969129173245
GOOGL,2022-06-17,Strong Positive,Walmart enters shoppable TV via exclusive deal with Roku,1.0,1,2,0.0009522446436181001,0.0331491575609426
GOOGL,2022-06-17,Strong Positive,Walmart enters shoppable TV via exclusive deal with Roku,1.0,1,3,-0.0081255516242098,0.025023605936732803
GOOGL,2022-06-17,Strong Positive,Walmart enters shoppable TV via exclusive deal with Roku,1.0,1,4,0.016813747311820802,0.0418373532485536
GOOGL,2022-06-17,Strong Positive,Walmart enters shoppable TV via exclusive deal with Roku,1.0,1,5,-0.0108206608810297,0.031016692367523902
GOOGL,2022-06-21,Strong Negative,"Microsoft stops selling emotion-reading tech, limits face recognition",-0.5536313192083522,2,-5,0.0035948536798679,0.0035948536798679
GOOGL,2022-06-21,Strong Negative,"Microsoft stops selling emotion-reading tech, limits face recognition",-0.5536313192083522,2,-4,0.00122064362136,0.0048154973012279004
GOOGL,2022-06-21,Strong Negative,"Microsoft stops selling emotion-reading tech, limits face recognition",-0.5536313192083522,2,-3,0.0035993509370730002,0.0084148482383009
GOOGL,2022-06-21,Strong Negative,"Microsoft stops selling emotion-reading tech, limits face recognition",-0.5536313192083522,2,-2,0.006355453080755302,0.014770301319056203
GOOGL,2022-06-21,Strong Negative,"Microsoft stops selling emotion-reading tech, limits face recognition",-0.5536313192083522,2,-1,-0.0016910567084575997,0.013079244610598603
GOOGL,2022-06-21,Strong Negative,"Microsoft stops selling emotion-reading tech, limits face recognition",-0.5536313192083522,2,0,0.015841130135201904,0.028920374745800507
GOOGL,2022-06-21,Strong Negative,"Microsoft stops selling emotion-reading tech, limits face recognition",-0.5536313192083522,2,1,0.0009522446436181001,0.029872619389418608
GOOGL,2022-06-21,Strong Negative,"Microsoft stops selling emotion-reading tech, limits face recognition",-0.5536313192083522,2,2,-0.0081255516242098,0.021747067765208808
GOOGL,2022-06-21,Strong Negative,"Microsoft stops selling emotion-reading tech, limits face recognition",-0.5536313192083522,2,3,0.016813747311820802,0.03856081507702961
GOOGL,2022-06-21,Strong Negative,"Microsoft stops selling emotion-reading tech, limits face recognition",-0.5536313192083522,2,4,-0.0108206608810297,0.02774015419599991
GOOGL,2022-06-21,Strong Negative,"Microsoft stops selling emotion-reading tech, limits face recognition",-0.5536313192083522,2,5,-0.002563256071845703,0.025176898124154207
GOOGL,2022-06-24,Strong Positive,"Companies paying for abortion-related travel include Dick's Sporting Goods, Google, Disney",0.4413461411192485,2,-5,0.006355453080755302,0.006355453080755302
GOOGL,2022-06-24,Strong Positive,"Companies paying for abortion-related travel include Dick's Sporting Goods, Google, Disney",0.4413461411192485,2,-4,-0.0016910567084575997,0.0046643963722977026
GOOGL,2022-06-24,Strong Positive,"Companies paying for abortion-related travel include Dick's Sporting Goods, Google, Disney",0.4413461411192485,2,-3,0.015841130135201904,0.020505526507499608
GOOGL,2022-06-24,Strong Positive,"Companies paying for abortion-related travel include Dick's Sporting Goods, Google, Disney",0.4413461411192485,2,-2,0.0009522446436181001,0.02145777115111771
GOOGL,2022-06-24,Strong Positive,"Companies paying for abortion-related travel include Dick's Sporting Goods, Google, Disney",0.4413461411192485,2,-1,-0.0081255516242098,0.013332219526907909
GOOGL,2022-06-24,Strong Positive,"Companies paying for abortion-related travel include Dick's Sporting Goods, Google, Disney",0.4413461411192485,2,0,0.016813747311820802,0.03014596683872871
GOOGL,2022-06-24,Strong Positive,"Companies paying for abortion-related travel include Dick's Sporting Goods, Google, Disney",0.4413461411192485,2,1,-0.0108206608810297,0.01932530595769901
GOOGL,2022-06-24,Strong Positive,"Companies paying for abortion-related travel include Dick's Sporting Goods, Google, Disney",0.4413461411192485,2,2,-0.002563256071845703,0.01676204988585331
GOOGL,2022-06-24,Strong Positive,"Companies paying for abortion-related travel include Dick's Sporting Goods, Google, Disney",0.4413461411192485,2,3,-0.003648808163248,0.013113241722605308
GOOGL,2022-06-24,Strong Positive,"Companies paying for abortion-related travel include Dick's Sporting Goods, Google, Disney",0.4413461411192485,2,4,-0.012113156847098102,0.0010000848755072067
GOOGL,2022-06-24,Strong Positive,"Companies paying for abortion-related travel include Dick's Sporting Goods, Google, Disney",0.4413461411192485,2,5,-0.0086701177463865,-0.0076700328708792925
GOOGL,2026-08-10,Strong Negative,Form 8K Alphabet Inc Class A For: 10 August By Investing.com,-0.1622662727135902,16,-5,0.031243981640164797,0.031243981640164797
GOOGL,2026-08-10,Strong Negative,Form 8K Alphabet Inc Class A For: 10 August By Investing.com,-0.1622662727135902,16,-4,-0.022883976623892903,0.008360005016271894
GOOGL,2026-08-10,Strong Negative,Form 8K Alphabet Inc Class A For: 10 August By Investing.com,-0.1622662727135902,16,-3,-0.0312530802408561,-0.022893075224584208
GOOGL,2026-08-10,Strong Negative,Form 8K Alphabet Inc Class A For: 10 August By Investing.com,-0.1622662727135902,16,-2,-0.009218418666729601,-0.032111493891313805
GOOGL,2026-08-10,Strong Negative,Form 8K Alphabet Inc Class A For: 10 August By Investing.com,-0.1622662727135902,16,-1,-0.021369718786663203,-0.05348121267797701
GOOGL,2026-08-10,Strong Negative,Form 8K Alphabet Inc Class A For: 10 August By Investing.com,-0.1622662727135902,16,0,0.012075889335073699,-0.04140532334290331
GOOGL,2026-08-10,Strong Negative,Form 8K Alphabet Inc Class A For: 10 August By Investing.com,-0.1622662727135902,16,1,-0.0350185153434088,-0.07642383868631211
GOOGL,2026-08-10,Strong Negative,Form 8K Alphabet Inc Class A For: 10 August By Investing.com,-0.1622662727135902,16,2,-0.0080635442008022,-0.08448738288711431
GOOGL,2026-08-10,Strong Negative,Form 8K Alphabet Inc Class A For: 10 August By Investing.com,-0.1622662727135902,16,3,-0.003356943845449,-0.08784432673256332
GOOGL,2026-08-10,Strong Negative,Form 8K Alphabet Inc Class A For: 10 August By Investing.com,-0.1622662727135902,16,4,3.785616039000007e-05,-0.08780647057217332
GOOGL,2026-08-10,Strong Negative,Form 8K Alphabet Inc Class A For: 10 August By Investing.com,-0.1622662727135902,16,5,-0.0038514525660928,-0.09165792313826612
GOOGL,2026-08-11,Strong Negative,Alphabet’s AI Story No Longer Runs Through The Business That Funds Everything Else,-0.0405864667827778,29,-5,-0.022883976623892903,-0.022883976623892903
GOOGL,2026-08-11,Strong Negative,Alphabet’s AI Story No Longer Runs Through The Business That Funds Everything Else,-0.0405864667827778,29,-4,-0.0312530802408561,-0.054137056864749004
GOOGL,2026-08-11,Strong Negative,Alphabet’s AI Story No Longer Runs Through The Business That Funds Everything Else,-0.0405864667827778,29,-3,-0.009218418666729601,-0.0633554755314786
GOOGL,2026-08-11,Strong Negative,Alphabet’s AI Story No Longer Runs Through The Business That Funds Everything Else,-0.0405864667827778,29,-2,-0.021369718786663203,-0.08472519431814181
GOOGL,2026-08-11,Strong Negative,Alphabet’s AI Story No Longer Runs Through The Business That Funds Everything Else,-0.0405864667827778,29,-1,0.012075889335073699,-0.07264930498306811
GOOGL,2026-08-11,Strong Negative,Alphabet’s AI Story No Longer Runs Through The Business That Funds Everything Else,-0.0405864667827778,29,0,-0.0350185153434088,-0.10766782032647691
GOOGL,2026-08-11,Strong Negative,Alphabet’s AI Story No Longer Runs Through The Business That Funds Everything Else,-0.0405864667827778,29,1,-0.0080635442008022,-0.11573136452727911
GOOGL,2026-08-11,Strong Negative,Alphabet’s AI Story No Longer Runs Through The Business That Funds Everything Else,-0.0405864667827778,29,2,-0.003356943845449,-0.11908830837272812
GOOGL,2026-08-11,Strong Negative,Alphabet’s AI Story No Longer Runs Through The Business That Funds Everything Else,-0.0405864667827778,29,3,3.785616039000007e-05,-0.11905045221233812
GOOGL,2026-08-11,Strong Negative,Alphabet’s AI Story No Longer Runs Through The Business That Funds Everything Else,-0.0405864667827778,29,4,-0.0038514525660928,-0.12290190477843092
GOOGL,2026-08-11,Strong Negative,Alphabet’s AI Story No Longer Runs Through The Business That Funds Everything Else,-0.0405864667827778,29,5,0.017515952118351302,-0.10538595266007962
GOOGL,2026-08-13,Strong Negative,Tlwm Trims Stock Position in Alphabet Inc. $GOOGL,-0.277816614225308,16,-5,-0.009218418666729601,-0.009218418666729601
GOOGL,2026-08-13,Strong Negative,Tlwm Trims Stock Position in Alphabet Inc. $GOOGL,-0.277816614225308,16,-4,-0.021369718786663203,-0.030588137453392804
GOOGL,2026-08-13,Strong Negative,Tlwm Trims Stock Position in Alphabet Inc. $GOOGL,-0.277816614225308,16,-3,0.012075889335073699,-0.018512248118319106
GOOGL,2026-08-13,Strong Negative,Tlwm Trims Stock Position in Alphabet Inc. $GOOGL,-0.277816614225308,16,-2,-0.0350185153434088,-0.05353076346172791
GOOGL,2026-08-13,Strong Negative,Tlwm Trims Stock Position in Alphabet Inc. $GOOGL,-0.277816614225308,16,-1,-0.0080635442008022,-0.06159430766253011
GOOGL,2026-08-13,Strong Negative,Tlwm Trims Stock Position in Alphabet Inc. $GOOGL,-0.277816614225308,16,0,-0.003356943845449,-0.0649512515079791
GOOGL,2026-08-13,Strong Negative,Tlwm Trims Stock Position in Alphabet Inc. $GOOGL,-0.277816614225308,16,1,3.785616039000007e-05,-0.06491339534758911
GOOGL,2026-08-13,Strong Negative,Tlwm Trims Stock Position in Alphabet Inc. $GOOGL,-0.277816614225308,16,2,-0.0038514525660928,-0.06876484791368191
GOOGL,2026-08-13,Strong Negative,Tlwm Trims Stock Position in Alphabet Inc. $GOOGL,-0.277816614225308,16,3,0.017515952118351302,-0.05124889579533061
GOOGL,2026-08-13,Strong Negative,Tlwm Trims Stock Position in Alphabet Inc. $GOOGL,-0.277816614225308,16,4,0.0035037060727162997,-0.04774518972261431
GOOGL,2026-08-13,Strong Negative,Tlwm Trims Stock Position in Alphabet Inc. $GOOGL,-0.277816614225308,16,5,-0.0045566843206198,-0.05230187404323411
GOOGL,2026-08-26,Strong Negative,Alphabet A stock trades in the mid-$340s as AI capex and cloud growth shape the Q2 2026 story,-0.081051376026528,15,-5,0.0035037060727162997,0.0035037060727162997
GOOGL,2026-08-26,Strong Negative,Alphabet A stock trades in the mid-$340s as AI capex and cloud growth shape the Q2 2026 story,-0.081051376026528,15,-4,-0.0045566843206198,-0.0010529782479035002
GOOGL,2026-08-26,Strong Negative,Alphabet A stock trades in the mid-$340s as AI capex and cloud growth shape the Q2 2026 story,-0.081051376026528,15,-3,0.0086512899451785,0.007598311697274999
GOOGL,2026-08-26,Strong Negative,Alphabet A stock trades in the mid-$340s as AI capex and cloud growth shape the Q2 2026 story,-0.081051376026528,15,-2,0.0193760049072429,0.0269743166045179
GOOGL,2026-08-26,Strong Negative,Alphabet A stock trades in the mid-$340s as AI capex and cloud growth shape the Q2 2026 story,-0.081051376026528,15,-1,-0.009389824781416,0.0175844918231019
GOOGL,2026-08-26,Strong Negative,Alphabet A stock trades in the mid-$340s as AI capex and cloud growth shape the Q2 2026 story,-0.081051376026528,15,0,-0.015210206912893699,0.0023742849102082013
GOOGL,2026-08-26,Strong Negative,Alphabet A stock trades in the mid-$340s as AI capex and cloud growth shape the Q2 2026 story,-0.081051376026528,15,1,-0.0176392108946221,-0.0152649259844139
GOOGL,2026-08-26,Strong Negative,Alphabet A stock trades in the mid-$340s as AI capex and cloud growth shape the Q2 2026 story,-0.081051376026528,15,2,0.0239272466125157,0.008662320628101801
GOOGL,2026-08-26,Strong Negative,Alphabet A stock trades in the mid-$340s as AI capex and cloud growth shape the Q2 2026 story,-0.081051376026528,15,3,-0.0213498823267091,-0.0126875616986073
GOOGL,2026-08-26,Strong Negative,Alphabet A stock trades in the mid-$340s as AI capex and cloud growth shape the Q2 2026 story,-0.081051376026528,15,4,-3.5833279532099596e-05,-0.0127233949781394
GOOGL,2026-08-26,Strong Negative,Alphabet A stock trades in the mid-$340s as AI capex and cloud growth shape the Q2 2026 story,-0.081051376026528,15,5,0.0040073173766474995,-0.0087160776014919
GOOGL,2026-08-28,Strong Negative,"Alphabet (NASDAQ: GOOG) CEO uses 3,703 shares for taxes",-0.4191763989989768,2,-5,0.0086512899451785,0.0086512899451785
GOOGL,2026-08-28,Strong Negative,"Alphabet (NASDAQ: GOOG) CEO uses 3,703 shares for taxes",-0.4191763989989768,2,-4,0.0193760049072429,0.0280272948524214
GOOGL,2026-08-28,Strong Negative,"Alphabet (NASDAQ: GOOG) CEO uses 3,703 shares for taxes",-0.4191763989989768,2,-3,-0.009389824781416,0.0186374700710054
GOOGL,2026-08-28,Strong Negative,"Alphabet (NASDAQ: GOOG) CEO uses 3,703 shares for taxes",-0.4191763989989768,2,-2,-0.015210206912893699,0.0034272631581117007
GOOGL,2026-08-28,Strong Negative,"Alphabet (NASDAQ: GOOG) CEO uses 3,703 shares for taxes",-0.4191763989989768,2,-1,-0.0176392108946221,-0.0142119477365104
GOOGL,2026-08-28,Strong Negative,"Alphabet (NASDAQ: GOOG) CEO uses 3,703 shares for taxes",-0.4191763989989768,2,0,0.0239272466125157,0.0097152988760053
GOOGL,2026-08-28,Strong Negative,"Alphabet (NASDAQ: GOOG) CEO uses 3,703 shares for taxes",-0.4191763989989768,2,1,-0.0213498823267091,-0.011634583450703801
GOOGL,2026-08-28,Strong Negative,"Alphabet (NASDAQ: GOOG) CEO uses 3,703 shares for taxes",-0.4191763989989768,2,2,-3.5833279532099596e-05,-0.0116704167302359
GOOGL,2026-08-28,Strong Negative,"Alphabet (NASDAQ: GOOG) CEO uses 3,703 shares for taxes",-0.4191763989989768,2,3,0.0040073173766474995,-0.007663099353588401
GOOGL,2026-08-28,Strong Negative,"Alphabet (NASDAQ: GOOG) CEO uses 3,703 shares for taxes",-0.4191763989989768,2,4,0.0040134619451948,-0.003649637408393601
GOOGL,2026-08-28,Strong Negative,"Alphabet (NASDAQ: GOOG) CEO uses 3,703 shares for taxes",-0.4191763989989768,2,5,-0.0129002616620594,-0.016549899070453
META,2022-01-03,Strong Negative,"Devin Nunes officially resigns from Congress, clearing way to helm Trump's social media company",-1.0,1,-5,0.0161063483978108,0.0161063483978108
META,2022-01-03,Strong Negative,"Devin Nunes officially resigns from Congress, clearing way to helm Trump's social media company",-1.0,1,-4,0.0047501219957059,0.0208564703935167
META,2022-01-03,Strong Negative,"Devin Nunes officially resigns from Congress, clearing way to helm Trump's social media company",-1.0,1,-3,-0.0093243576166409,0.0115321127768758
META,2022-01-03,Strong Negative,"Devin Nunes officially resigns from Congress, clearing way to helm Trump's social media company",-1.0,1,-2,0.0071289276514838,0.0186610404283596
META,2022-01-03,Strong Negative,"Devin Nunes officially resigns from Congress, clearing way to helm Trump's social media company",-1.0,1,-1,-0.0170157004173764,0.0016453400109832025
META,2022-01-03,Strong Negative,"Devin Nunes officially resigns from Congress, clearing way to helm Trump's social media company",-1.0,1,0,-0.0031156443538378,-0.0014703043428545975
META,2022-01-03,Strong Negative,"Devin Nunes officially resigns from Congress, clearing way to helm Trump's social media company",-1.0,1,1,0.0070332908898455,0.005562986546990902
META,2022-01-03,Strong Negative,"Devin Nunes officially resigns from Congress, clearing way to helm Trump's social media company",-1.0,1,2,-0.0060068915125581004,-0.0004439049655671984
META,2022-01-03,Strong Negative,"Devin Nunes officially resigns from Congress, clearing way to helm Trump's social media company",-1.0,1,3,0.0262756022788238,0.025831697313256602
META,2022-01-03,Strong Negative,"Devin Nunes officially resigns from Congress, clearing way to helm Trump's social media company",-1.0,1,4,0.0088175224999625,0.0346492198132191
META,2022-01-03,Strong Negative,"Devin Nunes officially resigns from Congress, clearing way to helm Trump's social media company",-1.0,1,5,-0.011869758471881599,0.0227794613413375
META,2022-01-10,Strong Negative,Tech Moves: Adaptive CFO to resign; Meta comms exec departs; AI vet joins Absci board; new Zymeworks CEO,-1.0,1,-5,-0.0031156443538378,-0.0031156443538378
META,2022-01-10,Strong Negative,Tech Moves: Adaptive CFO to resign; Meta comms exec departs; AI vet joins Absci board; new Zymeworks CEO,-1.0,1,-4,0.0070332908898455,0.0039176465360076995
META,2022-01-10,Strong Negative,Tech Moves: Adaptive CFO to resign; Meta comms exec departs; AI vet joins Absci board; new Zymeworks CEO,-1.0,1,-3,-0.0060068915125581004,-0.002089244976550401
META,2022-01-10,Strong Negative,Tech Moves: Adaptive CFO to resign; Meta comms exec departs; AI vet joins Absci board; new Zymeworks CEO,-1.0,1,-2,0.0262756022788238,0.0241863573022734
META,2022-01-10,Strong Negative,Tech Moves: Adaptive CFO to resign; Meta comms exec departs; AI vet joins Absci board; new Zymeworks CEO,-1.0,1,-1,0.0088175224999625,0.0330038798022359
META,2022-01-10,Strong Negative,Tech Moves: Adaptive CFO to resign; Meta comms exec departs; AI vet joins Absci board; new Zymeworks CEO,-1.0,1,0,-0.011869758471881599,0.021134121330354305
META,2022-01-10,Strong Negative,Tech Moves: Adaptive CFO to resign; Meta comms exec departs; AI vet joins Absci board; new Zymeworks CEO,-1.0,1,1,0.004181031840217798,0.025315153170572105
META,2022-01-10,Strong Negative,Tech Moves: Adaptive CFO to resign; Meta comms exec departs; AI vet joins Absci board; new Zymeworks CEO,-1.0,1,2,-0.0072851934817301,0.018029959688842006
META,2022-01-10,Strong Negative,Tech Moves: Adaptive CFO to resign; Meta comms exec departs; AI vet joins Absci board; new Zymeworks CEO,-1.0,1,3,0.0046716536874312,0.022701613376273206
META,2022-01-10,Strong Negative,Tech Moves: Adaptive CFO to resign; Meta comms exec departs; AI vet joins Absci board; new Zymeworks CEO,-1.0,1,4,0.0103786297036619,0.03308024307993511
META,2022-01-10,Strong Negative,Tech Moves: Adaptive CFO to resign; Meta comms exec departs; AI vet joins Absci board; new Zymeworks CEO,-1.0,1,5,-0.016533807535935297,0.016546435543999812
META,2022-01-14,Strong Negative,Facebook faces $3.2 bln UK class action over market dominance,-1.0,1,-5,0.0088175224999625,0.0088175224999625
META,2022-01-14,Strong Negative,Facebook faces $3.2 bln UK class action over market dominance,-1.0,1,-4,-0.011869758471881599,-0.0030522359719190994
META,2022-01-14,Strong Negative,Facebook faces $3.2 bln UK class action over market dominance,-1.0,1,-3,0.004181031840217798,0.0011287958682986987
META,2022-01-14,Strong Negative,Facebook faces $3.2 bln UK class action over market dominance,-1.0,1,-2,-0.0072851934817301,-0.006156397613431401
META,2022-01-14,Strong Negative,Facebook faces $3.2 bln UK class action over market dominance,-1.0,1,-1,0.0046716536874312,-0.0014847439260002012
META,2022-01-14,Strong Negative,Facebook faces $3.2 bln UK class action over market dominance,-1.0,1,0,0.0103786297036619,0.0088938857776617
META,2022-01-14,Strong Negative,Facebook faces $3.2 bln UK class action over market dominance,-1.0,1,1,-0.016533807535935297,-0.007639921758273598
META,2022-01-14,Strong Negative,Facebook faces $3.2 bln UK class action over market dominance,-1.0,1,2,0.0155097641415611,0.007869842383287503
META,2022-01-14,Strong Negative,Facebook faces $3.2 bln UK class action over market dominance,-1.0,1,3,0.0035074991745851995,0.011377341557872702
META,2022-01-14,Strong Negative,Facebook faces $3.2 bln UK class action over market dominance,-1.0,1,4,-0.014569698721301802,-0.0031923571634291
META,2022-01-14,Strong Negative,Facebook faces $3.2 bln UK class action over market dominance,-1.0,1,5,0.013695353188919502,0.010502996025490402
META,2022-01-18,Strong Negative,Facebook loses bid to dismiss users’ data-privacy antitrust claims,-1.0,1,-5,-0.011869758471881599,-0.011869758471881599
META,2022-01-18,Strong Negative,Facebook loses bid to dismiss users’ data-privacy antitrust claims,-1.0,1,-4,0.004181031840217798,-0.007688726631663801
META,2022-01-18,Strong Negative,Facebook loses bid to dismiss users’ data-privacy antitrust claims,-1.0,1,-3,-0.0072851934817301,-0.0149739201133939
META,2022-01-18,Strong Negative,Facebook loses bid to dismiss users’ data-privacy antitrust claims,-1.0,1,-2,0.0046716536874312,-0.0103022664259627
META,2022-01-18,Strong Negative,Facebook loses bid to dismiss users’ data-privacy antitrust claims,-1.0,1,-1,0.0103786297036619,7.636327769919987e-05
META,2022-01-18,Strong Negative,Facebook loses bid to dismiss users’ data-privacy antitrust claims,-1.0,1,0,-0.016533807535935297,-0.016457444258236097
META,2022-01-18,Strong Negative,Facebook loses bid to dismiss users’ data-privacy antitrust claims,-1.0,1,1,0.0155097641415611,-0.0009476801166749971
META,2022-01-18,Strong Negative,Facebook loses bid to dismiss users’ data-privacy antitrust claims,-1.0,1,2,0.0035074991745851995,0.0025598190579102023
META,2022-01-18,Strong Negative,Facebook loses bid to dismiss users’ data-privacy antitrust claims,-1.0,1,3,-0.014569698721301802,-0.0120098796633916
META,2022-01-18,Strong Negative,Facebook loses bid to dismiss users’ data-privacy antitrust claims,-1.0,1,4,0.013695353188919502,0.0016854735255279023
META,2022-01-18,Strong Negative,Facebook loses bid to dismiss users’ data-privacy antitrust claims,-1.0,1,5,-0.004546641046169798,-0.0028611675206418954
META,2022-01-21,Strong Negative,Mother sues Meta and Snap over tween daughter’s suicide,-0.220689714102262,2,-5,0.0046716536874312,0.0046716536874312
META,2022-01-21,Strong Negative,Mother sues Meta and Snap over tween daughter’s suicide,-0.220689714102262,2,-4,0.0103786297036619,0.0150502833910931
META,2022-01-21,Strong Negative,Mother sues Meta and Snap over tween daughter’s suicide,-0.220689714102262,2,-3,-0.016533807535935297,-0.0014835241448421972
META,2022-01-21,Strong Negative,Mother sues Meta and Snap over tween daughter’s suicide,-0.220689714102262,2,-2,0.0155097641415611,0.014026239996718903
META,2022-01-21,Strong Negative,Mother sues Meta and Snap over tween daughter’s suicide,-0.220689714102262,2,-1,0.0035074991745851995,0.017533739171304102
META,2022-01-21,Strong Negative,Mother sues Meta and Snap over tween daughter’s suicide,-0.220689714102262,2,0,-0.014569698721301802,0.0029640404500023004
META,2022-01-21,Strong Negative,Mother sues Meta and Snap over tween daughter’s suicide,-0.220689714102262,2,1,0.013695353188919502,0.016659393638921802
META,2022-01-21,Strong Negative,Mother sues Meta and Snap over tween daughter’s suicide,-0.220689714102262,2,2,-0.004546641046169798,0.012112752592752005
META,2022-01-21,Strong Negative,Mother sues Meta and Snap over tween daughter’s suicide,-0.220689714102262,2,3,-0.016826146024450102,-0.004713393431698097
META,2022-01-21,Strong Negative,Mother sues Meta and Snap over tween daughter’s suicide,-0.220689714102262,2,4,0.010104700662794633,0.005391307231096536
META,2022-01-21,Strong Negative,Mother sues Meta and Snap over tween daughter’s suicide,-0.220689714102262,2,5,-0.007373662557136399,-0.0019823553260398634
META,2022-02-03,Strong Negative,Metaverse stocks Nvidia and Roblox fall as Facebook parent Meta's Web3 business reports massive loss,-0.0797804683142963,6,-5,0.010104700662794633,0.010104700662794633
META,2022-02-03,Strong Negative,Metaverse stocks Nvidia and Roblox fall as Facebook parent Meta's Web3 business reports massive loss,-0.0797804683142963,6,-4,-0.007373662557136399,0.0027310381056582338
META,2022-02-03,Strong Negative,Metaverse stocks Nvidia and Roblox fall as Facebook parent Meta's Web3 business reports massive loss,-0.0797804683142963,6,-3,0.006303358594697203,0.009034396700355437
META,2022-02-03,Strong Negative,Metaverse stocks Nvidia and Roblox fall as Facebook parent Meta's Web3 business reports massive loss,-0.0797804683142963,6,-2,0.011519777576103299,0.020554174276458736
META,2022-02-03,Strong Negative,Metaverse stocks Nvidia and Roblox fall as Facebook parent Meta's Web3 business reports massive loss,-0.0797804683142963,6,-1,0.0044137247219966005,0.024967898998455335
META,2022-02-03,Strong Negative,Metaverse stocks Nvidia and Roblox fall as Facebook parent Meta's Web3 business reports massive loss,-0.0797804683142963,6,0,-0.2233568585828889,-0.19838895958443356
META,2022-02-03,Strong Negative,Metaverse stocks Nvidia and Roblox fall as Facebook parent Meta's Web3 business reports massive loss,-0.0797804683142963,6,1,-0.0154331232308812,-0.21382208281531476
META,2022-02-03,Strong Negative,Metaverse stocks Nvidia and Roblox fall as Facebook parent Meta's Web3 business reports massive loss,-0.0797804683142963,6,2,-0.043328510190106,-0.25715059300542076
META,2022-02-03,Strong Negative,Metaverse stocks Nvidia and Roblox fall as Facebook parent Meta's Web3 business reports massive loss,-0.0797804683142963,6,3,-0.0322662035275239,-0.28941679653294466
META,2022-02-03,Strong Negative,Metaverse stocks Nvidia and Roblox fall as Facebook parent Meta's Web3 business reports massive loss,-0.0797804683142963,6,4,0.032493086164210996,-0.2569237103687337
META,2022-02-03,Strong Negative,Metaverse stocks Nvidia and Roblox fall as Facebook parent Meta's Web3 business reports massive loss,-0.0797804683142963,6,5,0.005692882497277001,-0.2512308278714567
META,2022-02-09,Strong Negative,Meta Is Now Calling Out Google Over Apple's App Privacy Rules,-1.0,1,-5,0.0044137247219966005,0.0044137247219966005
META,2022-02-09,Strong Negative,Meta Is Now Calling Out Google Over Apple's App Privacy Rules,-1.0,1,-4,-0.2233568585828889,-0.2189431338608923
META,2022-02-09,Strong Negative,Meta Is Now Calling Out Google Over Apple's App Privacy Rules,-1.0,1,-3,-0.0154331232308812,-0.23437625709177348
META,2022-02-09,Strong Negative,Meta Is Now Calling Out Google Over Apple's App Privacy Rules,-1.0,1,-2,-0.043328510190106,-0.2777047672818795
META,2022-02-09,Strong Negative,Meta Is Now Calling Out Google Over Apple's App Privacy Rules,-1.0,1,-1,-0.0322662035275239,-0.3099709708094034
META,2022-02-09,Strong Negative,Meta Is Now Calling Out Google Over Apple's App Privacy Rules,-1.0,1,0,0.032493086164210996,-0.2774778846451924
META,2022-02-09,Strong Negative,Meta Is Now Calling Out Google Over Apple's App Privacy Rules,-1.0,1,1,0.005692882497277001,-0.2717850021479154
META,2022-02-09,Strong Negative,Meta Is Now Calling Out Google Over Apple's App Privacy Rules,-1.0,1,2,-0.005635377608926399,-0.2774203797568418
META,2022-02-09,Strong Negative,Meta Is Now Calling Out Google Over Apple's App Privacy Rules,-1.0,1,3,-0.0096653977359934,-0.2870857774928352
META,2022-02-09,Strong Negative,Meta Is Now Calling Out Google Over Apple's App Privacy Rules,-1.0,1,4,-0.0097054221016044,-0.2967911995944396
META,2022-02-09,Strong Negative,Meta Is Now Calling Out Google Over Apple's App Privacy Rules,-1.0,1,5,-0.0199284198727305,-0.3167196194671701
META,2022-02-14,Strong Negative,Texas sues Facebook parent company over use of facial recognition technology,-0.4065440583992409,3,-5,-0.043328510190106,-0.043328510190106
META,2022-02-14,Strong Negative,Texas sues Facebook parent company over use of facial recognition technology,-0.4065440583992409,3,-4,-0.0322662035275239,-0.07559471371762991
META,2022-02-14,Strong Negative,Texas sues Facebook parent company over use of facial recognition technology,-0.4065440583992409,3,-3,0.032493086164210996,-0.04310162755341891
META,2022-02-14,Strong Negative,Texas sues Facebook parent company over use of facial recognition technology,-0.4065440583992409,3,-2,0.005692882497277001,-0.03740874505614191
META,2022-02-14,Strong Negative,Texas sues Facebook parent company over use of facial recognition technology,-0.4065440583992409,3,-1,-0.005635377608926399,-0.04304412266506831
META,2022-02-14,Strong Negative,Texas sues Facebook parent company over use of facial recognition technology,-0.4065440583992409,3,0,-0.0096653977359934,-0.05270952040106171
META,2022-02-14,Strong Negative,Texas sues Facebook parent company over use of facial recognition technology,-0.4065440583992409,3,1,-0.0097054221016044,-0.062414942502666104
META,2022-02-14,Strong Negative,Texas sues Facebook parent company over use of facial recognition technology,-0.4065440583992409,3,2,-0.0199284198727305,-0.0823433623753966
META,2022-02-14,Strong Negative,Texas sues Facebook parent company over use of facial recognition technology,-0.4065440583992409,3,3,-0.011033696886618097,-0.0933770592620147
META,2022-02-14,Strong Negative,Texas sues Facebook parent company over use of facial recognition technology,-0.4065440583992409,3,4,0.0039427928032857995,-0.0894342664587289
META,2022-02-14,Strong Negative,Texas sues Facebook parent company over use of facial recognition technology,-0.4065440583992409,3,5,-0.009746458020979,-0.0991807244797079
META,2022-02-15,Strong Negative,Meta's Facebook to pay $90 million to settle privacy lawsuit over user tracking,-1.0,1,-5,-0.0322662035275239,-0.0322662035275239
META,2022-02-15,Strong Negative,Meta's Facebook to pay $90 million to settle privacy lawsuit over user tracking,-1.0,1,-4,0.032493086164210996,0.00022688263668709657
META,2022-02-15,Strong Negative,Meta's Facebook to pay $90 million to settle privacy lawsuit over user tracking,-1.0,1,-3,0.005692882497277001,0.005919765133964097
META,2022-02-15,Strong Negative,Meta's Facebook to pay $90 million to settle privacy lawsuit over user tracking,-1.0,1,-2,-0.005635377608926399,0.0002843875250376979
META,2022-02-15,Strong Negative,Meta's Facebook to pay $90 million to settle privacy lawsuit over user tracking,-1.0,1,-1,-0.0096653977359934,-0.009381010210955703
META,2022-02-15,Strong Negative,Meta's Facebook to pay $90 million to settle privacy lawsuit over user tracking,-1.0,1,0,-0.0097054221016044,-0.019086432312560103
META,2022-02-15,Strong Negative,Meta's Facebook to pay $90 million to settle privacy lawsuit over user tracking,-1.0,1,1,-0.0199284198727305,-0.039014852185290605
META,2022-02-15,Strong Negative,Meta's Facebook to pay $90 million to settle privacy lawsuit over user tracking,-1.0,1,2,-0.011033696886618097,-0.0500485490719087
META,2022-02-15,Strong Negative,Meta's Facebook to pay $90 million to settle privacy lawsuit over user tracking,-1.0,1,3,0.0039427928032857995,-0.0461057562686229
META,2022-02-15,Strong Negative,Meta's Facebook to pay $90 million to settle privacy lawsuit over user tracking,-1.0,1,4,-0.009746458020979,-0.055852214289601895
META,2022-02-15,Strong Negative,Meta's Facebook to pay $90 million to settle privacy lawsuit over user tracking,-1.0,1,5,0.0076517910701283005,-0.0482004232194736
META,2022-03-01,Strong Negative,"College could take place in the metaverse, but these problems must be overcome first",-0.4859658393458195,2,-5,-0.009746458020979,-0.009746458020979
META,2022-03-01,Strong Negative,"College could take place in the metaverse, but these problems must be overcome first",-0.4859658393458195,2,-4,0.0076517910701283005,-0.0020946669508506988
META,2022-03-01,Strong Negative,"College could take place in the metaverse, but these problems must be overcome first",-0.4859658393458195,2,-3,0.012502875194193797,0.010408208243343098
META,2022-03-01,Strong Negative,"College could take place in the metaverse, but these problems must be overcome first",-0.4859658393458195,2,-2,-0.0016343248790019003,0.008773883364341198
META,2022-03-01,Strong Negative,"College could take place in the metaverse, but these problems must be overcome first",-0.4859658393458195,2,-1,-0.0003655839833962998,0.008408299380944898
META,2022-03-01,Strong Negative,"College could take place in the metaverse, but these problems must be overcome first",-0.4859658393458195,2,0,-0.020418088645453403,-0.012009789264508505
META,2022-03-01,Strong Negative,"College could take place in the metaverse, but these problems must be overcome first",-0.4859658393458195,2,1,0.005924319169482897,-0.006085470095025608
META,2022-03-01,Strong Negative,"College could take place in the metaverse, but these problems must be overcome first",-0.4859658393458195,2,2,-0.0104135455113798,-0.016499015606405407
META,2022-03-01,Strong Negative,"College could take place in the metaverse, but these problems must be overcome first",-0.4859658393458195,2,3,0.00015473868587429981,-0.016344276920531108
META,2022-03-01,Strong Negative,"College could take place in the metaverse, but these problems must be overcome first",-0.4859658393458195,2,4,-0.026049921926598198,-0.042394198847129305
META,2022-03-01,Strong Negative,"College could take place in the metaverse, but these problems must be overcome first",-0.4859658393458195,2,5,0.0196905741197926,-0.022703624727336707
META,2022-03-03,Strong Negative,Goldman Sachs-Backed Virtual Beauty App Developer To Go Public In $1 Billion SPAC Deal,-0.4992441573497628,2,-5,0.012502875194193797,0.012502875194193797
META,2022-03-03,Strong Negative,Goldman Sachs-Backed Virtual Beauty App Developer To Go Public In $1 Billion SPAC Deal,-0.4992441573497628,2,-4,-0.0016343248790019003,0.010868550315191896
META,2022-03-03,Strong Negative,Goldman Sachs-Backed Virtual Beauty App Developer To Go Public In $1 Billion SPAC Deal,-0.4992441573497628,2,-3,-0.0003655839833962998,0.010502966331795597
META,2022-03-03,Strong Negative,Goldman Sachs-Backed Virtual Beauty App Developer To Go Public In $1 Billion SPAC Deal,-0.4992441573497628,2,-2,-0.020418088645453403,-0.009915122313657806
META,2022-03-03,Strong Negative,Goldman Sachs-Backed Virtual Beauty App Developer To Go Public In $1 Billion SPAC Deal,-0.4992441573497628,2,-1,0.005924319169482897,-0.003990803144174909
META,2022-03-03,Strong Negative,Goldman Sachs-Backed Virtual Beauty App Developer To Go Public In $1 Billion SPAC Deal,-0.4992441573497628,2,0,-0.0104135455113798,-0.014404348655554709
META,2022-03-03,Strong Negative,Goldman Sachs-Backed Virtual Beauty App Developer To Go Public In $1 Billion SPAC Deal,-0.4992441573497628,2,1,0.00015473868587429981,-0.014249609969680409
META,2022-03-03,Strong Negative,Goldman Sachs-Backed Virtual Beauty App Developer To Go Public In $1 Billion SPAC Deal,-0.4992441573497628,2,2,-0.026049921926598198,-0.040299531896278606
META,2022-03-03,Strong Negative,Goldman Sachs-Backed Virtual Beauty App Developer To Go Public In $1 Billion SPAC Deal,-0.4992441573497628,2,3,0.0196905741197926,-0.020608957776486008
META,2022-03-03,Strong Negative,Goldman Sachs-Backed Virtual Beauty App Developer To Go Public In $1 Billion SPAC Deal,-0.4992441573497628,2,4,0.007146459225942904,-0.013462498550543104
META,2022-03-03,Strong Negative,Goldman Sachs-Backed Virtual Beauty App Developer To Go Public In $1 Billion SPAC Deal,-0.4992441573497628,2,5,-0.0054695476072543995,-0.018932046157797505
META,2022-03-04,Strong Negative,The cloud over commercial real estate lingers,-0.5719022185756741,2,-5,-0.0016343248790019003,-0.0016343248790019003
META,2022-03-04,Strong Negative,The cloud over commercial real estate lingers,-0.5719022185756741,2,-4,-0.0003655839833962998,-0.0019999088623982
META,2022-03-04,Strong Negative,The cloud over commercial real estate lingers,-0.5719022185756741,2,-3,-0.020418088645453403,-0.022417997507851603
META,2022-03-04,Strong Negative,The cloud over commercial real estate lingers,-0.5719022185756741,2,-2,0.005924319169482897,-0.016493678338368706
META,2022-03-04,Strong Negative,The cloud over commercial real estate lingers,-0.5719022185756741,2,-1,-0.0104135455113798,-0.026907223849748505
META,2022-03-04,Strong Negative,The cloud over commercial real estate lingers,-0.5719022185756741,2,0,0.00015473868587429981,-0.026752485163874205
META,2022-03-04,Strong Negative,The cloud over commercial real estate lingers,-0.5719022185756741,2,1,-0.026049921926598198,-0.0528024070904724
META,2022-03-04,Strong Negative,The cloud over commercial real estate lingers,-0.5719022185756741,2,2,0.0196905741197926,-0.03311183297067981
META,2022-03-04,Strong Negative,The cloud over commercial real estate lingers,-0.5719022185756741,2,3,0.007146459225942904,-0.025965373744736904
META,2022-03-04,Strong Negative,The cloud over commercial real estate lingers,-0.5719022185756741,2,4,-0.0054695476072543995,-0.0314349213519913
META,2022-03-04,Strong Negative,The cloud over commercial real estate lingers,-0.5719022185756741,2,5,-0.018194113884902302,-0.049629035236893604
META,2022-03-08,Strong Positive,Industry Leaders Join Forces to Standardize Chiplet Ecosystem,1.0,1,-5,-0.020418088645453403,-0.020418088645453403
META,2022-03-08,Strong Positive,Industry Leaders Join Forces to Standardize Chiplet Ecosystem,1.0,1,-4,0.005924319169482897,-0.014493769475970506
META,2022-03-08,Strong Positive,Industry Leaders Join Forces to Standardize Chiplet Ecosystem,1.0,1,-3,-0.0104135455113798,-0.024907314987350306
META,2022-03-08,Strong Positive,Industry Leaders Join Forces to Standardize Chiplet Ecosystem,1.0,1,-2,0.00015473868587429981,-0.024752576301476006
META,2022-03-08,Strong Positive,Industry Leaders Join Forces to Standardize Chiplet Ecosystem,1.0,1,-1,-0.026049921926598198,-0.0508024982280742
META,2022-03-08,Strong Positive,Industry Leaders Join Forces to Standardize Chiplet Ecosystem,1.0,1,0,0.0196905741197926,-0.0311119241082816
META,2022-03-08,Strong Positive,Industry Leaders Join Forces to Standardize Chiplet Ecosystem,1.0,1,1,0.007146459225942904,-0.023965464882338697
META,2022-03-08,Strong Positive,Industry Leaders Join Forces to Standardize Chiplet Ecosystem,1.0,1,2,-0.0054695476072543995,-0.0294350124895931
META,2022-03-08,Strong Positive,Industry Leaders Join Forces to Standardize Chiplet Ecosystem,1.0,1,3,-0.018194113884902302,-0.0476291263744954
META,2022-03-08,Strong Positive,Industry Leaders Join Forces to Standardize Chiplet Ecosystem,1.0,1,4,0.013981095011724,-0.033648031362771405
META,2022-03-08,Strong Positive,Industry Leaders Join Forces to Standardize Chiplet Ecosystem,1.0,1,5,-0.0024325549712319004,-0.03608058633400331
META,2022-03-11,Strong Negative,Russia says it will block Instagram,-0.3653832943834741,3,-5,0.00015473868587429981,0.00015473868587429981
META,2022-03-11,Strong Negative,Russia says it will block Instagram,-0.3653832943834741,3,-4,-0.026049921926598198,-0.025895183240723898
META,2022-03-11,Strong Negative,Russia says it will block Instagram,-0.3653832943834741,3,-3,0.0196905741197926,-0.0062046091209312995
META,2022-03-11,Strong Negative,Russia says it will block Instagram,-0.3653832943834741,3,-2,0.007146459225942904,0.0009418501050116046
META,2022-03-11,Strong Negative,Russia says it will block Instagram,-0.3653832943834741,3,-1,-0.0054695476072543995,-0.004527697502242795
META,2022-03-11,Strong Negative,Russia says it will block Instagram,-0.3653832943834741,3,0,-0.018194113884902302,-0.022721811387145095
META,2022-03-11,Strong Negative,Russia says it will block Instagram,-0.3653832943834741,3,1,0.013981095011724,-0.008740716375421096
META,2022-03-11,Strong Negative,Russia says it will block Instagram,-0.3653832943834741,3,2,-0.0024325549712319004,-0.011173271346652996
META,2022-03-11,Strong Negative,Russia says it will block Instagram,-0.3653832943834741,3,3,0.023320467268460196,0.0121471959218072
META,2022-03-11,Strong Negative,Russia says it will block Instagram,-0.3653832943834741,3,4,0.008568433013584202,0.020715628935391403
META,2022-03-11,Strong Negative,Russia says it will block Instagram,-0.3653832943834741,3,5,0.021150751472648797,0.0418663804080402
META,2022-03-15,Strong Positive,Aptos raises $200M to bring the Diem blockchain back to life,1.0,1,-5,0.0196905741197926,0.0196905741197926
META,2022-03-15,Strong Positive,Aptos raises $200M to bring the Diem blockchain back to life,1.0,1,-4,0.007146459225942904,0.026837033345735502
META,2022-03-15,Strong Positive,Aptos raises $200M to bring the Diem blockchain back to life,1.0,1,-3,-0.0054695476072543995,0.0213674857384811
META,2022-03-15,Strong Positive,Aptos raises $200M to bring the Diem blockchain back to life,1.0,1,-2,-0.018194113884902302,0.003173371853578799
META,2022-03-15,Strong Positive,Aptos raises $200M to bring the Diem blockchain back to life,1.0,1,-1,0.013981095011724,0.0171544668653028
META,2022-03-15,Strong Positive,Aptos raises $200M to bring the Diem blockchain back to life,1.0,1,0,-0.0024325549712319004,0.014721911894070898
META,2022-03-15,Strong Positive,Aptos raises $200M to bring the Diem blockchain back to life,1.0,1,1,0.023320467268460196,0.038042379162531094
META,2022-03-15,Strong Positive,Aptos raises $200M to bring the Diem blockchain back to life,1.0,1,2,0.008568433013584202,0.0466108121761153
META,2022-03-15,Strong Positive,Aptos raises $200M to bring the Diem blockchain back to life,1.0,1,3,0.021150751472648797,0.0677615636487641
META,2022-03-15,Strong Positive,Aptos raises $200M to bring the Diem blockchain back to life,1.0,1,4,-0.020315633845806903,0.04744592980295719
META,2022-03-15,Strong Positive,Aptos raises $200M to bring the Diem blockchain back to life,1.0,1,5,0.0047457264601505,0.05219165626310769
META,2022-03-17,Strong Positive,"ProShares Launches Metaverse ETF, Expands Innovative Fund Lineup to the Internet’s Next Frontier",0.3410377056013338,3,-5,-0.0054695476072543995,-0.0054695476072543995
META,2022-03-17,Strong Positive,"ProShares Launches Metaverse ETF, Expands Innovative Fund Lineup to the Internet’s Next Frontier",0.3410377056013338,3,-4,-0.018194113884902302,-0.0236636614921567
META,2022-03-17,Strong Positive,"ProShares Launches Metaverse ETF, Expands Innovative Fund Lineup to the Internet’s Next Frontier",0.3410377056013338,3,-3,0.013981095011724,-0.0096825664804327
META,2022-03-17,Strong Positive,"ProShares Launches Metaverse ETF, Expands Innovative Fund Lineup to the Internet’s Next Frontier",0.3410377056013338,3,-2,-0.0024325549712319004,-0.012115121451664601
META,2022-03-17,Strong Positive,"ProShares Launches Metaverse ETF, Expands Innovative Fund Lineup to the Internet’s Next Frontier",0.3410377056013338,3,-1,0.023320467268460196,0.011205345816795595
META,2022-03-17,Strong Positive,"ProShares Launches Metaverse ETF, Expands Innovative Fund Lineup to the Internet’s Next Frontier",0.3410377056013338,3,0,0.008568433013584202,0.0197737788303798
META,2022-03-17,Strong Positive,"ProShares Launches Metaverse ETF, Expands Innovative Fund Lineup to the Internet’s Next Frontier",0.3410377056013338,3,1,0.021150751472648797,0.040924530303028596
META,2022-03-17,Strong Positive,"ProShares Launches Metaverse ETF, Expands Innovative Fund Lineup to the Internet’s Next Frontier",0.3410377056013338,3,2,-0.020315633845806903,0.020608896457221693
META,2022-03-17,Strong Positive,"ProShares Launches Metaverse ETF, Expands Innovative Fund Lineup to the Internet’s Next Frontier",0.3410377056013338,3,3,0.0047457264601505,0.025354622917372192
META,2022-03-17,Strong Positive,"ProShares Launches Metaverse ETF, Expands Innovative Fund Lineup to the Internet’s Next Frontier",0.3410377056013338,3,4,-0.0003526886531640995,0.025001934264208093
META,2022-03-17,Strong Positive,"ProShares Launches Metaverse ETF, Expands Innovative Fund Lineup to the Internet’s Next Frontier",0.3410377056013338,3,5,0.006396844165505101,0.0313987784297132
META,2022-03-22,Strong Negative,Facebook Continues To Lose Out On User Time; Netherlands Data Center Plans Face Opposition,-1.0,1,-5,-0.0024325549712319004,-0.0024325549712319004
META,2022-03-22,Strong Negative,Facebook Continues To Lose Out On User Time; Netherlands Data Center Plans Face Opposition,-1.0,1,-4,0.023320467268460196,0.020887912297228296
META,2022-03-22,Strong Negative,Facebook Continues To Lose Out On User Time; Netherlands Data Center Plans Face Opposition,-1.0,1,-3,0.008568433013584202,0.029456345310812496
META,2022-03-22,Strong Negative,Facebook Continues To Lose Out On User Time; Netherlands Data Center Plans Face Opposition,-1.0,1,-2,0.021150751472648797,0.05060709678346129
META,2022-03-22,Strong Negative,Facebook Continues To Lose Out On User Time; Netherlands Data Center Plans Face Opposition,-1.0,1,-1,-0.020315633845806903,0.03029146293765439
META,2022-03-22,Strong Negative,Facebook Continues To Lose Out On User Time; Netherlands Data Center Plans Face Opposition,-1.0,1,0,0.0047457264601505,0.03503718939780489
META,2022-03-22,Strong Negative,Facebook Continues To Lose Out On User Time; Netherlands Data Center Plans Face Opposition,-1.0,1,1,-0.0003526886531640995,0.03468450074464079
META,2022-03-22,Strong Negative,Facebook Continues To Lose Out On User Time; Netherlands Data Center Plans Face Opposition,-1.0,1,2,0.006396844165505101,0.04108134491014589
META,2022-03-22,Strong Negative,Facebook Continues To Lose Out On User Time; Netherlands Data Center Plans Face Opposition,-1.0,1,3,0.0110812705258819,0.052162615436027786
META,2022-03-22,Strong Negative,Facebook Continues To Lose Out On User Time; Netherlands Data Center Plans Face Opposition,-1.0,1,4,-0.007492884715770701,0.04466973072025708
META,2022-03-22,Strong Negative,Facebook Continues To Lose Out On User Time; Netherlands Data Center Plans Face Opposition,-1.0,1,5,0.010832654765663901,0.055502385485920985
META,2022-03-28,Strong Negative,Amazon Stock Rally Erases Losses for the Year,-1.0,1,-5,-0.020315633845806903,-0.020315633845806903
META,2022-03-28,Strong Negative,Amazon Stock Rally Erases Losses for the Year,-1.0,1,-4,0.0047457264601505,-0.015569907385656404
META,2022-03-28,Strong Negative,Amazon Stock Rally Erases Losses for the Year,-1.0,1,-3,-0.0003526886531640995,-0.015922596038820503
META,2022-03-28,Strong Negative,Amazon Stock Rally Erases Losses for the Year,-1.0,1,-2,0.006396844165505101,-0.009525751873315402
META,2022-03-28,Strong Negative,Amazon Stock Rally Erases Losses for the Year,-1.0,1,-1,0.0110812705258819,0.001555518652566498
META,2022-03-28,Strong Negative,Amazon Stock Rally Erases Losses for the Year,-1.0,1,0,-0.007492884715770701,-0.0059373660632042035
META,2022-03-28,Strong Negative,Amazon Stock Rally Erases Losses for the Year,-1.0,1,1,0.010832654765663901,0.004895288702459697
META,2022-03-28,Strong Negative,Amazon Stock Rally Erases Losses for the Year,-1.0,1,2,0.002301339245131,0.0071966279475906975
META,2022-03-28,Strong Negative,Amazon Stock Rally Erases Losses for the Year,-1.0,1,3,-0.011700406953507199,-0.004503779005916501
META,2022-03-28,Strong Negative,Amazon Stock Rally Erases Losses for the Year,-1.0,1,4,0.0131016803942519,0.008597901388335398
META,2022-03-28,Strong Negative,Amazon Stock Rally Erases Losses for the Year,-1.0,1,5,0.019615908678165303,0.0282138100665007
META,2022-03-29,Strong Positive,"Meta to open new engineering hub in Toronto, expects to create 2,500 jobs",0.8014614218813554,4,-5,0.0047457264601505,0.0047457264601505
META,2022-03-29,Strong Positive,"Meta to open new engineering hub in Toronto, expects to create 2,500 jobs",0.8014614218813554,4,-4,-0.0003526886531640995,0.0043930378069864
META,2022-03-29,Strong Positive,"Meta to open new engineering hub in Toronto, expects to create 2,500 jobs",0.8014614218813554,4,-3,0.006396844165505101,0.010789881972491502
META,2022-03-29,Strong Positive,"Meta to open new engineering hub in Toronto, expects to create 2,500 jobs",0.8014614218813554,4,-2,0.0110812705258819,0.021871152498373403
META,2022-03-29,Strong Positive,"Meta to open new engineering hub in Toronto, expects to create 2,500 jobs",0.8014614218813554,4,-1,-0.007492884715770701,0.014378267782602702
META,2022-03-29,Strong Positive,"Meta to open new engineering hub in Toronto, expects to create 2,500 jobs",0.8014614218813554,4,0,0.010832654765663901,0.025210922548266602
META,2022-03-29,Strong Positive,"Meta to open new engineering hub in Toronto, expects to create 2,500 jobs",0.8014614218813554,4,1,0.002301339245131,0.0275122617933976
META,2022-03-29,Strong Positive,"Meta to open new engineering hub in Toronto, expects to create 2,500 jobs",0.8014614218813554,4,2,-0.011700406953507199,0.0158118548398904
META,2022-03-29,Strong Positive,"Meta to open new engineering hub in Toronto, expects to create 2,500 jobs",0.8014614218813554,4,3,0.0131016803942519,0.0289135352341423
META,2022-03-29,Strong Positive,"Meta to open new engineering hub in Toronto, expects to create 2,500 jobs",0.8014614218813554,4,4,0.019615908678165303,0.0485294439123076
META,2022-03-29,Strong Positive,"Meta to open new engineering hub in Toronto, expects to create 2,500 jobs",0.8014614218813554,4,5,0.013439231388215999,0.0619686753005236
META,2022-04-04,Strong Negative,"Who Really Owns Facebook, Here's What You Should Know!",-0.0246756913526001,4,-5,-0.007492884715770701,-0.007492884715770701
META,2022-04-04,Strong Negative,"Who Really Owns Facebook, Here's What You Should Know!",-0.0246756913526001,4,-4,0.010832654765663901,0.0033397700498931995
META,2022-04-04,Strong Negative,"Who Really Owns Facebook, Here's What You Should Know!",-0.0246756913526001,4,-3,0.002301339245131,0.0056411092950242
META,2022-04-04,Strong Negative,"Who Really Owns Facebook, Here's What You Should Know!",-0.0246756913526001,4,-2,-0.011700406953507199,-0.006059297658482999
META,2022-04-04,Strong Negative,"Who Really Owns Facebook, Here's What You Should Know!",-0.0246756913526001,4,-1,0.0131016803942519,0.0070423827357689005
META,2022-04-04,Strong Negative,"Who Really Owns Facebook, Here's What You Should Know!",-0.0246756913526001,4,0,0.019615908678165303,0.026658291413934204
META,2022-04-04,Strong Negative,"Who Really Owns Facebook, Here's What You Should Know!",-0.0246756913526001,4,1,0.013439231388215999,0.040097522802150204
META,2022-04-04,Strong Negative,"Who Really Owns Facebook, Here's What You Should Know!",-0.0246756913526001,4,2,-0.015124436094580002,0.024973086707570202
META,2022-04-04,Strong Negative,"Who Really Owns Facebook, Here's What You Should Know!",-0.0246756913526001,4,3,-0.0039452807609927,0.0210278059465775
META,2022-04-04,Strong Negative,"Who Really Owns Facebook, Here's What You Should Know!",-0.0246756913526001,4,4,0.0111984449401136,0.0322262508866911
META,2022-04-04,Strong Negative,"Who Really Owns Facebook, Here's What You Should Know!",-0.0246756913526001,4,5,-0.0027448888839759003,0.0294813620027152
META,2022-04-05,Strong Negative,Meta cracks down heavily on fake News and spam content being shared in India,-0.3684233213436104,3,-5,0.010832654765663901,0.010832654765663901
META,2022-04-05,Strong Negative,Meta cracks down heavily on fake News and spam content being shared in India,-0.3684233213436104,3,-4,0.002301339245131,0.013133994010794901
META,2022-04-05,Strong Negative,Meta cracks down heavily on fake News and spam content being shared in India,-0.3684233213436104,3,-3,-0.011700406953507199,0.0014335870572877024
META,2022-04-05,Strong Negative,Meta cracks down heavily on fake News and spam content being shared in India,-0.3684233213436104,3,-2,0.0131016803942519,0.014535267451539602
META,2022-04-05,Strong Negative,Meta cracks down heavily on fake News and spam content being shared in India,-0.3684233213436104,3,-1,0.019615908678165303,0.034151176129704905
META,2022-04-05,Strong Negative,Meta cracks down heavily on fake News and spam content being shared in India,-0.3684233213436104,3,0,0.013439231388215999,0.0475904075179209
META,2022-04-05,Strong Negative,Meta cracks down heavily on fake News and spam content being shared in India,-0.3684233213436104,3,1,-0.015124436094580002,0.0324659714233409
META,2022-04-05,Strong Negative,Meta cracks down heavily on fake News and spam content being shared in India,-0.3684233213436104,3,2,-0.0039452807609927,0.0285206906623482
META,2022-04-05,Strong Negative,Meta cracks down heavily on fake News and spam content being shared in India,-0.3684233213436104,3,3,0.0111984449401136,0.0397191356024618
META,2022-04-05,Strong Negative,Meta cracks down heavily on fake News and spam content being shared in India,-0.3684233213436104,3,4,-0.0027448888839759003,0.0369742467184859
META,2022-04-05,Strong Negative,Meta cracks down heavily on fake News and spam content being shared in India,-0.3684233213436104,3,5,-0.0064935731662620995,0.030480673552223798
META,2022-04-08,Strong Positive,Meta (FB) Plans to Introduce Virtual Coins to Diversify Income,0.5835899183674422,2,-5,0.0131016803942519,0.0131016803942519
META,2022-04-08,Strong Positive,Meta (FB) Plans to Introduce Virtual Coins to Diversify Income,0.5835899183674422,2,-4,0.019615908678165303,0.0327175890724172
META,2022-04-08,Strong Positive,Meta (FB) Plans to Introduce Virtual Coins to Diversify Income,0.5835899183674422,2,-3,0.013439231388215999,0.0461568204606332
META,2022-04-08,Strong Positive,Meta (FB) Plans to Introduce Virtual Coins to Diversify Income,0.5835899183674422,2,-2,-0.015124436094580002,0.031032384366053198
META,2022-04-08,Strong Positive,Meta (FB) Plans to Introduce Virtual Coins to Diversify Income,0.5835899183674422,2,-1,-0.0039452807609927,0.027087103605060496
META,2022-04-08,Strong Positive,Meta (FB) Plans to Introduce Virtual Coins to Diversify Income,0.5835899183674422,2,0,0.0111984449401136,0.038285548545174096
META,2022-04-08,Strong Positive,Meta (FB) Plans to Introduce Virtual Coins to Diversify Income,0.5835899183674422,2,1,-0.0027448888839759003,0.035540659661198196
META,2022-04-08,Strong Positive,Meta (FB) Plans to Introduce Virtual Coins to Diversify Income,0.5835899183674422,2,2,-0.0064935731662620995,0.029047086494936095
META,2022-04-08,Strong Positive,Meta (FB) Plans to Introduce Virtual Coins to Diversify Income,0.5835899183674422,2,3,-0.0163577604778904,0.012689326017045695
META,2022-04-08,Strong Positive,Meta (FB) Plans to Introduce Virtual Coins to Diversify Income,0.5835899183674422,2,4,0.000493724243246299,0.013183050260291995
META,2022-04-08,Strong Positive,Meta (FB) Plans to Introduce Virtual Coins to Diversify Income,0.5835899183674422,2,5,0.0020391909213864,0.015222241181678395
META,2022-04-20,Strong Negative,Netflix Loses $54 Billion in Market Cap After Biggest One-Day Stock Drop Ever,-1.0,1,-5,-0.0064935731662620995,-0.0064935731662620995
META,2022-04-20,Strong Negative,Netflix Loses $54 Billion in Market Cap After Biggest One-Day Stock Drop Ever,-1.0,1,-4,-0.0163577604778904,-0.0228513336441525
META,2022-04-20,Strong Negative,Netflix Loses $54 Billion in Market Cap After Biggest One-Day Stock Drop Ever,-1.0,1,-3,0.000493724243246299,-0.0223576094009062
META,2022-04-20,Strong Negative,Netflix Loses $54 Billion in Market Cap After Biggest One-Day Stock Drop Ever,-1.0,1,-2,0.0020391909213864,-0.0203184184795198
META,2022-04-20,Strong Negative,Netflix Loses $54 Billion in Market Cap After Biggest One-Day Stock Drop Ever,-1.0,1,-1,0.008678007293169199,-0.011640411186350601
META,2022-04-20,Strong Negative,Netflix Loses $54 Billion in Market Cap After Biggest One-Day Stock Drop Ever,-1.0,1,0,-0.0631384438061546,-0.07477885499250521
META,2022-04-20,Strong Negative,Netflix Loses $54 Billion in Market Cap After Biggest One-Day Stock Drop Ever,-1.0,1,1,-0.0409292728506,-0.11570812784310522
META,2022-04-20,Strong Negative,Netflix Loses $54 Billion in Market Cap After Biggest One-Day Stock Drop Ever,-1.0,1,2,0.005129641065241299,-0.11057848677786392
META,2022-04-20,Strong Negative,Netflix Loses $54 Billion in Market Cap After Biggest One-Day Stock Drop Ever,-1.0,1,3,0.0027970608795754998,-0.10778142589828842
META,2022-04-20,Strong Negative,Netflix Loses $54 Billion in Market Cap After Biggest One-Day Stock Drop Ever,-1.0,1,4,0.005443687396471199,-0.10233773850181721
META,2022-04-20,Strong Negative,Netflix Loses $54 Billion in Market Cap After Biggest One-Day Stock Drop Ever,-1.0,1,5,-0.0319601427405264,-0.1342978812423436
META,2022-04-21,Strong Positive,Apple Spends Record High on Lobbying Amid Pressure from Congress,0.5102468863283737,2,-5,-0.0163577604778904,-0.0163577604778904
META,2022-04-21,Strong Positive,Apple Spends Record High on Lobbying Amid Pressure from Congress,0.5102468863283737,2,-4,0.000493724243246299,-0.0158640362346441
META,2022-04-21,Strong Positive,Apple Spends Record High on Lobbying Amid Pressure from Congress,0.5102468863283737,2,-3,0.0020391909213864,-0.0138248453132577
META,2022-04-21,Strong Positive,Apple Spends Record High on Lobbying Amid Pressure from Congress,0.5102468863283737,2,-2,0.008678007293169199,-0.005146838020088501
META,2022-04-21,Strong Positive,Apple Spends Record High on Lobbying Amid Pressure from Congress,0.5102468863283737,2,-1,-0.0631384438061546,-0.0682852818262431
META,2022-04-21,Strong Positive,Apple Spends Record High on Lobbying Amid Pressure from Congress,0.5102468863283737,2,0,-0.0409292728506,-0.1092145546768431
META,2022-04-21,Strong Positive,Apple Spends Record High on Lobbying Amid Pressure from Congress,0.5102468863283737,2,1,0.005129641065241299,-0.1040849136116018
META,2022-04-21,Strong Positive,Apple Spends Record High on Lobbying Amid Pressure from Congress,0.5102468863283737,2,2,0.0027970608795754998,-0.1012878527320263
META,2022-04-21,Strong Positive,Apple Spends Record High on Lobbying Amid Pressure from Congress,0.5102468863283737,2,3,0.005443687396471199,-0.09584416533555509
META,2022-04-21,Strong Positive,Apple Spends Record High on Lobbying Amid Pressure from Congress,0.5102468863283737,2,4,-0.0319601427405264,-0.1278043080760815
META,2022-04-21,Strong Positive,Apple Spends Record High on Lobbying Amid Pressure from Congress,0.5102468863283737,2,5,0.1404202927628557,0.01261598468677419
META,2022-04-26,Strong Negative,These 21 large-cap stocks have now crashed at least 50%,-0.5972337962652834,4,-5,0.008678007293169199,0.008678007293169199
META,2022-04-26,Strong Negative,These 21 large-cap stocks have now crashed at least 50%,-0.5972337962652834,4,-4,-0.0631384438061546,-0.054460436512985405
META,2022-04-26,Strong Negative,These 21 large-cap stocks have now crashed at least 50%,-0.5972337962652834,4,-3,-0.0409292728506,-0.0953897093635854
META,2022-04-26,Strong Negative,These 21 large-cap stocks have now crashed at least 50%,-0.5972337962652834,4,-2,0.005129641065241299,-0.0902600682983441
META,2022-04-26,Strong Negative,These 21 large-cap stocks have now crashed at least 50%,-0.5972337962652834,4,-1,0.0027970608795754998,-0.0874630074187686
META,2022-04-26,Strong Negative,These 21 large-cap stocks have now crashed at least 50%,-0.5972337962652834,4,0,0.005443687396471199,-0.08201932002229739
META,2022-04-26,Strong Negative,These 21 large-cap stocks have now crashed at least 50%,-0.5972337962652834,4,1,-0.0319601427405264,-0.1139794627628238
META,2022-04-26,Strong Negative,These 21 large-cap stocks have now crashed at least 50%,-0.5972337962652834,4,2,0.1404202927628557,0.026440830000031904
META,2022-04-26,Strong Negative,These 21 large-cap stocks have now crashed at least 50%,-0.5972337962652834,4,3,0.019431017115445696,0.0458718471154776
META,2022-04-26,Strong Negative,These 21 large-cap stocks have now crashed at least 50%,-0.5972337962652834,4,4,0.0364790845952461,0.08235093171072369
META,2022-04-26,Strong Negative,These 21 large-cap stocks have now crashed at least 50%,-0.5972337962652834,4,5,0.0031952631090055,0.0855461948197292
META,2022-04-28,Strong Positive,MOTO & MRAD Rise on Tech Stock Rally,1.0,1,-5,-0.0409292728506,-0.0409292728506
META,2022-04-28,Strong Positive,MOTO & MRAD Rise on Tech Stock Rally,1.0,1,-4,0.005129641065241299,-0.03579963178535871
META,2022-04-28,Strong Positive,MOTO & MRAD Rise on Tech Stock Rally,1.0,1,-3,0.0027970608795754998,-0.03300257090578321
META,2022-04-28,Strong Positive,MOTO & MRAD Rise on Tech Stock Rally,1.0,1,-2,0.005443687396471199,-0.02755888350931201
META,2022-04-28,Strong Positive,MOTO & MRAD Rise on Tech Stock Rally,1.0,1,-1,-0.0319601427405264,-0.05951902624983841
META,2022-04-28,Strong Positive,MOTO & MRAD Rise on Tech Stock Rally,1.0,1,0,0.1404202927628557,0.0809012665130173
META,2022-04-28,Strong Positive,MOTO & MRAD Rise on Tech Stock Rally,1.0,1,1,0.019431017115445696,0.100332283628463
META,2022-04-28,Strong Positive,MOTO & MRAD Rise on Tech Stock Rally,1.0,1,2,0.0364790845952461,0.1368113682237091
META,2022-04-28,Strong Positive,MOTO & MRAD Rise on Tech Stock Rally,1.0,1,3,0.0031952631090055,0.1400066313327146
META,2022-04-28,Strong Positive,MOTO & MRAD Rise on Tech Stock Rally,1.0,1,4,0.019859532998504195,0.1598661643312188
META,2022-04-28,Strong Positive,MOTO & MRAD Rise on Tech Stock Rally,1.0,1,5,-0.017359029880729807,0.14250713445048901
META,2022-04-29,Strong Negative,Amazon’s biggest drop since 2006 caps dismal month for tech,-0.5227950204257789,2,-5,0.005129641065241299,0.005129641065241299
META,2022-04-29,Strong Negative,Amazon’s biggest drop since 2006 caps dismal month for tech,-0.5227950204257789,2,-4,0.0027970608795754998,0.007926701944816799
META,2022-04-29,Strong Negative,Amazon’s biggest drop since 2006 caps dismal month for tech,-0.5227950204257789,2,-3,0.005443687396471199,0.013370389341287998
META,2022-04-29,Strong Negative,Amazon’s biggest drop since 2006 caps dismal month for tech,-0.5227950204257789,2,-2,-0.0319601427405264,-0.018589753399238403
META,2022-04-29,Strong Negative,Amazon’s biggest drop since 2006 caps dismal month for tech,-0.5227950204257789,2,-1,0.1404202927628557,0.12183053936361729
META,2022-04-29,Strong Negative,Amazon’s biggest drop since 2006 caps dismal month for tech,-0.5227950204257789,2,0,0.019431017115445696,0.141261556479063
META,2022-04-29,Strong Negative,Amazon’s biggest drop since 2006 caps dismal month for tech,-0.5227950204257789,2,1,0.0364790845952461,0.1777406410743091
META,2022-04-29,Strong Negative,Amazon’s biggest drop since 2006 caps dismal month for tech,-0.5227950204257789,2,2,0.0031952631090055,0.1809359041833146
META,2022-04-29,Strong Negative,Amazon’s biggest drop since 2006 caps dismal month for tech,-0.5227950204257789,2,3,0.019859532998504195,0.2007954371818188
META,2022-04-29,Strong Negative,Amazon’s biggest drop since 2006 caps dismal month for tech,-0.5227950204257789,2,4,-0.017359029880729807,0.183436407301089
META,2022-04-29,Strong Negative,Amazon’s biggest drop since 2006 caps dismal month for tech,-0.5227950204257789,2,5,-0.009672603773851601,0.17376380352723741
META,2022-05-02,Strong Negative,Meta Northwest lead Rajeev Rajan to depart for job at Atlassian,-1.0,1,-5,0.0027970608795754998,0.0027970608795754998
META,2022-05-02,Strong Negative,Meta Northwest lead Rajeev Rajan to depart for job at Atlassian,-1.0,1,-4,0.005443687396471199,0.008240748276046699
META,2022-05-02,Strong Negative,Meta Northwest lead Rajeev Rajan to depart for job at Atlassian,-1.0,1,-3,-0.0319601427405264,-0.023719394464479703
META,2022-05-02,Strong Negative,Meta Northwest lead Rajeev Rajan to depart for job at Atlassian,-1.0,1,-2,0.1404202927628557,0.11670089829837599
META,2022-05-02,Strong Negative,Meta Northwest lead Rajeev Rajan to depart for job at Atlassian,-1.0,1,-1,0.019431017115445696,0.1361319154138217
META,2022-05-02,Strong Negative,Meta Northwest lead Rajeev Rajan to depart for job at Atlassian,-1.0,1,0,0.0364790845952461,0.1726110000090678
META,2022-05-02,Strong Negative,Meta Northwest lead Rajeev Rajan to depart for job at Atlassian,-1.0,1,1,0.0031952631090055,0.1758062631180733
META,2022-05-02,Strong Negative,Meta Northwest lead Rajeev Rajan to depart for job at Atlassian,-1.0,1,2,0.019859532998504195,0.19566579611657747
META,2022-05-02,Strong Negative,Meta Northwest lead Rajeev Rajan to depart for job at Atlassian,-1.0,1,3,-0.017359029880729807,0.17830676623584768
META,2022-05-02,Strong Negative,Meta Northwest lead Rajeev Rajan to depart for job at Atlassian,-1.0,1,4,-0.009672603773851601,0.16863416246199608
META,2022-05-02,Strong Negative,Meta Northwest lead Rajeev Rajan to depart for job at Atlassian,-1.0,1,5,0.0020259537374025943,0.1706601161993987
META,2022-05-03,Strong Negative,Meta Platforms Sued Over Logo Infringement - ProShares S&P 500 Dynamic Buffer ETF (BATS:FB),-1.0,1,-5,0.005443687396471199,0.005443687396471199
META,2022-05-03,Strong Negative,Meta Platforms Sued Over Logo Infringement - ProShares S&P 500 Dynamic Buffer ETF (BATS:FB),-1.0,1,-4,-0.0319601427405264,-0.026516455344055202
META,2022-05-03,Strong Negative,Meta Platforms Sued Over Logo Infringement - ProShares S&P 500 Dynamic Buffer ETF (BATS:FB),-1.0,1,-3,0.1404202927628557,0.1139038374188005
META,2022-05-03,Strong Negative,Meta Platforms Sued Over Logo Infringement - ProShares S&P 500 Dynamic Buffer ETF (BATS:FB),-1.0,1,-2,0.019431017115445696,0.1333348545342462
META,2022-05-03,Strong Negative,Meta Platforms Sued Over Logo Infringement - ProShares S&P 500 Dynamic Buffer ETF (BATS:FB),-1.0,1,-1,0.0364790845952461,0.1698139391294923
META,2022-05-03,Strong Negative,Meta Platforms Sued Over Logo Infringement - ProShares S&P 500 Dynamic Buffer ETF (BATS:FB),-1.0,1,0,0.0031952631090055,0.1730092022384978
META,2022-05-03,Strong Negative,Meta Platforms Sued Over Logo Infringement - ProShares S&P 500 Dynamic Buffer ETF (BATS:FB),-1.0,1,1,0.019859532998504195,0.192868735237002
META,2022-05-03,Strong Negative,Meta Platforms Sued Over Logo Infringement - ProShares S&P 500 Dynamic Buffer ETF (BATS:FB),-1.0,1,2,-0.017359029880729807,0.1755097053562722
META,2022-05-03,Strong Negative,Meta Platforms Sued Over Logo Infringement - ProShares S&P 500 Dynamic Buffer ETF (BATS:FB),-1.0,1,3,-0.009672603773851601,0.1658371015824206
META,2022-05-03,Strong Negative,Meta Platforms Sued Over Logo Infringement - ProShares S&P 500 Dynamic Buffer ETF (BATS:FB),-1.0,1,4,0.0020259537374025943,0.1678630553198232
META,2022-05-03,Strong Negative,Meta Platforms Sued Over Logo Infringement - ProShares S&P 500 Dynamic Buffer ETF (BATS:FB),-1.0,1,5,-0.004809646650144,0.1630534086696792
META,2022-05-04,Strong Negative,Meta Class Action Alleges Copyright Infringement of Infinity Logo,-0.4269900404573063,3,-5,-0.0319601427405264,-0.0319601427405264
META,2022-05-04,Strong Negative,Meta Class Action Alleges Copyright Infringement of Infinity Logo,-0.4269900404573063,3,-4,0.1404202927628557,0.1084601500223293
META,2022-05-04,Strong Negative,Meta Class Action Alleges Copyright Infringement of Infinity Logo,-0.4269900404573063,3,-3,0.019431017115445696,0.12789116713777499
META,2022-05-04,Strong Negative,Meta Class Action Alleges Copyright Infringement of Infinity Logo,-0.4269900404573063,3,-2,0.0364790845952461,0.16437025173302108
META,2022-05-04,Strong Negative,Meta Class Action Alleges Copyright Infringement of Infinity Logo,-0.4269900404573063,3,-1,0.0031952631090055,0.16756551484202659
META,2022-05-04,Strong Negative,Meta Class Action Alleges Copyright Infringement of Infinity Logo,-0.4269900404573063,3,0,0.019859532998504195,0.18742504784053077
META,2022-05-04,Strong Negative,Meta Class Action Alleges Copyright Infringement of Infinity Logo,-0.4269900404573063,3,1,-0.017359029880729807,0.17006601795980097
META,2022-05-04,Strong Negative,Meta Class Action Alleges Copyright Infringement of Infinity Logo,-0.4269900404573063,3,2,-0.009672603773851601,0.16039341418594938
META,2022-05-04,Strong Negative,Meta Class Action Alleges Copyright Infringement of Infinity Logo,-0.4269900404573063,3,3,0.0020259537374025943,0.162419367923352
META,2022-05-04,Strong Negative,Meta Class Action Alleges Copyright Infringement of Infinity Logo,-0.4269900404573063,3,4,-0.004809646650144,0.157609721273208
META,2022-05-04,Strong Negative,Meta Class Action Alleges Copyright Infringement of Infinity Logo,-0.4269900404573063,3,5,-0.015421174212883498,0.1421885470603245
META,2022-05-05,Strong Negative,Tech sell-off pushes Nasdaq to steepest drop since June 2020,-0.5814570170588517,4,-5,0.1404202927628557,0.1404202927628557
META,2022-05-05,Strong Negative,Tech sell-off pushes Nasdaq to steepest drop since June 2020,-0.5814570170588517,4,-4,0.019431017115445696,0.1598513098783014
META,2022-05-05,Strong Negative,Tech sell-off pushes Nasdaq to steepest drop since June 2020,-0.5814570170588517,4,-3,0.0364790845952461,0.1963303944735475
META,2022-05-05,Strong Negative,Tech sell-off pushes Nasdaq to steepest drop since June 2020,-0.5814570170588517,4,-2,0.0031952631090055,0.199525657582553
META,2022-05-05,Strong Negative,Tech sell-off pushes Nasdaq to steepest drop since June 2020,-0.5814570170588517,4,-1,0.019859532998504195,0.2193851905810572
META,2022-05-05,Strong Negative,Tech sell-off pushes Nasdaq to steepest drop since June 2020,-0.5814570170588517,4,0,-0.017359029880729807,0.20202616070032742
META,2022-05-05,Strong Negative,Tech sell-off pushes Nasdaq to steepest drop since June 2020,-0.5814570170588517,4,1,-0.009672603773851601,0.19235355692647582
META,2022-05-05,Strong Negative,Tech sell-off pushes Nasdaq to steepest drop since June 2020,-0.5814570170588517,4,2,0.0020259537374025943,0.19437951066387843
META,2022-05-05,Strong Negative,Tech sell-off pushes Nasdaq to steepest drop since June 2020,-0.5814570170588517,4,3,-0.004809646650144,0.18956986401373443
META,2022-05-05,Strong Negative,Tech sell-off pushes Nasdaq to steepest drop since June 2020,-0.5814570170588517,4,4,-0.015421174212883498,0.17414868980085094
META,2022-05-05,Strong Negative,Tech sell-off pushes Nasdaq to steepest drop since June 2020,-0.5814570170588517,4,5,0.015610060327666899,0.18975875012851784
META,2022-05-09,Strong Negative,15 Top Cities for Machine Learning Engineer Salaries,-0.4945261949338095,2,-5,0.0364790845952461,0.0364790845952461
META,2022-05-09,Strong Negative,15 Top Cities for Machine Learning Engineer Salaries,-0.4945261949338095,2,-4,0.0031952631090055,0.0396743477042516
META,2022-05-09,Strong Negative,15 Top Cities for Machine Learning Engineer Salaries,-0.4945261949338095,2,-3,0.019859532998504195,0.059533880702755795
META,2022-05-09,Strong Negative,15 Top Cities for Machine Learning Engineer Salaries,-0.4945261949338095,2,-2,-0.017359029880729807,0.04217485082202599
META,2022-05-09,Strong Negative,15 Top Cities for Machine Learning Engineer Salaries,-0.4945261949338095,2,-1,-0.009672603773851601,0.032502247048174386
META,2022-05-09,Strong Negative,15 Top Cities for Machine Learning Engineer Salaries,-0.4945261949338095,2,0,0.0020259537374025943,0.03452820078557698
META,2022-05-09,Strong Negative,15 Top Cities for Machine Learning Engineer Salaries,-0.4945261949338095,2,1,-0.004809646650144,0.02971855413543298
META,2022-05-09,Strong Negative,15 Top Cities for Machine Learning Engineer Salaries,-0.4945261949338095,2,2,-0.015421174212883498,0.01429737992254948
META,2022-05-09,Strong Negative,15 Top Cities for Machine Learning Engineer Salaries,-0.4945261949338095,2,3,0.015610060327666899,0.02990744025021638
META,2022-05-09,Strong Negative,15 Top Cities for Machine Learning Engineer Salaries,-0.4945261949338095,2,4,0.001530484343239498,0.031437924593455874
META,2022-05-09,Strong Negative,15 Top Cities for Machine Learning Engineer Salaries,-0.4945261949338095,2,5,0.0187405841052605,0.05017850869871637
META,2022-05-11,Strong Positive,Grand Investment Opportunity Awaits in the Metaverse,1.0,1,-5,0.019859532998504195,0.019859532998504195
META,2022-05-11,Strong Positive,Grand Investment Opportunity Awaits in the Metaverse,1.0,1,-4,-0.017359029880729807,0.0025005031177743886
META,2022-05-11,Strong Positive,Grand Investment Opportunity Awaits in the Metaverse,1.0,1,-3,-0.009672603773851601,-0.007172100656077212
META,2022-05-11,Strong Positive,Grand Investment Opportunity Awaits in the Metaverse,1.0,1,-2,0.0020259537374025943,-0.005146146918674618
META,2022-05-11,Strong Positive,Grand Investment Opportunity Awaits in the Metaverse,1.0,1,-1,-0.004809646650144,-0.009955793568818618
META,2022-05-11,Strong Positive,Grand Investment Opportunity Awaits in the Metaverse,1.0,1,0,-0.015421174212883498,-0.025376967781702117
META,2022-05-11,Strong Positive,Grand Investment Opportunity Awaits in the Metaverse,1.0,1,1,0.015610060327666899,-0.009766907454035217
META,2022-05-11,Strong Positive,Grand Investment Opportunity Awaits in the Metaverse,1.0,1,2,0.001530484343239498,-0.00823642311079572
META,2022-05-11,Strong Positive,Grand Investment Opportunity Awaits in the Metaverse,1.0,1,3,0.0187405841052605,0.01050416099446478
META,2022-05-11,Strong Positive,Grand Investment Opportunity Awaits in the Metaverse,1.0,1,4,-0.013003574887716902,-0.0024994138932521223
META,2022-05-11,Strong Positive,Grand Investment Opportunity Awaits in the Metaverse,1.0,1,5,-0.0021387391855423044,-0.004638153078794427
META,2022-05-12,Strong Positive,Evoque Partners with Archer Datacenters to Develop 61 Acre Data Center Campus Outside Nashville,0.4876015839997933,2,-5,-0.017359029880729807,-0.017359029880729807
META,2022-05-12,Strong Positive,Evoque Partners with Archer Datacenters to Develop 61 Acre Data Center Campus Outside Nashville,0.4876015839997933,2,-4,-0.009672603773851601,-0.02703163365458141
META,2022-05-12,Strong Positive,Evoque Partners with Archer Datacenters to Develop 61 Acre Data Center Campus Outside Nashville,0.4876015839997933,2,-3,0.0020259537374025943,-0.025005679917178815
META,2022-05-12,Strong Positive,Evoque Partners with Archer Datacenters to Develop 61 Acre Data Center Campus Outside Nashville,0.4876015839997933,2,-2,-0.004809646650144,-0.029815326567322817
META,2022-05-12,Strong Positive,Evoque Partners with Archer Datacenters to Develop 61 Acre Data Center Campus Outside Nashville,0.4876015839997933,2,-1,-0.015421174212883498,-0.045236500780206315
META,2022-05-12,Strong Positive,Evoque Partners with Archer Datacenters to Develop 61 Acre Data Center Campus Outside Nashville,0.4876015839997933,2,0,0.015610060327666899,-0.029626440452539416
META,2022-05-12,Strong Positive,Evoque Partners with Archer Datacenters to Develop 61 Acre Data Center Campus Outside Nashville,0.4876015839997933,2,1,0.001530484343239498,-0.028095956109299918
META,2022-05-12,Strong Positive,Evoque Partners with Archer Datacenters to Develop 61 Acre Data Center Campus Outside Nashville,0.4876015839997933,2,2,0.0187405841052605,-0.009355372004039419
META,2022-05-12,Strong Positive,Evoque Partners with Archer Datacenters to Develop 61 Acre Data Center Campus Outside Nashville,0.4876015839997933,2,3,-0.013003574887716902,-0.02235894689175632
META,2022-05-12,Strong Positive,Evoque Partners with Archer Datacenters to Develop 61 Acre Data Center Campus Outside Nashville,0.4876015839997933,2,4,-0.0021387391855423044,-0.024497686077298624
META,2022-05-12,Strong Positive,Evoque Partners with Archer Datacenters to Develop 61 Acre Data Center Campus Outside Nashville,0.4876015839997933,2,5,0.00041650273524859987,-0.024081183342050023
META,2022-05-17,Strong Negative,Netflix lays off 150 employees as the streaming service contends with big subscriber losses,-1.0,1,-5,-0.004809646650144,-0.004809646650144
META,2022-05-17,Strong Negative,Netflix lays off 150 employees as the streaming service contends with big subscriber losses,-1.0,1,-4,-0.015421174212883498,-0.0202308208630275
META,2022-05-17,Strong Negative,Netflix lays off 150 employees as the streaming service contends with big subscriber losses,-1.0,1,-3,0.015610060327666899,-0.004620760535360601
META,2022-05-17,Strong Negative,Netflix lays off 150 employees as the streaming service contends with big subscriber losses,-1.0,1,-2,0.001530484343239498,-0.003090276192121103
META,2022-05-17,Strong Negative,Netflix lays off 150 employees as the streaming service contends with big subscriber losses,-1.0,1,-1,0.0187405841052605,0.015650307913139396
META,2022-05-17,Strong Negative,Netflix lays off 150 employees as the streaming service contends with big subscriber losses,-1.0,1,0,-0.013003574887716902,0.002646733025422494
META,2022-05-17,Strong Negative,Netflix lays off 150 employees as the streaming service contends with big subscriber losses,-1.0,1,1,-0.0021387391855423044,0.0005079938398801897
META,2022-05-17,Strong Negative,Netflix lays off 150 employees as the streaming service contends with big subscriber losses,-1.0,1,2,0.00041650273524859987,0.0009244965751287896
META,2022-05-17,Strong Negative,Netflix lays off 150 employees as the streaming service contends with big subscriber losses,-1.0,1,3,0.014870198944869,0.01579469551999779
META,2022-05-17,Strong Negative,Netflix lays off 150 employees as the streaming service contends with big subscriber losses,-1.0,1,4,-0.002728369096253602,0.013066326423744187
META,2022-05-17,Strong Negative,Netflix lays off 150 employees as the streaming service contends with big subscriber losses,-1.0,1,5,-0.05492379294934649,-0.0418574665256023
META,2022-05-18,Strong Negative,"Goodbye, Gig Economy. It’s a Multi-Earner Era",-0.515237689103547,2,-5,-0.015421174212883498,-0.015421174212883498
META,2022-05-18,Strong Negative,"Goodbye, Gig Economy. It’s a Multi-Earner Era",-0.515237689103547,2,-4,0.015610060327666899,0.00018888611478340075
META,2022-05-18,Strong Negative,"Goodbye, Gig Economy. It’s a Multi-Earner Era",-0.515237689103547,2,-3,0.001530484343239498,0.0017193704580228987
META,2022-05-18,Strong Negative,"Goodbye, Gig Economy. It’s a Multi-Earner Era",-0.515237689103547,2,-2,0.0187405841052605,0.020459954563283398
META,2022-05-18,Strong Negative,"Goodbye, Gig Economy. It’s a Multi-Earner Era",-0.515237689103547,2,-1,-0.013003574887716902,0.007456379675566496
META,2022-05-18,Strong Negative,"Goodbye, Gig Economy. It’s a Multi-Earner Era",-0.515237689103547,2,0,-0.0021387391855423044,0.005317640490024192
META,2022-05-18,Strong Negative,"Goodbye, Gig Economy. It’s a Multi-Earner Era",-0.515237689103547,2,1,0.00041650273524859987,0.0057341432252727914
META,2022-05-18,Strong Negative,"Goodbye, Gig Economy. It’s a Multi-Earner Era",-0.515237689103547,2,2,0.014870198944869,0.02060434217014179
META,2022-05-18,Strong Negative,"Goodbye, Gig Economy. It’s a Multi-Earner Era",-0.515237689103547,2,3,-0.002728369096253602,0.01787597307388819
META,2022-05-18,Strong Negative,"Goodbye, Gig Economy. It’s a Multi-Earner Era",-0.515237689103547,2,4,-0.05492379294934649,-0.0370478198754583
META,2022-05-18,Strong Negative,"Goodbye, Gig Economy. It’s a Multi-Earner Era",-0.515237689103547,2,5,7.113037466619995e-05,-0.036976689500792095
META,2022-05-25,Strong Positive,Doe v. Meta and the Future of the Communications Decency Act,0.2872603402717488,3,-5,-0.0021387391855423044,-0.0021387391855423044
META,2022-05-25,Strong Positive,Doe v. Meta and the Future of the Communications Decency Act,0.2872603402717488,3,-4,0.00041650273524859987,-0.0017222364502937045
META,2022-05-25,Strong Positive,Doe v. Meta and the Future of the Communications Decency Act,0.2872603402717488,3,-3,0.014870198944869,0.013147962494575297
META,2022-05-25,Strong Positive,Doe v. Meta and the Future of the Communications Decency Act,0.2872603402717488,3,-2,-0.002728369096253602,0.010419593398321695
META,2022-05-25,Strong Positive,Doe v. Meta and the Future of the Communications Decency Act,0.2872603402717488,3,-1,-0.05492379294934649,-0.044504199551024796
META,2022-05-25,Strong Positive,Doe v. Meta and the Future of the Communications Decency Act,0.2872603402717488,3,0,7.113037466619995e-05,-0.0444330691763586
META,2022-05-25,Strong Positive,Doe v. Meta and the Future of the Communications Decency Act,0.2872603402717488,3,1,0.014723173464085405,-0.029709895712273195
META,2022-05-25,Strong Positive,Doe v. Meta and the Future of the Communications Decency Act,0.2872603402717488,3,2,-0.0143751651614006,-0.044085060873673795
META,2022-05-25,Strong Positive,Doe v. Meta and the Future of the Communications Decency Act,0.2872603402717488,3,3,-0.0049828613712680995,-0.04906792224494189
META,2022-05-25,Strong Positive,Doe v. Meta and the Future of the Communications Decency Act,0.2872603402717488,3,4,-0.018425297220344902,-0.0674932194652868
META,2022-05-25,Strong Positive,Doe v. Meta and the Future of the Communications Decency Act,0.2872603402717488,3,5,0.026791692353772302,-0.0407015271115145
META,2022-06-10,Strong Negative,Is the Roundhill Ball Metaverse ETF (METV) Right for You?,-0.4028813704505902,5,-5,-0.0146123628439906,-0.0146123628439906
META,2022-06-10,Strong Negative,Is the Roundhill Ball Metaverse ETF (METV) Right for You?,-0.4028813704505902,5,-4,0.014857662485071301,0.0002452996410807016
META,2022-06-10,Strong Negative,Is the Roundhill Ball Metaverse ETF (METV) Right for You?,-0.4028813704505902,5,-3,-0.0014187685397338001,-0.0011734688986530985
META,2022-06-10,Strong Negative,Is the Roundhill Ball Metaverse ETF (METV) Right for You?,-0.4028813704505902,5,-2,0.0122565942805922,0.011083125381939101
META,2022-06-10,Strong Negative,Is the Roundhill Ball Metaverse ETF (METV) Right for You?,-0.4028813704505902,5,-1,-0.0374950778879809,-0.026411952506041798
META,2022-06-10,Strong Negative,Is the Roundhill Ball Metaverse ETF (METV) Right for You?,-0.4028813704505902,5,0,-0.010544819327492301,-0.0369567718335341
META,2022-06-10,Strong Negative,Is the Roundhill Ball Metaverse ETF (METV) Right for You?,-0.4028813704505902,5,1,-0.017922456299094003,-0.054879228132628105
META,2022-06-10,Strong Negative,Is the Roundhill Ball Metaverse ETF (METV) Right for You?,-0.4028813704505902,5,2,-0.0050418680738384,-0.059921096206466504
META,2022-06-10,Strong Negative,Is the Roundhill Ball Metaverse ETF (METV) Right for You?,-0.4028813704505902,5,3,0.009352813885487005,-0.0505682823209795
META,2022-06-10,Strong Negative,Is the Roundhill Ball Metaverse ETF (METV) Right for You?,-0.4028813704505902,5,4,-0.009727549023738097,-0.060295831344717596
META,2022-06-10,Strong Negative,Is the Roundhill Ball Metaverse ETF (METV) Right for You?,-0.4028813704505902,5,5,0.0056811840007962005,-0.054614647343921394
META,2022-06-13,Strong Negative,Meta class action alleges company’s platforms harm youths’ mental health,-0.2219635732658809,2,-5,0.014857662485071301,0.014857662485071301
META,2022-06-13,Strong Negative,Meta class action alleges company’s platforms harm youths’ mental health,-0.2219635732658809,2,-4,-0.0014187685397338001,0.013438893945337501
META,2022-06-13,Strong Negative,Meta class action alleges company’s platforms harm youths’ mental health,-0.2219635732658809,2,-3,0.0122565942805922,0.0256954882259297
META,2022-06-13,Strong Negative,Meta class action alleges company’s platforms harm youths’ mental health,-0.2219635732658809,2,-2,-0.0374950778879809,-0.011799589662051198
META,2022-06-13,Strong Negative,Meta class action alleges company’s platforms harm youths’ mental health,-0.2219635732658809,2,-1,-0.010544819327492301,-0.0223444089895435
META,2022-06-13,Strong Negative,Meta class action alleges company’s platforms harm youths’ mental health,-0.2219635732658809,2,0,-0.017922456299094003,-0.0402668652886375
META,2022-06-13,Strong Negative,Meta class action alleges company’s platforms harm youths’ mental health,-0.2219635732658809,2,1,-0.0050418680738384,-0.0453087333624759
META,2022-06-13,Strong Negative,Meta class action alleges company’s platforms harm youths’ mental health,-0.2219635732658809,2,2,0.009352813885487005,-0.035955919476988896
META,2022-06-13,Strong Negative,Meta class action alleges company’s platforms harm youths’ mental health,-0.2219635732658809,2,3,-0.009727549023738097,-0.04568346850072699
META,2022-06-13,Strong Negative,Meta class action alleges company’s platforms harm youths’ mental health,-0.2219635732658809,2,4,0.0056811840007962005,-0.04000228449993079
META,2022-06-13,Strong Negative,Meta class action alleges company’s platforms harm youths’ mental health,-0.2219635732658809,2,5,-0.0660873522212162,-0.10608963672114699
META,2022-06-17,Strong Positive,Walmart enters shoppable TV via exclusive deal with Roku,1.0,1,-5,-0.010544819327492301,-0.010544819327492301
META,2022-06-17,Strong Positive,Walmart enters shoppable TV via exclusive deal with Roku,1.0,1,-4,-0.017922456299094003,-0.028467275626586304
META,2022-06-17,Strong Positive,Walmart enters shoppable TV via exclusive deal with Roku,1.0,1,-3,-0.0050418680738384,-0.0335091437004247
META,2022-06-17,Strong Positive,Walmart enters shoppable TV via exclusive deal with Roku,1.0,1,-2,0.009352813885487005,-0.024156329814937698
META,2022-06-17,Strong Positive,Walmart enters shoppable TV via exclusive deal with Roku,1.0,1,-1,-0.009727549023738097,-0.033883878838675795
META,2022-06-17,Strong Positive,Walmart enters shoppable TV via exclusive deal with Roku,1.0,1,0,0.0056811840007962005,-0.028202694837879592
META,2022-06-17,Strong Positive,Walmart enters shoppable TV via exclusive deal with Roku,1.0,1,1,-0.0660873522212162,-0.0942900470590958
META,2022-06-17,Strong Positive,Walmart enters shoppable TV via exclusive deal with Roku,1.0,1,2,-0.0061819341313735995,-0.1004719811904694
META,2022-06-17,Strong Positive,Walmart enters shoppable TV via exclusive deal with Roku,1.0,1,3,0.0037144566260887985,-0.09675752456438061
META,2022-06-17,Strong Positive,Walmart enters shoppable TV via exclusive deal with Roku,1.0,1,4,0.037610466956427,-0.05914705760795361
META,2022-06-17,Strong Positive,Walmart enters shoppable TV via exclusive deal with Roku,1.0,1,5,0.0033940417326738005,-0.05575301587527981
META,2022-06-23,Strong Negative,DOJ Files Lawsuit Against Meta and Outlines Proposed Settlement Structure Over Allegedly Discriminatory Housing Advertising Practices,-1.0,1,-5,0.009352813885487005,0.009352813885487005
META,2022-06-23,Strong Negative,DOJ Files Lawsuit Against Meta and Outlines Proposed Settlement Structure Over Allegedly Discriminatory Housing Advertising Practices,-1.0,1,-4,-0.009727549023738097,-0.00037473513825109217
META,2022-06-23,Strong Negative,DOJ Files Lawsuit Against Meta and Outlines Proposed Settlement Structure Over Allegedly Discriminatory Housing Advertising Practices,-1.0,1,-3,0.0056811840007962005,0.005306448862545108
META,2022-06-23,Strong Negative,DOJ Files Lawsuit Against Meta and Outlines Proposed Settlement Structure Over Allegedly Discriminatory Housing Advertising Practices,-1.0,1,-2,-0.0660873522212162,-0.06078090335867109
META,2022-06-23,Strong Negative,DOJ Files Lawsuit Against Meta and Outlines Proposed Settlement Structure Over Allegedly Discriminatory Housing Advertising Practices,-1.0,1,-1,-0.0061819341313735995,-0.0669628374900447
META,2022-06-23,Strong Negative,DOJ Files Lawsuit Against Meta and Outlines Proposed Settlement Structure Over Allegedly Discriminatory Housing Advertising Practices,-1.0,1,0,0.0037144566260887985,-0.0632483808639559
META,2022-06-23,Strong Negative,DOJ Files Lawsuit Against Meta and Outlines Proposed Settlement Structure Over Allegedly Discriminatory Housing Advertising Practices,-1.0,1,1,0.037610466956427,-0.025637913907528898
META,2022-06-23,Strong Negative,DOJ Files Lawsuit Against Meta and Outlines Proposed Settlement Structure Over Allegedly Discriminatory Housing Advertising Practices,-1.0,1,2,0.0033940417326738005,-0.022243872174855097
META,2022-06-23,Strong Negative,DOJ Files Lawsuit Against Meta and Outlines Proposed Settlement Structure Over Allegedly Discriminatory Housing Advertising Practices,-1.0,1,3,-0.0215126067627184,-0.04375647893757349
META,2022-06-23,Strong Negative,DOJ Files Lawsuit Against Meta and Outlines Proposed Settlement Structure Over Allegedly Discriminatory Housing Advertising Practices,-1.0,1,4,0.0193720682396865,-0.024384410697886993
META,2022-06-23,Strong Negative,DOJ Files Lawsuit Against Meta and Outlines Proposed Settlement Structure Over Allegedly Discriminatory Housing Advertising Practices,-1.0,1,5,-0.004005365842584199,-0.028389776540471194
META,2022-06-28,Strong Negative,"Lawsuit claims Facebook wrongly collects patient data through health system, hospital websites",-1.0,1,-5,-0.0660873522212162,-0.0660873522212162
META,2022-06-28,Strong Negative,"Lawsuit claims Facebook wrongly collects patient data through health system, hospital websites",-1.0,1,-4,-0.0061819341313735995,-0.0722692863525898
META,2022-06-28,Strong Negative,"Lawsuit claims Facebook wrongly collects patient data through health system, hospital websites",-1.0,1,-3,0.0037144566260887985,-0.06855482972650101
META,2022-06-28,Strong Negative,"Lawsuit claims Facebook wrongly collects patient data through health system, hospital websites",-1.0,1,-2,0.037610466956427,-0.030944362770074008
META,2022-06-28,Strong Negative,"Lawsuit claims Facebook wrongly collects patient data through health system, hospital websites",-1.0,1,-1,0.0033940417326738005,-0.027550321037400207
META,2022-06-28,Strong Negative,"Lawsuit claims Facebook wrongly collects patient data through health system, hospital websites",-1.0,1,0,-0.0215126067627184,-0.0490629278001186
META,2022-06-28,Strong Negative,"Lawsuit claims Facebook wrongly collects patient data through health system, hospital websites",-1.0,1,1,0.0193720682396865,-0.029690859560432104
META,2022-06-28,Strong Negative,"Lawsuit claims Facebook wrongly collects patient data through health system, hospital websites",-1.0,1,2,-0.004005365842584199,-0.033696225403016304
META,2022-06-28,Strong Negative,"Lawsuit claims Facebook wrongly collects patient data through health system, hospital websites",-1.0,1,3,-0.014166682762239,-0.047862908165255305
META,2022-06-28,Strong Negative,"Lawsuit claims Facebook wrongly collects patient data through health system, hospital websites",-1.0,1,4,0.0338708670706944,-0.013992041094560904
META,2022-06-28,Strong Negative,"Lawsuit claims Facebook wrongly collects patient data through health system, hospital websites",-1.0,1,5,0.002982114063255101,-0.011009927031305804
META,2022-06-30,Strong Negative,Ukraine round-up: Russia leaves Snake Island and Putin's topless G7 comments,-1.0,1,-5,0.0037144566260887985,0.0037144566260887985
META,2022-06-30,Strong Negative,Ukraine round-up: Russia leaves Snake Island and Putin's topless G7 comments,-1.0,1,-4,0.037610466956427,0.0413249235825158
META,2022-06-30,Strong Negative,Ukraine round-up: Russia leaves Snake Island and Putin's topless G7 comments,-1.0,1,-3,0.0033940417326738005,0.044718965315189596
META,2022-06-30,Strong Negative,Ukraine round-up: Russia leaves Snake Island and Putin's topless G7 comments,-1.0,1,-2,-0.0215126067627184,0.023206358552471197
META,2022-06-30,Strong Negative,Ukraine round-up: Russia leaves Snake Island and Putin's topless G7 comments,-1.0,1,-1,0.0193720682396865,0.042578426792157696
META,2022-06-30,Strong Negative,Ukraine round-up: Russia leaves Snake Island and Putin's topless G7 comments,-1.0,1,0,-0.004005365842584199,0.038573060949573496
META,2022-06-30,Strong Negative,Ukraine round-up: Russia leaves Snake Island and Putin's topless G7 comments,-1.0,1,1,-0.014166682762239,0.024406378187334495
META,2022-06-30,Strong Negative,Ukraine round-up: Russia leaves Snake Island and Putin's topless G7 comments,-1.0,1,2,0.0338708670706944,0.058277245258028895
META,2022-06-30,Strong Negative,Ukraine round-up: Russia leaves Snake Island and Putin's topless G7 comments,-1.0,1,3,0.002982114063255101,0.061259359321284
META,2022-06-30,Strong Negative,Ukraine round-up: Russia leaves Snake Island and Putin's topless G7 comments,-1.0,1,4,-0.007144249417049902,0.0541151099042341
META,2022-06-30,Strong Negative,Ukraine round-up: Russia leaves Snake Island and Putin's topless G7 comments,-1.0,1,5,-0.0088623482154383,0.0452527616887958
META,2026-07-15,Strong Positive,Meta Platforms Inc Stock (META) Moved Up by 3.25% on Jul 15: Facts Behind the Movement,0.2402604423194742,5,-5,-0.0230743828910887,-0.0230743828910887
META,2026-07-15,Strong Positive,Meta Platforms Inc Stock (META) Moved Up by 3.25% on Jul 15: Facts Behind the Movement,0.2402604423194742,5,-4,0.030379786946070898,0.007305404054982197
META,2026-07-15,Strong Positive,Meta Platforms Inc Stock (META) Moved Up by 3.25% on Jul 15: Facts Behind the Movement,0.2402604423194742,5,-3,0.0566654453309228,0.063970849385905
META,2026-07-15,Strong Positive,Meta Platforms Inc Stock (META) Moved Up by 3.25% on Jul 15: Facts Behind the Movement,0.2402604423194742,5,-2,0.0003308628130068991,0.0643017121989119
META,2026-07-15,Strong Positive,Meta Platforms Inc Stock (META) Moved Up by 3.25% on Jul 15: Facts Behind the Movement,0.2402604423194742,5,-1,-0.0046070112121281,0.0596947009867838
META,2026-07-15,Strong Positive,Meta Platforms Inc Stock (META) Moved Up by 3.25% on Jul 15: Facts Behind the Movement,0.2402604423194742,5,0,0.0333733499344373,0.0930680509212211
META,2026-07-15,Strong Positive,Meta Platforms Inc Stock (META) Moved Up by 3.25% on Jul 15: Facts Behind the Movement,0.2402604423194742,5,1,-0.008173897659661603,0.0848941532615595
META,2026-07-15,Strong Positive,Meta Platforms Inc Stock (META) Moved Up by 3.25% on Jul 15: Facts Behind the Movement,0.2402604423194742,5,2,-0.0128543178487718,0.07203983541278769
META,2026-07-15,Strong Positive,Meta Platforms Inc Stock (META) Moved Up by 3.25% on Jul 15: Facts Behind the Movement,0.2402604423194742,5,3,-0.0012975601917717,0.07074227522101599
META,2026-07-15,Strong Positive,Meta Platforms Inc Stock (META) Moved Up by 3.25% on Jul 15: Facts Behind the Movement,0.2402604423194742,5,4,-0.0217058074191767,0.04903646780183929
META,2026-07-15,Strong Positive,Meta Platforms Inc Stock (META) Moved Up by 3.25% on Jul 15: Facts Behind the Movement,0.2402604423194742,5,5,-0.020740165412739597,0.028296302389099692
META,2026-07-16,Strong Negative,"Meta Platforms (NASDAQ: META) COO sells 2,163 shares in planned trades",-0.1759584179771395,5,-5,0.030379786946070898,0.030379786946070898
META,2026-07-16,Strong Negative,"Meta Platforms (NASDAQ: META) COO sells 2,163 shares in planned trades",-0.1759584179771395,5,-4,0.0566654453309228,0.08704523227699369
META,2026-07-16,Strong Negative,"Meta Platforms (NASDAQ: META) COO sells 2,163 shares in planned trades",-0.1759584179771395,5,-3,0.0003308628130068991,0.08737609509000059
META,2026-07-16,Strong Negative,"Meta Platforms (NASDAQ: META) COO sells 2,163 shares in planned trades",-0.1759584179771395,5,-2,-0.0046070112121281,0.08276908387787249
META,2026-07-16,Strong Negative,"Meta Platforms (NASDAQ: META) COO sells 2,163 shares in planned trades",-0.1759584179771395,5,-1,0.0333733499344373,0.11614243381230979
META,2026-07-16,Strong Negative,"Meta Platforms (NASDAQ: META) COO sells 2,163 shares in planned trades",-0.1759584179771395,5,0,-0.008173897659661603,0.10796853615264819
META,2026-07-16,Strong Negative,"Meta Platforms (NASDAQ: META) COO sells 2,163 shares in planned trades",-0.1759584179771395,5,1,-0.0128543178487718,0.0951142183038764
META,2026-07-16,Strong Negative,"Meta Platforms (NASDAQ: META) COO sells 2,163 shares in planned trades",-0.1759584179771395,5,2,-0.0012975601917717,0.0938166581121047
META,2026-07-16,Strong Negative,"Meta Platforms (NASDAQ: META) COO sells 2,163 shares in planned trades",-0.1759584179771395,5,3,-0.0217058074191767,0.072110850692928
META,2026-07-16,Strong Negative,"Meta Platforms (NASDAQ: META) COO sells 2,163 shares in planned trades",-0.1759584179771395,5,4,-0.020740165412739597,0.0513706852801884
META,2026-07-16,Strong Negative,"Meta Platforms (NASDAQ: META) COO sells 2,163 shares in planned trades",-0.1759584179771395,5,5,-0.0146119512444206,0.0367587340357678
META,2026-07-17,Strong Negative,Roundhill META WeeklyPay ETF announces weekly distribution of $0.2577,-0.2225666667960297,4,-5,0.0566654453309228,0.0566654453309228
META,2026-07-17,Strong Negative,Roundhill META WeeklyPay ETF announces weekly distribution of $0.2577,-0.2225666667960297,4,-4,0.0003308628130068991,0.0569963081439297
META,2026-07-17,Strong Negative,Roundhill META WeeklyPay ETF announces weekly distribution of $0.2577,-0.2225666667960297,4,-3,-0.0046070112121281,0.052389296931801596
META,2026-07-17,Strong Negative,Roundhill META WeeklyPay ETF announces weekly distribution of $0.2577,-0.2225666667960297,4,-2,0.0333733499344373,0.0857626468662389
META,2026-07-17,Strong Negative,Roundhill META WeeklyPay ETF announces weekly distribution of $0.2577,-0.2225666667960297,4,-1,-0.008173897659661603,0.0775887492065773
META,2026-07-17,Strong Negative,Roundhill META WeeklyPay ETF announces weekly distribution of $0.2577,-0.2225666667960297,4,0,-0.0128543178487718,0.06473443135780549
META,2026-07-17,Strong Negative,Roundhill META WeeklyPay ETF announces weekly distribution of $0.2577,-0.2225666667960297,4,1,-0.0012975601917717,0.06343687116603379
META,2026-07-17,Strong Negative,Roundhill META WeeklyPay ETF announces weekly distribution of $0.2577,-0.2225666667960297,4,2,-0.0217058074191767,0.04173106374685709
META,2026-07-17,Strong Negative,Roundhill META WeeklyPay ETF announces weekly distribution of $0.2577,-0.2225666667960297,4,3,-0.020740165412739597,0.02099089833411749
META,2026-07-17,Strong Negative,Roundhill META WeeklyPay ETF announces weekly distribution of $0.2577,-0.2225666667960297,4,4,-0.0146119512444206,0.006378947089696892
META,2026-07-17,Strong Negative,Roundhill META WeeklyPay ETF announces weekly distribution of $0.2577,-0.2225666667960297,4,5,-0.006829060806143098,-0.00045011371644620643
META,2026-07-20,Strong Positive,"Meta Platforms (NASDAQ: META) insider Javier Olivan plans 1,466-share stock sale",0.3221403579667767,6,-5,0.0003308628130068991,0.0003308628130068991
META,2026-07-20,Strong Positive,"Meta Platforms (NASDAQ: META) insider Javier Olivan plans 1,466-share stock sale",0.3221403579667767,6,-4,-0.0046070112121281,-0.004276148399121201
META,2026-07-20,Strong Positive,"Meta Platforms (NASDAQ: META) insider Javier Olivan plans 1,466-share stock sale",0.3221403579667767,6,-3,0.0333733499344373,0.0290972015353161
META,2026-07-20,Strong Positive,"Meta Platforms (NASDAQ: META) insider Javier Olivan plans 1,466-share stock sale",0.3221403579667767,6,-2,-0.008173897659661603,0.020923303875654498
META,2026-07-20,Strong Positive,"Meta Platforms (NASDAQ: META) insider Javier Olivan plans 1,466-share stock sale",0.3221403579667767,6,-1,-0.0128543178487718,0.008068986026882698
META,2026-07-20,Strong Positive,"Meta Platforms (NASDAQ: META) insider Javier Olivan plans 1,466-share stock sale",0.3221403579667767,6,0,-0.0012975601917717,0.006771425835110998
META,2026-07-20,Strong Positive,"Meta Platforms (NASDAQ: META) insider Javier Olivan plans 1,466-share stock sale",0.3221403579667767,6,1,-0.0217058074191767,-0.014934381584065702
META,2026-07-20,Strong Positive,"Meta Platforms (NASDAQ: META) insider Javier Olivan plans 1,466-share stock sale",0.3221403579667767,6,2,-0.020740165412739597,-0.0356745469968053
META,2026-07-20,Strong Positive,"Meta Platforms (NASDAQ: META) insider Javier Olivan plans 1,466-share stock sale",0.3221403579667767,6,3,-0.0146119512444206,-0.0502864982412259
META,2026-07-20,Strong Positive,"Meta Platforms (NASDAQ: META) insider Javier Olivan plans 1,466-share stock sale",0.3221403579667767,6,4,-0.006829060806143098,-0.057115559047368994
META,2026-07-20,Strong Positive,"Meta Platforms (NASDAQ: META) insider Javier Olivan plans 1,466-share stock sale",0.3221403579667767,6,5,0.0008659455715738997,-0.056249613475795095
META,2026-07-21,Strong Positive,Net margin % of Meta Platforms Inc Class A – BCS:META1,0.3698743495248693,8,-5,-0.0046070112121281,-0.0046070112121281
META,2026-07-21,Strong Positive,Net margin % of Meta Platforms Inc Class A – BCS:META1,0.3698743495248693,8,-4,0.0333733499344373,0.0287663387223092
META,2026-07-21,Strong Positive,Net margin % of Meta Platforms Inc Class A – BCS:META1,0.3698743495248693,8,-3,-0.008173897659661603,0.0205924410626476
META,2026-07-21,Strong Positive,Net margin % of Meta Platforms Inc Class A – BCS:META1,0.3698743495248693,8,-2,-0.0128543178487718,0.0077381232138757985
META,2026-07-21,Strong Positive,Net margin % of Meta Platforms Inc Class A – BCS:META1,0.3698743495248693,8,-1,-0.0012975601917717,0.006440563022104099
META,2026-07-21,Strong Positive,Net margin % of Meta Platforms Inc Class A – BCS:META1,0.3698743495248693,8,0,-0.0217058074191767,-0.015265244397072601
META,2026-07-21,Strong Positive,Net margin % of Meta Platforms Inc Class A – BCS:META1,0.3698743495248693,8,1,-0.020740165412739597,-0.0360054098098122
META,2026-07-21,Strong Positive,Net margin % of Meta Platforms Inc Class A – BCS:META1,0.3698743495248693,8,2,-0.0146119512444206,-0.0506173610542328
META,2026-07-21,Strong Positive,Net margin % of Meta Platforms Inc Class A – BCS:META1,0.3698743495248693,8,3,-0.006829060806143098,-0.05744642186037589
META,2026-07-21,Strong Positive,Net margin % of Meta Platforms Inc Class A – BCS:META1,0.3698743495248693,8,4,0.0008659455715738997,-0.056580476288801994
META,2026-07-21,Strong Positive,Net margin % of Meta Platforms Inc Class A – BCS:META1,0.3698743495248693,8,5,0.0089450873409899,-0.04763538894781209
META,2026-07-22,Strong Positive,"Meta COO Javier Olivan sells $946,816 of company stock",0.2862444342114643,6,-5,0.0333733499344373,0.0333733499344373
META,2026-07-22,Strong Positive,"Meta COO Javier Olivan sells $946,816 of company stock",0.2862444342114643,6,-4,-0.008173897659661603,0.0251994522747757
META,2026-07-22,Strong Positive,"Meta COO Javier Olivan sells $946,816 of company stock",0.2862444342114643,6,-3,-0.0128543178487718,0.0123451344260039
META,2026-07-22,Strong Positive,"Meta COO Javier Olivan sells $946,816 of company stock",0.2862444342114643,6,-2,-0.0012975601917717,0.011047574234232199
META,2026-07-22,Strong Positive,"Meta COO Javier Olivan sells $946,816 of company stock",0.2862444342114643,6,-1,-0.0217058074191767,-0.010658233184944502
META,2026-07-22,Strong Positive,"Meta COO Javier Olivan sells $946,816 of company stock",0.2862444342114643,6,0,-0.020740165412739597,-0.0313983985976841
META,2026-07-22,Strong Positive,"Meta COO Javier Olivan sells $946,816 of company stock",0.2862444342114643,6,1,-0.0146119512444206,-0.0460103498421047
META,2026-07-22,Strong Positive,"Meta COO Javier Olivan sells $946,816 of company stock",0.2862444342114643,6,2,-0.006829060806143098,-0.05283941064824779
META,2026-07-22,Strong Positive,"Meta COO Javier Olivan sells $946,816 of company stock",0.2862444342114643,6,3,0.0008659455715738997,-0.05197346507667389
META,2026-07-22,Strong Positive,"Meta COO Javier Olivan sells $946,816 of company stock",0.2862444342114643,6,4,0.0089450873409899,-0.04302837773568399
META,2026-07-22,Strong Positive,"Meta COO Javier Olivan sells $946,816 of company stock",0.2862444342114643,6,5,0.007226063527003501,-0.03580231420868049
META,2026-07-23,Strong Negative,Meta Platforms Inc Stock (META) Moved Down by 3.87% on Jul 23: A Full Analysis,-0.5002635075125332,4,-5,-0.008173897659661603,-0.008173897659661603
META,2026-07-23,Strong Negative,Meta Platforms Inc Stock (META) Moved Down by 3.87% on Jul 23: A Full Analysis,-0.5002635075125332,4,-4,-0.0128543178487718,-0.021028215508433402
META,2026-07-23,Strong Negative,Meta Platforms Inc Stock (META) Moved Down by 3.87% on Jul 23: A Full Analysis,-0.5002635075125332,4,-3,-0.0012975601917717,-0.0223257757002051
META,2026-07-23,Strong Negative,Meta Platforms Inc Stock (META) Moved Down by 3.87% on Jul 23: A Full Analysis,-0.5002635075125332,4,-2,-0.0217058074191767,-0.0440315831193818
META,2026-07-23,Strong Negative,Meta Platforms Inc Stock (META) Moved Down by 3.87% on Jul 23: A Full Analysis,-0.5002635075125332,4,-1,-0.020740165412739597,-0.06477174853212139
META,2026-07-23,Strong Negative,Meta Platforms Inc Stock (META) Moved Down by 3.87% on Jul 23: A Full Analysis,-0.5002635075125332,4,0,-0.0146119512444206,-0.079383699776542
META,2026-07-23,Strong Negative,Meta Platforms Inc Stock (META) Moved Down by 3.87% on Jul 23: A Full Analysis,-0.5002635075125332,4,1,-0.006829060806143098,-0.0862127605826851
META,2026-07-23,Strong Negative,Meta Platforms Inc Stock (META) Moved Down by 3.87% on Jul 23: A Full Analysis,-0.5002635075125332,4,2,0.0008659455715738997,-0.08534681501111119
META,2026-07-23,Strong Negative,Meta Platforms Inc Stock (META) Moved Down by 3.87% on Jul 23: A Full Analysis,-0.5002635075125332,4,3,0.0089450873409899,-0.0764017276701213
META,2026-07-23,Strong Negative,Meta Platforms Inc Stock (META) Moved Down by 3.87% on Jul 23: A Full Analysis,-0.5002635075125332,4,4,0.007226063527003501,-0.0691756641431178
META,2026-07-23,Strong Negative,Meta Platforms Inc Stock (META) Moved Down by 3.87% on Jul 23: A Full Analysis,-0.5002635075125332,4,5,-0.11251510419071409,-0.18169076833383188
META,2026-07-24,Strong Negative,Microsoft And Meta Earnings Previews,-0.0702913525757174,13,-5,-0.0128543178487718,-0.0128543178487718
META,2026-07-24,Strong Negative,Microsoft And Meta Earnings Previews,-0.0702913525757174,13,-4,-0.0012975601917717,-0.0141518780405435
META,2026-07-24,Strong Negative,Microsoft And Meta Earnings Previews,-0.0702913525757174,13,-3,-0.0217058074191767,-0.0358576854597202
META,2026-07-24,Strong Negative,Microsoft And Meta Earnings Previews,-0.0702913525757174,13,-2,-0.020740165412739597,-0.0565978508724598
META,2026-07-24,Strong Negative,Microsoft And Meta Earnings Previews,-0.0702913525757174,13,-1,-0.0146119512444206,-0.0712098021168804
META,2026-07-24,Strong Negative,Microsoft And Meta Earnings Previews,-0.0702913525757174,13,0,-0.006829060806143098,-0.07803886292302349
META,2026-07-24,Strong Negative,Microsoft And Meta Earnings Previews,-0.0702913525757174,13,1,0.0008659455715738997,-0.07717291735144959
META,2026-07-24,Strong Negative,Microsoft And Meta Earnings Previews,-0.0702913525757174,13,2,0.0089450873409899,-0.06822783001045968
META,2026-07-24,Strong Negative,Microsoft And Meta Earnings Previews,-0.0702913525757174,13,3,0.007226063527003501,-0.06100176648345618
META,2026-07-24,Strong Negative,Microsoft And Meta Earnings Previews,-0.0702913525757174,13,4,-0.11251510419071409,-0.17351687067417026
META,2026-07-24,Strong Negative,Microsoft And Meta Earnings Previews,-0.0702913525757174,13,5,0.026304138161581204,-0.14721273251258907
META,2026-07-27,Strong Negative,Meta Platforms Inc (META) Shareholder Structure: Major Shareholders & Institutional Holdings,-0.4544481464559087,7,-5,-0.0012975601917717,-0.0012975601917717
META,2026-07-27,Strong Negative,Meta Platforms Inc (META) Shareholder Structure: Major Shareholders & Institutional Holdings,-0.4544481464559087,7,-4,-0.0217058074191767,-0.0230033676109484
META,2026-07-27,Strong Negative,Meta Platforms Inc (META) Shareholder Structure: Major Shareholders & Institutional Holdings,-0.4544481464559087,7,-3,-0.020740165412739597,-0.043743533023688
META,2026-07-27,Strong Negative,Meta Platforms Inc (META) Shareholder Structure: Major Shareholders & Institutional Holdings,-0.4544481464559087,7,-2,-0.0146119512444206,-0.0583554842681086
META,2026-07-27,Strong Negative,Meta Platforms Inc (META) Shareholder Structure: Major Shareholders & Institutional Holdings,-0.4544481464559087,7,-1,-0.006829060806143098,-0.0651845450742517
META,2026-07-27,Strong Negative,Meta Platforms Inc (META) Shareholder Structure: Major Shareholders & Institutional Holdings,-0.4544481464559087,7,0,0.0008659455715738997,-0.06431859950267779
META,2026-07-27,Strong Negative,Meta Platforms Inc (META) Shareholder Structure: Major Shareholders & Institutional Holdings,-0.4544481464559087,7,1,0.0089450873409899,-0.05537351216168789
META,2026-07-27,Strong Negative,Meta Platforms Inc (META) Shareholder Structure: Major Shareholders & Institutional Holdings,-0.4544481464559087,7,2,0.007226063527003501,-0.04814744863468439
META,2026-07-27,Strong Negative,Meta Platforms Inc (META) Shareholder Structure: Major Shareholders & Institutional Holdings,-0.4544481464559087,7,3,-0.11251510419071409,-0.16066255282539849
META,2026-07-27,Strong Negative,Meta Platforms Inc (META) Shareholder Structure: Major Shareholders & Institutional Holdings,-0.4544481464559087,7,4,0.026304138161581204,-0.1343584146638173
META,2026-07-27,Strong Negative,Meta Platforms Inc (META) Shareholder Structure: Major Shareholders & Institutional Holdings,-0.4544481464559087,7,5,0.0426703652400235,-0.09168804942379379
META,2026-07-28,Strong Positive,Newsmax and Meta Enter AI Content Partnership,0.302087334129236,14,-5,-0.0217058074191767,-0.0217058074191767
META,2026-07-28,Strong Positive,Newsmax and Meta Enter AI Content Partnership,0.302087334129236,14,-4,-0.020740165412739597,-0.0424459728319163
META,2026-07-28,Strong Positive,Newsmax and Meta Enter AI Content Partnership,0.302087334129236,14,-3,-0.0146119512444206,-0.0570579240763369
META,2026-07-28,Strong Positive,Newsmax and Meta Enter AI Content Partnership,0.302087334129236,14,-2,-0.006829060806143098,-0.06388698488248
META,2026-07-28,Strong Positive,Newsmax and Meta Enter AI Content Partnership,0.302087334129236,14,-1,0.0008659455715738997,-0.0630210393109061
META,2026-07-28,Strong Positive,Newsmax and Meta Enter AI Content Partnership,0.302087334129236,14,0,0.0089450873409899,-0.05407595196991619
META,2026-07-28,Strong Positive,Newsmax and Meta Enter AI Content Partnership,0.302087334129236,14,1,0.007226063527003501,-0.04684988844291269
META,2026-07-28,Strong Positive,Newsmax and Meta Enter AI Content Partnership,0.302087334129236,14,2,-0.11251510419071409,-0.15936499263362677
META,2026-07-28,Strong Positive,Newsmax and Meta Enter AI Content Partnership,0.302087334129236,14,3,0.026304138161581204,-0.13306085447204558
META,2026-07-28,Strong Positive,Newsmax and Meta Enter AI Content Partnership,0.302087334129236,14,4,0.0426703652400235,-0.09039048923202207
META,2026-07-28,Strong Positive,Newsmax and Meta Enter AI Content Partnership,0.302087334129236,14,5,-0.037864685438321,-0.1282551746703431
META,2026-07-30,Strong Negative,Meta earnings: AI-driven improvements in top line fail to impress investors,-0.1435801236770313,19,-5,-0.0146119512444206,-0.0146119512444206
META,2026-07-30,Strong Negative,Meta earnings: AI-driven improvements in top line fail to impress investors,-0.1435801236770313,19,-4,-0.006829060806143098,-0.021441012050563698
META,2026-07-30,Strong Negative,Meta earnings: AI-driven improvements in top line fail to impress investors,-0.1435801236770313,19,-3,0.0008659455715738997,-0.0205750664789898
META,2026-07-30,Strong Negative,Meta earnings: AI-driven improvements in top line fail to impress investors,-0.1435801236770313,19,-2,0.0089450873409899,-0.011629979137999898
META,2026-07-30,Strong Negative,Meta earnings: AI-driven improvements in top line fail to impress investors,-0.1435801236770313,19,-1,0.007226063527003501,-0.004403915610996397
META,2026-07-30,Strong Negative,Meta earnings: AI-driven improvements in top line fail to impress investors,-0.1435801236770313,19,0,-0.11251510419071409,-0.11691901980171049
META,2026-07-30,Strong Negative,Meta earnings: AI-driven improvements in top line fail to impress investors,-0.1435801236770313,19,1,0.026304138161581204,-0.09061488164012929
META,2026-07-30,Strong Negative,Meta earnings: AI-driven improvements in top line fail to impress investors,-0.1435801236770313,19,2,0.0426703652400235,-0.04794451640010579
META,2026-07-30,Strong Negative,Meta earnings: AI-driven improvements in top line fail to impress investors,-0.1435801236770313,19,3,-0.037864685438321,-0.08580920183842679
META,2026-07-30,Strong Negative,Meta earnings: AI-driven improvements in top line fail to impress investors,-0.1435801236770313,19,4,0.010460557265209301,-0.0753486445732175
META,2026-07-30,Strong Negative,Meta earnings: AI-driven improvements in top line fail to impress investors,-0.1435801236770313,19,5,0.0056136222267307,-0.06973502234648679
META,2026-07-31,Strong Positive,Meta Platforms Inc Class A Trade Ideas — BCS:METACL1,0.2532988232067615,12,-5,-0.006829060806143098,-0.006829060806143098
META,2026-07-31,Strong Positive,Meta Platforms Inc Class A Trade Ideas — BCS:METACL1,0.2532988232067615,12,-4,0.0008659455715738997,-0.005963115234569199
META,2026-07-31,Strong Positive,Meta Platforms Inc Class A Trade Ideas — BCS:METACL1,0.2532988232067615,12,-3,0.0089450873409899,0.0029819721064207015
META,2026-07-31,Strong Positive,Meta Platforms Inc Class A Trade Ideas — BCS:METACL1,0.2532988232067615,12,-2,0.007226063527003501,0.010208035633424203
META,2026-07-31,Strong Positive,Meta Platforms Inc Class A Trade Ideas — BCS:METACL1,0.2532988232067615,12,-1,-0.11251510419071409,-0.10230706855728988
META,2026-07-31,Strong Positive,Meta Platforms Inc Class A Trade Ideas — BCS:METACL1,0.2532988232067615,12,0,0.026304138161581204,-0.07600293039570868
META,2026-07-31,Strong Positive,Meta Platforms Inc Class A Trade Ideas — BCS:METACL1,0.2532988232067615,12,1,0.0426703652400235,-0.03333256515568518
META,2026-07-31,Strong Positive,Meta Platforms Inc Class A Trade Ideas — BCS:METACL1,0.2532988232067615,12,2,-0.037864685438321,-0.07119725059400618
META,2026-07-31,Strong Positive,Meta Platforms Inc Class A Trade Ideas — BCS:METACL1,0.2532988232067615,12,3,0.010460557265209301,-0.06073669332879688
META,2026-07-31,Strong Positive,Meta Platforms Inc Class A Trade Ideas — BCS:METACL1,0.2532988232067615,12,4,0.0056136222267307,-0.05512307110206618
META,2026-07-31,Strong Positive,Meta Platforms Inc Class A Trade Ideas — BCS:METACL1,0.2532988232067615,12,5,-0.0079966634209554,-0.06311973452302158
META,2026-08-03,Strong Negative,Meta Platforms (META) holder reports planned and recent stock sales,-0.3619209347137223,9,-5,0.0008659455715738997,0.0008659455715738997
META,2026-08-03,Strong Negative,Meta Platforms (META) holder reports planned and recent stock sales,-0.3619209347137223,9,-4,0.0089450873409899,0.0098110329125638
META,2026-08-03,Strong Negative,Meta Platforms (META) holder reports planned and recent stock sales,-0.3619209347137223,9,-3,0.007226063527003501,0.0170370964395673
META,2026-08-03,Strong Negative,Meta Platforms (META) holder reports planned and recent stock sales,-0.3619209347137223,9,-2,-0.11251510419071409,-0.09547800775114679
META,2026-08-03,Strong Negative,Meta Platforms (META) holder reports planned and recent stock sales,-0.3619209347137223,9,-1,0.026304138161581204,-0.06917386958956559
META,2026-08-03,Strong Negative,Meta Platforms (META) holder reports planned and recent stock sales,-0.3619209347137223,9,0,0.0426703652400235,-0.026503504349542087
META,2026-08-03,Strong Negative,Meta Platforms (META) holder reports planned and recent stock sales,-0.3619209347137223,9,1,-0.037864685438321,-0.06436818978786309
META,2026-08-03,Strong Negative,Meta Platforms (META) holder reports planned and recent stock sales,-0.3619209347137223,9,2,0.010460557265209301,-0.053907632522653785
META,2026-08-03,Strong Negative,Meta Platforms (META) holder reports planned and recent stock sales,-0.3619209347137223,9,3,0.0056136222267307,-0.04829401029592308
META,2026-08-03,Strong Negative,Meta Platforms (META) holder reports planned and recent stock sales,-0.3619209347137223,9,4,-0.0079966634209554,-0.05629067371687849
META,2026-08-03,Strong Negative,Meta Platforms (META) holder reports planned and recent stock sales,-0.3619209347137223,9,5,0.0077501966274934,-0.04854047708938509
META,2026-08-04,Strong Positive,Meta Platforms (META) director sells 464 shares under 10b5-1 plan,0.3840627877179655,5,-5,0.0089450873409899,0.0089450873409899
META,2026-08-04,Strong Positive,Meta Platforms (META) director sells 464 shares under 10b5-1 plan,0.3840627877179655,5,-4,0.007226063527003501,0.0161711508679934
META,2026-08-04,Strong Positive,Meta Platforms (META) director sells 464 shares under 10b5-1 plan,0.3840627877179655,5,-3,-0.11251510419071409,-0.0963439533227207
META,2026-08-04,Strong Positive,Meta Platforms (META) director sells 464 shares under 10b5-1 plan,0.3840627877179655,5,-2,0.026304138161581204,-0.0700398151611395
META,2026-08-04,Strong Positive,Meta Platforms (META) director sells 464 shares under 10b5-1 plan,0.3840627877179655,5,-1,0.0426703652400235,-0.027369449921115993
META,2026-08-04,Strong Positive,Meta Platforms (META) director sells 464 shares under 10b5-1 plan,0.3840627877179655,5,0,-0.037864685438321,-0.06523413535943699
META,2026-08-04,Strong Positive,Meta Platforms (META) director sells 464 shares under 10b5-1 plan,0.3840627877179655,5,1,0.010460557265209301,-0.05477357809422769
META,2026-08-04,Strong Positive,Meta Platforms (META) director sells 464 shares under 10b5-1 plan,0.3840627877179655,5,2,0.0056136222267307,-0.04915995586749699
META,2026-08-04,Strong Positive,Meta Platforms (META) director sells 464 shares under 10b5-1 plan,0.3840627877179655,5,3,-0.0079966634209554,-0.05715661928845239
META,2026-08-04,Strong Positive,Meta Platforms (META) director sells 464 shares under 10b5-1 plan,0.3840627877179655,5,4,0.0077501966274934,-0.049406422660958994
META,2026-08-04,Strong Positive,Meta Platforms (META) director sells 464 shares under 10b5-1 plan,0.3840627877179655,5,5,0.0104168244496754,-0.038989598211283595
META,2026-08-07,Strong Negative,Meta Platforms (META) director-linked entity sells 426 Class A shares,-0.2225651111471281,4,-5,0.026304138161581204,0.026304138161581204
META,2026-08-07,Strong Negative,Meta Platforms (META) director-linked entity sells 426 Class A shares,-0.2225651111471281,4,-4,0.0426703652400235,0.06897450340160471
META,2026-08-07,Strong Negative,Meta Platforms (META) director-linked entity sells 426 Class A shares,-0.2225651111471281,4,-3,-0.037864685438321,0.031109817963283715
META,2026-08-07,Strong Negative,Meta Platforms (META) director-linked entity sells 426 Class A shares,-0.2225651111471281,4,-2,0.010460557265209301,0.041570375228493016
META,2026-08-07,Strong Negative,Meta Platforms (META) director-linked entity sells 426 Class A shares,-0.2225651111471281,4,-1,0.0056136222267307,0.04718399745522372
META,2026-08-07,Strong Negative,Meta Platforms (META) director-linked entity sells 426 Class A shares,-0.2225651111471281,4,0,-0.0079966634209554,0.039187334034268315
META,2026-08-07,Strong Negative,Meta Platforms (META) director-linked entity sells 426 Class A shares,-0.2225651111471281,4,1,0.0077501966274934,0.04693753066176171
META,2026-08-07,Strong Negative,Meta Platforms (META) director-linked entity sells 426 Class A shares,-0.2225651111471281,4,2,0.0104168244496754,0.05735435511143711
META,2026-08-07,Strong Negative,Meta Platforms (META) director-linked entity sells 426 Class A shares,-0.2225651111471281,4,3,-0.041140385622559006,0.016213969488878106
META,2026-08-07,Strong Negative,Meta Platforms (META) director-linked entity sells 426 Class A shares,-0.2225651111471281,4,4,0.0162827537837986,0.032496723272676706
META,2026-08-07,Strong Negative,Meta Platforms (META) director-linked entity sells 426 Class A shares,-0.2225651111471281,4,5,-0.0072394785457753005,0.025257244726901405
META,2026-08-13,Strong Positive,"Meta Platforms (META) COO Javier Olivan sells 1,692 shares under 10b5-1 plan",0.4564751353600536,4,-5,0.0056136222267307,0.0056136222267307
META,2026-08-13,Strong Positive,"Meta Platforms (META) COO Javier Olivan sells 1,692 shares under 10b5-1 plan",0.4564751353600536,4,-4,-0.0079966634209554,-0.0023830411942247004
META,2026-08-13,Strong Positive,"Meta Platforms (META) COO Javier Olivan sells 1,692 shares under 10b5-1 plan",0.4564751353600536,4,-3,0.0077501966274934,0.0053671554332687
META,2026-08-13,Strong Positive,"Meta Platforms (META) COO Javier Olivan sells 1,692 shares under 10b5-1 plan",0.4564751353600536,4,-2,0.0104168244496754,0.0157839798829441
META,2026-08-13,Strong Positive,"Meta Platforms (META) COO Javier Olivan sells 1,692 shares under 10b5-1 plan",0.4564751353600536,4,-1,-0.041140385622559006,-0.025356405739614906
META,2026-08-13,Strong Positive,"Meta Platforms (META) COO Javier Olivan sells 1,692 shares under 10b5-1 plan",0.4564751353600536,4,0,0.0162827537837986,-0.009073651955816307
META,2026-08-13,Strong Positive,"Meta Platforms (META) COO Javier Olivan sells 1,692 shares under 10b5-1 plan",0.4564751353600536,4,1,-0.0072394785457753005,-0.016313130501591607
META,2026-08-13,Strong Positive,"Meta Platforms (META) COO Javier Olivan sells 1,692 shares under 10b5-1 plan",0.4564751353600536,4,2,-0.033757393587999604,-0.050070524089591215
META,2026-08-13,Strong Positive,"Meta Platforms (META) COO Javier Olivan sells 1,692 shares under 10b5-1 plan",0.4564751353600536,4,3,-0.027531794531418196,-0.07760231862100941
META,2026-08-13,Strong Positive,"Meta Platforms (META) COO Javier Olivan sells 1,692 shares under 10b5-1 plan",0.4564751353600536,4,4,0.0063339473463719,-0.07126837127463752
META,2026-08-13,Strong Positive,"Meta Platforms (META) COO Javier Olivan sells 1,692 shares under 10b5-1 plan",0.4564751353600536,4,5,0.006825665207209001,-0.06444270606742852
META,2026-08-14,Strong Negative,What Is Going on With Meta Platforms Stock on Thursday?,-0.2919328996456068,7,-5,-0.0079966634209554,-0.0079966634209554
META,2026-08-14,Strong Negative,What Is Going on With Meta Platforms Stock on Thursday?,-0.2919328996456068,7,-4,0.0077501966274934,-0.00024646679346199997
META,2026-08-14,Strong Negative,What Is Going on With Meta Platforms Stock on Thursday?,-0.2919328996456068,7,-3,0.0104168244496754,0.0101703576562134
META,2026-08-14,Strong Negative,What Is Going on With Meta Platforms Stock on Thursday?,-0.2919328996456068,7,-2,-0.041140385622559006,-0.030970027966345605
META,2026-08-14,Strong Negative,What Is Going on With Meta Platforms Stock on Thursday?,-0.2919328996456068,7,-1,0.0162827537837986,-0.014687274182547005
META,2026-08-14,Strong Negative,What Is Going on With Meta Platforms Stock on Thursday?,-0.2919328996456068,7,0,-0.0072394785457753005,-0.021926752728322306
META,2026-08-14,Strong Negative,What Is Going on With Meta Platforms Stock on Thursday?,-0.2919328996456068,7,1,-0.033757393587999604,-0.05568414631632191
META,2026-08-14,Strong Negative,What Is Going on With Meta Platforms Stock on Thursday?,-0.2919328996456068,7,2,-0.027531794531418196,-0.0832159408477401
META,2026-08-14,Strong Negative,What Is Going on With Meta Platforms Stock on Thursday?,-0.2919328996456068,7,3,0.0063339473463719,-0.0768819935013682
META,2026-08-14,Strong Negative,What Is Going on With Meta Platforms Stock on Thursday?,-0.2919328996456068,7,4,0.006825665207209001,-0.07005632829415921
META,2026-08-14,Strong Negative,What Is Going on With Meta Platforms Stock on Thursday?,-0.2919328996456068,7,5,0.003925946801657899,-0.0661303814925013
META,2026-08-17,Strong Negative,"Nike, Meta Platforms, INVO Fertility, EyePoint Pharmaceuticals, and Micron: Why These 5 Stocks Are on Investors' Radars Today",-0.0194625629640604,6,-5,0.0077501966274934,0.0077501966274934
META,2026-08-17,Strong Negative,"Nike, Meta Platforms, INVO Fertility, EyePoint Pharmaceuticals, and Micron: Why These 5 Stocks Are on Investors' Radars Today",-0.0194625629640604,6,-4,0.0104168244496754,0.018167021077168798
META,2026-08-17,Strong Negative,"Nike, Meta Platforms, INVO Fertility, EyePoint Pharmaceuticals, and Micron: Why These 5 Stocks Are on Investors' Radars Today",-0.0194625629640604,6,-3,-0.041140385622559006,-0.02297336454539021
META,2026-08-17,Strong Negative,"Nike, Meta Platforms, INVO Fertility, EyePoint Pharmaceuticals, and Micron: Why These 5 Stocks Are on Investors' Radars Today",-0.0194625629640604,6,-2,0.0162827537837986,-0.006690610761591609
META,2026-08-17,Strong Negative,"Nike, Meta Platforms, INVO Fertility, EyePoint Pharmaceuticals, and Micron: Why These 5 Stocks Are on Investors' Radars Today",-0.0194625629640604,6,-1,-0.0072394785457753005,-0.01393008930736691
META,2026-08-17,Strong Negative,"Nike, Meta Platforms, INVO Fertility, EyePoint Pharmaceuticals, and Micron: Why These 5 Stocks Are on Investors' Radars Today",-0.0194625629640604,6,0,-0.033757393587999604,-0.04768748289536651
META,2026-08-17,Strong Negative,"Nike, Meta Platforms, INVO Fertility, EyePoint Pharmaceuticals, and Micron: Why These 5 Stocks Are on Investors' Radars Today",-0.0194625629640604,6,1,-0.027531794531418196,-0.0752192774267847
META,2026-08-17,Strong Negative,"Nike, Meta Platforms, INVO Fertility, EyePoint Pharmaceuticals, and Micron: Why These 5 Stocks Are on Investors' Radars Today",-0.0194625629640604,6,2,0.0063339473463719,-0.06888533008041281
META,2026-08-17,Strong Negative,"Nike, Meta Platforms, INVO Fertility, EyePoint Pharmaceuticals, and Micron: Why These 5 Stocks Are on Investors' Radars Today",-0.0194625629640604,6,3,0.006825665207209001,-0.06205966487320381
META,2026-08-17,Strong Negative,"Nike, Meta Platforms, INVO Fertility, EyePoint Pharmaceuticals, and Micron: Why These 5 Stocks Are on Investors' Radars Today",-0.0194625629640604,6,4,0.003925946801657899,-0.05813371807154591
META,2026-08-17,Strong Negative,"Nike, Meta Platforms, INVO Fertility, EyePoint Pharmaceuticals, and Micron: Why These 5 Stocks Are on Investors' Radars Today",-0.0194625629640604,6,5,0.0265646332144069,-0.03156908485713901
META,2026-08-18,Strong Negative,Meta (NASDAQ: META) executive plans $870K stock sale,-0.1634483386843396,14,-5,0.0104168244496754,0.0104168244496754
META,2026-08-18,Strong Negative,Meta (NASDAQ: META) executive plans $870K stock sale,-0.1634483386843396,14,-4,-0.041140385622559006,-0.030723561172883607
META,2026-08-18,Strong Negative,Meta (NASDAQ: META) executive plans $870K stock sale,-0.1634483386843396,14,-3,0.0162827537837986,-0.014440807389085007
META,2026-08-18,Strong Negative,Meta (NASDAQ: META) executive plans $870K stock sale,-0.1634483386843396,14,-2,-0.0072394785457753005,-0.021680285934860308
META,2026-08-18,Strong Negative,Meta (NASDAQ: META) executive plans $870K stock sale,-0.1634483386843396,14,-1,-0.033757393587999604,-0.05543767952285991
META,2026-08-18,Strong Negative,Meta (NASDAQ: META) executive plans $870K stock sale,-0.1634483386843396,14,0,-0.027531794531418196,-0.08296947405427811
META,2026-08-18,Strong Negative,Meta (NASDAQ: META) executive plans $870K stock sale,-0.1634483386843396,14,1,0.0063339473463719,-0.07663552670790622
META,2026-08-18,Strong Negative,Meta (NASDAQ: META) executive plans $870K stock sale,-0.1634483386843396,14,2,0.006825665207209001,-0.06980986150069722
META,2026-08-18,Strong Negative,Meta (NASDAQ: META) executive plans $870K stock sale,-0.1634483386843396,14,3,0.003925946801657899,-0.06588391469903931
META,2026-08-18,Strong Negative,Meta (NASDAQ: META) executive plans $870K stock sale,-0.1634483386843396,14,4,0.0265646332144069,-0.039319281484632415
META,2026-08-18,Strong Negative,Meta (NASDAQ: META) executive plans $870K stock sale,-0.1634483386843396,14,5,0.013501481134321001,-0.025817800350311414
META,2026-08-20,Strong Negative,"Meta (NASDAQ: META) CTO sells 7,848 shares, keeps trust stake",-0.1314975400097702,8,-5,0.0162827537837986,0.0162827537837986
META,2026-08-20,Strong Negative,"Meta (NASDAQ: META) CTO sells 7,848 shares, keeps trust stake",-0.1314975400097702,8,-4,-0.0072394785457753005,0.009043275238023299
META,2026-08-20,Strong Negative,"Meta (NASDAQ: META) CTO sells 7,848 shares, keeps trust stake",-0.1314975400097702,8,-3,-0.033757393587999604,-0.024714118349976305
META,2026-08-20,Strong Negative,"Meta (NASDAQ: META) CTO sells 7,848 shares, keeps trust stake",-0.1314975400097702,8,-2,-0.027531794531418196,-0.052245912881394505
META,2026-08-20,Strong Negative,"Meta (NASDAQ: META) CTO sells 7,848 shares, keeps trust stake",-0.1314975400097702,8,-1,0.0063339473463719,-0.0459119655350226
META,2026-08-20,Strong Negative,"Meta (NASDAQ: META) CTO sells 7,848 shares, keeps trust stake",-0.1314975400097702,8,0,0.006825665207209001,-0.0390863003278136
META,2026-08-20,Strong Negative,"Meta (NASDAQ: META) CTO sells 7,848 shares, keeps trust stake",-0.1314975400097702,8,1,0.003925946801657899,-0.0351603535261557
META,2026-08-20,Strong Negative,"Meta (NASDAQ: META) CTO sells 7,848 shares, keeps trust stake",-0.1314975400097702,8,2,0.0265646332144069,-0.008595720311748802
META,2026-08-20,Strong Negative,"Meta (NASDAQ: META) CTO sells 7,848 shares, keeps trust stake",-0.1314975400097702,8,3,0.013501481134321001,0.0049057608225722
META,2026-08-20,Strong Negative,"Meta (NASDAQ: META) CTO sells 7,848 shares, keeps trust stake",-0.1314975400097702,8,4,0.0097687208366668,0.014674481659239
META,2026-08-20,Strong Negative,"Meta (NASDAQ: META) CTO sells 7,848 shares, keeps trust stake",-0.1314975400097702,8,5,-0.0224398180208788,-0.007765336361639799
META,2026-08-21,Strong Positive,"Meta's AI Spending Could Unlock 'Abundant Revenue,' Analyst Says",0.2743402434411698,5,-5,-0.0072394785457753005,-0.0072394785457753005
META,2026-08-21,Strong Positive,"Meta's AI Spending Could Unlock 'Abundant Revenue,' Analyst Says",0.2743402434411698,5,-4,-0.033757393587999604,-0.040996872133774905
META,2026-08-21,Strong Positive,"Meta's AI Spending Could Unlock 'Abundant Revenue,' Analyst Says",0.2743402434411698,5,-3,-0.027531794531418196,-0.0685286666651931
META,2026-08-21,Strong Positive,"Meta's AI Spending Could Unlock 'Abundant Revenue,' Analyst Says",0.2743402434411698,5,-2,0.0063339473463719,-0.062194719318821194
META,2026-08-21,Strong Positive,"Meta's AI Spending Could Unlock 'Abundant Revenue,' Analyst Says",0.2743402434411698,5,-1,0.006825665207209001,-0.05536905411161219
META,2026-08-21,Strong Positive,"Meta's AI Spending Could Unlock 'Abundant Revenue,' Analyst Says",0.2743402434411698,5,0,0.003925946801657899,-0.05144310730995429
META,2026-08-21,Strong Positive,"Meta's AI Spending Could Unlock 'Abundant Revenue,' Analyst Says",0.2743402434411698,5,1,0.0265646332144069,-0.024878474095547394
META,2026-08-21,Strong Positive,"Meta's AI Spending Could Unlock 'Abundant Revenue,' Analyst Says",0.2743402434411698,5,2,0.013501481134321001,-0.011376992961226393
META,2026-08-21,Strong Positive,"Meta's AI Spending Could Unlock 'Abundant Revenue,' Analyst Says",0.2743402434411698,5,3,0.0097687208366668,-0.0016082721245595927
META,2026-08-21,Strong Positive,"Meta's AI Spending Could Unlock 'Abundant Revenue,' Analyst Says",0.2743402434411698,5,4,-0.0224398180208788,-0.02404809014543839
META,2026-08-21,Strong Positive,"Meta's AI Spending Could Unlock 'Abundant Revenue,' Analyst Says",0.2743402434411698,5,5,0.0186070292893478,-0.005441060856090592
META,2026-08-24,Strong Negative,How Does Meta’s Muse Code Compare to Other AI Coding Tools?,-0.3365629195691798,3,-5,-0.033757393587999604,-0.033757393587999604
META,2026-08-24,Strong Negative,How Does Meta’s Muse Code Compare to Other AI Coding Tools?,-0.3365629195691798,3,-4,-0.027531794531418196,-0.0612891881194178
META,2026-08-24,Strong Negative,How Does Meta’s Muse Code Compare to Other AI Coding Tools?,-0.3365629195691798,3,-3,0.0063339473463719,-0.0549552407730459
META,2026-08-24,Strong Negative,How Does Meta’s Muse Code Compare to Other AI Coding Tools?,-0.3365629195691798,3,-2,0.006825665207209001,-0.0481295755658369
META,2026-08-24,Strong Negative,How Does Meta’s Muse Code Compare to Other AI Coding Tools?,-0.3365629195691798,3,-1,0.003925946801657899,-0.044203628764179
META,2026-08-24,Strong Negative,How Does Meta’s Muse Code Compare to Other AI Coding Tools?,-0.3365629195691798,3,0,0.0265646332144069,-0.0176389955497721
META,2026-08-24,Strong Negative,How Does Meta’s Muse Code Compare to Other AI Coding Tools?,-0.3365629195691798,3,1,0.013501481134321001,-0.004137514415451099
META,2026-08-24,Strong Negative,How Does Meta’s Muse Code Compare to Other AI Coding Tools?,-0.3365629195691798,3,2,0.0097687208366668,0.005631206421215701
META,2026-08-24,Strong Negative,How Does Meta’s Muse Code Compare to Other AI Coding Tools?,-0.3365629195691798,3,3,-0.0224398180208788,-0.016808611599663098
META,2026-08-24,Strong Negative,How Does Meta’s Muse Code Compare to Other AI Coding Tools?,-0.3365629195691798,3,4,0.0186070292893478,0.0017984176896847018
META,2026-08-24,Strong Negative,How Does Meta’s Muse Code Compare to Other AI Coding Tools?,-0.3365629195691798,3,5,-0.0102872776796028,-0.008488859989918099
META,2026-08-26,Strong Negative,META Stock Price Prediction 2026-2027 | Meta Forecast,-0.0730255592005637,4,-5,0.0063339473463719,0.0063339473463719
META,2026-08-26,Strong Negative,META Stock Price Prediction 2026-2027 | Meta Forecast,-0.0730255592005637,4,-4,0.006825665207209001,0.013159612553580901
META,2026-08-26,Strong Negative,META Stock Price Prediction 2026-2027 | Meta Forecast,-0.0730255592005637,4,-3,0.003925946801657899,0.0170855593552388
META,2026-08-26,Strong Negative,META Stock Price Prediction 2026-2027 | Meta Forecast,-0.0730255592005637,4,-2,0.0265646332144069,0.043650192569645696
META,2026-08-26,Strong Negative,META Stock Price Prediction 2026-2027 | Meta Forecast,-0.0730255592005637,4,-1,0.013501481134321001,0.0571516737039667
META,2026-08-26,Strong Negative,META Stock Price Prediction 2026-2027 | Meta Forecast,-0.0730255592005637,4,0,0.0097687208366668,0.0669203945406335
META,2026-08-26,Strong Negative,META Stock Price Prediction 2026-2027 | Meta Forecast,-0.0730255592005637,4,1,-0.0224398180208788,0.044480576519754705
META,2026-08-26,Strong Negative,META Stock Price Prediction 2026-2027 | Meta Forecast,-0.0730255592005637,4,2,0.0186070292893478,0.0630876058091025
META,2026-08-26,Strong Negative,META Stock Price Prediction 2026-2027 | Meta Forecast,-0.0730255592005637,4,3,-0.0102872776796028,0.052800328129499696
META,2026-08-26,Strong Negative,META Stock Price Prediction 2026-2027 | Meta Forecast,-0.0730255592005637,4,4,0.0235565533277148,0.0763568814572145
META,2026-08-26,Strong Negative,META Stock Price Prediction 2026-2027 | Meta Forecast,-0.0730255592005637,4,5,0.0224736715270464,0.09883055298426091
META,2026-08-27,Strong Positive,"Meta: Firm Settles Teen Social Media Case for $17 Billion, Lifting Uncertainty",1.0,1,-5,0.006825665207209001,0.006825665207209001
META,2026-08-27,Strong Positive,"Meta: Firm Settles Teen Social Media Case for $17 Billion, Lifting Uncertainty",1.0,1,-4,0.003925946801657899,0.010751612008866901
META,2026-08-27,Strong Positive,"Meta: Firm Settles Teen Social Media Case for $17 Billion, Lifting Uncertainty",1.0,1,-3,0.0265646332144069,0.0373162452232738
META,2026-08-27,Strong Positive,"Meta: Firm Settles Teen Social Media Case for $17 Billion, Lifting Uncertainty",1.0,1,-2,0.013501481134321001,0.0508177263575948
META,2026-08-27,Strong Positive,"Meta: Firm Settles Teen Social Media Case for $17 Billion, Lifting Uncertainty",1.0,1,-1,0.0097687208366668,0.0605864471942616
META,2026-08-27,Strong Positive,"Meta: Firm Settles Teen Social Media Case for $17 Billion, Lifting Uncertainty",1.0,1,0,-0.0224398180208788,0.0381466291733828
META,2026-08-27,Strong Positive,"Meta: Firm Settles Teen Social Media Case for $17 Billion, Lifting Uncertainty",1.0,1,1,0.0186070292893478,0.0567536584627306
META,2026-08-27,Strong Positive,"Meta: Firm Settles Teen Social Media Case for $17 Billion, Lifting Uncertainty",1.0,1,2,-0.0102872776796028,0.0464663807831278
META,2026-08-27,Strong Positive,"Meta: Firm Settles Teen Social Media Case for $17 Billion, Lifting Uncertainty",1.0,1,3,0.0235565533277148,0.0700229341108426
META,2026-08-27,Strong Positive,"Meta: Firm Settles Teen Social Media Case for $17 Billion, Lifting Uncertainty",1.0,1,4,0.0224736715270464,0.092496605637889
META,2026-08-27,Strong Positive,"Meta: Firm Settles Teen Social Media Case for $17 Billion, Lifting Uncertainty",1.0,1,5,0.0181891389349516,0.1106857445728406
META,2026-08-28,Strong Positive,"Meta's $17 billion settlement mandates new safeguards for kids—many are promising, says safety expert",0.2680012413817501,4,-5,0.003925946801657899,0.003925946801657899
META,2026-08-28,Strong Positive,"Meta's $17 billion settlement mandates new safeguards for kids—many are promising, says safety expert",0.2680012413817501,4,-4,0.0265646332144069,0.0304905800160648
META,2026-08-28,Strong Positive,"Meta's $17 billion settlement mandates new safeguards for kids—many are promising, says safety expert",0.2680012413817501,4,-3,0.013501481134321001,0.0439920611503858
META,2026-08-28,Strong Positive,"Meta's $17 billion settlement mandates new safeguards for kids—many are promising, says safety expert",0.2680012413817501,4,-2,0.0097687208366668,0.0537607819870526
META,2026-08-28,Strong Positive,"Meta's $17 billion settlement mandates new safeguards for kids—many are promising, says safety expert",0.2680012413817501,4,-1,-0.0224398180208788,0.0313209639661738
META,2026-08-28,Strong Positive,"Meta's $17 billion settlement mandates new safeguards for kids—many are promising, says safety expert",0.2680012413817501,4,0,0.0186070292893478,0.0499279932555216
META,2026-08-28,Strong Positive,"Meta's $17 billion settlement mandates new safeguards for kids—many are promising, says safety expert",0.2680012413817501,4,1,-0.0102872776796028,0.0396407155759188
META,2026-08-28,Strong Positive,"Meta's $17 billion settlement mandates new safeguards for kids—many are promising, says safety expert",0.2680012413817501,4,2,0.0235565533277148,0.0631972689036336
META,2026-08-28,Strong Positive,"Meta's $17 billion settlement mandates new safeguards for kids—many are promising, says safety expert",0.2680012413817501,4,3,0.0224736715270464,0.08567094043067999
META,2026-08-28,Strong Positive,"Meta's $17 billion settlement mandates new safeguards for kids—many are promising, says safety expert",0.2680012413817501,4,4,0.0181891389349516,0.10386007936563159
META,2026-08-28,Strong Positive,"Meta's $17 billion settlement mandates new safeguards for kids—many are promising, says safety expert",0.2680012413817501,4,5,0.0081749957840885,0.11203507514972008
MSFT,2022-01-10,Strong Positive,JPM 2022: Johnson & Johnson links up with Microsoft to cloud-connect its digital surgery programs,0.4262130184255192,5,-5,-0.014294849261866,-0.014294849261866
MSFT,2022-01-10,Strong Positive,JPM 2022: Johnson & Johnson links up with Microsoft to cloud-connect its digital surgery programs,0.4262130184255192,5,-4,-0.004176634316295601,-0.0184714835781616
MSFT,2022-01-10,Strong Positive,JPM 2022: Johnson & Johnson links up with Microsoft to cloud-connect its digital surgery programs,0.4262130184255192,5,-3,-0.007666955129794303,-0.026138438707955902
MSFT,2022-01-10,Strong Positive,JPM 2022: Johnson & Johnson links up with Microsoft to cloud-connect its digital surgery programs,0.4262130184255192,5,-2,-0.0071993257761083,-0.033337764484064204
MSFT,2022-01-10,Strong Positive,JPM 2022: Johnson & Johnson links up with Microsoft to cloud-connect its digital surgery programs,0.4262130184255192,5,-1,0.011342609374792,-0.021995155109272205
MSFT,2022-01-10,Strong Positive,JPM 2022: Johnson & Johnson links up with Microsoft to cloud-connect its digital surgery programs,0.4262130184255192,5,0,7.405319892389995e-05,-0.021921101910348306
MSFT,2022-01-10,Strong Positive,JPM 2022: Johnson & Johnson links up with Microsoft to cloud-connect its digital surgery programs,0.4262130184255192,5,1,-0.012762482123219301,-0.03468358403356761
MSFT,2022-01-10,Strong Positive,JPM 2022: Johnson & Johnson links up with Microsoft to cloud-connect its digital surgery programs,0.4262130184255192,5,2,0.006479386087489199,-0.02820419794607841
MSFT,2022-01-10,Strong Positive,JPM 2022: Johnson & Johnson links up with Microsoft to cloud-connect its digital surgery programs,0.4262130184255192,5,3,-0.0173065104843852,-0.045510708430463606
MSFT,2022-01-10,Strong Positive,JPM 2022: Johnson & Johnson links up with Microsoft to cloud-connect its digital surgery programs,0.4262130184255192,5,4,0.0114942229845783,-0.03401648544588531
MSFT,2022-01-10,Strong Positive,JPM 2022: Johnson & Johnson links up with Microsoft to cloud-connect its digital surgery programs,0.4262130184255192,5,5,0.0005552470630207015,-0.033461238382864605
MSFT,2022-01-13,Strong Positive,What’s Changed: 2021 Gartner Magic Quadrant for Cloud Database Management Systems,0.3112849790747931,3,-5,-0.0071993257761083,-0.0071993257761083
MSFT,2022-01-13,Strong Positive,What’s Changed: 2021 Gartner Magic Quadrant for Cloud Database Management Systems,0.3112849790747931,3,-4,0.011342609374792,0.004143283598683699
MSFT,2022-01-13,Strong Positive,What’s Changed: 2021 Gartner Magic Quadrant for Cloud Database Management Systems,0.3112849790747931,3,-3,7.405319892389995e-05,0.004217336797607599
MSFT,2022-01-13,Strong Positive,What’s Changed: 2021 Gartner Magic Quadrant for Cloud Database Management Systems,0.3112849790747931,3,-2,-0.012762482123219301,-0.008545145325611701
MSFT,2022-01-13,Strong Positive,What’s Changed: 2021 Gartner Magic Quadrant for Cloud Database Management Systems,0.3112849790747931,3,-1,0.006479386087489199,-0.002065759238122502
MSFT,2022-01-13,Strong Positive,What’s Changed: 2021 Gartner Magic Quadrant for Cloud Database Management Systems,0.3112849790747931,3,0,-0.0173065104843852,-0.0193722697225077
MSFT,2022-01-13,Strong Positive,What’s Changed: 2021 Gartner Magic Quadrant for Cloud Database Management Systems,0.3112849790747931,3,1,0.0114942229845783,-0.007878046737929401
MSFT,2022-01-13,Strong Positive,What’s Changed: 2021 Gartner Magic Quadrant for Cloud Database Management Systems,0.3112849790747931,3,2,0.0005552470630207015,-0.0073227996749087
MSFT,2022-01-13,Strong Positive,What’s Changed: 2021 Gartner Magic Quadrant for Cloud Database Management Systems,0.3112849790747931,3,3,0.013229923999335,0.0059071243244263
MSFT,2022-01-13,Strong Positive,What’s Changed: 2021 Gartner Magic Quadrant for Cloud Database Management Systems,0.3112849790747931,3,4,0.007285183256235999,0.0131923075806623
MSFT,2022-01-13,Strong Positive,What’s Changed: 2021 Gartner Magic Quadrant for Cloud Database Management Systems,0.3112849790747931,3,5,0.009260863893052501,0.0224531714737148
MSFT,2022-01-18,Strong Negative,What Microsoft’s US$68b acquisition of Activision Blizzard means for Vancouver,-0.1305369861206622,6,-5,7.405319892389995e-05,7.405319892389995e-05
MSFT,2022-01-18,Strong Negative,What Microsoft’s US$68b acquisition of Activision Blizzard means for Vancouver,-0.1305369861206622,6,-4,-0.012762482123219301,-0.012688428924295402
MSFT,2022-01-18,Strong Negative,What Microsoft’s US$68b acquisition of Activision Blizzard means for Vancouver,-0.1305369861206622,6,-3,0.006479386087489199,-0.006209042836806203
MSFT,2022-01-18,Strong Negative,What Microsoft’s US$68b acquisition of Activision Blizzard means for Vancouver,-0.1305369861206622,6,-2,-0.0173065104843852,-0.0235155533211914
MSFT,2022-01-18,Strong Negative,What Microsoft’s US$68b acquisition of Activision Blizzard means for Vancouver,-0.1305369861206622,6,-1,0.0114942229845783,-0.012021330336613102
MSFT,2022-01-18,Strong Negative,What Microsoft’s US$68b acquisition of Activision Blizzard means for Vancouver,-0.1305369861206622,6,0,0.0005552470630207015,-0.0114660832735924
MSFT,2022-01-18,Strong Negative,What Microsoft’s US$68b acquisition of Activision Blizzard means for Vancouver,-0.1305369861206622,6,1,0.013229923999335,0.0017638407257425989
MSFT,2022-01-18,Strong Negative,What Microsoft’s US$68b acquisition of Activision Blizzard means for Vancouver,-0.1305369861206622,6,2,0.007285183256235999,0.009049023981978599
MSFT,2022-01-18,Strong Negative,What Microsoft’s US$68b acquisition of Activision Blizzard means for Vancouver,-0.1305369861206622,6,3,0.009260863893052501,0.0183098878750311
MSFT,2022-01-18,Strong Negative,What Microsoft’s US$68b acquisition of Activision Blizzard means for Vancouver,-0.1305369861206622,6,4,-0.0034298612610510005,0.0148800266139801
MSFT,2022-01-18,Strong Negative,What Microsoft’s US$68b acquisition of Activision Blizzard means for Vancouver,-0.1305369861206622,6,5,-0.0034066321302041007,0.011473394483776
MSFT,2022-01-19,Strong Positive,Smithsonian Latino Center Receives $1 Million Gift From Microsoft Corp.,0.2668252979162754,9,-5,-0.012762482123219301,-0.012762482123219301
MSFT,2022-01-19,Strong Positive,Smithsonian Latino Center Receives $1 Million Gift From Microsoft Corp.,0.2668252979162754,9,-4,0.006479386087489199,-0.006283096035730102
MSFT,2022-01-19,Strong Positive,Smithsonian Latino Center Receives $1 Million Gift From Microsoft Corp.,0.2668252979162754,9,-3,-0.0173065104843852,-0.0235896065201153
MSFT,2022-01-19,Strong Positive,Smithsonian Latino Center Receives $1 Million Gift From Microsoft Corp.,0.2668252979162754,9,-2,0.0114942229845783,-0.012095383535537001
MSFT,2022-01-19,Strong Positive,Smithsonian Latino Center Receives $1 Million Gift From Microsoft Corp.,0.2668252979162754,9,-1,0.0005552470630207015,-0.0115401364725163
MSFT,2022-01-19,Strong Positive,Smithsonian Latino Center Receives $1 Million Gift From Microsoft Corp.,0.2668252979162754,9,0,0.013229923999335,0.0016897875268186997
MSFT,2022-01-19,Strong Positive,Smithsonian Latino Center Receives $1 Million Gift From Microsoft Corp.,0.2668252979162754,9,1,0.007285183256235999,0.0089749707830547
MSFT,2022-01-19,Strong Positive,Smithsonian Latino Center Receives $1 Million Gift From Microsoft Corp.,0.2668252979162754,9,2,0.009260863893052501,0.0182358346761072
MSFT,2022-01-19,Strong Positive,Smithsonian Latino Center Receives $1 Million Gift From Microsoft Corp.,0.2668252979162754,9,3,-0.0034298612610510005,0.014805973415056201
MSFT,2022-01-19,Strong Positive,Smithsonian Latino Center Receives $1 Million Gift From Microsoft Corp.,0.2668252979162754,9,4,-0.0034066321302041007,0.0113993412848521
MSFT,2022-01-19,Strong Positive,Smithsonian Latino Center Receives $1 Million Gift From Microsoft Corp.,0.2668252979162754,9,5,0.0300576223031328,0.041456963587984896
MSFT,2022-01-20,Strong Positive,Rate Hikes Might Bring Quality ETFs Into Focus,0.3684359272024387,3,-5,0.006479386087489199,0.006479386087489199
MSFT,2022-01-20,Strong Positive,Rate Hikes Might Bring Quality ETFs Into Focus,0.3684359272024387,3,-4,-0.0173065104843852,-0.010827124396896
MSFT,2022-01-20,Strong Positive,Rate Hikes Might Bring Quality ETFs Into Focus,0.3684359272024387,3,-3,0.0114942229845783,0.0006670985876823
MSFT,2022-01-20,Strong Positive,Rate Hikes Might Bring Quality ETFs Into Focus,0.3684359272024387,3,-2,0.0005552470630207015,0.0012223456507030016
MSFT,2022-01-20,Strong Positive,Rate Hikes Might Bring Quality ETFs Into Focus,0.3684359272024387,3,-1,0.013229923999335,0.014452269650038001
MSFT,2022-01-20,Strong Positive,Rate Hikes Might Bring Quality ETFs Into Focus,0.3684359272024387,3,0,0.007285183256235999,0.021737452906274
MSFT,2022-01-20,Strong Positive,Rate Hikes Might Bring Quality ETFs Into Focus,0.3684359272024387,3,1,0.009260863893052501,0.030998316799326502
MSFT,2022-01-20,Strong Positive,Rate Hikes Might Bring Quality ETFs Into Focus,0.3684359272024387,3,2,-0.0034298612610510005,0.027568455538275503
MSFT,2022-01-20,Strong Positive,Rate Hikes Might Bring Quality ETFs Into Focus,0.3684359272024387,3,3,-0.0034066321302041007,0.024161823408071402
MSFT,2022-01-20,Strong Positive,Rate Hikes Might Bring Quality ETFs Into Focus,0.3684359272024387,3,4,0.0300576223031328,0.0542194457112042
MSFT,2022-01-20,Strong Positive,Rate Hikes Might Bring Quality ETFs Into Focus,0.3684359272024387,3,5,0.020619619297269902,0.07483906500847409
MSFT,2022-01-21,Strong Positive,"Microsoft secures IPs like Call of Duty and Candy Crash to boost its metaverse ambitions, analyst says",0.3777676200262171,3,-5,-0.0173065104843852,-0.0173065104843852
MSFT,2022-01-21,Strong Positive,"Microsoft secures IPs like Call of Duty and Candy Crash to boost its metaverse ambitions, analyst says",0.3777676200262171,3,-4,0.0114942229845783,-0.0058122874998069
MSFT,2022-01-21,Strong Positive,"Microsoft secures IPs like Call of Duty and Candy Crash to boost its metaverse ambitions, analyst says",0.3777676200262171,3,-3,0.0005552470630207015,-0.0052570404367861985
MSFT,2022-01-21,Strong Positive,"Microsoft secures IPs like Call of Duty and Candy Crash to boost its metaverse ambitions, analyst says",0.3777676200262171,3,-2,0.013229923999335,0.007972883562548801
MSFT,2022-01-21,Strong Positive,"Microsoft secures IPs like Call of Duty and Candy Crash to boost its metaverse ambitions, analyst says",0.3777676200262171,3,-1,0.007285183256235999,0.015258066818784801
MSFT,2022-01-21,Strong Positive,"Microsoft secures IPs like Call of Duty and Candy Crash to boost its metaverse ambitions, analyst says",0.3777676200262171,3,0,0.009260863893052501,0.024518930711837302
MSFT,2022-01-21,Strong Positive,"Microsoft secures IPs like Call of Duty and Candy Crash to boost its metaverse ambitions, analyst says",0.3777676200262171,3,1,-0.0034298612610510005,0.021089069450786303
MSFT,2022-01-21,Strong Positive,"Microsoft secures IPs like Call of Duty and Candy Crash to boost its metaverse ambitions, analyst says",0.3777676200262171,3,2,-0.0034066321302041007,0.017682437320582202
MSFT,2022-01-21,Strong Positive,"Microsoft secures IPs like Call of Duty and Candy Crash to boost its metaverse ambitions, analyst says",0.3777676200262171,3,3,0.0300576223031328,0.047740059623715
MSFT,2022-01-21,Strong Positive,"Microsoft secures IPs like Call of Duty and Candy Crash to boost its metaverse ambitions, analyst says",0.3777676200262171,3,4,0.020619619297269902,0.0683596789209849
MSFT,2022-01-21,Strong Positive,"Microsoft secures IPs like Call of Duty and Candy Crash to boost its metaverse ambitions, analyst says",0.3777676200262171,3,5,-0.0032869166576041976,0.06507276226338071
MSFT,2022-01-24,Strong Positive,FedEx and Microsoft announce new cross-platform logistics solution for e-commerce,1.0,2,-5,0.0114942229845783,0.0114942229845783
MSFT,2022-01-24,Strong Positive,FedEx and Microsoft announce new cross-platform logistics solution for e-commerce,1.0,2,-4,0.0005552470630207015,0.012049470047599
MSFT,2022-01-24,Strong Positive,FedEx and Microsoft announce new cross-platform logistics solution for e-commerce,1.0,2,-3,0.013229923999335,0.025279394046934002
MSFT,2022-01-24,Strong Positive,FedEx and Microsoft announce new cross-platform logistics solution for e-commerce,1.0,2,-2,0.007285183256235999,0.03256457730317
MSFT,2022-01-24,Strong Positive,FedEx and Microsoft announce new cross-platform logistics solution for e-commerce,1.0,2,-1,0.009260863893052501,0.0418254411962225
MSFT,2022-01-24,Strong Positive,FedEx and Microsoft announce new cross-platform logistics solution for e-commerce,1.0,2,0,-0.0034298612610510005,0.0383955799351715
MSFT,2022-01-24,Strong Positive,FedEx and Microsoft announce new cross-platform logistics solution for e-commerce,1.0,2,1,-0.0034066321302041007,0.034988947804967405
MSFT,2022-01-24,Strong Positive,FedEx and Microsoft announce new cross-platform logistics solution for e-commerce,1.0,2,2,0.0300576223031328,0.06504657010810021
MSFT,2022-01-24,Strong Positive,FedEx and Microsoft announce new cross-platform logistics solution for e-commerce,1.0,2,3,0.020619619297269902,0.0856661894053701
MSFT,2022-01-24,Strong Positive,FedEx and Microsoft announce new cross-platform logistics solution for e-commerce,1.0,2,4,-0.0032869166576041976,0.08237927274776591
MSFT,2022-01-24,Strong Positive,FedEx and Microsoft announce new cross-platform logistics solution for e-commerce,1.0,2,5,-0.023155045844077897,0.05922422690368801
MSFT,2022-01-25,Strong Positive,"Microsoft to Acquire Activision Blizzard for $68.7B, Becoming Third Largest Gaming Company",0.2374101253558327,2,-5,0.0005552470630207015,0.0005552470630207015
MSFT,2022-01-25,Strong Positive,"Microsoft to Acquire Activision Blizzard for $68.7B, Becoming Third Largest Gaming Company",0.2374101253558327,2,-4,0.013229923999335,0.013785171062355701
MSFT,2022-01-25,Strong Positive,"Microsoft to Acquire Activision Blizzard for $68.7B, Becoming Third Largest Gaming Company",0.2374101253558327,2,-3,0.007285183256235999,0.0210703543185917
MSFT,2022-01-25,Strong Positive,"Microsoft to Acquire Activision Blizzard for $68.7B, Becoming Third Largest Gaming Company",0.2374101253558327,2,-2,0.009260863893052501,0.030331218211644202
MSFT,2022-01-25,Strong Positive,"Microsoft to Acquire Activision Blizzard for $68.7B, Becoming Third Largest Gaming Company",0.2374101253558327,2,-1,-0.0034298612610510005,0.026901356950593203
MSFT,2022-01-25,Strong Positive,"Microsoft to Acquire Activision Blizzard for $68.7B, Becoming Third Largest Gaming Company",0.2374101253558327,2,0,-0.0034066321302041007,0.023494724820389102
MSFT,2022-01-25,Strong Positive,"Microsoft to Acquire Activision Blizzard for $68.7B, Becoming Third Largest Gaming Company",0.2374101253558327,2,1,0.0300576223031328,0.0535523471235219
MSFT,2022-01-25,Strong Positive,"Microsoft to Acquire Activision Blizzard for $68.7B, Becoming Third Largest Gaming Company",0.2374101253558327,2,2,0.020619619297269902,0.0741719664207918
MSFT,2022-01-25,Strong Positive,"Microsoft to Acquire Activision Blizzard for $68.7B, Becoming Third Largest Gaming Company",0.2374101253558327,2,3,-0.0032869166576041976,0.0708850497631876
MSFT,2022-01-25,Strong Positive,"Microsoft to Acquire Activision Blizzard for $68.7B, Becoming Third Largest Gaming Company",0.2374101253558327,2,4,-0.023155045844077897,0.047730003919109705
MSFT,2022-01-25,Strong Positive,"Microsoft to Acquire Activision Blizzard for $68.7B, Becoming Third Largest Gaming Company",0.2374101253558327,2,5,-0.0139420734561453,0.033787930462964404
MSFT,2022-01-26,Strong Positive,Data platform modernization delivering richer insights and powering dynamic digital experiences for TD customers,0.3913217111221898,2,-5,0.013229923999335,0.013229923999335
MSFT,2022-01-26,Strong Positive,Data platform modernization delivering richer insights and powering dynamic digital experiences for TD customers,0.3913217111221898,2,-4,0.007285183256235999,0.020515107255571
MSFT,2022-01-26,Strong Positive,Data platform modernization delivering richer insights and powering dynamic digital experiences for TD customers,0.3913217111221898,2,-3,0.009260863893052501,0.0297759711486235
MSFT,2022-01-26,Strong Positive,Data platform modernization delivering richer insights and powering dynamic digital experiences for TD customers,0.3913217111221898,2,-2,-0.0034298612610510005,0.0263461098875725
MSFT,2022-01-26,Strong Positive,Data platform modernization delivering richer insights and powering dynamic digital experiences for TD customers,0.3913217111221898,2,-1,-0.0034066321302041007,0.0229394777573684
MSFT,2022-01-26,Strong Positive,Data platform modernization delivering richer insights and powering dynamic digital experiences for TD customers,0.3913217111221898,2,0,0.0300576223031328,0.0529971000605012
MSFT,2022-01-26,Strong Positive,Data platform modernization delivering richer insights and powering dynamic digital experiences for TD customers,0.3913217111221898,2,1,0.020619619297269902,0.0736167193577711
MSFT,2022-01-26,Strong Positive,Data platform modernization delivering richer insights and powering dynamic digital experiences for TD customers,0.3913217111221898,2,2,-0.0032869166576041976,0.07032980270016691
MSFT,2022-01-26,Strong Positive,Data platform modernization delivering richer insights and powering dynamic digital experiences for TD customers,0.3913217111221898,2,3,-0.023155045844077897,0.04717475685608901
MSFT,2022-01-26,Strong Positive,Data platform modernization delivering richer insights and powering dynamic digital experiences for TD customers,0.3913217111221898,2,4,-0.0139420734561453,0.03323268339994371
MSFT,2022-01-26,Strong Positive,Data platform modernization delivering richer insights and powering dynamic digital experiences for TD customers,0.3913217111221898,2,5,0.0070966520019577,0.04032933540190141
MSFT,2022-01-27,Strong Negative,Adobe Inc. stock underperforms Thursday when compared to competitors,-0.5186053811485415,4,-5,0.007285183256235999,0.007285183256235999
MSFT,2022-01-27,Strong Negative,Adobe Inc. stock underperforms Thursday when compared to competitors,-0.5186053811485415,4,-4,0.009260863893052501,0.0165460471492885
MSFT,2022-01-27,Strong Negative,Adobe Inc. stock underperforms Thursday when compared to competitors,-0.5186053811485415,4,-3,-0.0034298612610510005,0.0131161858882375
MSFT,2022-01-27,Strong Negative,Adobe Inc. stock underperforms Thursday when compared to competitors,-0.5186053811485415,4,-2,-0.0034066321302041007,0.0097095537580334
MSFT,2022-01-27,Strong Negative,Adobe Inc. stock underperforms Thursday when compared to competitors,-0.5186053811485415,4,-1,0.0300576223031328,0.0397671760611662
MSFT,2022-01-27,Strong Negative,Adobe Inc. stock underperforms Thursday when compared to competitors,-0.5186053811485415,4,0,0.020619619297269902,0.0603867953584361
MSFT,2022-01-27,Strong Negative,Adobe Inc. stock underperforms Thursday when compared to competitors,-0.5186053811485415,4,1,-0.0032869166576041976,0.0570998787008319
MSFT,2022-01-27,Strong Negative,Adobe Inc. stock underperforms Thursday when compared to competitors,-0.5186053811485415,4,2,-0.023155045844077897,0.033944832856754
MSFT,2022-01-27,Strong Negative,Adobe Inc. stock underperforms Thursday when compared to competitors,-0.5186053811485415,4,3,-0.0139420734561453,0.0200027594006087
MSFT,2022-01-27,Strong Negative,Adobe Inc. stock underperforms Thursday when compared to competitors,-0.5186053811485415,4,4,0.0070966520019577,0.0270994114025664
MSFT,2022-01-27,Strong Negative,Adobe Inc. stock underperforms Thursday when compared to competitors,-0.5186053811485415,4,5,0.0015915301807108984,0.0286909415832773
MSFT,2022-02-04,Strong Positive,Johnson & Johnson leaders discuss what’s possible with the Microsoft cloud deal,0.4688153246303001,6,-5,-0.0032869166576041976,-0.0032869166576041976
MSFT,2022-02-04,Strong Positive,Johnson & Johnson leaders discuss what’s possible with the Microsoft cloud deal,0.4688153246303001,6,-4,-0.023155045844077897,-0.026441962501682095
MSFT,2022-02-04,Strong Positive,Johnson & Johnson leaders discuss what’s possible with the Microsoft cloud deal,0.4688153246303001,6,-3,-0.0139420734561453,-0.04038403595782739
MSFT,2022-02-04,Strong Positive,Johnson & Johnson leaders discuss what’s possible with the Microsoft cloud deal,0.4688153246303001,6,-2,0.0070966520019577,-0.03328738395586969
MSFT,2022-02-04,Strong Positive,Johnson & Johnson leaders discuss what’s possible with the Microsoft cloud deal,0.4688153246303001,6,-1,0.0015915301807108984,-0.031695853775158794
MSFT,2022-02-04,Strong Positive,Johnson & Johnson leaders discuss what’s possible with the Microsoft cloud deal,0.4688153246303001,6,0,0.0029533226524665005,-0.028742531122692296
MSFT,2022-02-04,Strong Positive,Johnson & Johnson leaders discuss what’s possible with the Microsoft cloud deal,0.4688153246303001,6,1,-0.008265811822188598,-0.037008342944880895
MSFT,2022-02-04,Strong Positive,Johnson & Johnson leaders discuss what’s possible with the Microsoft cloud deal,0.4688153246303001,6,2,0.0007595871426240991,-0.036248755802256796
MSFT,2022-02-04,Strong Positive,Johnson & Johnson leaders discuss what’s possible with the Microsoft cloud deal,0.4688153246303001,6,3,0.0006448992135568987,-0.0356038565886999
MSFT,2022-02-04,Strong Positive,Johnson & Johnson leaders discuss what’s possible with the Microsoft cloud deal,0.4688153246303001,6,4,-0.0057409221740389,-0.0413447787627388
MSFT,2022-02-04,Strong Positive,Johnson & Johnson leaders discuss what’s possible with the Microsoft cloud deal,0.4688153246303001,6,5,0.007447558575043402,-0.0338972201876954
MSFT,2022-02-07,Strong Positive,PLDT and Microsoft seal partnership for Threat Intelligence sharing to combat rising Cybercrime in the Philippines,0.6957740347587316,3,-5,-0.023155045844077897,-0.023155045844077897
MSFT,2022-02-07,Strong Positive,PLDT and Microsoft seal partnership for Threat Intelligence sharing to combat rising Cybercrime in the Philippines,0.6957740347587316,3,-4,-0.0139420734561453,-0.0370971193002232
MSFT,2022-02-07,Strong Positive,PLDT and Microsoft seal partnership for Threat Intelligence sharing to combat rising Cybercrime in the Philippines,0.6957740347587316,3,-3,0.0070966520019577,-0.0300004672982655
MSFT,2022-02-07,Strong Positive,PLDT and Microsoft seal partnership for Threat Intelligence sharing to combat rising Cybercrime in the Philippines,0.6957740347587316,3,-2,0.0015915301807108984,-0.0284089371175546
MSFT,2022-02-07,Strong Positive,PLDT and Microsoft seal partnership for Threat Intelligence sharing to combat rising Cybercrime in the Philippines,0.6957740347587316,3,-1,0.0029533226524665005,-0.0254556144650881
MSFT,2022-02-07,Strong Positive,PLDT and Microsoft seal partnership for Threat Intelligence sharing to combat rising Cybercrime in the Philippines,0.6957740347587316,3,0,-0.008265811822188598,-0.0337214262872767
MSFT,2022-02-07,Strong Positive,PLDT and Microsoft seal partnership for Threat Intelligence sharing to combat rising Cybercrime in the Philippines,0.6957740347587316,3,1,0.0007595871426240991,-0.0329618391446526
MSFT,2022-02-07,Strong Positive,PLDT and Microsoft seal partnership for Threat Intelligence sharing to combat rising Cybercrime in the Philippines,0.6957740347587316,3,2,0.0006448992135568987,-0.0323169399310957
MSFT,2022-02-07,Strong Positive,PLDT and Microsoft seal partnership for Threat Intelligence sharing to combat rising Cybercrime in the Philippines,0.6957740347587316,3,3,-0.0057409221740389,-0.03805786210513461
MSFT,2022-02-07,Strong Positive,PLDT and Microsoft seal partnership for Threat Intelligence sharing to combat rising Cybercrime in the Philippines,0.6957740347587316,3,4,0.007447558575043402,-0.030610303530091205
MSFT,2022-02-07,Strong Positive,PLDT and Microsoft seal partnership for Threat Intelligence sharing to combat rising Cybercrime in the Philippines,0.6957740347587316,3,5,-0.0013747027756316,-0.031985006305722805
MSFT,2022-02-08,Strong Positive,Kiwibank takes payments onto Azure with ACI Worldwide,0.3042788238435935,3,-5,-0.0139420734561453,-0.0139420734561453
MSFT,2022-02-08,Strong Positive,Kiwibank takes payments onto Azure with ACI Worldwide,0.3042788238435935,3,-4,0.0070966520019577,-0.0068454214541876
MSFT,2022-02-08,Strong Positive,Kiwibank takes payments onto Azure with ACI Worldwide,0.3042788238435935,3,-3,0.0015915301807108984,-0.0052538912734767015
MSFT,2022-02-08,Strong Positive,Kiwibank takes payments onto Azure with ACI Worldwide,0.3042788238435935,3,-2,0.0029533226524665005,-0.002300568621010201
MSFT,2022-02-08,Strong Positive,Kiwibank takes payments onto Azure with ACI Worldwide,0.3042788238435935,3,-1,-0.008265811822188598,-0.010566380443198799
MSFT,2022-02-08,Strong Positive,Kiwibank takes payments onto Azure with ACI Worldwide,0.3042788238435935,3,0,0.0007595871426240991,-0.0098067933005747
MSFT,2022-02-08,Strong Positive,Kiwibank takes payments onto Azure with ACI Worldwide,0.3042788238435935,3,1,0.0006448992135568987,-0.009161894087017801
MSFT,2022-02-08,Strong Positive,Kiwibank takes payments onto Azure with ACI Worldwide,0.3042788238435935,3,2,-0.0057409221740389,-0.014902816261056702
MSFT,2022-02-08,Strong Positive,Kiwibank takes payments onto Azure with ACI Worldwide,0.3042788238435935,3,3,0.007447558575043402,-0.0074552576860133
MSFT,2022-02-08,Strong Positive,Kiwibank takes payments onto Azure with ACI Worldwide,0.3042788238435935,3,4,-0.0013747027756316,-0.0088299604616449
MSFT,2022-02-08,Strong Positive,Kiwibank takes payments onto Azure with ACI Worldwide,0.3042788238435935,3,5,-0.006321529288452601,-0.015151489750097502
MSFT,2022-02-10,Strong Positive,Microsoft’s Asenso Pilipinas Summit Gathers Government Leaders to Empower Stronger Digital Organizations across the Philippines – Microsoft News Center Philippines,0.3795098630252219,6,-5,0.0015915301807108984,0.0015915301807108984
MSFT,2022-02-10,Strong Positive,Microsoft’s Asenso Pilipinas Summit Gathers Government Leaders to Empower Stronger Digital Organizations across the Philippines – Microsoft News Center Philippines,0.3795098630252219,6,-4,0.0029533226524665005,0.004544852833177399
MSFT,2022-02-10,Strong Positive,Microsoft’s Asenso Pilipinas Summit Gathers Government Leaders to Empower Stronger Digital Organizations across the Philippines – Microsoft News Center Philippines,0.3795098630252219,6,-3,-0.008265811822188598,-0.0037209589890111992
MSFT,2022-02-10,Strong Positive,Microsoft’s Asenso Pilipinas Summit Gathers Government Leaders to Empower Stronger Digital Organizations across the Philippines – Microsoft News Center Philippines,0.3795098630252219,6,-2,0.0007595871426240991,-0.0029613718463871
MSFT,2022-02-10,Strong Positive,Microsoft’s Asenso Pilipinas Summit Gathers Government Leaders to Empower Stronger Digital Organizations across the Philippines – Microsoft News Center Philippines,0.3795098630252219,6,-1,0.0006448992135568987,-0.0023164726328302014
MSFT,2022-02-10,Strong Positive,Microsoft’s Asenso Pilipinas Summit Gathers Government Leaders to Empower Stronger Digital Organizations across the Philippines – Microsoft News Center Philippines,0.3795098630252219,6,0,-0.0057409221740389,-0.008057394806869102
MSFT,2022-02-10,Strong Positive,Microsoft’s Asenso Pilipinas Summit Gathers Government Leaders to Empower Stronger Digital Organizations across the Philippines – Microsoft News Center Philippines,0.3795098630252219,6,1,0.007447558575043402,-0.0006098362318257
MSFT,2022-02-10,Strong Positive,Microsoft’s Asenso Pilipinas Summit Gathers Government Leaders to Empower Stronger Digital Organizations across the Philippines – Microsoft News Center Philippines,0.3795098630252219,6,2,-0.0013747027756316,-0.0019845390074573
MSFT,2022-02-10,Strong Positive,Microsoft’s Asenso Pilipinas Summit Gathers Government Leaders to Empower Stronger Digital Organizations across the Philippines – Microsoft News Center Philippines,0.3795098630252219,6,3,-0.006321529288452601,-0.0083060682959099
MSFT,2022-02-10,Strong Positive,Microsoft’s Asenso Pilipinas Summit Gathers Government Leaders to Empower Stronger Digital Organizations across the Philippines – Microsoft News Center Philippines,0.3795098630252219,6,4,-0.000914841091219,-0.009220909387128901
MSFT,2022-02-10,Strong Positive,Microsoft’s Asenso Pilipinas Summit Gathers Government Leaders to Empower Stronger Digital Organizations across the Philippines – Microsoft News Center Philippines,0.3795098630252219,6,5,0.000461840469709502,-0.0087590689174194
MSFT,2022-02-14,Strong Positive,"Microsoft announces plan to fully reopen corporate offices in Redmond, elsewhere",0.3096857309202621,4,-5,-0.008265811822188598,-0.008265811822188598
MSFT,2022-02-14,Strong Positive,"Microsoft announces plan to fully reopen corporate offices in Redmond, elsewhere",0.3096857309202621,4,-4,0.0007595871426240991,-0.007506224679564499
MSFT,2022-02-14,Strong Positive,"Microsoft announces plan to fully reopen corporate offices in Redmond, elsewhere",0.3096857309202621,4,-3,0.0006448992135568987,-0.0068613254660076
MSFT,2022-02-14,Strong Positive,"Microsoft announces plan to fully reopen corporate offices in Redmond, elsewhere",0.3096857309202621,4,-2,-0.0057409221740389,-0.0126022476400465
MSFT,2022-02-14,Strong Positive,"Microsoft announces plan to fully reopen corporate offices in Redmond, elsewhere",0.3096857309202621,4,-1,0.007447558575043402,-0.005154689065003099
MSFT,2022-02-14,Strong Positive,"Microsoft announces plan to fully reopen corporate offices in Redmond, elsewhere",0.3096857309202621,4,0,-0.0013747027756316,-0.006529391840634699
MSFT,2022-02-14,Strong Positive,"Microsoft announces plan to fully reopen corporate offices in Redmond, elsewhere",0.3096857309202621,4,1,-0.006321529288452601,-0.012850921129087301
MSFT,2022-02-14,Strong Positive,"Microsoft announces plan to fully reopen corporate offices in Redmond, elsewhere",0.3096857309202621,4,2,-0.000914841091219,-0.013765762220306302
MSFT,2022-02-14,Strong Positive,"Microsoft announces plan to fully reopen corporate offices in Redmond, elsewhere",0.3096857309202621,4,3,0.000461840469709502,-0.0133039217505968
MSFT,2022-02-14,Strong Positive,"Microsoft announces plan to fully reopen corporate offices in Redmond, elsewhere",0.3096857309202621,4,4,0.0017745013357406986,-0.011529420414856101
MSFT,2022-02-14,Strong Positive,"Microsoft announces plan to fully reopen corporate offices in Redmond, elsewhere",0.3096857309202621,4,5,0.0093145861853998,-0.0022148342294563018
MSFT,2022-02-15,Strong Positive,NERD ETF gains from strong demand for esports,0.3630645548196223,9,-5,0.0007595871426240991,0.0007595871426240991
MSFT,2022-02-15,Strong Positive,NERD ETF gains from strong demand for esports,0.3630645548196223,9,-4,0.0006448992135568987,0.0014044863561809978
MSFT,2022-02-15,Strong Positive,NERD ETF gains from strong demand for esports,0.3630645548196223,9,-3,-0.0057409221740389,-0.0043364358178579025
MSFT,2022-02-15,Strong Positive,NERD ETF gains from strong demand for esports,0.3630645548196223,9,-2,0.007447558575043402,0.003111122757185499
MSFT,2022-02-15,Strong Positive,NERD ETF gains from strong demand for esports,0.3630645548196223,9,-1,-0.0013747027756316,0.0017364199815538993
MSFT,2022-02-15,Strong Positive,NERD ETF gains from strong demand for esports,0.3630645548196223,9,0,-0.006321529288452601,-0.004585109306898702
MSFT,2022-02-15,Strong Positive,NERD ETF gains from strong demand for esports,0.3630645548196223,9,1,-0.000914841091219,-0.005499950398117702
MSFT,2022-02-15,Strong Positive,NERD ETF gains from strong demand for esports,0.3630645548196223,9,2,0.000461840469709502,-0.0050381099284082
MSFT,2022-02-15,Strong Positive,NERD ETF gains from strong demand for esports,0.3630645548196223,9,3,0.0017745013357406986,-0.0032636085926675013
MSFT,2022-02-15,Strong Positive,NERD ETF gains from strong demand for esports,0.3630645548196223,9,4,0.0093145861853998,0.006050977592732298
MSFT,2022-02-15,Strong Positive,NERD ETF gains from strong demand for esports,0.3630645548196223,9,5,-0.0002782909438631999,0.005772686648869098
MSFT,2022-02-17,Strong Positive,Build your knowledge of Azure AD conditional access policies,0.2718777858856678,7,-5,-0.0057409221740389,-0.0057409221740389
MSFT,2022-02-17,Strong Positive,Build your knowledge of Azure AD conditional access policies,0.2718777858856678,7,-4,0.007447558575043402,0.0017066364010045014
MSFT,2022-02-17,Strong Positive,Build your knowledge of Azure AD conditional access policies,0.2718777858856678,7,-3,-0.0013747027756316,0.00033193362537290143
MSFT,2022-02-17,Strong Positive,Build your knowledge of Azure AD conditional access policies,0.2718777858856678,7,-2,-0.006321529288452601,-0.0059895956630797
MSFT,2022-02-17,Strong Positive,Build your knowledge of Azure AD conditional access policies,0.2718777858856678,7,-1,-0.000914841091219,-0.0069044367542987
MSFT,2022-02-17,Strong Positive,Build your knowledge of Azure AD conditional access policies,0.2718777858856678,7,0,0.000461840469709502,-0.006442596284589198
MSFT,2022-02-17,Strong Positive,Build your knowledge of Azure AD conditional access policies,0.2718777858856678,7,1,0.0017745013357406986,-0.004668094948848499
MSFT,2022-02-17,Strong Positive,Build your knowledge of Azure AD conditional access policies,0.2718777858856678,7,2,0.0093145861853998,0.0046464912365513
MSFT,2022-02-17,Strong Positive,Build your knowledge of Azure AD conditional access policies,0.2718777858856678,7,3,-0.0002782909438631999,0.0043682002926881
MSFT,2022-02-17,Strong Positive,Build your knowledge of Azure AD conditional access policies,0.2718777858856678,7,4,0.0174891465219377,0.021857346814625797
MSFT,2022-02-17,Strong Positive,Build your knowledge of Azure AD conditional access policies,0.2718777858856678,7,5,-0.0062740237088755,0.015583323105750297
MSFT,2022-02-18,Strong Negative,What’s Changed: 2022 Gartner Magic Quadrant for Enterprise Information Archiving,-0.4648733714509046,4,-5,0.007447558575043402,0.007447558575043402
MSFT,2022-02-18,Strong Negative,What’s Changed: 2022 Gartner Magic Quadrant for Enterprise Information Archiving,-0.4648733714509046,4,-4,-0.0013747027756316,0.006072855799411802
MSFT,2022-02-18,Strong Negative,What’s Changed: 2022 Gartner Magic Quadrant for Enterprise Information Archiving,-0.4648733714509046,4,-3,-0.006321529288452601,-0.00024867348904079965
MSFT,2022-02-18,Strong Negative,What’s Changed: 2022 Gartner Magic Quadrant for Enterprise Information Archiving,-0.4648733714509046,4,-2,-0.000914841091219,-0.0011635145802597997
MSFT,2022-02-18,Strong Negative,What’s Changed: 2022 Gartner Magic Quadrant for Enterprise Information Archiving,-0.4648733714509046,4,-1,0.000461840469709502,-0.0007016741105502977
MSFT,2022-02-18,Strong Negative,What’s Changed: 2022 Gartner Magic Quadrant for Enterprise Information Archiving,-0.4648733714509046,4,0,0.0017745013357406986,0.001072827225190401
MSFT,2022-02-18,Strong Negative,What’s Changed: 2022 Gartner Magic Quadrant for Enterprise Information Archiving,-0.4648733714509046,4,1,0.0093145861853998,0.0103874134105902
MSFT,2022-02-18,Strong Negative,What’s Changed: 2022 Gartner Magic Quadrant for Enterprise Information Archiving,-0.4648733714509046,4,2,-0.0002782909438631999,0.010109122466727
MSFT,2022-02-18,Strong Negative,What’s Changed: 2022 Gartner Magic Quadrant for Enterprise Information Archiving,-0.4648733714509046,4,3,0.0174891465219377,0.0275982689886647
MSFT,2022-02-18,Strong Negative,What’s Changed: 2022 Gartner Magic Quadrant for Enterprise Information Archiving,-0.4648733714509046,4,4,-0.0062740237088755,0.0213242452797892
MSFT,2022-02-18,Strong Negative,What’s Changed: 2022 Gartner Magic Quadrant for Enterprise Information Archiving,-0.4648733714509046,4,5,0.0019995133824475,0.0233237586622367
MSFT,2022-02-23,Strong Positive,What Microsoft's Acquisition of Activision Blizzard Means For Its Gaming Future,0.3401813711778821,3,-5,-0.006321529288452601,-0.006321529288452601
MSFT,2022-02-23,Strong Positive,What Microsoft's Acquisition of Activision Blizzard Means For Its Gaming Future,0.3401813711778821,3,-4,-0.000914841091219,-0.007236370379671601
MSFT,2022-02-23,Strong Positive,What Microsoft's Acquisition of Activision Blizzard Means For Its Gaming Future,0.3401813711778821,3,-3,0.000461840469709502,-0.006774529909962099
MSFT,2022-02-23,Strong Positive,What Microsoft's Acquisition of Activision Blizzard Means For Its Gaming Future,0.3401813711778821,3,-2,0.0017745013357406986,-0.005000028574221401
MSFT,2022-02-23,Strong Positive,What Microsoft's Acquisition of Activision Blizzard Means For Its Gaming Future,0.3401813711778821,3,-1,0.0093145861853998,0.004314557611178399
MSFT,2022-02-23,Strong Positive,What Microsoft's Acquisition of Activision Blizzard Means For Its Gaming Future,0.3401813711778821,3,0,-0.0002782909438631999,0.004036266667315199
MSFT,2022-02-23,Strong Positive,What Microsoft's Acquisition of Activision Blizzard Means For Its Gaming Future,0.3401813711778821,3,1,0.0174891465219377,0.021525413189252898
MSFT,2022-02-23,Strong Positive,What Microsoft's Acquisition of Activision Blizzard Means For Its Gaming Future,0.3401813711778821,3,2,-0.0062740237088755,0.015251389480377398
MSFT,2022-02-23,Strong Positive,What Microsoft's Acquisition of Activision Blizzard Means For Its Gaming Future,0.3401813711778821,3,3,0.0019995133824475,0.017250902862824897
MSFT,2022-02-23,Strong Positive,What Microsoft's Acquisition of Activision Blizzard Means For Its Gaming Future,0.3401813711778821,3,4,0.0024595361819940986,0.019710439044818995
MSFT,2022-02-23,Strong Positive,What Microsoft's Acquisition of Activision Blizzard Means For Its Gaming Future,0.3401813711778821,3,5,0.0009860687182281988,0.020696507763047194
MSFT,2022-02-25,Strong Positive,U.S. Bank partners Microsoft for cloud banking tech upgrade,0.2348881456366021,4,-5,0.000461840469709502,0.000461840469709502
MSFT,2022-02-25,Strong Positive,U.S. Bank partners Microsoft for cloud banking tech upgrade,0.2348881456366021,4,-4,0.0017745013357406986,0.0022363418054502007
MSFT,2022-02-25,Strong Positive,U.S. Bank partners Microsoft for cloud banking tech upgrade,0.2348881456366021,4,-3,0.0093145861853998,0.01155092799085
MSFT,2022-02-25,Strong Positive,U.S. Bank partners Microsoft for cloud banking tech upgrade,0.2348881456366021,4,-2,-0.0002782909438631999,0.0112726370469868
MSFT,2022-02-25,Strong Positive,U.S. Bank partners Microsoft for cloud banking tech upgrade,0.2348881456366021,4,-1,0.0174891465219377,0.028761783568924497
MSFT,2022-02-25,Strong Positive,U.S. Bank partners Microsoft for cloud banking tech upgrade,0.2348881456366021,4,0,-0.0062740237088755,0.022487759860048997
MSFT,2022-02-25,Strong Positive,U.S. Bank partners Microsoft for cloud banking tech upgrade,0.2348881456366021,4,1,0.0019995133824475,0.024487273242496495
MSFT,2022-02-25,Strong Positive,U.S. Bank partners Microsoft for cloud banking tech upgrade,0.2348881456366021,4,2,0.0024595361819940986,0.026946809424490594
MSFT,2022-02-25,Strong Positive,U.S. Bank partners Microsoft for cloud banking tech upgrade,0.2348881456366021,4,3,0.0009860687182281988,0.027932878142718793
MSFT,2022-02-25,Strong Positive,U.S. Bank partners Microsoft for cloud banking tech upgrade,0.2348881456366021,4,4,6.073096436020123e-05,0.027993609107078994
MSFT,2022-02-25,Strong Positive,U.S. Bank partners Microsoft for cloud banking tech upgrade,0.2348881456366021,4,5,-0.005986600752579901,0.02200700835449909
MSFT,2022-03-01,Strong Positive,Accenture and Microsoft to Assist Mount Sinai Health System on Five-Year Transformation Journey to Cloud,1.0,1,-5,0.0093145861853998,0.0093145861853998
MSFT,2022-03-01,Strong Positive,Accenture and Microsoft to Assist Mount Sinai Health System on Five-Year Transformation Journey to Cloud,1.0,1,-4,-0.0002782909438631999,0.0090362952415366
MSFT,2022-03-01,Strong Positive,Accenture and Microsoft to Assist Mount Sinai Health System on Five-Year Transformation Journey to Cloud,1.0,1,-3,0.0174891465219377,0.026525441763474298
MSFT,2022-03-01,Strong Positive,Accenture and Microsoft to Assist Mount Sinai Health System on Five-Year Transformation Journey to Cloud,1.0,1,-2,-0.0062740237088755,0.020251418054598798
MSFT,2022-03-01,Strong Positive,Accenture and Microsoft to Assist Mount Sinai Health System on Five-Year Transformation Journey to Cloud,1.0,1,-1,0.0019995133824475,0.022250931437046297
MSFT,2022-03-01,Strong Positive,Accenture and Microsoft to Assist Mount Sinai Health System on Five-Year Transformation Journey to Cloud,1.0,1,0,0.0024595361819940986,0.024710467619040395
MSFT,2022-03-01,Strong Positive,Accenture and Microsoft to Assist Mount Sinai Health System on Five-Year Transformation Journey to Cloud,1.0,1,1,0.0009860687182281988,0.025696536337268594
MSFT,2022-03-01,Strong Positive,Accenture and Microsoft to Assist Mount Sinai Health System on Five-Year Transformation Journey to Cloud,1.0,1,2,6.073096436020123e-05,0.025757267301628795
MSFT,2022-03-01,Strong Positive,Accenture and Microsoft to Assist Mount Sinai Health System on Five-Year Transformation Journey to Cloud,1.0,1,3,-0.005986600752579901,0.019770666549048896
MSFT,2022-03-01,Strong Positive,Accenture and Microsoft to Assist Mount Sinai Health System on Five-Year Transformation Journey to Cloud,1.0,1,4,-0.0008958779567934949,0.0188747885922554
MSFT,2022-03-01,Strong Positive,Accenture and Microsoft to Assist Mount Sinai Health System on Five-Year Transformation Journey to Cloud,1.0,1,5,-0.006322988078464,0.0125518005137914
MSFT,2022-03-02,Strong Negative,Microsoft Corp Chief Satya Nadella’s son passes away,-0.0485660277199014,7,-5,-0.0002782909438631999,-0.0002782909438631999
MSFT,2022-03-02,Strong Negative,Microsoft Corp Chief Satya Nadella’s son passes away,-0.0485660277199014,7,-4,0.0174891465219377,0.0172108555780745
MSFT,2022-03-02,Strong Negative,Microsoft Corp Chief Satya Nadella’s son passes away,-0.0485660277199014,7,-3,-0.0062740237088755,0.010936831869198999
MSFT,2022-03-02,Strong Negative,Microsoft Corp Chief Satya Nadella’s son passes away,-0.0485660277199014,7,-2,0.0019995133824475,0.012936345251646499
MSFT,2022-03-02,Strong Negative,Microsoft Corp Chief Satya Nadella’s son passes away,-0.0485660277199014,7,-1,0.0024595361819940986,0.015395881433640598
MSFT,2022-03-02,Strong Negative,Microsoft Corp Chief Satya Nadella’s son passes away,-0.0485660277199014,7,0,0.0009860687182281988,0.016381950151868795
MSFT,2022-03-02,Strong Negative,Microsoft Corp Chief Satya Nadella’s son passes away,-0.0485660277199014,7,1,6.073096436020123e-05,0.016442681116228996
MSFT,2022-03-02,Strong Negative,Microsoft Corp Chief Satya Nadella’s son passes away,-0.0485660277199014,7,2,-0.005986600752579901,0.010456080363649095
MSFT,2022-03-02,Strong Negative,Microsoft Corp Chief Satya Nadella’s son passes away,-0.0485660277199014,7,3,-0.0008958779567934949,0.0095602024068556
MSFT,2022-03-02,Strong Negative,Microsoft Corp Chief Satya Nadella’s son passes away,-0.0485660277199014,7,4,-0.006322988078464,0.0032372143283916
MSFT,2022-03-02,Strong Negative,Microsoft Corp Chief Satya Nadella’s son passes away,-0.0485660277199014,7,5,0.0098598886731023,0.013097103001493901
MSFT,2022-03-04,Strong Negative,"After clearing all regulatory hurdles, Microsoft closes $20B Nuance deal",-0.3267450146386613,10,-5,-0.0062740237088755,-0.0062740237088755
MSFT,2022-03-04,Strong Negative,"After clearing all regulatory hurdles, Microsoft closes $20B Nuance deal",-0.3267450146386613,10,-4,0.0019995133824475,-0.004274510326428
MSFT,2022-03-04,Strong Negative,"After clearing all regulatory hurdles, Microsoft closes $20B Nuance deal",-0.3267450146386613,10,-3,0.0024595361819940986,-0.001814974144433901
MSFT,2022-03-04,Strong Negative,"After clearing all regulatory hurdles, Microsoft closes $20B Nuance deal",-0.3267450146386613,10,-2,0.0009860687182281988,-0.0008289054262057022
MSFT,2022-03-04,Strong Negative,"After clearing all regulatory hurdles, Microsoft closes $20B Nuance deal",-0.3267450146386613,10,-1,6.073096436020123e-05,-0.000768174461845501
MSFT,2022-03-04,Strong Negative,"After clearing all regulatory hurdles, Microsoft closes $20B Nuance deal",-0.3267450146386613,10,0,-0.005986600752579901,-0.006754775214425402
MSFT,2022-03-04,Strong Negative,"After clearing all regulatory hurdles, Microsoft closes $20B Nuance deal",-0.3267450146386613,10,1,-0.0008958779567934949,-0.007650653171218897
MSFT,2022-03-04,Strong Negative,"After clearing all regulatory hurdles, Microsoft closes $20B Nuance deal",-0.3267450146386613,10,2,-0.006322988078464,-0.013973641249682898
MSFT,2022-03-04,Strong Negative,"After clearing all regulatory hurdles, Microsoft closes $20B Nuance deal",-0.3267450146386613,10,3,0.0098598886731023,-0.0041137525765805975
MSFT,2022-03-04,Strong Negative,"After clearing all regulatory hurdles, Microsoft closes $20B Nuance deal",-0.3267450146386613,10,4,0.0010179967279537998,-0.0030957558486267977
MSFT,2022-03-04,Strong Negative,"After clearing all regulatory hurdles, Microsoft closes $20B Nuance deal",-0.3267450146386613,10,5,0.001410147381654698,-0.0016856084669720998
MSFT,2022-03-08,Strong Negative,Our Ultimate Stock-Pickers' Top 10 Buys and Sells,-0.3140004895872418,6,-5,0.0024595361819940986,0.0024595361819940986
MSFT,2022-03-08,Strong Negative,Our Ultimate Stock-Pickers' Top 10 Buys and Sells,-0.3140004895872418,6,-4,0.0009860687182281988,0.0034456049002222974
MSFT,2022-03-08,Strong Negative,Our Ultimate Stock-Pickers' Top 10 Buys and Sells,-0.3140004895872418,6,-3,6.073096436020123e-05,0.0035063358645824987
MSFT,2022-03-08,Strong Negative,Our Ultimate Stock-Pickers' Top 10 Buys and Sells,-0.3140004895872418,6,-2,-0.005986600752579901,-0.0024802648879974024
MSFT,2022-03-08,Strong Negative,Our Ultimate Stock-Pickers' Top 10 Buys and Sells,-0.3140004895872418,6,-1,-0.0008958779567934949,-0.0033761428447908973
MSFT,2022-03-08,Strong Negative,Our Ultimate Stock-Pickers' Top 10 Buys and Sells,-0.3140004895872418,6,0,-0.006322988078464,-0.009699130923254896
MSFT,2022-03-08,Strong Negative,Our Ultimate Stock-Pickers' Top 10 Buys and Sells,-0.3140004895872418,6,1,0.0098598886731023,0.00016075774984740387
MSFT,2022-03-08,Strong Negative,Our Ultimate Stock-Pickers' Top 10 Buys and Sells,-0.3140004895872418,6,2,0.0010179967279537998,0.0011787544778012037
MSFT,2022-03-08,Strong Negative,Our Ultimate Stock-Pickers' Top 10 Buys and Sells,-0.3140004895872418,6,3,0.001410147381654698,0.0025889018594559016
MSFT,2022-03-08,Strong Negative,Our Ultimate Stock-Pickers' Top 10 Buys and Sells,-0.3140004895872418,6,4,0.006243810800883801,0.008832712660339703
MSFT,2022-03-08,Strong Negative,Our Ultimate Stock-Pickers' Top 10 Buys and Sells,-0.3140004895872418,6,5,0.007375470512409298,0.016208183172749
MSFT,2022-03-09,Strong Negative,Billion-dollar Seattle company Adaptive Biotechnologies lays off 100,-0.6763356044267665,3,-5,0.0009860687182281988,0.0009860687182281988
MSFT,2022-03-09,Strong Negative,Billion-dollar Seattle company Adaptive Biotechnologies lays off 100,-0.6763356044267665,3,-4,6.073096436020123e-05,0.0010467996825884
MSFT,2022-03-09,Strong Negative,Billion-dollar Seattle company Adaptive Biotechnologies lays off 100,-0.6763356044267665,3,-3,-0.005986600752579901,-0.004939801069991501
MSFT,2022-03-09,Strong Negative,Billion-dollar Seattle company Adaptive Biotechnologies lays off 100,-0.6763356044267665,3,-2,-0.0008958779567934949,-0.005835679026784996
MSFT,2022-03-09,Strong Negative,Billion-dollar Seattle company Adaptive Biotechnologies lays off 100,-0.6763356044267665,3,-1,-0.006322988078464,-0.012158667105248995
MSFT,2022-03-09,Strong Negative,Billion-dollar Seattle company Adaptive Biotechnologies lays off 100,-0.6763356044267665,3,0,0.0098598886731023,-0.0022987784321466948
MSFT,2022-03-09,Strong Negative,Billion-dollar Seattle company Adaptive Biotechnologies lays off 100,-0.6763356044267665,3,1,0.0010179967279537998,-0.001280781704192895
MSFT,2022-03-09,Strong Negative,Billion-dollar Seattle company Adaptive Biotechnologies lays off 100,-0.6763356044267665,3,2,0.001410147381654698,0.000129365677461803
MSFT,2022-03-09,Strong Negative,Billion-dollar Seattle company Adaptive Biotechnologies lays off 100,-0.6763356044267665,3,3,0.006243810800883801,0.006373176478345604
MSFT,2022-03-09,Strong Negative,Billion-dollar Seattle company Adaptive Biotechnologies lays off 100,-0.6763356044267665,3,4,0.007375470512409298,0.013748646990754902
MSFT,2022-03-09,Strong Negative,Billion-dollar Seattle company Adaptive Biotechnologies lays off 100,-0.6763356044267665,3,5,-0.0118736311655958,0.0018750158251591015
MSFT,2022-03-14,Strong Positive,Coca-Cola FEMSA se transforma digitalmente para mantener siempre conectados a sus colaboradores,0.5548947403122261,2,-5,-0.0008958779567934949,-0.0008958779567934949
MSFT,2022-03-14,Strong Positive,Coca-Cola FEMSA se transforma digitalmente para mantener siempre conectados a sus colaboradores,0.5548947403122261,2,-4,-0.006322988078464,-0.007218866035257495
MSFT,2022-03-14,Strong Positive,Coca-Cola FEMSA se transforma digitalmente para mantener siempre conectados a sus colaboradores,0.5548947403122261,2,-3,0.0098598886731023,0.0026410226378448054
MSFT,2022-03-14,Strong Positive,Coca-Cola FEMSA se transforma digitalmente para mantener siempre conectados a sus colaboradores,0.5548947403122261,2,-2,0.0010179967279537998,0.0036590193657986053
MSFT,2022-03-14,Strong Positive,Coca-Cola FEMSA se transforma digitalmente para mantener siempre conectados a sus colaboradores,0.5548947403122261,2,-1,0.001410147381654698,0.005069166747453303
MSFT,2022-03-14,Strong Positive,Coca-Cola FEMSA se transforma digitalmente para mantener siempre conectados a sus colaboradores,0.5548947403122261,2,0,0.006243810800883801,0.011312977548337103
MSFT,2022-03-14,Strong Positive,Coca-Cola FEMSA se transforma digitalmente para mantener siempre conectados a sus colaboradores,0.5548947403122261,2,1,0.007375470512409298,0.0186884480607464
MSFT,2022-03-14,Strong Positive,Coca-Cola FEMSA se transforma digitalmente para mantener siempre conectados a sus colaboradores,0.5548947403122261,2,2,-0.0118736311655958,0.006814816895150601
MSFT,2022-03-14,Strong Positive,Coca-Cola FEMSA se transforma digitalmente para mantener siempre conectados a sus colaboradores,0.5548947403122261,2,3,-0.0092868673064262,-0.0024720504112755986
MSFT,2022-03-14,Strong Positive,Coca-Cola FEMSA se transforma digitalmente para mantener siempre conectados a sus colaboradores,0.5548947403122261,2,4,-0.0028199106779692,-0.005291961089244799
MSFT,2022-03-14,Strong Positive,Coca-Cola FEMSA se transforma digitalmente para mantener siempre conectados a sus colaboradores,0.5548947403122261,2,5,-0.0014470998564782003,-0.006739060945722999
MSFT,2022-03-15,Strong Negative,Rimac Seguros Accelerates Its Digital Transformation by Migrating to Microsoft Azure with Kyndryl,-0.1949913830766527,9,-5,-0.006322988078464,-0.006322988078464
MSFT,2022-03-15,Strong Negative,Rimac Seguros Accelerates Its Digital Transformation by Migrating to Microsoft Azure with Kyndryl,-0.1949913830766527,9,-4,0.0098598886731023,0.0035369005946383003
MSFT,2022-03-15,Strong Negative,Rimac Seguros Accelerates Its Digital Transformation by Migrating to Microsoft Azure with Kyndryl,-0.1949913830766527,9,-3,0.0010179967279537998,0.0045548973225921
MSFT,2022-03-15,Strong Negative,Rimac Seguros Accelerates Its Digital Transformation by Migrating to Microsoft Azure with Kyndryl,-0.1949913830766527,9,-2,0.001410147381654698,0.005965044704246798
MSFT,2022-03-15,Strong Negative,Rimac Seguros Accelerates Its Digital Transformation by Migrating to Microsoft Azure with Kyndryl,-0.1949913830766527,9,-1,0.006243810800883801,0.012208855505130598
MSFT,2022-03-15,Strong Negative,Rimac Seguros Accelerates Its Digital Transformation by Migrating to Microsoft Azure with Kyndryl,-0.1949913830766527,9,0,0.007375470512409298,0.019584326017539896
MSFT,2022-03-15,Strong Negative,Rimac Seguros Accelerates Its Digital Transformation by Migrating to Microsoft Azure with Kyndryl,-0.1949913830766527,9,1,-0.0118736311655958,0.007710694851944096
MSFT,2022-03-15,Strong Negative,Rimac Seguros Accelerates Its Digital Transformation by Migrating to Microsoft Azure with Kyndryl,-0.1949913830766527,9,2,-0.0092868673064262,-0.0015761724544821037
MSFT,2022-03-15,Strong Negative,Rimac Seguros Accelerates Its Digital Transformation by Migrating to Microsoft Azure with Kyndryl,-0.1949913830766527,9,3,-0.0028199106779692,-0.004396083132451304
MSFT,2022-03-15,Strong Negative,Rimac Seguros Accelerates Its Digital Transformation by Migrating to Microsoft Azure with Kyndryl,-0.1949913830766527,9,4,-0.0014470998564782003,-0.005843182988929504
MSFT,2022-03-15,Strong Negative,Rimac Seguros Accelerates Its Digital Transformation by Migrating to Microsoft Azure with Kyndryl,-0.1949913830766527,9,5,-0.0032731436099006986,-0.009116326598830202
MSFT,2022-03-17,Strong Positive,"Fortum and Microsoft announce world’s largest collaboration to heat homes, services and businesses with sustainable waste heat from new data centre region",0.448765155360253,3,-5,0.0010179967279537998,0.0010179967279537998
MSFT,2022-03-17,Strong Positive,"Fortum and Microsoft announce world’s largest collaboration to heat homes, services and businesses with sustainable waste heat from new data centre region",0.448765155360253,3,-4,0.001410147381654698,0.0024281441096084978
MSFT,2022-03-17,Strong Positive,"Fortum and Microsoft announce world’s largest collaboration to heat homes, services and businesses with sustainable waste heat from new data centre region",0.448765155360253,3,-3,0.006243810800883801,0.008671954910492299
MSFT,2022-03-17,Strong Positive,"Fortum and Microsoft announce world’s largest collaboration to heat homes, services and businesses with sustainable waste heat from new data centre region",0.448765155360253,3,-2,0.007375470512409298,0.016047425422901596
MSFT,2022-03-17,Strong Positive,"Fortum and Microsoft announce world’s largest collaboration to heat homes, services and businesses with sustainable waste heat from new data centre region",0.448765155360253,3,-1,-0.0118736311655958,0.004173794257305796
MSFT,2022-03-17,Strong Positive,"Fortum and Microsoft announce world’s largest collaboration to heat homes, services and businesses with sustainable waste heat from new data centre region",0.448765155360253,3,0,-0.0092868673064262,-0.005113073049120403
MSFT,2022-03-17,Strong Positive,"Fortum and Microsoft announce world’s largest collaboration to heat homes, services and businesses with sustainable waste heat from new data centre region",0.448765155360253,3,1,-0.0028199106779692,-0.007932983727089603
MSFT,2022-03-17,Strong Positive,"Fortum and Microsoft announce world’s largest collaboration to heat homes, services and businesses with sustainable waste heat from new data centre region",0.448765155360253,3,2,-0.0014470998564782003,-0.009380083583567803
MSFT,2022-03-17,Strong Positive,"Fortum and Microsoft announce world’s largest collaboration to heat homes, services and businesses with sustainable waste heat from new data centre region",0.448765155360253,3,3,-0.0032731436099006986,-0.012653227193468501
MSFT,2022-03-17,Strong Positive,"Fortum and Microsoft announce world’s largest collaboration to heat homes, services and businesses with sustainable waste heat from new data centre region",0.448765155360253,3,4,-0.0006586922561669997,-0.013311919449635501
MSFT,2022-03-17,Strong Positive,"Fortum and Microsoft announce world’s largest collaboration to heat homes, services and businesses with sustainable waste heat from new data centre region",0.448765155360253,3,5,-0.006833764830740099,-0.0201456842803756
MSFT,2022-03-21,Strong Negative,The Best Microsoft Teams Apps for Team Tracking,-0.0756888099140128,6,-5,0.006243810800883801,0.006243810800883801
MSFT,2022-03-21,Strong Negative,The Best Microsoft Teams Apps for Team Tracking,-0.0756888099140128,6,-4,0.007375470512409298,0.013619281313293099
MSFT,2022-03-21,Strong Negative,The Best Microsoft Teams Apps for Team Tracking,-0.0756888099140128,6,-3,-0.0118736311655958,0.0017456501476972985
MSFT,2022-03-21,Strong Negative,The Best Microsoft Teams Apps for Team Tracking,-0.0756888099140128,6,-2,-0.0092868673064262,-0.007541217158728901
MSFT,2022-03-21,Strong Negative,The Best Microsoft Teams Apps for Team Tracking,-0.0756888099140128,6,-1,-0.0028199106779692,-0.010361127836698101
MSFT,2022-03-21,Strong Negative,The Best Microsoft Teams Apps for Team Tracking,-0.0756888099140128,6,0,-0.0014470998564782003,-0.011808227693176302
MSFT,2022-03-21,Strong Negative,The Best Microsoft Teams Apps for Team Tracking,-0.0756888099140128,6,1,-0.0032731436099006986,-0.015081371303077
MSFT,2022-03-21,Strong Negative,The Best Microsoft Teams Apps for Team Tracking,-0.0756888099140128,6,2,-0.0006586922561669997,-0.015740063559244
MSFT,2022-03-21,Strong Negative,The Best Microsoft Teams Apps for Team Tracking,-0.0756888099140128,6,3,-0.006833764830740099,-0.022573828389984098
MSFT,2022-03-21,Strong Negative,The Best Microsoft Teams Apps for Team Tracking,-0.0756888099140128,6,4,-0.0005469718714183,-0.023120800261402397
MSFT,2022-03-21,Strong Negative,The Best Microsoft Teams Apps for Team Tracking,-0.0756888099140128,6,5,0.0076439719970536005,-0.015476828264348796
MSFT,2022-03-22,Strong Negative,Microsoft looks poised to dominate the quantum computing industry,-0.0231972294019689,10,-5,0.007375470512409298,0.007375470512409298
MSFT,2022-03-22,Strong Negative,Microsoft looks poised to dominate the quantum computing industry,-0.0231972294019689,10,-4,-0.0118736311655958,-0.0044981606531865025
MSFT,2022-03-22,Strong Negative,Microsoft looks poised to dominate the quantum computing industry,-0.0231972294019689,10,-3,-0.0092868673064262,-0.013785027959612702
MSFT,2022-03-22,Strong Negative,Microsoft looks poised to dominate the quantum computing industry,-0.0231972294019689,10,-2,-0.0028199106779692,-0.016604938637581904
MSFT,2022-03-22,Strong Negative,Microsoft looks poised to dominate the quantum computing industry,-0.0231972294019689,10,-1,-0.0014470998564782003,-0.018052038494060105
MSFT,2022-03-22,Strong Negative,Microsoft looks poised to dominate the quantum computing industry,-0.0231972294019689,10,0,-0.0032731436099006986,-0.021325182103960803
MSFT,2022-03-22,Strong Negative,Microsoft looks poised to dominate the quantum computing industry,-0.0231972294019689,10,1,-0.0006586922561669997,-0.021983874360127803
MSFT,2022-03-22,Strong Negative,Microsoft looks poised to dominate the quantum computing industry,-0.0231972294019689,10,2,-0.006833764830740099,-0.028817639190867904
MSFT,2022-03-22,Strong Negative,Microsoft looks poised to dominate the quantum computing industry,-0.0231972294019689,10,3,-0.0005469718714183,-0.029364611062286203
MSFT,2022-03-22,Strong Negative,Microsoft looks poised to dominate the quantum computing industry,-0.0231972294019689,10,4,0.0076439719970536005,-0.021720639065232604
MSFT,2022-03-22,Strong Negative,Microsoft looks poised to dominate the quantum computing industry,-0.0231972294019689,10,5,-0.0020506032045738993,-0.0237712422698065
MSFT,2022-03-24,Strong Negative,"16-year-old living with his mom is Lapsus$ mastermind behind Microsoft hack, cyber detectives say",-0.0839493248964215,6,-5,-0.0092868673064262,-0.0092868673064262
MSFT,2022-03-24,Strong Negative,"16-year-old living with his mom is Lapsus$ mastermind behind Microsoft hack, cyber detectives say",-0.0839493248964215,6,-4,-0.0028199106779692,-0.0121067779843954
MSFT,2022-03-24,Strong Negative,"16-year-old living with his mom is Lapsus$ mastermind behind Microsoft hack, cyber detectives say",-0.0839493248964215,6,-3,-0.0014470998564782003,-0.013553877840873599
MSFT,2022-03-24,Strong Negative,"16-year-old living with his mom is Lapsus$ mastermind behind Microsoft hack, cyber detectives say",-0.0839493248964215,6,-2,-0.0032731436099006986,-0.016827021450774297
MSFT,2022-03-24,Strong Negative,"16-year-old living with his mom is Lapsus$ mastermind behind Microsoft hack, cyber detectives say",-0.0839493248964215,6,-1,-0.0006586922561669997,-0.017485713706941297
MSFT,2022-03-24,Strong Negative,"16-year-old living with his mom is Lapsus$ mastermind behind Microsoft hack, cyber detectives say",-0.0839493248964215,6,0,-0.006833764830740099,-0.024319478537681398
MSFT,2022-03-24,Strong Negative,"16-year-old living with his mom is Lapsus$ mastermind behind Microsoft hack, cyber detectives say",-0.0839493248964215,6,1,-0.0005469718714183,-0.024866450409099697
MSFT,2022-03-24,Strong Negative,"16-year-old living with his mom is Lapsus$ mastermind behind Microsoft hack, cyber detectives say",-0.0839493248964215,6,2,0.0076439719970536005,-0.017222478412046098
MSFT,2022-03-24,Strong Negative,"16-year-old living with his mom is Lapsus$ mastermind behind Microsoft hack, cyber detectives say",-0.0839493248964215,6,3,-0.0020506032045738993,-0.019273081616619996
MSFT,2022-03-24,Strong Negative,"16-year-old living with his mom is Lapsus$ mastermind behind Microsoft hack, cyber detectives say",-0.0839493248964215,6,4,0.006131584620006601,-0.013141496996613395
MSFT,2022-03-24,Strong Negative,"16-year-old living with his mom is Lapsus$ mastermind behind Microsoft hack, cyber detectives say",-0.0839493248964215,6,5,-0.005288405851105399,-0.018429902847718796
MSFT,2022-03-25,Strong Positive,Wolverine Enters the Halo-sphere with Launch of Limited-Edition Boot Inspired by The Master Chief,0.3997013725196496,5,-5,-0.0028199106779692,-0.0028199106779692
MSFT,2022-03-25,Strong Positive,Wolverine Enters the Halo-sphere with Launch of Limited-Edition Boot Inspired by The Master Chief,0.3997013725196496,5,-4,-0.0014470998564782003,-0.0042670105344474
MSFT,2022-03-25,Strong Positive,Wolverine Enters the Halo-sphere with Launch of Limited-Edition Boot Inspired by The Master Chief,0.3997013725196496,5,-3,-0.0032731436099006986,-0.007540154144348099
MSFT,2022-03-25,Strong Positive,Wolverine Enters the Halo-sphere with Launch of Limited-Edition Boot Inspired by The Master Chief,0.3997013725196496,5,-2,-0.0006586922561669997,-0.0081988464005151
MSFT,2022-03-25,Strong Positive,Wolverine Enters the Halo-sphere with Launch of Limited-Edition Boot Inspired by The Master Chief,0.3997013725196496,5,-1,-0.006833764830740099,-0.015032611231255199
MSFT,2022-03-25,Strong Positive,Wolverine Enters the Halo-sphere with Launch of Limited-Edition Boot Inspired by The Master Chief,0.3997013725196496,5,0,-0.0005469718714183,-0.0155795831026735
MSFT,2022-03-25,Strong Positive,Wolverine Enters the Halo-sphere with Launch of Limited-Edition Boot Inspired by The Master Chief,0.3997013725196496,5,1,0.0076439719970536005,-0.007935611105619899
MSFT,2022-03-25,Strong Positive,Wolverine Enters the Halo-sphere with Launch of Limited-Edition Boot Inspired by The Master Chief,0.3997013725196496,5,2,-0.0020506032045738993,-0.009986214310193798
MSFT,2022-03-25,Strong Positive,Wolverine Enters the Halo-sphere with Launch of Limited-Edition Boot Inspired by The Master Chief,0.3997013725196496,5,3,0.006131584620006601,-0.0038546296901871974
MSFT,2022-03-25,Strong Positive,Wolverine Enters the Halo-sphere with Launch of Limited-Edition Boot Inspired by The Master Chief,0.3997013725196496,5,4,-0.005288405851105399,-0.009143035541292597
MSFT,2022-03-25,Strong Positive,Wolverine Enters the Halo-sphere with Launch of Limited-Edition Boot Inspired by The Master Chief,0.3997013725196496,5,5,0.0055036440422763,-0.0036393914990162967
MSFT,2022-03-28,Strong Negative,Pwning Microsoft Azure Defender for IoT | Multiple Flaws Allow Remote Code Execution for All,-0.1086015971521187,8,-5,-0.0014470998564782003,-0.0014470998564782003
MSFT,2022-03-28,Strong Negative,Pwning Microsoft Azure Defender for IoT | Multiple Flaws Allow Remote Code Execution for All,-0.1086015971521187,8,-4,-0.0032731436099006986,-0.004720243466378899
MSFT,2022-03-28,Strong Negative,Pwning Microsoft Azure Defender for IoT | Multiple Flaws Allow Remote Code Execution for All,-0.1086015971521187,8,-3,-0.0006586922561669997,-0.005378935722545899
MSFT,2022-03-28,Strong Negative,Pwning Microsoft Azure Defender for IoT | Multiple Flaws Allow Remote Code Execution for All,-0.1086015971521187,8,-2,-0.006833764830740099,-0.012212700553285997
MSFT,2022-03-28,Strong Negative,Pwning Microsoft Azure Defender for IoT | Multiple Flaws Allow Remote Code Execution for All,-0.1086015971521187,8,-1,-0.0005469718714183,-0.012759672424704297
MSFT,2022-03-28,Strong Negative,Pwning Microsoft Azure Defender for IoT | Multiple Flaws Allow Remote Code Execution for All,-0.1086015971521187,8,0,0.0076439719970536005,-0.005115700427650697
MSFT,2022-03-28,Strong Negative,Pwning Microsoft Azure Defender for IoT | Multiple Flaws Allow Remote Code Execution for All,-0.1086015971521187,8,1,-0.0020506032045738993,-0.007166303632224596
MSFT,2022-03-28,Strong Negative,Pwning Microsoft Azure Defender for IoT | Multiple Flaws Allow Remote Code Execution for All,-0.1086015971521187,8,2,0.006131584620006601,-0.0010347190122179956
MSFT,2022-03-28,Strong Negative,Pwning Microsoft Azure Defender for IoT | Multiple Flaws Allow Remote Code Execution for All,-0.1086015971521187,8,3,-0.005288405851105399,-0.006323124863323395
MSFT,2022-03-28,Strong Negative,Pwning Microsoft Azure Defender for IoT | Multiple Flaws Allow Remote Code Execution for All,-0.1086015971521187,8,4,0.0055036440422763,-0.0008194808210470949
MSFT,2022-03-28,Strong Negative,Pwning Microsoft Azure Defender for IoT | Multiple Flaws Allow Remote Code Execution for All,-0.1086015971521187,8,5,-0.0026519275508311985,-0.0034714083718782934
MSFT,2022-03-29,Strong Positive,Best Global Company Culture 2022,0.2842100347878872,3,-5,-0.0032731436099006986,-0.0032731436099006986
MSFT,2022-03-29,Strong Positive,Best Global Company Culture 2022,0.2842100347878872,3,-4,-0.0006586922561669997,-0.003931835866067698
MSFT,2022-03-29,Strong Positive,Best Global Company Culture 2022,0.2842100347878872,3,-3,-0.006833764830740099,-0.010765600696807797
MSFT,2022-03-29,Strong Positive,Best Global Company Culture 2022,0.2842100347878872,3,-2,-0.0005469718714183,-0.011312572568226098
MSFT,2022-03-29,Strong Positive,Best Global Company Culture 2022,0.2842100347878872,3,-1,0.0076439719970536005,-0.0036686005711724975
MSFT,2022-03-29,Strong Positive,Best Global Company Culture 2022,0.2842100347878872,3,0,-0.0020506032045738993,-0.005719203775746397
MSFT,2022-03-29,Strong Positive,Best Global Company Culture 2022,0.2842100347878872,3,1,0.006131584620006601,0.0004123808442602038
MSFT,2022-03-29,Strong Positive,Best Global Company Culture 2022,0.2842100347878872,3,2,-0.005288405851105399,-0.004876025006845195
MSFT,2022-03-29,Strong Positive,Best Global Company Culture 2022,0.2842100347878872,3,3,0.0055036440422763,0.0006276190354311045
MSFT,2022-03-29,Strong Positive,Best Global Company Culture 2022,0.2842100347878872,3,4,-0.0026519275508311985,-0.002024308515400094
MSFT,2022-03-29,Strong Positive,Best Global Company Culture 2022,0.2842100347878872,3,5,0.009218901806583999,0.007194593291183905
MSFT,2022-03-30,Strong Positive,"Outbrain expands strategic partnership with Microsoft, leveraging Microsoft Azure to improve business outcomes for media owners and advertisers – Middle East & Africa News Center",0.3076007270378801,7,-5,-0.0006586922561669997,-0.0006586922561669997
MSFT,2022-03-30,Strong Positive,"Outbrain expands strategic partnership with Microsoft, leveraging Microsoft Azure to improve business outcomes for media owners and advertisers – Middle East & Africa News Center",0.3076007270378801,7,-4,-0.006833764830740099,-0.007492457086907099
MSFT,2022-03-30,Strong Positive,"Outbrain expands strategic partnership with Microsoft, leveraging Microsoft Azure to improve business outcomes for media owners and advertisers – Middle East & Africa News Center",0.3076007270378801,7,-3,-0.0005469718714183,-0.0080394289583254
MSFT,2022-03-30,Strong Positive,"Outbrain expands strategic partnership with Microsoft, leveraging Microsoft Azure to improve business outcomes for media owners and advertisers – Middle East & Africa News Center",0.3076007270378801,7,-2,0.0076439719970536005,-0.0003954569612717989
MSFT,2022-03-30,Strong Positive,"Outbrain expands strategic partnership with Microsoft, leveraging Microsoft Azure to improve business outcomes for media owners and advertisers – Middle East & Africa News Center",0.3076007270378801,7,-1,-0.0020506032045738993,-0.002446060165845698
MSFT,2022-03-30,Strong Positive,"Outbrain expands strategic partnership with Microsoft, leveraging Microsoft Azure to improve business outcomes for media owners and advertisers – Middle East & Africa News Center",0.3076007270378801,7,0,0.006131584620006601,0.0036855244541609024
MSFT,2022-03-30,Strong Positive,"Outbrain expands strategic partnership with Microsoft, leveraging Microsoft Azure to improve business outcomes for media owners and advertisers – Middle East & Africa News Center",0.3076007270378801,7,1,-0.005288405851105399,-0.0016028813969444968
MSFT,2022-03-30,Strong Positive,"Outbrain expands strategic partnership with Microsoft, leveraging Microsoft Azure to improve business outcomes for media owners and advertisers – Middle East & Africa News Center",0.3076007270378801,7,2,0.0055036440422763,0.003900762645331803
MSFT,2022-03-30,Strong Positive,"Outbrain expands strategic partnership with Microsoft, leveraging Microsoft Azure to improve business outcomes for media owners and advertisers – Middle East & Africa News Center",0.3076007270378801,7,3,-0.0026519275508311985,0.0012488350945006046
MSFT,2022-03-30,Strong Positive,"Outbrain expands strategic partnership with Microsoft, leveraging Microsoft Azure to improve business outcomes for media owners and advertisers – Middle East & Africa News Center",0.3076007270378801,7,4,0.009218901806583999,0.010467736901084605
MSFT,2022-03-30,Strong Positive,"Outbrain expands strategic partnership with Microsoft, leveraging Microsoft Azure to improve business outcomes for media owners and advertisers – Middle East & Africa News Center",0.3076007270378801,7,5,-0.0148947887389222,-0.004427051837837596
MSFT,2022-04-04,Strong Positive,Internet of Things Market Size [2022-2029] Worth USD 2465.26 Billion | Exhibiting a CAGR of 26.4%,0.2373186323351436,8,-5,0.0076439719970536005,0.0076439719970536005
MSFT,2022-04-04,Strong Positive,Internet of Things Market Size [2022-2029] Worth USD 2465.26 Billion | Exhibiting a CAGR of 26.4%,0.2373186323351436,8,-4,-0.0020506032045738993,0.005593368792479701
MSFT,2022-04-04,Strong Positive,Internet of Things Market Size [2022-2029] Worth USD 2465.26 Billion | Exhibiting a CAGR of 26.4%,0.2373186323351436,8,-3,0.006131584620006601,0.011724953412486302
MSFT,2022-04-04,Strong Positive,Internet of Things Market Size [2022-2029] Worth USD 2465.26 Billion | Exhibiting a CAGR of 26.4%,0.2373186323351436,8,-2,-0.005288405851105399,0.006436547561380903
MSFT,2022-04-04,Strong Positive,Internet of Things Market Size [2022-2029] Worth USD 2465.26 Billion | Exhibiting a CAGR of 26.4%,0.2373186323351436,8,-1,0.0055036440422763,0.011940191603657203
MSFT,2022-04-04,Strong Positive,Internet of Things Market Size [2022-2029] Worth USD 2465.26 Billion | Exhibiting a CAGR of 26.4%,0.2373186323351436,8,0,-0.0026519275508311985,0.009288264052826005
MSFT,2022-04-04,Strong Positive,Internet of Things Market Size [2022-2029] Worth USD 2465.26 Billion | Exhibiting a CAGR of 26.4%,0.2373186323351436,8,1,0.009218901806583999,0.018507165859410004
MSFT,2022-04-04,Strong Positive,Internet of Things Market Size [2022-2029] Worth USD 2465.26 Billion | Exhibiting a CAGR of 26.4%,0.2373186323351436,8,2,-0.0148947887389222,0.0036123771204878037
MSFT,2022-04-04,Strong Positive,Internet of Things Market Size [2022-2029] Worth USD 2465.26 Billion | Exhibiting a CAGR of 26.4%,0.2373186323351436,8,3,0.0038660949798963004,0.007478472100384104
MSFT,2022-04-04,Strong Positive,Internet of Things Market Size [2022-2029] Worth USD 2465.26 Billion | Exhibiting a CAGR of 26.4%,0.2373186323351436,8,4,-0.0006207506529206999,0.006857721447463404
MSFT,2022-04-04,Strong Positive,Internet of Things Market Size [2022-2029] Worth USD 2465.26 Billion | Exhibiting a CAGR of 26.4%,0.2373186323351436,8,5,-0.0157743203698884,-0.008916598922424995
MSFT,2022-04-06,Strong Positive,Boeing and Microsoft deepen partnership in digital aviation,0.7200303990089572,3,-5,0.006131584620006601,0.006131584620006601
MSFT,2022-04-06,Strong Positive,Boeing and Microsoft deepen partnership in digital aviation,0.7200303990089572,3,-4,-0.005288405851105399,0.0008431787689012014
MSFT,2022-04-06,Strong Positive,Boeing and Microsoft deepen partnership in digital aviation,0.7200303990089572,3,-3,0.0055036440422763,0.006346822811177501
MSFT,2022-04-06,Strong Positive,Boeing and Microsoft deepen partnership in digital aviation,0.7200303990089572,3,-2,-0.0026519275508311985,0.003694895260346303
MSFT,2022-04-06,Strong Positive,Boeing and Microsoft deepen partnership in digital aviation,0.7200303990089572,3,-1,0.009218901806583999,0.012913797066930303
MSFT,2022-04-06,Strong Positive,Boeing and Microsoft deepen partnership in digital aviation,0.7200303990089572,3,0,-0.0148947887389222,-0.0019809916719918975
MSFT,2022-04-06,Strong Positive,Boeing and Microsoft deepen partnership in digital aviation,0.7200303990089572,3,1,0.0038660949798963004,0.0018851033079044029
MSFT,2022-04-06,Strong Positive,Boeing and Microsoft deepen partnership in digital aviation,0.7200303990089572,3,2,-0.0006207506529206999,0.001264352654983703
MSFT,2022-04-06,Strong Positive,Boeing and Microsoft deepen partnership in digital aviation,0.7200303990089572,3,3,-0.0157743203698884,-0.014509967714904697
MSFT,2022-04-06,Strong Positive,Boeing and Microsoft deepen partnership in digital aviation,0.7200303990089572,3,4,-0.006993248868533099,-0.021503216583437797
MSFT,2022-04-06,Strong Positive,Boeing and Microsoft deepen partnership in digital aviation,0.7200303990089572,3,5,-0.0006148672751216007,-0.022118083858559397
MSFT,2022-04-08,Strong Positive,Meta (FB) Plans to Introduce Virtual Coins to Diversify Income,0.3433536871770785,3,-5,0.0055036440422763,0.0055036440422763
MSFT,2022-04-08,Strong Positive,Meta (FB) Plans to Introduce Virtual Coins to Diversify Income,0.3433536871770785,3,-4,-0.0026519275508311985,0.0028517164914451014
MSFT,2022-04-08,Strong Positive,Meta (FB) Plans to Introduce Virtual Coins to Diversify Income,0.3433536871770785,3,-3,0.009218901806583999,0.0120706182980291
MSFT,2022-04-08,Strong Positive,Meta (FB) Plans to Introduce Virtual Coins to Diversify Income,0.3433536871770785,3,-2,-0.0148947887389222,-0.0028241704408931007
MSFT,2022-04-08,Strong Positive,Meta (FB) Plans to Introduce Virtual Coins to Diversify Income,0.3433536871770785,3,-1,0.0038660949798963004,0.0010419245390031998
MSFT,2022-04-08,Strong Positive,Meta (FB) Plans to Introduce Virtual Coins to Diversify Income,0.3433536871770785,3,0,-0.0006207506529206999,0.00042117388608249985
MSFT,2022-04-08,Strong Positive,Meta (FB) Plans to Introduce Virtual Coins to Diversify Income,0.3433536871770785,3,1,-0.0157743203698884,-0.0153531464838059
MSFT,2022-04-08,Strong Positive,Meta (FB) Plans to Introduce Virtual Coins to Diversify Income,0.3433536871770785,3,2,-0.006993248868533099,-0.022346395352339
MSFT,2022-04-08,Strong Positive,Meta (FB) Plans to Introduce Virtual Coins to Diversify Income,0.3433536871770785,3,3,-0.0006148672751216007,-0.0229612626274606
MSFT,2022-04-08,Strong Positive,Meta (FB) Plans to Introduce Virtual Coins to Diversify Income,0.3433536871770785,3,4,-0.004217605670997802,-0.027178868298458402
MSFT,2022-04-08,Strong Positive,Meta (FB) Plans to Introduce Virtual Coins to Diversify Income,0.3433536871770785,3,5,0.0016974894297980998,-0.025481378868660302
MSFT,2022-04-11,Strong Positive,Nikon Partners with Microsoft to Produce VR and 3D Video Content,0.233103822896578,11,-5,-0.0026519275508311985,-0.0026519275508311985
MSFT,2022-04-11,Strong Positive,Nikon Partners with Microsoft to Produce VR and 3D Video Content,0.233103822896578,11,-4,0.009218901806583999,0.006566974255752801
MSFT,2022-04-11,Strong Positive,Nikon Partners with Microsoft to Produce VR and 3D Video Content,0.233103822896578,11,-3,-0.0148947887389222,-0.0083278144831694
MSFT,2022-04-11,Strong Positive,Nikon Partners with Microsoft to Produce VR and 3D Video Content,0.233103822896578,11,-2,0.0038660949798963004,-0.0044617195032731
MSFT,2022-04-11,Strong Positive,Nikon Partners with Microsoft to Produce VR and 3D Video Content,0.233103822896578,11,-1,-0.0006207506529206999,-0.0050824701561938
MSFT,2022-04-11,Strong Positive,Nikon Partners with Microsoft to Produce VR and 3D Video Content,0.233103822896578,11,0,-0.0157743203698884,-0.0208567905260822
MSFT,2022-04-11,Strong Positive,Nikon Partners with Microsoft to Produce VR and 3D Video Content,0.233103822896578,11,1,-0.006993248868533099,-0.0278500393946153
MSFT,2022-04-11,Strong Positive,Nikon Partners with Microsoft to Produce VR and 3D Video Content,0.233103822896578,11,2,-0.0006148672751216007,-0.0284649066697369
MSFT,2022-04-11,Strong Positive,Nikon Partners with Microsoft to Produce VR and 3D Video Content,0.233103822896578,11,3,-0.004217605670997802,-0.0326825123407347
MSFT,2022-04-11,Strong Positive,Nikon Partners with Microsoft to Produce VR and 3D Video Content,0.233103822896578,11,4,0.0016974894297980998,-0.0309850229109366
MSFT,2022-04-11,Strong Positive,Nikon Partners with Microsoft to Produce VR and 3D Video Content,0.233103822896578,11,5,-0.005311092176264,-0.0362961150872006
MSFT,2022-04-14,Strong Positive,Microsoft India appoints Amrita Thapar as its CMO,0.3689025481205706,3,-5,0.0038660949798963004,0.0038660949798963004
MSFT,2022-04-14,Strong Positive,Microsoft India appoints Amrita Thapar as its CMO,0.3689025481205706,3,-4,-0.0006207506529206999,0.0032453443269756005
MSFT,2022-04-14,Strong Positive,Microsoft India appoints Amrita Thapar as its CMO,0.3689025481205706,3,-3,-0.0157743203698884,-0.012528976042912799
MSFT,2022-04-14,Strong Positive,Microsoft India appoints Amrita Thapar as its CMO,0.3689025481205706,3,-2,-0.006993248868533099,-0.0195222249114459
MSFT,2022-04-14,Strong Positive,Microsoft India appoints Amrita Thapar as its CMO,0.3689025481205706,3,-1,-0.0006148672751216007,-0.0201370921865675
MSFT,2022-04-14,Strong Positive,Microsoft India appoints Amrita Thapar as its CMO,0.3689025481205706,3,0,-0.004217605670997802,-0.0243546978575653
MSFT,2022-04-14,Strong Positive,Microsoft India appoints Amrita Thapar as its CMO,0.3689025481205706,3,1,0.0016974894297980998,-0.0226572084277672
MSFT,2022-04-14,Strong Positive,Microsoft India appoints Amrita Thapar as its CMO,0.3689025481205706,3,2,-0.005311092176264,-0.0279683006040312
MSFT,2022-04-14,Strong Positive,Microsoft India appoints Amrita Thapar as its CMO,0.3689025481205706,3,3,0.0182999336076217,-0.009668366996409501
MSFT,2022-04-14,Strong Positive,Microsoft India appoints Amrita Thapar as its CMO,0.3689025481205706,3,4,0.0013101434498927998,-0.008358223546516701
MSFT,2022-04-14,Strong Positive,Microsoft India appoints Amrita Thapar as its CMO,0.3689025481205706,3,5,0.0020413003997127,-0.006316923146804002
MSFT,2022-04-20,Strong Negative,"JPMorgan Chase, Microsoft among growing number of companies turning to neurodiverse workers to help meet need for talent",-0.4488644843916696,4,-5,-0.006993248868533099,-0.006993248868533099
MSFT,2022-04-20,Strong Negative,"JPMorgan Chase, Microsoft among growing number of companies turning to neurodiverse workers to help meet need for talent",-0.4488644843916696,4,-4,-0.0006148672751216007,-0.0076081161436547
MSFT,2022-04-20,Strong Negative,"JPMorgan Chase, Microsoft among growing number of companies turning to neurodiverse workers to help meet need for talent",-0.4488644843916696,4,-3,-0.004217605670997802,-0.011825721814652503
MSFT,2022-04-20,Strong Negative,"JPMorgan Chase, Microsoft among growing number of companies turning to neurodiverse workers to help meet need for talent",-0.4488644843916696,4,-2,0.0016974894297980998,-0.010128232384854403
MSFT,2022-04-20,Strong Negative,"JPMorgan Chase, Microsoft among growing number of companies turning to neurodiverse workers to help meet need for talent",-0.4488644843916696,4,-1,-0.005311092176264,-0.015439324561118403
MSFT,2022-04-20,Strong Negative,"JPMorgan Chase, Microsoft among growing number of companies turning to neurodiverse workers to help meet need for talent",-0.4488644843916696,4,0,0.0182999336076217,0.002860609046503298
MSFT,2022-04-20,Strong Negative,"JPMorgan Chase, Microsoft among growing number of companies turning to neurodiverse workers to help meet need for talent",-0.4488644843916696,4,1,0.0013101434498927998,0.004170752496396098
MSFT,2022-04-20,Strong Negative,"JPMorgan Chase, Microsoft among growing number of companies turning to neurodiverse workers to help meet need for talent",-0.4488644843916696,4,2,0.0020413003997127,0.0062120528961087974
MSFT,2022-04-20,Strong Negative,"JPMorgan Chase, Microsoft among growing number of companies turning to neurodiverse workers to help meet need for talent",-0.4488644843916696,4,3,0.011567429190559399,0.017779482086668196
MSFT,2022-04-20,Strong Negative,"JPMorgan Chase, Microsoft among growing number of companies turning to neurodiverse workers to help meet need for talent",-0.4488644843916696,4,4,0.0003410562696384012,0.018120538356306597
MSFT,2022-04-20,Strong Negative,"JPMorgan Chase, Microsoft among growing number of companies turning to neurodiverse workers to help meet need for talent",-0.4488644843916696,4,5,0.0493076985788607,0.0674282369351673
MSFT,2022-04-22,Strong Positive,"Lapsus$ Cyberattack Victim List: Globant, Microsoft, Nvidia, Okta, Samsung, T-Mobile -",0.3402724857862272,6,-5,-0.004217605670997802,-0.004217605670997802
MSFT,2022-04-22,Strong Positive,"Lapsus$ Cyberattack Victim List: Globant, Microsoft, Nvidia, Okta, Samsung, T-Mobile -",0.3402724857862272,6,-4,0.0016974894297980998,-0.002520116241199702
MSFT,2022-04-22,Strong Positive,"Lapsus$ Cyberattack Victim List: Globant, Microsoft, Nvidia, Okta, Samsung, T-Mobile -",0.3402724857862272,6,-3,-0.005311092176264,-0.007831208417463702
MSFT,2022-04-22,Strong Positive,"Lapsus$ Cyberattack Victim List: Globant, Microsoft, Nvidia, Okta, Samsung, T-Mobile -",0.3402724857862272,6,-2,0.0182999336076217,0.010468725190157999
MSFT,2022-04-22,Strong Positive,"Lapsus$ Cyberattack Victim List: Globant, Microsoft, Nvidia, Okta, Samsung, T-Mobile -",0.3402724857862272,6,-1,0.0013101434498927998,0.011778868640050798
MSFT,2022-04-22,Strong Positive,"Lapsus$ Cyberattack Victim List: Globant, Microsoft, Nvidia, Okta, Samsung, T-Mobile -",0.3402724857862272,6,0,0.0020413003997127,0.013820169039763498
MSFT,2022-04-22,Strong Positive,"Lapsus$ Cyberattack Victim List: Globant, Microsoft, Nvidia, Okta, Samsung, T-Mobile -",0.3402724857862272,6,1,0.011567429190559399,0.025387598230322897
MSFT,2022-04-22,Strong Positive,"Lapsus$ Cyberattack Victim List: Globant, Microsoft, Nvidia, Okta, Samsung, T-Mobile -",0.3402724857862272,6,2,0.0003410562696384012,0.025728654499961298
MSFT,2022-04-22,Strong Positive,"Lapsus$ Cyberattack Victim List: Globant, Microsoft, Nvidia, Okta, Samsung, T-Mobile -",0.3402724857862272,6,3,0.0493076985788607,0.075036353078822
MSFT,2022-04-22,Strong Positive,"Lapsus$ Cyberattack Victim List: Globant, Microsoft, Nvidia, Okta, Samsung, T-Mobile -",0.3402724857862272,6,4,-0.012883585460136796,0.06215276761868521
MSFT,2022-04-22,Strong Positive,"Lapsus$ Cyberattack Victim List: Globant, Microsoft, Nvidia, Okta, Samsung, T-Mobile -",0.3402724857862272,6,5,0.003186471220088201,0.0653392388387734
MSFT,2022-04-26,Strong Positive,"Microsoft (MSFT) Q3 revenue up 18%, earnings beat estimates",0.4649897493650978,5,-5,-0.005311092176264,-0.005311092176264
MSFT,2022-04-26,Strong Positive,"Microsoft (MSFT) Q3 revenue up 18%, earnings beat estimates",0.4649897493650978,5,-4,0.0182999336076217,0.0129888414313577
MSFT,2022-04-26,Strong Positive,"Microsoft (MSFT) Q3 revenue up 18%, earnings beat estimates",0.4649897493650978,5,-3,0.0013101434498927998,0.0142989848812505
MSFT,2022-04-26,Strong Positive,"Microsoft (MSFT) Q3 revenue up 18%, earnings beat estimates",0.4649897493650978,5,-2,0.0020413003997127,0.0163402852809632
MSFT,2022-04-26,Strong Positive,"Microsoft (MSFT) Q3 revenue up 18%, earnings beat estimates",0.4649897493650978,5,-1,0.011567429190559399,0.0279077144715226
MSFT,2022-04-26,Strong Positive,"Microsoft (MSFT) Q3 revenue up 18%, earnings beat estimates",0.4649897493650978,5,0,0.0003410562696384012,0.028248770741161
MSFT,2022-04-26,Strong Positive,"Microsoft (MSFT) Q3 revenue up 18%, earnings beat estimates",0.4649897493650978,5,1,0.0493076985788607,0.07755646932002169
MSFT,2022-04-26,Strong Positive,"Microsoft (MSFT) Q3 revenue up 18%, earnings beat estimates",0.4649897493650978,5,2,-0.012883585460136796,0.0646728838598849
MSFT,2022-04-26,Strong Positive,"Microsoft (MSFT) Q3 revenue up 18%, earnings beat estimates",0.4649897493650978,5,3,0.003186471220088201,0.0678593550799731
MSFT,2022-04-26,Strong Positive,"Microsoft (MSFT) Q3 revenue up 18%, earnings beat estimates",0.4649897493650978,5,4,0.008347540466858,0.07620689554683109
MSFT,2022-04-26,Strong Positive,"Microsoft (MSFT) Q3 revenue up 18%, earnings beat estimates",0.4649897493650978,5,5,-0.0105239141616734,0.06568298138515768
MSFT,2022-04-29,Strong Negative,Telkom dan Microsoft Perkuat Kemitraan Strategis untuk Akselerasi Digitalisasi Indonesia – Indonesia News Center,-0.2416366134722692,8,-5,0.0020413003997127,0.0020413003997127
MSFT,2022-04-29,Strong Negative,Telkom dan Microsoft Perkuat Kemitraan Strategis untuk Akselerasi Digitalisasi Indonesia – Indonesia News Center,-0.2416366134722692,8,-4,0.011567429190559399,0.013608729590272099
MSFT,2022-04-29,Strong Negative,Telkom dan Microsoft Perkuat Kemitraan Strategis untuk Akselerasi Digitalisasi Indonesia – Indonesia News Center,-0.2416366134722692,8,-3,0.0003410562696384012,0.0139497858599105
MSFT,2022-04-29,Strong Negative,Telkom dan Microsoft Perkuat Kemitraan Strategis untuk Akselerasi Digitalisasi Indonesia – Indonesia News Center,-0.2416366134722692,8,-2,0.0493076985788607,0.0632574844387712
MSFT,2022-04-29,Strong Negative,Telkom dan Microsoft Perkuat Kemitraan Strategis untuk Akselerasi Digitalisasi Indonesia – Indonesia News Center,-0.2416366134722692,8,-1,-0.012883585460136796,0.05037389897863441
MSFT,2022-04-29,Strong Negative,Telkom dan Microsoft Perkuat Kemitraan Strategis untuk Akselerasi Digitalisasi Indonesia – Indonesia News Center,-0.2416366134722692,8,0,0.003186471220088201,0.05356037019872261
MSFT,2022-04-29,Strong Negative,Telkom dan Microsoft Perkuat Kemitraan Strategis untuk Akselerasi Digitalisasi Indonesia – Indonesia News Center,-0.2416366134722692,8,1,0.008347540466858,0.061907910665580615
MSFT,2022-04-29,Strong Negative,Telkom dan Microsoft Perkuat Kemitraan Strategis untuk Akselerasi Digitalisasi Indonesia – Indonesia News Center,-0.2416366134722692,8,2,-0.0105239141616734,0.051383996503907216
MSFT,2022-04-29,Strong Negative,Telkom dan Microsoft Perkuat Kemitraan Strategis untuk Akselerasi Digitalisasi Indonesia – Indonesia News Center,-0.2416366134722692,8,3,-0.004711184070444803,0.04667281243346241
MSFT,2022-04-29,Strong Negative,Telkom dan Microsoft Perkuat Kemitraan Strategis untuk Akselerasi Digitalisasi Indonesia – Indonesia News Center,-0.2416366134722692,8,4,0.006809045967334795,0.05348185840079721
MSFT,2022-04-29,Strong Negative,Telkom dan Microsoft Perkuat Kemitraan Strategis untuk Akselerasi Digitalisasi Indonesia – Indonesia News Center,-0.2416366134722692,8,5,0.002534368702483301,0.05601622710328051
MSFT,2022-05-03,Strong Positive,Microsoft deepens investment in Canada with the opening of new headquarters and expansion of operations to empower economic growth – Microsoft News Center Canada,0.2823568210913769,5,-5,0.0003410562696384012,0.0003410562696384012
MSFT,2022-05-03,Strong Positive,Microsoft deepens investment in Canada with the opening of new headquarters and expansion of operations to empower economic growth – Microsoft News Center Canada,0.2823568210913769,5,-4,0.0493076985788607,0.0496487548484991
MSFT,2022-05-03,Strong Positive,Microsoft deepens investment in Canada with the opening of new headquarters and expansion of operations to empower economic growth – Microsoft News Center Canada,0.2823568210913769,5,-3,-0.012883585460136796,0.0367651693883623
MSFT,2022-05-03,Strong Positive,Microsoft deepens investment in Canada with the opening of new headquarters and expansion of operations to empower economic growth – Microsoft News Center Canada,0.2823568210913769,5,-2,0.003186471220088201,0.0399516406084505
MSFT,2022-05-03,Strong Positive,Microsoft deepens investment in Canada with the opening of new headquarters and expansion of operations to empower economic growth – Microsoft News Center Canada,0.2823568210913769,5,-1,0.008347540466858,0.048299181075308506
MSFT,2022-05-03,Strong Positive,Microsoft deepens investment in Canada with the opening of new headquarters and expansion of operations to empower economic growth – Microsoft News Center Canada,0.2823568210913769,5,0,-0.0105239141616734,0.03777526691363511
MSFT,2022-05-03,Strong Positive,Microsoft deepens investment in Canada with the opening of new headquarters and expansion of operations to empower economic growth – Microsoft News Center Canada,0.2823568210913769,5,1,-0.004711184070444803,0.033064082843190304
MSFT,2022-05-03,Strong Positive,Microsoft deepens investment in Canada with the opening of new headquarters and expansion of operations to empower economic growth – Microsoft News Center Canada,0.2823568210913769,5,2,0.006809045967334795,0.0398731288105251
MSFT,2022-05-03,Strong Positive,Microsoft deepens investment in Canada with the opening of new headquarters and expansion of operations to empower economic growth – Microsoft News Center Canada,0.2823568210913769,5,3,0.002534368702483301,0.0424074975130084
MSFT,2022-05-03,Strong Positive,Microsoft deepens investment in Canada with the opening of new headquarters and expansion of operations to empower economic growth – Microsoft News Center Canada,0.2823568210913769,5,4,0.0021813401683801956,0.0445888376813886
MSFT,2022-05-03,Strong Positive,Microsoft deepens investment in Canada with the opening of new headquarters and expansion of operations to empower economic growth – Microsoft News Center Canada,0.2823568210913769,5,5,0.006446859869612999,0.051035697551001596
MSFT,2022-05-05,Strong Negative,This World Password Day consider ditching passwords altogether,-0.1522032761524302,6,-5,-0.012883585460136796,-0.012883585460136796
MSFT,2022-05-05,Strong Negative,This World Password Day consider ditching passwords altogether,-0.1522032761524302,6,-4,0.003186471220088201,-0.009697114240048595
MSFT,2022-05-05,Strong Negative,This World Password Day consider ditching passwords altogether,-0.1522032761524302,6,-3,0.008347540466858,-0.0013495737731905946
MSFT,2022-05-05,Strong Negative,This World Password Day consider ditching passwords altogether,-0.1522032761524302,6,-2,-0.0105239141616734,-0.011873487934863994
MSFT,2022-05-05,Strong Negative,This World Password Day consider ditching passwords altogether,-0.1522032761524302,6,-1,-0.004711184070444803,-0.016584672005308797
MSFT,2022-05-05,Strong Negative,This World Password Day consider ditching passwords altogether,-0.1522032761524302,6,0,0.006809045967334795,-0.009775626037974001
MSFT,2022-05-05,Strong Negative,This World Password Day consider ditching passwords altogether,-0.1522032761524302,6,1,0.002534368702483301,-0.0072412573354907
MSFT,2022-05-05,Strong Negative,This World Password Day consider ditching passwords altogether,-0.1522032761524302,6,2,0.0021813401683801956,-0.005059917167110505
MSFT,2022-05-05,Strong Negative,This World Password Day consider ditching passwords altogether,-0.1522032761524302,6,3,0.006446859869612999,0.001386942702502494
MSFT,2022-05-05,Strong Negative,This World Password Day consider ditching passwords altogether,-0.1522032761524302,6,4,-0.0035509270511418015,-0.0021639843486393074
MSFT,2022-05-05,Strong Negative,This World Password Day consider ditching passwords altogether,-0.1522032761524302,6,5,-0.017593713231511397,-0.019757697580150703
MSFT,2022-05-11,Strong Negative,"Slack and Teams are Replacing Business Emails, Report Shows",-0.2118191657868901,11,-5,-0.004711184070444803,-0.004711184070444803
MSFT,2022-05-11,Strong Negative,"Slack and Teams are Replacing Business Emails, Report Shows",-0.2118191657868901,11,-4,0.006809045967334795,0.0020978618968899923
MSFT,2022-05-11,Strong Negative,"Slack and Teams are Replacing Business Emails, Report Shows",-0.2118191657868901,11,-3,0.002534368702483301,0.004632230599373293
MSFT,2022-05-11,Strong Negative,"Slack and Teams are Replacing Business Emails, Report Shows",-0.2118191657868901,11,-2,0.0021813401683801956,0.006813570767753489
MSFT,2022-05-11,Strong Negative,"Slack and Teams are Replacing Business Emails, Report Shows",-0.2118191657868901,11,-1,0.006446859869612999,0.013260430637366488
MSFT,2022-05-11,Strong Negative,"Slack and Teams are Replacing Business Emails, Report Shows",-0.2118191657868901,11,0,-0.0035509270511418015,0.009709503586224686
MSFT,2022-05-11,Strong Negative,"Slack and Teams are Replacing Business Emails, Report Shows",-0.2118191657868901,11,1,-0.017593713231511397,-0.007884209645286711
MSFT,2022-05-11,Strong Negative,"Slack and Teams are Replacing Business Emails, Report Shows",-0.2118191657868901,11,2,-0.014463354055859502,-0.02234756370114621
MSFT,2022-05-11,Strong Negative,"Slack and Teams are Replacing Business Emails, Report Shows",-0.2118191657868901,11,3,0.013046758745015501,-0.00930080495613071
MSFT,2022-05-11,Strong Negative,"Slack and Teams are Replacing Business Emails, Report Shows",-0.2118191657868901,11,4,-0.005556980672999201,-0.014857785629129911
MSFT,2022-05-11,Strong Negative,"Slack and Teams are Replacing Business Emails, Report Shows",-0.2118191657868901,11,5,0.0035606268073977987,-0.011297158821732113
MSFT,2022-05-12,Strong Positive,"ConnectWise, N-able, Sophos Owner Thoma Bravo Raises $20B+ for Technology Acquisitions",0.5054925851756518,2,-5,0.006809045967334795,0.006809045967334795
MSFT,2022-05-12,Strong Positive,"ConnectWise, N-able, Sophos Owner Thoma Bravo Raises $20B+ for Technology Acquisitions",0.5054925851756518,2,-4,0.002534368702483301,0.009343414669818096
MSFT,2022-05-12,Strong Positive,"ConnectWise, N-able, Sophos Owner Thoma Bravo Raises $20B+ for Technology Acquisitions",0.5054925851756518,2,-3,0.0021813401683801956,0.011524754838198292
MSFT,2022-05-12,Strong Positive,"ConnectWise, N-able, Sophos Owner Thoma Bravo Raises $20B+ for Technology Acquisitions",0.5054925851756518,2,-2,0.006446859869612999,0.017971614707811293
MSFT,2022-05-12,Strong Positive,"ConnectWise, N-able, Sophos Owner Thoma Bravo Raises $20B+ for Technology Acquisitions",0.5054925851756518,2,-1,-0.0035509270511418015,0.014420687656669491
MSFT,2022-05-12,Strong Positive,"ConnectWise, N-able, Sophos Owner Thoma Bravo Raises $20B+ for Technology Acquisitions",0.5054925851756518,2,0,-0.017593713231511397,-0.003173025574841906
MSFT,2022-05-12,Strong Positive,"ConnectWise, N-able, Sophos Owner Thoma Bravo Raises $20B+ for Technology Acquisitions",0.5054925851756518,2,1,-0.014463354055859502,-0.01763637963070141
MSFT,2022-05-12,Strong Positive,"ConnectWise, N-able, Sophos Owner Thoma Bravo Raises $20B+ for Technology Acquisitions",0.5054925851756518,2,2,0.013046758745015501,-0.004589620885685907
MSFT,2022-05-12,Strong Positive,"ConnectWise, N-able, Sophos Owner Thoma Bravo Raises $20B+ for Technology Acquisitions",0.5054925851756518,2,3,-0.005556980672999201,-0.010146601558685108
MSFT,2022-05-12,Strong Positive,"ConnectWise, N-able, Sophos Owner Thoma Bravo Raises $20B+ for Technology Acquisitions",0.5054925851756518,2,4,0.0035606268073977987,-0.00658597475128731
MSFT,2022-05-12,Strong Positive,"ConnectWise, N-able, Sophos Owner Thoma Bravo Raises $20B+ for Technology Acquisitions",0.5054925851756518,2,5,0.0016584811747378998,-0.0049274935765494104
MSFT,2022-05-13,Strong Positive,WD Targets Cloud Challenges,0.2578863758871345,4,-5,0.002534368702483301,0.002534368702483301
MSFT,2022-05-13,Strong Positive,WD Targets Cloud Challenges,0.2578863758871345,4,-4,0.0021813401683801956,0.004715708870863497
MSFT,2022-05-13,Strong Positive,WD Targets Cloud Challenges,0.2578863758871345,4,-3,0.006446859869612999,0.011162568740476496
MSFT,2022-05-13,Strong Positive,WD Targets Cloud Challenges,0.2578863758871345,4,-2,-0.0035509270511418015,0.007611641689334694
MSFT,2022-05-13,Strong Positive,WD Targets Cloud Challenges,0.2578863758871345,4,-1,-0.017593713231511397,-0.009982071542176703
MSFT,2022-05-13,Strong Positive,WD Targets Cloud Challenges,0.2578863758871345,4,0,-0.014463354055859502,-0.024445425598036204
MSFT,2022-05-13,Strong Positive,WD Targets Cloud Challenges,0.2578863758871345,4,1,0.013046758745015501,-0.011398666853020703
MSFT,2022-05-13,Strong Positive,WD Targets Cloud Challenges,0.2578863758871345,4,2,-0.005556980672999201,-0.016955647526019905
MSFT,2022-05-13,Strong Positive,WD Targets Cloud Challenges,0.2578863758871345,4,3,0.0035606268073977987,-0.013395020718622107
MSFT,2022-05-13,Strong Positive,WD Targets Cloud Challenges,0.2578863758871345,4,4,0.0016584811747378998,-0.011736539543884207
MSFT,2022-05-13,Strong Positive,WD Targets Cloud Challenges,0.2578863758871345,4,5,0.0008168655114631999,-0.010919674032421008
MSFT,2022-05-16,Strong Negative,Microsoft Channel Chief Rodney Clark To Leave After Over A Year In Role,-0.0651934920370293,9,-5,0.0021813401683801956,0.0021813401683801956
MSFT,2022-05-16,Strong Negative,Microsoft Channel Chief Rodney Clark To Leave After Over A Year In Role,-0.0651934920370293,9,-4,0.006446859869612999,0.008628200037993194
MSFT,2022-05-16,Strong Negative,Microsoft Channel Chief Rodney Clark To Leave After Over A Year In Role,-0.0651934920370293,9,-3,-0.0035509270511418015,0.005077272986851393
MSFT,2022-05-16,Strong Negative,Microsoft Channel Chief Rodney Clark To Leave After Over A Year In Role,-0.0651934920370293,9,-2,-0.017593713231511397,-0.012516440244660004
MSFT,2022-05-16,Strong Negative,Microsoft Channel Chief Rodney Clark To Leave After Over A Year In Role,-0.0651934920370293,9,-1,-0.014463354055859502,-0.026979794300519507
MSFT,2022-05-16,Strong Negative,Microsoft Channel Chief Rodney Clark To Leave After Over A Year In Role,-0.0651934920370293,9,0,0.013046758745015501,-0.013933035555504006
MSFT,2022-05-16,Strong Negative,Microsoft Channel Chief Rodney Clark To Leave After Over A Year In Role,-0.0651934920370293,9,1,-0.005556980672999201,-0.01949001622850321
MSFT,2022-05-16,Strong Negative,Microsoft Channel Chief Rodney Clark To Leave After Over A Year In Role,-0.0651934920370293,9,2,0.0035606268073977987,-0.01592938942110541
MSFT,2022-05-16,Strong Negative,Microsoft Channel Chief Rodney Clark To Leave After Over A Year In Role,-0.0651934920370293,9,3,0.0016584811747378998,-0.01427090824636751
MSFT,2022-05-16,Strong Negative,Microsoft Channel Chief Rodney Clark To Leave After Over A Year In Role,-0.0651934920370293,9,4,0.0008168655114631999,-0.01345404273490431
MSFT,2022-05-16,Strong Negative,Microsoft Channel Chief Rodney Clark To Leave After Over A Year In Role,-0.0651934920370293,9,5,0.0154047533222803,0.0019507105873759895
MSFT,2022-05-18,Strong Positive,Microsoft moves forward with massive corporate campus project in Atlanta,0.3219649034535388,7,-5,-0.0035509270511418015,-0.0035509270511418015
MSFT,2022-05-18,Strong Positive,Microsoft moves forward with massive corporate campus project in Atlanta,0.3219649034535388,7,-4,-0.017593713231511397,-0.0211446402826532
MSFT,2022-05-18,Strong Positive,Microsoft moves forward with massive corporate campus project in Atlanta,0.3219649034535388,7,-3,-0.014463354055859502,-0.0356079943385127
MSFT,2022-05-18,Strong Positive,Microsoft moves forward with massive corporate campus project in Atlanta,0.3219649034535388,7,-2,0.013046758745015501,-0.0225612355934972
MSFT,2022-05-18,Strong Positive,Microsoft moves forward with massive corporate campus project in Atlanta,0.3219649034535388,7,-1,-0.005556980672999201,-0.028118216266496403
MSFT,2022-05-18,Strong Positive,Microsoft moves forward with massive corporate campus project in Atlanta,0.3219649034535388,7,0,0.0035606268073977987,-0.024557589459098604
MSFT,2022-05-18,Strong Positive,Microsoft moves forward with massive corporate campus project in Atlanta,0.3219649034535388,7,1,0.0016584811747378998,-0.022899108284360703
MSFT,2022-05-18,Strong Positive,Microsoft moves forward with massive corporate campus project in Atlanta,0.3219649034535388,7,2,0.0008168655114631999,-0.022082242772897505
MSFT,2022-05-18,Strong Positive,Microsoft moves forward with massive corporate campus project in Atlanta,0.3219649034535388,7,3,0.0154047533222803,-0.006677489450617205
MSFT,2022-05-18,Strong Positive,Microsoft moves forward with massive corporate campus project in Atlanta,0.3219649034535388,7,4,0.017310547629562502,0.010633058178945297
MSFT,2022-05-18,Strong Positive,Microsoft moves forward with massive corporate campus project in Atlanta,0.3219649034535388,7,5,-0.002825456280437901,0.007807601898507396
MSFT,2022-05-19,Strong Positive,American Makes Microsoft Azure Preferred Cloud Provider for Airline Applications,0.400529241579537,7,-5,-0.017593713231511397,-0.017593713231511397
MSFT,2022-05-19,Strong Positive,American Makes Microsoft Azure Preferred Cloud Provider for Airline Applications,0.400529241579537,7,-4,-0.014463354055859502,-0.0320570672873709
MSFT,2022-05-19,Strong Positive,American Makes Microsoft Azure Preferred Cloud Provider for Airline Applications,0.400529241579537,7,-3,0.013046758745015501,-0.0190103085423554
MSFT,2022-05-19,Strong Positive,American Makes Microsoft Azure Preferred Cloud Provider for Airline Applications,0.400529241579537,7,-2,-0.005556980672999201,-0.0245672892153546
MSFT,2022-05-19,Strong Positive,American Makes Microsoft Azure Preferred Cloud Provider for Airline Applications,0.400529241579537,7,-1,0.0035606268073977987,-0.021006662407956803
MSFT,2022-05-19,Strong Positive,American Makes Microsoft Azure Preferred Cloud Provider for Airline Applications,0.400529241579537,7,0,0.0016584811747378998,-0.0193481812332189
MSFT,2022-05-19,Strong Positive,American Makes Microsoft Azure Preferred Cloud Provider for Airline Applications,0.400529241579537,7,1,0.0008168655114631999,-0.018531315721755703
MSFT,2022-05-19,Strong Positive,American Makes Microsoft Azure Preferred Cloud Provider for Airline Applications,0.400529241579537,7,2,0.0154047533222803,-0.0031265623994754035
MSFT,2022-05-19,Strong Positive,American Makes Microsoft Azure Preferred Cloud Provider for Airline Applications,0.400529241579537,7,3,0.017310547629562502,0.014183985230087098
MSFT,2022-05-19,Strong Positive,American Makes Microsoft Azure Preferred Cloud Provider for Airline Applications,0.400529241579537,7,4,-0.002825456280437901,0.011358528949649198
MSFT,2022-05-19,Strong Positive,American Makes Microsoft Azure Preferred Cloud Provider for Airline Applications,0.400529241579537,7,5,-0.014831961451785098,-0.003473432502135901
MSFT,2022-05-20,Strong Negative,WacoWatch,-0.2625072408211943,7,-5,-0.014463354055859502,-0.014463354055859502
MSFT,2022-05-20,Strong Negative,WacoWatch,-0.2625072408211943,7,-4,0.013046758745015501,-0.0014165953108440012
MSFT,2022-05-20,Strong Negative,WacoWatch,-0.2625072408211943,7,-3,-0.005556980672999201,-0.006973575983843202
MSFT,2022-05-20,Strong Negative,WacoWatch,-0.2625072408211943,7,-2,0.0035606268073977987,-0.0034129491764454036
MSFT,2022-05-20,Strong Negative,WacoWatch,-0.2625072408211943,7,-1,0.0016584811747378998,-0.0017544680017075038
MSFT,2022-05-20,Strong Negative,WacoWatch,-0.2625072408211943,7,0,0.0008168655114631999,-0.000937602490244304
MSFT,2022-05-20,Strong Negative,WacoWatch,-0.2625072408211943,7,1,0.0154047533222803,0.014467150832035995
MSFT,2022-05-20,Strong Negative,WacoWatch,-0.2625072408211943,7,2,0.017310547629562502,0.031777698461598496
MSFT,2022-05-20,Strong Negative,WacoWatch,-0.2625072408211943,7,3,-0.002825456280437901,0.028952242181160597
MSFT,2022-05-20,Strong Negative,WacoWatch,-0.2625072408211943,7,4,-0.014831961451785098,0.014120280729375498
MSFT,2022-05-20,Strong Negative,WacoWatch,-0.2625072408211943,7,5,-0.0050351525235959,0.009085128205779598
MSFT,2022-05-24,Strong Positive,Beware emailed PDFs containing Word docs exploiting old bugs,0.2804991808610371,3,-5,-0.005556980672999201,-0.005556980672999201
MSFT,2022-05-24,Strong Positive,Beware emailed PDFs containing Word docs exploiting old bugs,0.2804991808610371,3,-4,0.0035606268073977987,-0.0019963538656014024
MSFT,2022-05-24,Strong Positive,Beware emailed PDFs containing Word docs exploiting old bugs,0.2804991808610371,3,-3,0.0016584811747378998,-0.0003378726908635026
MSFT,2022-05-24,Strong Positive,Beware emailed PDFs containing Word docs exploiting old bugs,0.2804991808610371,3,-2,0.0008168655114631999,0.00047899282059969727
MSFT,2022-05-24,Strong Positive,Beware emailed PDFs containing Word docs exploiting old bugs,0.2804991808610371,3,-1,0.0154047533222803,0.015883746142879997
MSFT,2022-05-24,Strong Positive,Beware emailed PDFs containing Word docs exploiting old bugs,0.2804991808610371,3,0,0.017310547629562502,0.0331942937724425
MSFT,2022-05-24,Strong Positive,Beware emailed PDFs containing Word docs exploiting old bugs,0.2804991808610371,3,1,-0.002825456280437901,0.0303688374920046
MSFT,2022-05-24,Strong Positive,Beware emailed PDFs containing Word docs exploiting old bugs,0.2804991808610371,3,2,-0.014831961451785098,0.015536876040219501
MSFT,2022-05-24,Strong Positive,Beware emailed PDFs containing Word docs exploiting old bugs,0.2804991808610371,3,3,-0.0050351525235959,0.0105017235166236
MSFT,2022-05-24,Strong Positive,Beware emailed PDFs containing Word docs exploiting old bugs,0.2804991808610371,3,4,-0.0023609909960150004,0.0081407325206086
MSFT,2022-05-24,Strong Positive,Beware emailed PDFs containing Word docs exploiting old bugs,0.2804991808610371,3,5,0.009419168405108501,0.017559900925717103
MSFT,2022-05-25,Strong Positive,Apple's Steve Jobs: An Extraordinary Career,0.3421413039986015,3,-5,0.0035606268073977987,0.0035606268073977987
MSFT,2022-05-25,Strong Positive,Apple's Steve Jobs: An Extraordinary Career,0.3421413039986015,3,-4,0.0016584811747378998,0.005219107982135698
MSFT,2022-05-25,Strong Positive,Apple's Steve Jobs: An Extraordinary Career,0.3421413039986015,3,-3,0.0008168655114631999,0.006035973493598898
MSFT,2022-05-25,Strong Positive,Apple's Steve Jobs: An Extraordinary Career,0.3421413039986015,3,-2,0.0154047533222803,0.021440726815879198
MSFT,2022-05-25,Strong Positive,Apple's Steve Jobs: An Extraordinary Career,0.3421413039986015,3,-1,0.017310547629562502,0.0387512744454417
MSFT,2022-05-25,Strong Positive,Apple's Steve Jobs: An Extraordinary Career,0.3421413039986015,3,0,-0.002825456280437901,0.0359258181650038
MSFT,2022-05-25,Strong Positive,Apple's Steve Jobs: An Extraordinary Career,0.3421413039986015,3,1,-0.014831961451785098,0.0210938567132187
MSFT,2022-05-25,Strong Positive,Apple's Steve Jobs: An Extraordinary Career,0.3421413039986015,3,2,-0.0050351525235959,0.0160587041896228
MSFT,2022-05-25,Strong Positive,Apple's Steve Jobs: An Extraordinary Career,0.3421413039986015,3,3,-0.0023609909960150004,0.0136977131936078
MSFT,2022-05-25,Strong Positive,Apple's Steve Jobs: An Extraordinary Career,0.3421413039986015,3,4,0.009419168405108501,0.0231168815987163
MSFT,2022-05-25,Strong Positive,Apple's Steve Jobs: An Extraordinary Career,0.3421413039986015,3,5,-0.0194568712875358,0.0036600103111804998
MSFT,2022-05-31,Strong Negative,"Michal Braverman-Blumenstyk appointed as CTO for Microsoft’s new Security, Compliance",-0.2064528699560858,4,-5,0.0154047533222803,0.0154047533222803
MSFT,2022-05-31,Strong Negative,"Michal Braverman-Blumenstyk appointed as CTO for Microsoft’s new Security, Compliance",-0.2064528699560858,4,-4,0.017310547629562502,0.0327153009518428
MSFT,2022-05-31,Strong Negative,"Michal Braverman-Blumenstyk appointed as CTO for Microsoft’s new Security, Compliance",-0.2064528699560858,4,-3,-0.002825456280437901,0.029889844671404903
MSFT,2022-05-31,Strong Negative,"Michal Braverman-Blumenstyk appointed as CTO for Microsoft’s new Security, Compliance",-0.2064528699560858,4,-2,-0.014831961451785098,0.015057883219619804
MSFT,2022-05-31,Strong Negative,"Michal Braverman-Blumenstyk appointed as CTO for Microsoft’s new Security, Compliance",-0.2064528699560858,4,-1,-0.0050351525235959,0.010022730696023904
MSFT,2022-05-31,Strong Negative,"Michal Braverman-Blumenstyk appointed as CTO for Microsoft’s new Security, Compliance",-0.2064528699560858,4,0,-0.0023609909960150004,0.007661739700008904
MSFT,2022-05-31,Strong Negative,"Michal Braverman-Blumenstyk appointed as CTO for Microsoft’s new Security, Compliance",-0.2064528699560858,4,1,0.009419168405108501,0.017080908105117407
MSFT,2022-05-31,Strong Negative,"Michal Braverman-Blumenstyk appointed as CTO for Microsoft’s new Security, Compliance",-0.2064528699560858,4,2,-0.0194568712875358,-0.0023759631824183947
MSFT,2022-05-31,Strong Negative,"Michal Braverman-Blumenstyk appointed as CTO for Microsoft’s new Security, Compliance",-0.2064528699560858,4,3,0.0094119425965314,0.0070359794141130055
MSFT,2022-05-31,Strong Negative,"Michal Braverman-Blumenstyk appointed as CTO for Microsoft’s new Security, Compliance",-0.2064528699560858,4,4,-0.0080341719638377,-0.0009981925497246948
MSFT,2022-05-31,Strong Negative,"Michal Braverman-Blumenstyk appointed as CTO for Microsoft’s new Security, Compliance",-0.2064528699560858,4,5,0.0053273239838258005,0.004329131434101106
MSFT,2022-06-14,Strong Positive,P&G taps Microsoft for cloud services to boost production efficiency,0.5710707099430579,4,-5,0.0053273239838258005,0.0053273239838258005
MSFT,2022-06-14,Strong Positive,P&G taps Microsoft for cloud services to boost production efficiency,0.5710707099430579,4,-4,-0.0004729550831584998,0.004854368900667301
MSFT,2022-06-14,Strong Positive,P&G taps Microsoft for cloud services to boost production efficiency,0.5710707099430579,4,-3,0.006001641476303599,0.0108560103769709
MSFT,2022-06-14,Strong Positive,P&G taps Microsoft for cloud services to boost production efficiency,0.5710707099430579,4,-2,-0.009293164115525901,0.001562846261444999
MSFT,2022-06-14,Strong Positive,P&G taps Microsoft for cloud services to boost production efficiency,0.5710707099430579,4,-1,0.0040835190261422,0.005646365287587199
MSFT,2022-06-14,Strong Positive,P&G taps Microsoft for cloud services to boost production efficiency,0.5710707099430579,4,0,0.0073895959191952,0.013035961206782399
MSFT,2022-06-14,Strong Positive,P&G taps Microsoft for cloud services to boost production efficiency,0.5710707099430579,4,1,0.004763336333875403,0.017799297540657802
MSFT,2022-06-14,Strong Positive,P&G taps Microsoft for cloud services to boost production efficiency,0.5710707099430579,4,2,0.013376148988707703,0.031175446529365505
MSFT,2022-06-14,Strong Positive,P&G taps Microsoft for cloud services to boost production efficiency,0.5710707099430579,4,3,-0.0012192139557703,0.029956232573595205
MSFT,2022-06-14,Strong Positive,P&G taps Microsoft for cloud services to boost production efficiency,0.5710707099430579,4,4,-0.0006386071103463981,0.029317625463248807
MSFT,2022-06-14,Strong Positive,P&G taps Microsoft for cloud services to boost production efficiency,0.5710707099430579,4,5,-0.00094547470617,0.028372150757078808
MSFT,2022-06-15,Strong Positive,Procter & Gamble Partners With Microsoft To Transform And Accelerate Digital Manufacturing,0.3251427555160501,4,-5,-0.0004729550831584998,-0.0004729550831584998
MSFT,2022-06-15,Strong Positive,Procter & Gamble Partners With Microsoft To Transform And Accelerate Digital Manufacturing,0.3251427555160501,4,-4,0.006001641476303599,0.0055286863931450995
MSFT,2022-06-15,Strong Positive,Procter & Gamble Partners With Microsoft To Transform And Accelerate Digital Manufacturing,0.3251427555160501,4,-3,-0.009293164115525901,-0.0037644777223808015
MSFT,2022-06-15,Strong Positive,Procter & Gamble Partners With Microsoft To Transform And Accelerate Digital Manufacturing,0.3251427555160501,4,-2,0.0040835190261422,0.0003190413037613988
MSFT,2022-06-15,Strong Positive,Procter & Gamble Partners With Microsoft To Transform And Accelerate Digital Manufacturing,0.3251427555160501,4,-1,0.0073895959191952,0.0077086372229565985
MSFT,2022-06-15,Strong Positive,Procter & Gamble Partners With Microsoft To Transform And Accelerate Digital Manufacturing,0.3251427555160501,4,0,0.004763336333875403,0.012471973556832001
MSFT,2022-06-15,Strong Positive,Procter & Gamble Partners With Microsoft To Transform And Accelerate Digital Manufacturing,0.3251427555160501,4,1,0.013376148988707703,0.025848122545539705
MSFT,2022-06-15,Strong Positive,Procter & Gamble Partners With Microsoft To Transform And Accelerate Digital Manufacturing,0.3251427555160501,4,2,-0.0012192139557703,0.024628908589769405
MSFT,2022-06-15,Strong Positive,Procter & Gamble Partners With Microsoft To Transform And Accelerate Digital Manufacturing,0.3251427555160501,4,3,-0.0006386071103463981,0.023990301479423007
MSFT,2022-06-15,Strong Positive,Procter & Gamble Partners With Microsoft To Transform And Accelerate Digital Manufacturing,0.3251427555160501,4,4,-0.00094547470617,0.023044826773253008
MSFT,2022-06-15,Strong Positive,Procter & Gamble Partners With Microsoft To Transform And Accelerate Digital Manufacturing,0.3251427555160501,4,5,0.0077437237783938,0.03078855055164681
MSFT,2022-06-17,Strong Negative,Is Juneteenth being observed by companies in the Dow industrials? Here's how some are handling it.,-0.3372571641359316,3,-5,-0.009293164115525901,-0.009293164115525901
MSFT,2022-06-17,Strong Negative,Is Juneteenth being observed by companies in the Dow industrials? Here's how some are handling it.,-0.3372571641359316,3,-4,0.0040835190261422,-0.005209645089383701
MSFT,2022-06-17,Strong Negative,Is Juneteenth being observed by companies in the Dow industrials? Here's how some are handling it.,-0.3372571641359316,3,-3,0.0073895959191952,0.002179950829811499
MSFT,2022-06-17,Strong Negative,Is Juneteenth being observed by companies in the Dow industrials? Here's how some are handling it.,-0.3372571641359316,3,-2,0.004763336333875403,0.006943287163686902
MSFT,2022-06-17,Strong Negative,Is Juneteenth being observed by companies in the Dow industrials? Here's how some are handling it.,-0.3372571641359316,3,-1,0.013376148988707703,0.020319436152394607
MSFT,2022-06-17,Strong Negative,Is Juneteenth being observed by companies in the Dow industrials? Here's how some are handling it.,-0.3372571641359316,3,0,-0.0012192139557703,0.019100222196624307
MSFT,2022-06-17,Strong Negative,Is Juneteenth being observed by companies in the Dow industrials? Here's how some are handling it.,-0.3372571641359316,3,1,-0.0006386071103463981,0.01846161508627791
MSFT,2022-06-17,Strong Negative,Is Juneteenth being observed by companies in the Dow industrials? Here's how some are handling it.,-0.3372571641359316,3,2,-0.00094547470617,0.01751614038010791
MSFT,2022-06-17,Strong Negative,Is Juneteenth being observed by companies in the Dow industrials? Here's how some are handling it.,-0.3372571641359316,3,3,0.0077437237783938,0.02525986415850171
MSFT,2022-06-17,Strong Negative,Is Juneteenth being observed by companies in the Dow industrials? Here's how some are handling it.,-0.3372571641359316,3,4,-0.00011378566058729833,0.025146078497914413
MSFT,2022-06-17,Strong Negative,Is Juneteenth being observed by companies in the Dow industrials? Here's how some are handling it.,-0.3372571641359316,3,5,-0.0031653692486901,0.021980709249224312
MSFT,2022-06-21,Strong Negative,Microsoft Office 365 has ability to ‘spy’ on workers,-0.222558093800156,5,-5,0.0040835190261422,0.0040835190261422
MSFT,2022-06-21,Strong Negative,Microsoft Office 365 has ability to ‘spy’ on workers,-0.222558093800156,5,-4,0.0073895959191952,0.0114731149453374
MSFT,2022-06-21,Strong Negative,Microsoft Office 365 has ability to ‘spy’ on workers,-0.222558093800156,5,-3,0.004763336333875403,0.016236451279212805
MSFT,2022-06-21,Strong Negative,Microsoft Office 365 has ability to ‘spy’ on workers,-0.222558093800156,5,-2,0.013376148988707703,0.029612600267920508
MSFT,2022-06-21,Strong Negative,Microsoft Office 365 has ability to ‘spy’ on workers,-0.222558093800156,5,-1,-0.0012192139557703,0.028393386312150208
MSFT,2022-06-21,Strong Negative,Microsoft Office 365 has ability to ‘spy’ on workers,-0.222558093800156,5,0,-0.0006386071103463981,0.02775477920180381
MSFT,2022-06-21,Strong Negative,Microsoft Office 365 has ability to ‘spy’ on workers,-0.222558093800156,5,1,-0.00094547470617,0.02680930449563381
MSFT,2022-06-21,Strong Negative,Microsoft Office 365 has ability to ‘spy’ on workers,-0.222558093800156,5,2,0.0077437237783938,0.03455302827402761
MSFT,2022-06-21,Strong Negative,Microsoft Office 365 has ability to ‘spy’ on workers,-0.222558093800156,5,3,-0.00011378566058729833,0.034439242613440314
MSFT,2022-06-21,Strong Negative,Microsoft Office 365 has ability to ‘spy’ on workers,-0.222558093800156,5,4,-0.0031653692486901,0.03127387336475022
MSFT,2022-06-21,Strong Negative,Microsoft Office 365 has ability to ‘spy’ on workers,-0.222558093800156,5,5,-0.0012820588329389981,0.02999181453181122
MSFT,2022-06-22,Strong Positive,Cloudflare recognized by Microsoft as a Security Software Innovator,0.5423539196851133,4,-5,0.0073895959191952,0.0073895959191952
MSFT,2022-06-22,Strong Positive,Cloudflare recognized by Microsoft as a Security Software Innovator,0.5423539196851133,4,-4,0.004763336333875403,0.012152932253070603
MSFT,2022-06-22,Strong Positive,Cloudflare recognized by Microsoft as a Security Software Innovator,0.5423539196851133,4,-3,0.013376148988707703,0.025529081241778308
MSFT,2022-06-22,Strong Positive,Cloudflare recognized by Microsoft as a Security Software Innovator,0.5423539196851133,4,-2,-0.0012192139557703,0.024309867286008008
MSFT,2022-06-22,Strong Positive,Cloudflare recognized by Microsoft as a Security Software Innovator,0.5423539196851133,4,-1,-0.0006386071103463981,0.02367126017566161
MSFT,2022-06-22,Strong Positive,Cloudflare recognized by Microsoft as a Security Software Innovator,0.5423539196851133,4,0,-0.00094547470617,0.02272578546949161
MSFT,2022-06-22,Strong Positive,Cloudflare recognized by Microsoft as a Security Software Innovator,0.5423539196851133,4,1,0.0077437237783938,0.030469509247885412
MSFT,2022-06-22,Strong Positive,Cloudflare recognized by Microsoft as a Security Software Innovator,0.5423539196851133,4,2,-0.00011378566058729833,0.030355723587298114
MSFT,2022-06-22,Strong Positive,Cloudflare recognized by Microsoft as a Security Software Innovator,0.5423539196851133,4,3,-0.0031653692486901,0.027190354338608013
MSFT,2022-06-22,Strong Positive,Cloudflare recognized by Microsoft as a Security Software Innovator,0.5423539196851133,4,4,-0.0012820588329389981,0.025908295505669015
MSFT,2022-06-22,Strong Positive,Cloudflare recognized by Microsoft as a Security Software Innovator,0.5423539196851133,4,5,0.0138214013932629,0.03972969689893192
MSFT,2022-06-23,Strong Negative,Microsoft Viva Sales takes on Salesforce-Slack tandem,-0.2846702446114483,4,-5,0.004763336333875403,0.004763336333875403
MSFT,2022-06-23,Strong Negative,Microsoft Viva Sales takes on Salesforce-Slack tandem,-0.2846702446114483,4,-4,0.013376148988707703,0.018139485322583106
MSFT,2022-06-23,Strong Negative,Microsoft Viva Sales takes on Salesforce-Slack tandem,-0.2846702446114483,4,-3,-0.0012192139557703,0.016920271366812806
MSFT,2022-06-23,Strong Negative,Microsoft Viva Sales takes on Salesforce-Slack tandem,-0.2846702446114483,4,-2,-0.0006386071103463981,0.01628166425646641
MSFT,2022-06-23,Strong Negative,Microsoft Viva Sales takes on Salesforce-Slack tandem,-0.2846702446114483,4,-1,-0.00094547470617,0.01533618955029641
MSFT,2022-06-23,Strong Negative,Microsoft Viva Sales takes on Salesforce-Slack tandem,-0.2846702446114483,4,0,0.0077437237783938,0.023079913328690208
MSFT,2022-06-23,Strong Negative,Microsoft Viva Sales takes on Salesforce-Slack tandem,-0.2846702446114483,4,1,-0.00011378566058729833,0.02296612766810291
MSFT,2022-06-23,Strong Negative,Microsoft Viva Sales takes on Salesforce-Slack tandem,-0.2846702446114483,4,2,-0.0031653692486901,0.019800758419412808
MSFT,2022-06-23,Strong Negative,Microsoft Viva Sales takes on Salesforce-Slack tandem,-0.2846702446114483,4,3,-0.0012820588329389981,0.01851869958647381
MSFT,2022-06-23,Strong Negative,Microsoft Viva Sales takes on Salesforce-Slack tandem,-0.2846702446114483,4,4,0.0138214013932629,0.03234010097973671
MSFT,2022-06-23,Strong Negative,Microsoft Viva Sales takes on Salesforce-Slack tandem,-0.2846702446114483,4,5,-0.0007764543249508,0.031563646654785914
MSFT,2022-06-27,Strong Positive,Five9 Integration with Microsoft Teams Review,0.2351442070875161,5,-5,-0.0012192139557703,-0.0012192139557703
MSFT,2022-06-27,Strong Positive,Five9 Integration with Microsoft Teams Review,0.2351442070875161,5,-4,-0.0006386071103463981,-0.001857821066116698
MSFT,2022-06-27,Strong Positive,Five9 Integration with Microsoft Teams Review,0.2351442070875161,5,-3,-0.00094547470617,-0.002803295772286698
MSFT,2022-06-27,Strong Positive,Five9 Integration with Microsoft Teams Review,0.2351442070875161,5,-2,0.0077437237783938,0.004940428006107102
MSFT,2022-06-27,Strong Positive,Five9 Integration with Microsoft Teams Review,0.2351442070875161,5,-1,-0.00011378566058729833,0.004826642345519804
MSFT,2022-06-27,Strong Positive,Five9 Integration with Microsoft Teams Review,0.2351442070875161,5,0,-0.0031653692486901,0.0016612730968297035
MSFT,2022-06-27,Strong Positive,Five9 Integration with Microsoft Teams Review,0.2351442070875161,5,1,-0.0012820588329389981,0.0003792142638907054
MSFT,2022-06-27,Strong Positive,Five9 Integration with Microsoft Teams Review,0.2351442070875161,5,2,0.0138214013932629,0.014200615657153606
MSFT,2022-06-27,Strong Positive,Five9 Integration with Microsoft Teams Review,0.2351442070875161,5,3,-0.0007764543249508,0.013424161332202806
MSFT,2022-06-27,Strong Positive,Five9 Integration with Microsoft Teams Review,0.2351442070875161,5,4,0.004106905027172401,0.017531066359375208
MSFT,2022-06-27,Strong Positive,Five9 Integration with Microsoft Teams Review,0.2351442070875161,5,5,-0.0045221552119985,0.013008911147376708
MSFT,2026-08-14,Strong Positive,IREN Jumps 10% as Microsoft Accepts First AI Data Center Under $9.7 Billion Deal,0.5471228628360707,4,-5,-0.011465943286382601,-0.011465943286382601
MSFT,2026-08-14,Strong Positive,IREN Jumps 10% as Microsoft Accepts First AI Data Center Under $9.7 Billion Deal,0.5471228628360707,4,-4,0.015127777869492499,0.003661834583109898
MSFT,2026-08-14,Strong Positive,IREN Jumps 10% as Microsoft Accepts First AI Data Center Under $9.7 Billion Deal,0.5471228628360707,4,-3,-0.0010891142868620003,0.002572720296247898
MSFT,2026-08-14,Strong Positive,IREN Jumps 10% as Microsoft Accepts First AI Data Center Under $9.7 Billion Deal,0.5471228628360707,4,-2,-0.0298952682578158,-0.0273225479615679
MSFT,2026-08-14,Strong Positive,IREN Jumps 10% as Microsoft Accepts First AI Data Center Under $9.7 Billion Deal,0.5471228628360707,4,-1,-0.0025287173043080004,-0.0298512652658759
MSFT,2026-08-14,Strong Positive,IREN Jumps 10% as Microsoft Accepts First AI Data Center Under $9.7 Billion Deal,0.5471228628360707,4,0,-0.0016126265480774,-0.0314638918139533
MSFT,2026-08-14,Strong Positive,IREN Jumps 10% as Microsoft Accepts First AI Data Center Under $9.7 Billion Deal,0.5471228628360707,4,1,-0.0287379981297501,-0.0602018899437034
MSFT,2026-08-14,Strong Positive,IREN Jumps 10% as Microsoft Accepts First AI Data Center Under $9.7 Billion Deal,0.5471228628360707,4,2,0.0195992115439921,-0.0406026783997113
MSFT,2026-08-14,Strong Positive,IREN Jumps 10% as Microsoft Accepts First AI Data Center Under $9.7 Billion Deal,0.5471228628360707,4,3,0.0075574159827203,-0.033045262416991
MSFT,2026-08-14,Strong Positive,IREN Jumps 10% as Microsoft Accepts First AI Data Center Under $9.7 Billion Deal,0.5471228628360707,4,4,0.0025374373161715005,-0.0305078251008195
MSFT,2026-08-14,Strong Positive,IREN Jumps 10% as Microsoft Accepts First AI Data Center Under $9.7 Billion Deal,0.5471228628360707,4,5,0.0008131517171453,-0.0296946733836742
MSFT,2026-08-21,Strong Negative,"One year after protest, organizers say Microsoft still needs to cut ties with Israeli military",-0.1377799256332306,18,-5,-0.0016126265480774,-0.0016126265480774
MSFT,2026-08-21,Strong Negative,"One year after protest, organizers say Microsoft still needs to cut ties with Israeli military",-0.1377799256332306,18,-4,-0.0287379981297501,-0.0303506246778275
MSFT,2026-08-21,Strong Negative,"One year after protest, organizers say Microsoft still needs to cut ties with Israeli military",-0.1377799256332306,18,-3,0.0195992115439921,-0.010751413133835399
MSFT,2026-08-21,Strong Negative,"One year after protest, organizers say Microsoft still needs to cut ties with Israeli military",-0.1377799256332306,18,-2,0.0075574159827203,-0.0031939971511150992
MSFT,2026-08-21,Strong Negative,"One year after protest, organizers say Microsoft still needs to cut ties with Israeli military",-0.1377799256332306,18,-1,0.0025374373161715005,-0.0006565598349435988
MSFT,2026-08-21,Strong Negative,"One year after protest, organizers say Microsoft still needs to cut ties with Israeli military",-0.1377799256332306,18,0,0.0008131517171453,0.0001565918822017012
MSFT,2026-08-21,Strong Negative,"One year after protest, organizers say Microsoft still needs to cut ties with Israeli military",-0.1377799256332306,18,1,0.0184021405842008,0.0185587324664025
MSFT,2026-08-21,Strong Negative,"One year after protest, organizers say Microsoft still needs to cut ties with Israeli military",-0.1377799256332306,18,2,0.0027997284542843996,0.0213584609206869
MSFT,2026-08-21,Strong Negative,"One year after protest, organizers say Microsoft still needs to cut ties with Israeli military",-0.1377799256332306,18,3,0.0085625385416417,0.029920999462328603
MSFT,2026-08-21,Strong Negative,"One year after protest, organizers say Microsoft still needs to cut ties with Israeli military",-0.1377799256332306,18,4,0.0038152299857880986,0.0337362294481167
MSFT,2026-08-21,Strong Negative,"One year after protest, organizers say Microsoft still needs to cut ties with Israeli military",-0.1377799256332306,18,5,0.0232603322069684,0.0569965616550851
MSFT,2026-08-24,Strong Negative,Microsoft's plans for 8-acre Redmond site revealed in permits,-0.0443112181154722,17,-5,-0.0287379981297501,-0.0287379981297501
MSFT,2026-08-24,Strong Negative,Microsoft's plans for 8-acre Redmond site revealed in permits,-0.0443112181154722,17,-4,0.0195992115439921,-0.009138786585758
MSFT,2026-08-24,Strong Negative,Microsoft's plans for 8-acre Redmond site revealed in permits,-0.0443112181154722,17,-3,0.0075574159827203,-0.0015813706030377008
MSFT,2026-08-24,Strong Negative,Microsoft's plans for 8-acre Redmond site revealed in permits,-0.0443112181154722,17,-2,0.0025374373161715005,0.0009560667131337996
MSFT,2026-08-24,Strong Negative,Microsoft's plans for 8-acre Redmond site revealed in permits,-0.0443112181154722,17,-1,0.0008131517171453,0.0017692184302790996
MSFT,2026-08-24,Strong Negative,Microsoft's plans for 8-acre Redmond site revealed in permits,-0.0443112181154722,17,0,0.0184021405842008,0.0201713590144799
MSFT,2026-08-24,Strong Negative,Microsoft's plans for 8-acre Redmond site revealed in permits,-0.0443112181154722,17,1,0.0027997284542843996,0.0229710874687643
MSFT,2026-08-24,Strong Negative,Microsoft's plans for 8-acre Redmond site revealed in permits,-0.0443112181154722,17,2,0.0085625385416417,0.031533626010406
MSFT,2026-08-24,Strong Negative,Microsoft's plans for 8-acre Redmond site revealed in permits,-0.0443112181154722,17,3,0.0038152299857880986,0.0353488559961941
MSFT,2026-08-24,Strong Negative,Microsoft's plans for 8-acre Redmond site revealed in permits,-0.0443112181154722,17,4,0.0232603322069684,0.05860918820316249
MSFT,2026-08-24,Strong Negative,Microsoft's plans for 8-acre Redmond site revealed in permits,-0.0443112181154722,17,5,-0.012611869633391299,0.0459973185697712
MSFT,2026-08-26,Strong Negative,Microsoft Is Making a Bigger AI Bet on the Middle East,-0.4109447346107177,10,-5,0.0075574159827203,0.0075574159827203
MSFT,2026-08-26,Strong Negative,Microsoft Is Making a Bigger AI Bet on the Middle East,-0.4109447346107177,10,-4,0.0025374373161715005,0.010094853298891801
MSFT,2026-08-26,Strong Negative,Microsoft Is Making a Bigger AI Bet on the Middle East,-0.4109447346107177,10,-3,0.0008131517171453,0.0109080050160371
MSFT,2026-08-26,Strong Negative,Microsoft Is Making a Bigger AI Bet on the Middle East,-0.4109447346107177,10,-2,0.0184021405842008,0.0293101456002379
MSFT,2026-08-26,Strong Negative,Microsoft Is Making a Bigger AI Bet on the Middle East,-0.4109447346107177,10,-1,0.0027997284542843996,0.0321098740545223
MSFT,2026-08-26,Strong Negative,Microsoft Is Making a Bigger AI Bet on the Middle East,-0.4109447346107177,10,0,0.0085625385416417,0.040672412596164
MSFT,2026-08-26,Strong Negative,Microsoft Is Making a Bigger AI Bet on the Middle East,-0.4109447346107177,10,1,0.0038152299857880986,0.0444876425819521
MSFT,2026-08-26,Strong Negative,Microsoft Is Making a Bigger AI Bet on the Middle East,-0.4109447346107177,10,2,0.0232603322069684,0.0677479747889205
MSFT,2026-08-26,Strong Negative,Microsoft Is Making a Bigger AI Bet on the Middle East,-0.4109447346107177,10,3,-0.012611869633391299,0.055136105155529205
MSFT,2026-08-26,Strong Negative,Microsoft Is Making a Bigger AI Bet on the Middle East,-0.4109447346107177,10,4,0.0003640848469184995,0.05550019000244771
MSFT,2026-08-26,Strong Negative,Microsoft Is Making a Bigger AI Bet on the Middle East,-0.4109447346107177,10,5,-0.0106438646613864,0.04485632534106131
NVDA,2022-01-07,Strong Positive,JVAL Stock Price | JPMorgan U.S. Value Factor ETF,0.3173073894461309,3,-5,0.0003297261789852995,0.0003297261789852995
NVDA,2022-01-07,Strong Positive,JVAL Stock Price | JPMorgan U.S. Value Factor ETF,0.3173073894461309,3,-4,0.0145139798416179,0.0148437060206032
NVDA,2022-01-07,Strong Positive,JVAL Stock Price | JPMorgan U.S. Value Factor ETF,0.3173073894461309,3,-3,-0.014618129825213102,0.0002255761953900981
NVDA,2022-01-07,Strong Positive,JVAL Stock Price | JPMorgan U.S. Value Factor ETF,0.3173073894461309,3,-2,-0.0268414343871983,-0.0266158581918082
NVDA,2022-01-07,Strong Positive,JVAL Stock Price | JPMorgan U.S. Value Factor ETF,0.3173073894461309,3,-1,0.0214968104497062,-0.0051190477421019995
NVDA,2022-01-07,Strong Positive,JVAL Stock Price | JPMorgan U.S. Value Factor ETF,0.3173073894461309,3,0,-0.022207173717344104,-0.027326221459446104
NVDA,2022-01-07,Strong Positive,JVAL Stock Price | JPMorgan U.S. Value Factor ETF,0.3173073894461309,3,1,0.004957064639323099,-0.022369156820123005
NVDA,2022-01-07,Strong Positive,JVAL Stock Price | JPMorgan U.S. Value Factor ETF,0.3173073894461309,3,2,0.00019713599084859867,-0.022172020829274407
NVDA,2022-01-07,Strong Positive,JVAL Stock Price | JPMorgan U.S. Value Factor ETF,0.3173073894461309,3,3,0.0025770105768347998,-0.019595010252439607
NVDA,2022-01-07,Strong Positive,JVAL Stock Price | JPMorgan U.S. Value Factor ETF,0.3173073894461309,3,4,-0.025842865029162897,-0.04543787528160251
NVDA,2022-01-07,Strong Positive,JVAL Stock Price | JPMorgan U.S. Value Factor ETF,0.3173073894461309,3,5,0.0075874411514365,-0.037850434130166005
NVDA,2022-01-11,Strong Positive,NVIDIA Named America’s Best Place to Work on Latest Glassdoor List,0.5666752620655143,4,-5,-0.014618129825213102,-0.014618129825213102
NVDA,2022-01-11,Strong Positive,NVIDIA Named America’s Best Place to Work on Latest Glassdoor List,0.5666752620655143,4,-4,-0.0268414343871983,-0.0414595642124114
NVDA,2022-01-11,Strong Positive,NVIDIA Named America’s Best Place to Work on Latest Glassdoor List,0.5666752620655143,4,-3,0.0214968104497062,-0.019962753762705197
NVDA,2022-01-11,Strong Positive,NVIDIA Named America’s Best Place to Work on Latest Glassdoor List,0.5666752620655143,4,-2,-0.022207173717344104,-0.0421699274800493
NVDA,2022-01-11,Strong Positive,NVIDIA Named America’s Best Place to Work on Latest Glassdoor List,0.5666752620655143,4,-1,0.004957064639323099,-0.0372128628407262
NVDA,2022-01-11,Strong Positive,NVIDIA Named America’s Best Place to Work on Latest Glassdoor List,0.5666752620655143,4,0,0.00019713599084859867,-0.037015726849877605
NVDA,2022-01-11,Strong Positive,NVIDIA Named America’s Best Place to Work on Latest Glassdoor List,0.5666752620655143,4,1,0.0025770105768347998,-0.034438716273042805
NVDA,2022-01-11,Strong Positive,NVIDIA Named America’s Best Place to Work on Latest Glassdoor List,0.5666752620655143,4,2,-0.025842865029162897,-0.060281581302205706
NVDA,2022-01-11,Strong Positive,NVIDIA Named America’s Best Place to Work on Latest Glassdoor List,0.5666752620655143,4,3,0.0075874411514365,-0.0526941401507692
NVDA,2022-01-11,Strong Positive,NVIDIA Named America’s Best Place to Work on Latest Glassdoor List,0.5666752620655143,4,4,-0.013669968593989498,-0.0663641087447587
NVDA,2022-01-11,Strong Positive,NVIDIA Named America’s Best Place to Work on Latest Glassdoor List,0.5666752620655143,4,5,-0.021290803512119198,-0.08765491225687791
NVDA,2022-01-18,Strong Positive,Chip giant Nvidia expands R&D operations in Israel,1.0,2,-5,0.004957064639323099,0.004957064639323099
NVDA,2022-01-18,Strong Positive,Chip giant Nvidia expands R&D operations in Israel,1.0,2,-4,0.00019713599084859867,0.005154200630171698
NVDA,2022-01-18,Strong Positive,Chip giant Nvidia expands R&D operations in Israel,1.0,2,-3,0.0025770105768347998,0.007731211207006498
NVDA,2022-01-18,Strong Positive,Chip giant Nvidia expands R&D operations in Israel,1.0,2,-2,-0.025842865029162897,-0.0181116538221564
NVDA,2022-01-18,Strong Positive,Chip giant Nvidia expands R&D operations in Israel,1.0,2,-1,0.0075874411514365,-0.010524212670719901
NVDA,2022-01-18,Strong Positive,Chip giant Nvidia expands R&D operations in Israel,1.0,2,0,-0.013669968593989498,-0.0241941812647094
NVDA,2022-01-18,Strong Positive,Chip giant Nvidia expands R&D operations in Israel,1.0,2,1,-0.021290803512119198,-0.045484984776828594
NVDA,2022-01-18,Strong Positive,Chip giant Nvidia expands R&D operations in Israel,1.0,2,2,-0.023593460154719095,-0.06907844493154769
NVDA,2022-01-18,Strong Positive,Chip giant Nvidia expands R&D operations in Israel,1.0,2,3,-0.0044037115773011976,-0.07348215650884889
NVDA,2022-01-18,Strong Positive,Chip giant Nvidia expands R&D operations in Israel,1.0,2,4,-0.004663721853581466,-0.07814587836243035
NVDA,2022-01-18,Strong Positive,Chip giant Nvidia expands R&D operations in Israel,1.0,2,5,-0.021658405569552897,-0.09980428393198325
NVDA,2022-01-19,Strong Positive,Israeli quantum cryptographic solutions provider QuantLR integrates with NVIDIA,1.0,1,-5,0.00019713599084859867,0.00019713599084859867
NVDA,2022-01-19,Strong Positive,Israeli quantum cryptographic solutions provider QuantLR integrates with NVIDIA,1.0,1,-4,0.0025770105768347998,0.0027741465676833985
NVDA,2022-01-19,Strong Positive,Israeli quantum cryptographic solutions provider QuantLR integrates with NVIDIA,1.0,1,-3,-0.025842865029162897,-0.0230687184614795
NVDA,2022-01-19,Strong Positive,Israeli quantum cryptographic solutions provider QuantLR integrates with NVIDIA,1.0,1,-2,0.0075874411514365,-0.015481277310043
NVDA,2022-01-19,Strong Positive,Israeli quantum cryptographic solutions provider QuantLR integrates with NVIDIA,1.0,1,-1,-0.013669968593989498,-0.029151245904032497
NVDA,2022-01-19,Strong Positive,Israeli quantum cryptographic solutions provider QuantLR integrates with NVIDIA,1.0,1,0,-0.021290803512119198,-0.0504420494161517
NVDA,2022-01-19,Strong Positive,Israeli quantum cryptographic solutions provider QuantLR integrates with NVIDIA,1.0,1,1,-0.023593460154719095,-0.0740355095708708
NVDA,2022-01-19,Strong Positive,Israeli quantum cryptographic solutions provider QuantLR integrates with NVIDIA,1.0,1,2,-0.0044037115773011976,-0.07843922114817199
NVDA,2022-01-19,Strong Positive,Israeli quantum cryptographic solutions provider QuantLR integrates with NVIDIA,1.0,1,3,-0.004663721853581466,-0.08310294300175346
NVDA,2022-01-19,Strong Positive,Israeli quantum cryptographic solutions provider QuantLR integrates with NVIDIA,1.0,1,4,-0.021658405569552897,-0.10476134857130635
NVDA,2022-01-19,Strong Positive,Israeli quantum cryptographic solutions provider QuantLR integrates with NVIDIA,1.0,1,5,0.021632553676527798,-0.08312879489477856
NVDA,2022-01-20,Strong Positive,"Van, Go: Pony.ai Unveils Next-Gen Robotaxi Fleet Built on NVIDIA DRIVE Orin",0.4818554754524135,4,-5,0.0025770105768347998,0.0025770105768347998
NVDA,2022-01-20,Strong Positive,"Van, Go: Pony.ai Unveils Next-Gen Robotaxi Fleet Built on NVIDIA DRIVE Orin",0.4818554754524135,4,-4,-0.025842865029162897,-0.023265854452328098
NVDA,2022-01-20,Strong Positive,"Van, Go: Pony.ai Unveils Next-Gen Robotaxi Fleet Built on NVIDIA DRIVE Orin",0.4818554754524135,4,-3,0.0075874411514365,-0.0156784133008916
NVDA,2022-01-20,Strong Positive,"Van, Go: Pony.ai Unveils Next-Gen Robotaxi Fleet Built on NVIDIA DRIVE Orin",0.4818554754524135,4,-2,-0.013669968593989498,-0.029348381894881096
NVDA,2022-01-20,Strong Positive,"Van, Go: Pony.ai Unveils Next-Gen Robotaxi Fleet Built on NVIDIA DRIVE Orin",0.4818554754524135,4,-1,-0.021290803512119198,-0.0506391854070003
NVDA,2022-01-20,Strong Positive,"Van, Go: Pony.ai Unveils Next-Gen Robotaxi Fleet Built on NVIDIA DRIVE Orin",0.4818554754524135,4,0,-0.023593460154719095,-0.0742326455617194
NVDA,2022-01-20,Strong Positive,"Van, Go: Pony.ai Unveils Next-Gen Robotaxi Fleet Built on NVIDIA DRIVE Orin",0.4818554754524135,4,1,-0.0044037115773011976,-0.07863635713902059
NVDA,2022-01-20,Strong Positive,"Van, Go: Pony.ai Unveils Next-Gen Robotaxi Fleet Built on NVIDIA DRIVE Orin",0.4818554754524135,4,2,-0.004663721853581466,-0.08330007899260206
NVDA,2022-01-20,Strong Positive,"Van, Go: Pony.ai Unveils Next-Gen Robotaxi Fleet Built on NVIDIA DRIVE Orin",0.4818554754524135,4,3,-0.021658405569552897,-0.10495848456215495
NVDA,2022-01-20,Strong Positive,"Van, Go: Pony.ai Unveils Next-Gen Robotaxi Fleet Built on NVIDIA DRIVE Orin",0.4818554754524135,4,4,0.021632553676527798,-0.08332593088562715
NVDA,2022-01-20,Strong Positive,"Van, Go: Pony.ai Unveils Next-Gen Robotaxi Fleet Built on NVIDIA DRIVE Orin",0.4818554754524135,4,5,-0.026289884727319898,-0.10961581561294705
NVDA,2022-01-24,Strong Positive,CES 2022 Recap: Tech Becoming More Accessible and Interoperable,0.5366996731215489,2,-5,0.0075874411514365,0.0075874411514365
NVDA,2022-01-24,Strong Positive,CES 2022 Recap: Tech Becoming More Accessible and Interoperable,0.5366996731215489,2,-4,-0.013669968593989498,-0.006082527442552998
NVDA,2022-01-24,Strong Positive,CES 2022 Recap: Tech Becoming More Accessible and Interoperable,0.5366996731215489,2,-3,-0.021290803512119198,-0.027373330954672197
NVDA,2022-01-24,Strong Positive,CES 2022 Recap: Tech Becoming More Accessible and Interoperable,0.5366996731215489,2,-2,-0.023593460154719095,-0.05096679110939129
NVDA,2022-01-24,Strong Positive,CES 2022 Recap: Tech Becoming More Accessible and Interoperable,0.5366996731215489,2,-1,-0.0044037115773011976,-0.05537050268669249
NVDA,2022-01-24,Strong Positive,CES 2022 Recap: Tech Becoming More Accessible and Interoperable,0.5366996731215489,2,0,-0.004663721853581466,-0.060034224540273955
NVDA,2022-01-24,Strong Positive,CES 2022 Recap: Tech Becoming More Accessible and Interoperable,0.5366996731215489,2,1,-0.021658405569552897,-0.08169263010982686
NVDA,2022-01-24,Strong Positive,CES 2022 Recap: Tech Becoming More Accessible and Interoperable,0.5366996731215489,2,2,0.021632553676527798,-0.06006007643329906
NVDA,2022-01-24,Strong Positive,CES 2022 Recap: Tech Becoming More Accessible and Interoperable,0.5366996731215489,2,3,-0.026289884727319898,-0.08634996116061897
NVDA,2022-01-24,Strong Positive,CES 2022 Recap: Tech Becoming More Accessible and Interoperable,0.5366996731215489,2,4,0.0094625875921246,-0.07688737356849437
NVDA,2022-01-24,Strong Positive,CES 2022 Recap: Tech Becoming More Accessible and Interoperable,0.5366996731215489,2,5,0.04008770355158431,-0.03679967001691006
NVDA,2022-01-25,Strong Negative,Is chip giant Nvidia going to scrap its $40BN bid for Arm?,-0.6252915421815421,2,-5,-0.013669968593989498,-0.013669968593989498
NVDA,2022-01-25,Strong Negative,Is chip giant Nvidia going to scrap its $40BN bid for Arm?,-0.6252915421815421,2,-4,-0.021290803512119198,-0.03496077210610869
NVDA,2022-01-25,Strong Negative,Is chip giant Nvidia going to scrap its $40BN bid for Arm?,-0.6252915421815421,2,-3,-0.023593460154719095,-0.05855423226082779
NVDA,2022-01-25,Strong Negative,Is chip giant Nvidia going to scrap its $40BN bid for Arm?,-0.6252915421815421,2,-2,-0.0044037115773011976,-0.06295794383812899
NVDA,2022-01-25,Strong Negative,Is chip giant Nvidia going to scrap its $40BN bid for Arm?,-0.6252915421815421,2,-1,-0.004663721853581466,-0.06762166569171045
NVDA,2022-01-25,Strong Negative,Is chip giant Nvidia going to scrap its $40BN bid for Arm?,-0.6252915421815421,2,0,-0.021658405569552897,-0.08928007126126335
NVDA,2022-01-25,Strong Negative,Is chip giant Nvidia going to scrap its $40BN bid for Arm?,-0.6252915421815421,2,1,0.021632553676527798,-0.06764751758473556
NVDA,2022-01-25,Strong Negative,Is chip giant Nvidia going to scrap its $40BN bid for Arm?,-0.6252915421815421,2,2,-0.026289884727319898,-0.09393740231205545
NVDA,2022-01-25,Strong Negative,Is chip giant Nvidia going to scrap its $40BN bid for Arm?,-0.6252915421815421,2,3,0.0094625875921246,-0.08447481471993085
NVDA,2022-01-25,Strong Negative,Is chip giant Nvidia going to scrap its $40BN bid for Arm?,-0.6252915421815421,2,4,0.04008770355158431,-0.04438711116834654
NVDA,2022-01-25,Strong Negative,Is chip giant Nvidia going to scrap its $40BN bid for Arm?,-0.6252915421815421,2,5,-0.0005956025082231994,-0.04498271367656974
NVDA,2022-01-27,Strong Positive,"Nearly 80 Percent of Financial Firms Use AI to Improve Services, Reduce Fraud",0.2467108307051203,4,-5,-0.023593460154719095,-0.023593460154719095
NVDA,2022-01-27,Strong Positive,"Nearly 80 Percent of Financial Firms Use AI to Improve Services, Reduce Fraud",0.2467108307051203,4,-4,-0.0044037115773011976,-0.027997171732020293
NVDA,2022-01-27,Strong Positive,"Nearly 80 Percent of Financial Firms Use AI to Improve Services, Reduce Fraud",0.2467108307051203,4,-3,-0.004663721853581466,-0.03266089358560176
NVDA,2022-01-27,Strong Positive,"Nearly 80 Percent of Financial Firms Use AI to Improve Services, Reduce Fraud",0.2467108307051203,4,-2,-0.021658405569552897,-0.054319299155154654
NVDA,2022-01-27,Strong Positive,"Nearly 80 Percent of Financial Firms Use AI to Improve Services, Reduce Fraud",0.2467108307051203,4,-1,0.021632553676527798,-0.03268674547862686
NVDA,2022-01-27,Strong Positive,"Nearly 80 Percent of Financial Firms Use AI to Improve Services, Reduce Fraud",0.2467108307051203,4,0,-0.026289884727319898,-0.058976630205946755
NVDA,2022-01-27,Strong Positive,"Nearly 80 Percent of Financial Firms Use AI to Improve Services, Reduce Fraud",0.2467108307051203,4,1,0.0094625875921246,-0.049514042613822154
NVDA,2022-01-27,Strong Positive,"Nearly 80 Percent of Financial Firms Use AI to Improve Services, Reduce Fraud",0.2467108307051203,4,2,0.04008770355158431,-0.009426339062237846
NVDA,2022-01-27,Strong Positive,"Nearly 80 Percent of Financial Firms Use AI to Improve Services, Reduce Fraud",0.2467108307051203,4,3,-0.0005956025082231994,-0.010021941570461046
NVDA,2022-01-27,Strong Positive,"Nearly 80 Percent of Financial Firms Use AI to Improve Services, Reduce Fraud",0.2467108307051203,4,4,0.0163893825658092,0.006367440995348153
NVDA,2022-01-27,Strong Positive,"Nearly 80 Percent of Financial Firms Use AI to Improve Services, Reduce Fraud",0.2467108307051203,4,5,-0.010719741320041595,-0.004352300324693442
NVDA,2022-02-02,Strong Positive,AMD's stellar report fuels chip stock rally,1.0,1,-5,0.021632553676527798,0.021632553676527798
NVDA,2022-02-02,Strong Positive,AMD's stellar report fuels chip stock rally,1.0,1,-4,-0.026289884727319898,-0.0046573310507921
NVDA,2022-02-02,Strong Positive,AMD's stellar report fuels chip stock rally,1.0,1,-3,0.0094625875921246,0.0048052565413325005
NVDA,2022-02-02,Strong Positive,AMD's stellar report fuels chip stock rally,1.0,1,-2,0.04008770355158431,0.04489296009291681
NVDA,2022-02-02,Strong Positive,AMD's stellar report fuels chip stock rally,1.0,1,-1,-0.0005956025082231994,0.04429735758469361
NVDA,2022-02-02,Strong Positive,AMD's stellar report fuels chip stock rally,1.0,1,0,0.0163893825658092,0.06068674015050281
NVDA,2022-02-02,Strong Positive,AMD's stellar report fuels chip stock rally,1.0,1,1,-0.010719741320041595,0.04996699883046121
NVDA,2022-02-02,Strong Positive,AMD's stellar report fuels chip stock rally,1.0,1,2,0.0028766332764534,0.05284363210691461
NVDA,2022-02-02,Strong Positive,AMD's stellar report fuels chip stock rally,1.0,1,3,0.0248627416132741,0.07770637372018871
NVDA,2022-02-02,Strong Positive,AMD's stellar report fuels chip stock rally,1.0,1,4,0.0041317724249184,0.08183814614510711
NVDA,2022-02-02,Strong Positive,AMD's stellar report fuels chip stock rally,1.0,1,5,0.0424148164290894,0.1242529625741965
NVDA,2022-02-03,Strong Negative,Metaverse stocks Nvidia and Roblox fall as Facebook parent Meta's Web3 business reports massive loss,-1.0,1,-5,-0.026289884727319898,-0.026289884727319898
NVDA,2022-02-03,Strong Negative,Metaverse stocks Nvidia and Roblox fall as Facebook parent Meta's Web3 business reports massive loss,-1.0,1,-4,0.0094625875921246,-0.016827297135195297
NVDA,2022-02-03,Strong Negative,Metaverse stocks Nvidia and Roblox fall as Facebook parent Meta's Web3 business reports massive loss,-1.0,1,-3,0.04008770355158431,0.02326040641638901
NVDA,2022-02-03,Strong Negative,Metaverse stocks Nvidia and Roblox fall as Facebook parent Meta's Web3 business reports massive loss,-1.0,1,-2,-0.0005956025082231994,0.02266480390816581
NVDA,2022-02-03,Strong Negative,Metaverse stocks Nvidia and Roblox fall as Facebook parent Meta's Web3 business reports massive loss,-1.0,1,-1,0.0163893825658092,0.03905418647397501
NVDA,2022-02-03,Strong Negative,Metaverse stocks Nvidia and Roblox fall as Facebook parent Meta's Web3 business reports massive loss,-1.0,1,0,-0.010719741320041595,0.028334445153933414
NVDA,2022-02-03,Strong Negative,Metaverse stocks Nvidia and Roblox fall as Facebook parent Meta's Web3 business reports massive loss,-1.0,1,1,0.0028766332764534,0.031211078430386813
NVDA,2022-02-03,Strong Negative,Metaverse stocks Nvidia and Roblox fall as Facebook parent Meta's Web3 business reports massive loss,-1.0,1,2,0.0248627416132741,0.05607382004366091
NVDA,2022-02-03,Strong Negative,Metaverse stocks Nvidia and Roblox fall as Facebook parent Meta's Web3 business reports massive loss,-1.0,1,3,0.0041317724249184,0.06020559246857931
NVDA,2022-02-03,Strong Negative,Metaverse stocks Nvidia and Roblox fall as Facebook parent Meta's Web3 business reports massive loss,-1.0,1,4,0.0424148164290894,0.10262040889766871
NVDA,2022-02-03,Strong Negative,Metaverse stocks Nvidia and Roblox fall as Facebook parent Meta's Web3 business reports massive loss,-1.0,1,5,-0.010357700740077403,0.09226270815759131
NVDA,2022-02-04,Strong Positive,"Chip Startup Ceremorphic Seeks AI, HPC Edge With New 5nm Design",1.0,2,-5,0.0094625875921246,0.0094625875921246
NVDA,2022-02-04,Strong Positive,"Chip Startup Ceremorphic Seeks AI, HPC Edge With New 5nm Design",1.0,2,-4,0.04008770355158431,0.04955029114370891
NVDA,2022-02-04,Strong Positive,"Chip Startup Ceremorphic Seeks AI, HPC Edge With New 5nm Design",1.0,2,-3,-0.0005956025082231994,0.04895468863548571
NVDA,2022-02-04,Strong Positive,"Chip Startup Ceremorphic Seeks AI, HPC Edge With New 5nm Design",1.0,2,-2,0.0163893825658092,0.0653440712012949
NVDA,2022-02-04,Strong Positive,"Chip Startup Ceremorphic Seeks AI, HPC Edge With New 5nm Design",1.0,2,-1,-0.010719741320041595,0.054624329881253306
NVDA,2022-02-04,Strong Positive,"Chip Startup Ceremorphic Seeks AI, HPC Edge With New 5nm Design",1.0,2,0,0.0028766332764534,0.057500963157706704
NVDA,2022-02-04,Strong Positive,"Chip Startup Ceremorphic Seeks AI, HPC Edge With New 5nm Design",1.0,2,1,0.0248627416132741,0.0823637047709808
NVDA,2022-02-04,Strong Positive,"Chip Startup Ceremorphic Seeks AI, HPC Edge With New 5nm Design",1.0,2,2,0.0041317724249184,0.0864954771958992
NVDA,2022-02-04,Strong Positive,"Chip Startup Ceremorphic Seeks AI, HPC Edge With New 5nm Design",1.0,2,3,0.0424148164290894,0.1289102936249886
NVDA,2022-02-04,Strong Positive,"Chip Startup Ceremorphic Seeks AI, HPC Edge With New 5nm Design",1.0,2,4,-0.010357700740077403,0.1185525928849112
NVDA,2022-02-04,Strong Positive,"Chip Startup Ceremorphic Seeks AI, HPC Edge With New 5nm Design",1.0,2,5,-0.0408850856691374,0.0776675072157738
NVDA,2022-02-09,Strong Negative,"Nvidia, SoftBank Call Off Blockbuster Arm Deal - WSJ",-0.5476622216575215,2,-5,0.0163893825658092,0.0163893825658092
NVDA,2022-02-09,Strong Negative,"Nvidia, SoftBank Call Off Blockbuster Arm Deal - WSJ",-0.5476622216575215,2,-4,-0.010719741320041595,0.005669641245767604
NVDA,2022-02-09,Strong Negative,"Nvidia, SoftBank Call Off Blockbuster Arm Deal - WSJ",-0.5476622216575215,2,-3,0.0028766332764534,0.008546274522221004
NVDA,2022-02-09,Strong Negative,"Nvidia, SoftBank Call Off Blockbuster Arm Deal - WSJ",-0.5476622216575215,2,-2,0.0248627416132741,0.0334090161354951
NVDA,2022-02-09,Strong Negative,"Nvidia, SoftBank Call Off Blockbuster Arm Deal - WSJ",-0.5476622216575215,2,-1,0.0041317724249184,0.0375407885604135
NVDA,2022-02-09,Strong Negative,"Nvidia, SoftBank Call Off Blockbuster Arm Deal - WSJ",-0.5476622216575215,2,0,0.0424148164290894,0.0799556049895029
NVDA,2022-02-09,Strong Negative,"Nvidia, SoftBank Call Off Blockbuster Arm Deal - WSJ",-0.5476622216575215,2,1,-0.010357700740077403,0.0695979042494255
NVDA,2022-02-09,Strong Negative,"Nvidia, SoftBank Call Off Blockbuster Arm Deal - WSJ",-0.5476622216575215,2,2,-0.0408850856691374,0.028712818580288096
NVDA,2022-02-09,Strong Negative,"Nvidia, SoftBank Call Off Blockbuster Arm Deal - WSJ",-0.5476622216575215,2,3,0.0120391791533436,0.040751997733631695
NVDA,2022-02-09,Strong Negative,"Nvidia, SoftBank Call Off Blockbuster Arm Deal - WSJ",-0.5476622216575215,2,4,0.0669479430131521,0.1076999407467838
NVDA,2022-02-09,Strong Negative,"Nvidia, SoftBank Call Off Blockbuster Arm Deal - WSJ",-0.5476622216575215,2,5,0.0008565814297691,0.1085565221765529
NVDA,2022-02-15,Strong Positive,Intel to Buy Israel’s Tower Semiconductor for $5.4 Billion,0.471552158503779,2,-5,0.0041317724249184,0.0041317724249184
NVDA,2022-02-15,Strong Positive,Intel to Buy Israel’s Tower Semiconductor for $5.4 Billion,0.471552158503779,2,-4,0.0424148164290894,0.046546588854007795
NVDA,2022-02-15,Strong Positive,Intel to Buy Israel’s Tower Semiconductor for $5.4 Billion,0.471552158503779,2,-3,-0.010357700740077403,0.036188888113930395
NVDA,2022-02-15,Strong Positive,Intel to Buy Israel’s Tower Semiconductor for $5.4 Billion,0.471552158503779,2,-2,-0.0408850856691374,-0.0046961975552070045
NVDA,2022-02-15,Strong Positive,Intel to Buy Israel’s Tower Semiconductor for $5.4 Billion,0.471552158503779,2,-1,0.0120391791533436,0.007342981598136596
NVDA,2022-02-15,Strong Positive,Intel to Buy Israel’s Tower Semiconductor for $5.4 Billion,0.471552158503779,2,0,0.0669479430131521,0.0742909246112887
NVDA,2022-02-15,Strong Positive,Intel to Buy Israel’s Tower Semiconductor for $5.4 Billion,0.471552158503779,2,1,0.0008565814297691,0.0751475060410578
NVDA,2022-02-15,Strong Positive,Intel to Buy Israel’s Tower Semiconductor for $5.4 Billion,0.471552158503779,2,2,-0.04584747899387219,0.02930002704718561
NVDA,2022-02-15,Strong Positive,Intel to Buy Israel’s Tower Semiconductor for $5.4 Billion,0.471552158503779,2,3,-0.023890970179787696,0.005409056867397913
NVDA,2022-02-15,Strong Positive,Intel to Buy Israel’s Tower Semiconductor for $5.4 Billion,0.471552158503779,2,4,-0.0006151282471357003,0.0047939286202622125
NVDA,2022-02-15,Strong Positive,Intel to Buy Israel’s Tower Semiconductor for $5.4 Billion,0.471552158503779,2,5,-0.017266450830694002,-0.01247252221043179
NVDA,2022-02-16,Strong Positive,Nvidia provides strong revenue outlook on demand for computer chips,0.6399317406143346,5,-5,0.0424148164290894,0.0424148164290894
NVDA,2022-02-16,Strong Positive,Nvidia provides strong revenue outlook on demand for computer chips,0.6399317406143346,5,-4,-0.010357700740077403,0.032057115689012
NVDA,2022-02-16,Strong Positive,Nvidia provides strong revenue outlook on demand for computer chips,0.6399317406143346,5,-3,-0.0408850856691374,-0.008827969980125402
NVDA,2022-02-16,Strong Positive,Nvidia provides strong revenue outlook on demand for computer chips,0.6399317406143346,5,-2,0.0120391791533436,0.003211209173218198
NVDA,2022-02-16,Strong Positive,Nvidia provides strong revenue outlook on demand for computer chips,0.6399317406143346,5,-1,0.0669479430131521,0.0701591521863703
NVDA,2022-02-16,Strong Positive,Nvidia provides strong revenue outlook on demand for computer chips,0.6399317406143346,5,0,0.0008565814297691,0.0710157336161394
NVDA,2022-02-16,Strong Positive,Nvidia provides strong revenue outlook on demand for computer chips,0.6399317406143346,5,1,-0.04584747899387219,0.02516825462226721
NVDA,2022-02-16,Strong Positive,Nvidia provides strong revenue outlook on demand for computer chips,0.6399317406143346,5,2,-0.023890970179787696,0.001277284442479515
NVDA,2022-02-16,Strong Positive,Nvidia provides strong revenue outlook on demand for computer chips,0.6399317406143346,5,3,-0.0006151282471357003,0.0006621561953438146
NVDA,2022-02-16,Strong Positive,Nvidia provides strong revenue outlook on demand for computer chips,0.6399317406143346,5,4,-0.017266450830694002,-0.016604294635350188
NVDA,2022-02-16,Strong Positive,Nvidia provides strong revenue outlook on demand for computer chips,0.6399317406143346,5,5,0.0271894816049034,0.010585186969553212
NVDA,2022-02-17,Strong Positive,"Nvidia reports record Q4, FY21 revenue on strong data center growth",1.0,1,-5,-0.010357700740077403,-0.010357700740077403
NVDA,2022-02-17,Strong Positive,"Nvidia reports record Q4, FY21 revenue on strong data center growth",1.0,1,-4,-0.0408850856691374,-0.0512427864092148
NVDA,2022-02-17,Strong Positive,"Nvidia reports record Q4, FY21 revenue on strong data center growth",1.0,1,-3,0.0120391791533436,-0.0392036072558712
NVDA,2022-02-17,Strong Positive,"Nvidia reports record Q4, FY21 revenue on strong data center growth",1.0,1,-2,0.0669479430131521,0.0277443357572809
NVDA,2022-02-17,Strong Positive,"Nvidia reports record Q4, FY21 revenue on strong data center growth",1.0,1,-1,0.0008565814297691,0.02860091718705
NVDA,2022-02-17,Strong Positive,"Nvidia reports record Q4, FY21 revenue on strong data center growth",1.0,1,0,-0.04584747899387219,-0.01724656180682219
NVDA,2022-02-17,Strong Positive,"Nvidia reports record Q4, FY21 revenue on strong data center growth",1.0,1,1,-0.023890970179787696,-0.04113753198660988
NVDA,2022-02-17,Strong Positive,"Nvidia reports record Q4, FY21 revenue on strong data center growth",1.0,1,2,-0.0006151282471357003,-0.04175266023374558
NVDA,2022-02-17,Strong Positive,"Nvidia reports record Q4, FY21 revenue on strong data center growth",1.0,1,3,-0.017266450830694002,-0.059019111064439585
NVDA,2022-02-17,Strong Positive,"Nvidia reports record Q4, FY21 revenue on strong data center growth",1.0,1,4,0.0271894816049034,-0.031829629459536185
NVDA,2022-02-17,Strong Positive,"Nvidia reports record Q4, FY21 revenue on strong data center growth",1.0,1,5,0.0017157486849839008,-0.030113880774552286
NVDA,2022-02-22,Strong Positive,Texas Instruments Inc. stock outperforms market despite losses on the day,0.5394758055314053,2,-5,0.0120391791533436,0.0120391791533436
NVDA,2022-02-22,Strong Positive,Texas Instruments Inc. stock outperforms market despite losses on the day,0.5394758055314053,2,-4,0.0669479430131521,0.0789871221664957
NVDA,2022-02-22,Strong Positive,Texas Instruments Inc. stock outperforms market despite losses on the day,0.5394758055314053,2,-3,0.0008565814297691,0.0798437035962648
NVDA,2022-02-22,Strong Positive,Texas Instruments Inc. stock outperforms market despite losses on the day,0.5394758055314053,2,-2,-0.04584747899387219,0.03399622460239261
NVDA,2022-02-22,Strong Positive,Texas Instruments Inc. stock outperforms market despite losses on the day,0.5394758055314053,2,-1,-0.023890970179787696,0.010105254422604917
NVDA,2022-02-22,Strong Positive,Texas Instruments Inc. stock outperforms market despite losses on the day,0.5394758055314053,2,0,-0.0006151282471357003,0.009490126175469217
NVDA,2022-02-22,Strong Positive,Texas Instruments Inc. stock outperforms market despite losses on the day,0.5394758055314053,2,1,-0.017266450830694002,-0.007776324655224785
NVDA,2022-02-22,Strong Positive,Texas Instruments Inc. stock outperforms market despite losses on the day,0.5394758055314053,2,2,0.0271894816049034,0.019413156949678614
NVDA,2022-02-22,Strong Positive,Texas Instruments Inc. stock outperforms market despite losses on the day,0.5394758055314053,2,3,0.0017157486849839008,0.021128905634662513
NVDA,2022-02-22,Strong Positive,Texas Instruments Inc. stock outperforms market despite losses on the day,0.5394758055314053,2,4,0.006459504549692,0.02758841018435451
NVDA,2022-02-22,Strong Positive,Texas Instruments Inc. stock outperforms market despite losses on the day,0.5394758055314053,2,5,-0.021924690853434698,0.0056637193309198135
NVDA,2022-02-25,Strong Positive,"Qualcomm Inc. stock rises Friday, still underperforms market",0.2821839357780387,4,-5,-0.04584747899387219,-0.04584747899387219
NVDA,2022-02-25,Strong Positive,"Qualcomm Inc. stock rises Friday, still underperforms market",0.2821839357780387,4,-4,-0.023890970179787696,-0.06973844917365989
NVDA,2022-02-25,Strong Positive,"Qualcomm Inc. stock rises Friday, still underperforms market",0.2821839357780387,4,-3,-0.0006151282471357003,-0.0703535774207956
NVDA,2022-02-25,Strong Positive,"Qualcomm Inc. stock rises Friday, still underperforms market",0.2821839357780387,4,-2,-0.017266450830694002,-0.0876200282514896
NVDA,2022-02-25,Strong Positive,"Qualcomm Inc. stock rises Friday, still underperforms market",0.2821839357780387,4,-1,0.0271894816049034,-0.060430546646586196
NVDA,2022-02-25,Strong Positive,"Qualcomm Inc. stock rises Friday, still underperforms market",0.2821839357780387,4,0,0.0017157486849839008,-0.0587147979616023
NVDA,2022-02-25,Strong Positive,"Qualcomm Inc. stock rises Friday, still underperforms market",0.2821839357780387,4,1,0.006459504549692,-0.0522552934119103
NVDA,2022-02-25,Strong Positive,"Qualcomm Inc. stock rises Friday, still underperforms market",0.2821839357780387,4,2,-0.021924690853434698,-0.074179984265345
NVDA,2022-02-25,Strong Positive,"Qualcomm Inc. stock rises Friday, still underperforms market",0.2821839357780387,4,3,0.015044493149264399,-0.0591354911160806
NVDA,2022-02-25,Strong Positive,"Qualcomm Inc. stock rises Friday, still underperforms market",0.2821839357780387,4,4,-0.0066069263297459,-0.0657424174458265
NVDA,2022-02-25,Strong Positive,"Qualcomm Inc. stock rises Friday, still underperforms market",0.2821839357780387,4,5,-0.018315938082475898,-0.0840583555283024
NVDA,2022-02-28,Strong Negative,Use WGMI to Enter the Crypto Economy,-0.4363305995791102,2,-5,-0.023890970179787696,-0.023890970179787696
NVDA,2022-02-28,Strong Negative,Use WGMI to Enter the Crypto Economy,-0.4363305995791102,2,-4,-0.0006151282471357003,-0.024506098426923396
NVDA,2022-02-28,Strong Negative,Use WGMI to Enter the Crypto Economy,-0.4363305995791102,2,-3,-0.017266450830694002,-0.0417725492576174
NVDA,2022-02-28,Strong Negative,Use WGMI to Enter the Crypto Economy,-0.4363305995791102,2,-2,0.0271894816049034,-0.014583067652713999
NVDA,2022-02-28,Strong Negative,Use WGMI to Enter the Crypto Economy,-0.4363305995791102,2,-1,0.0017157486849839008,-0.012867318967730098
NVDA,2022-02-28,Strong Negative,Use WGMI to Enter the Crypto Economy,-0.4363305995791102,2,0,0.006459504549692,-0.0064078144180380985
NVDA,2022-02-28,Strong Negative,Use WGMI to Enter the Crypto Economy,-0.4363305995791102,2,1,-0.021924690853434698,-0.028332505271472797
NVDA,2022-02-28,Strong Negative,Use WGMI to Enter the Crypto Economy,-0.4363305995791102,2,2,0.015044493149264399,-0.013288012122208398
NVDA,2022-02-28,Strong Negative,Use WGMI to Enter the Crypto Economy,-0.4363305995791102,2,3,-0.0066069263297459,-0.019894938451954298
NVDA,2022-02-28,Strong Negative,Use WGMI to Enter the Crypto Economy,-0.4363305995791102,2,4,-0.018315938082475898,-0.0382108765344302
NVDA,2022-02-28,Strong Negative,Use WGMI to Enter the Crypto Economy,-0.4363305995791102,2,5,-0.0321804438296192,-0.07039132036404941
NVDA,2022-03-01,Strong Negative,"Nvidia says employee, company information leaked online after cyber attack",-1.0,1,-5,-0.0006151282471357003,-0.0006151282471357003
NVDA,2022-03-01,Strong Negative,"Nvidia says employee, company information leaked online after cyber attack",-1.0,1,-4,-0.017266450830694002,-0.017881579077829703
NVDA,2022-03-01,Strong Negative,"Nvidia says employee, company information leaked online after cyber attack",-1.0,1,-3,0.0271894816049034,0.009307902527073697
NVDA,2022-03-01,Strong Negative,"Nvidia says employee, company information leaked online after cyber attack",-1.0,1,-2,0.0017157486849839008,0.011023651212057598
NVDA,2022-03-01,Strong Negative,"Nvidia says employee, company information leaked online after cyber attack",-1.0,1,-1,0.006459504549692,0.017483155761749598
NVDA,2022-03-01,Strong Negative,"Nvidia says employee, company information leaked online after cyber attack",-1.0,1,0,-0.021924690853434698,-0.0044415350916851
NVDA,2022-03-01,Strong Negative,"Nvidia says employee, company information leaked online after cyber attack",-1.0,1,1,0.015044493149264399,0.010602958057579298
NVDA,2022-03-01,Strong Negative,"Nvidia says employee, company information leaked online after cyber attack",-1.0,1,2,-0.0066069263297459,0.003996031727833398
NVDA,2022-03-01,Strong Negative,"Nvidia says employee, company information leaked online after cyber attack",-1.0,1,3,-0.018315938082475898,-0.0143199063546425
NVDA,2022-03-01,Strong Negative,"Nvidia says employee, company information leaked online after cyber attack",-1.0,1,4,-0.0321804438296192,-0.0465003501842617
NVDA,2022-03-01,Strong Negative,"Nvidia says employee, company information leaked online after cyber attack",-1.0,1,5,0.012235200671426999,-0.0342651495128347
NVDA,2022-03-02,Strong Negative,Microsoft Corp Chief Satya Nadella’s son passes away,-1.0,1,-5,-0.017266450830694002,-0.017266450830694002
NVDA,2022-03-02,Strong Negative,Microsoft Corp Chief Satya Nadella’s son passes away,-1.0,1,-4,0.0271894816049034,0.009923030774209397
NVDA,2022-03-02,Strong Negative,Microsoft Corp Chief Satya Nadella’s son passes away,-1.0,1,-3,0.0017157486849839008,0.011638779459193298
NVDA,2022-03-02,Strong Negative,Microsoft Corp Chief Satya Nadella’s son passes away,-1.0,1,-2,0.006459504549692,0.018098284008885298
NVDA,2022-03-02,Strong Negative,Microsoft Corp Chief Satya Nadella’s son passes away,-1.0,1,-1,-0.021924690853434698,-0.0038264068445494
NVDA,2022-03-02,Strong Negative,Microsoft Corp Chief Satya Nadella’s son passes away,-1.0,1,0,0.015044493149264399,0.011218086304714998
NVDA,2022-03-02,Strong Negative,Microsoft Corp Chief Satya Nadella’s son passes away,-1.0,1,1,-0.0066069263297459,0.004611159974969099
NVDA,2022-03-02,Strong Negative,Microsoft Corp Chief Satya Nadella’s son passes away,-1.0,1,2,-0.018315938082475898,-0.0137047781075068
NVDA,2022-03-02,Strong Negative,Microsoft Corp Chief Satya Nadella’s son passes away,-1.0,1,3,-0.0321804438296192,-0.045885221937126006
NVDA,2022-03-02,Strong Negative,Microsoft Corp Chief Satya Nadella’s son passes away,-1.0,1,4,0.012235200671426999,-0.03365002126569901
NVDA,2022-03-02,Strong Negative,Microsoft Corp Chief Satya Nadella’s son passes away,-1.0,1,5,0.03372382841385391,7.380714815490019e-05
NVDA,2022-03-03,Strong Negative,Nvidia hackers allegedly attempting to blackmail company into open-sourcing GPU drivers,-1.0,1,-5,0.0271894816049034,0.0271894816049034
NVDA,2022-03-03,Strong Negative,Nvidia hackers allegedly attempting to blackmail company into open-sourcing GPU drivers,-1.0,1,-4,0.0017157486849839008,0.0289052302898873
NVDA,2022-03-03,Strong Negative,Nvidia hackers allegedly attempting to blackmail company into open-sourcing GPU drivers,-1.0,1,-3,0.006459504549692,0.0353647348395793
NVDA,2022-03-03,Strong Negative,Nvidia hackers allegedly attempting to blackmail company into open-sourcing GPU drivers,-1.0,1,-2,-0.021924690853434698,0.013440043986144599
NVDA,2022-03-03,Strong Negative,Nvidia hackers allegedly attempting to blackmail company into open-sourcing GPU drivers,-1.0,1,-1,0.015044493149264399,0.028484537135408997
NVDA,2022-03-03,Strong Negative,Nvidia hackers allegedly attempting to blackmail company into open-sourcing GPU drivers,-1.0,1,0,-0.0066069263297459,0.021877610805663097
NVDA,2022-03-03,Strong Negative,Nvidia hackers allegedly attempting to blackmail company into open-sourcing GPU drivers,-1.0,1,1,-0.018315938082475898,0.0035616727231871995
NVDA,2022-03-03,Strong Negative,Nvidia hackers allegedly attempting to blackmail company into open-sourcing GPU drivers,-1.0,1,2,-0.0321804438296192,-0.028618771106432003
NVDA,2022-03-03,Strong Negative,Nvidia hackers allegedly attempting to blackmail company into open-sourcing GPU drivers,-1.0,1,3,0.012235200671426999,-0.016383570435005004
NVDA,2022-03-03,Strong Negative,Nvidia hackers allegedly attempting to blackmail company into open-sourcing GPU drivers,-1.0,1,4,0.03372382841385391,0.017340257978848903
NVDA,2022-03-03,Strong Negative,Nvidia hackers allegedly attempting to blackmail company into open-sourcing GPU drivers,-1.0,1,5,-0.004364011390947499,0.012976246587901403
NVDA,2022-03-07,Strong Positive,GLOBALFOUNDRIES ANNOUNCES NEXT GENERATION IN SILICON PHOTONICS SOLUTIONS AND COLLABORATES WITH INDUSTRY LEADERS TO ADVANCE A NEW ERA OF MORE IN THE DATA CENTER,1.0,1,-5,0.006459504549692,0.006459504549692
NVDA,2022-03-07,Strong Positive,GLOBALFOUNDRIES ANNOUNCES NEXT GENERATION IN SILICON PHOTONICS SOLUTIONS AND COLLABORATES WITH INDUSTRY LEADERS TO ADVANCE A NEW ERA OF MORE IN THE DATA CENTER,1.0,1,-4,-0.021924690853434698,-0.015465186303742698
NVDA,2022-03-07,Strong Positive,GLOBALFOUNDRIES ANNOUNCES NEXT GENERATION IN SILICON PHOTONICS SOLUTIONS AND COLLABORATES WITH INDUSTRY LEADERS TO ADVANCE A NEW ERA OF MORE IN THE DATA CENTER,1.0,1,-3,0.015044493149264399,-0.0004206931544782997
NVDA,2022-03-07,Strong Positive,GLOBALFOUNDRIES ANNOUNCES NEXT GENERATION IN SILICON PHOTONICS SOLUTIONS AND COLLABORATES WITH INDUSTRY LEADERS TO ADVANCE A NEW ERA OF MORE IN THE DATA CENTER,1.0,1,-2,-0.0066069263297459,-0.0070276194842241995
NVDA,2022-03-07,Strong Positive,GLOBALFOUNDRIES ANNOUNCES NEXT GENERATION IN SILICON PHOTONICS SOLUTIONS AND COLLABORATES WITH INDUSTRY LEADERS TO ADVANCE A NEW ERA OF MORE IN THE DATA CENTER,1.0,1,-1,-0.018315938082475898,-0.0253435575667001
NVDA,2022-03-07,Strong Positive,GLOBALFOUNDRIES ANNOUNCES NEXT GENERATION IN SILICON PHOTONICS SOLUTIONS AND COLLABORATES WITH INDUSTRY LEADERS TO ADVANCE A NEW ERA OF MORE IN THE DATA CENTER,1.0,1,0,-0.0321804438296192,-0.0575240013963193
NVDA,2022-03-07,Strong Positive,GLOBALFOUNDRIES ANNOUNCES NEXT GENERATION IN SILICON PHOTONICS SOLUTIONS AND COLLABORATES WITH INDUSTRY LEADERS TO ADVANCE A NEW ERA OF MORE IN THE DATA CENTER,1.0,1,1,0.012235200671426999,-0.0452888007248923
NVDA,2022-03-07,Strong Positive,GLOBALFOUNDRIES ANNOUNCES NEXT GENERATION IN SILICON PHOTONICS SOLUTIONS AND COLLABORATES WITH INDUSTRY LEADERS TO ADVANCE A NEW ERA OF MORE IN THE DATA CENTER,1.0,1,2,0.03372382841385391,-0.011564972311038396
NVDA,2022-03-07,Strong Positive,GLOBALFOUNDRIES ANNOUNCES NEXT GENERATION IN SILICON PHOTONICS SOLUTIONS AND COLLABORATES WITH INDUSTRY LEADERS TO ADVANCE A NEW ERA OF MORE IN THE DATA CENTER,1.0,1,3,-0.004364011390947499,-0.015928983701985894
NVDA,2022-03-07,Strong Positive,GLOBALFOUNDRIES ANNOUNCES NEXT GENERATION IN SILICON PHOTONICS SOLUTIONS AND COLLABORATES WITH INDUSTRY LEADERS TO ADVANCE A NEW ERA OF MORE IN THE DATA CENTER,1.0,1,4,-0.0038887243037754003,-0.019817708005761294
NVDA,2022-03-07,Strong Positive,GLOBALFOUNDRIES ANNOUNCES NEXT GENERATION IN SILICON PHOTONICS SOLUTIONS AND COLLABORATES WITH INDUSTRY LEADERS TO ADVANCE A NEW ERA OF MORE IN THE DATA CENTER,1.0,1,5,-0.0156369522114895,-0.03545466021725079
NVDA,2022-03-10,Strong Negative,Why Nvidia sees a future in software and services: Recurring revenue,-0.1884720839387335,4,-5,-0.0066069263297459,-0.0066069263297459
NVDA,2022-03-10,Strong Negative,Why Nvidia sees a future in software and services: Recurring revenue,-0.1884720839387335,4,-4,-0.018315938082475898,-0.024922864412221798
NVDA,2022-03-10,Strong Negative,Why Nvidia sees a future in software and services: Recurring revenue,-0.1884720839387335,4,-3,-0.0321804438296192,-0.057103308241841
NVDA,2022-03-10,Strong Negative,Why Nvidia sees a future in software and services: Recurring revenue,-0.1884720839387335,4,-2,0.012235200671426999,-0.044868107570414
NVDA,2022-03-10,Strong Negative,Why Nvidia sees a future in software and services: Recurring revenue,-0.1884720839387335,4,-1,0.03372382841385391,-0.011144279156560091
NVDA,2022-03-10,Strong Negative,Why Nvidia sees a future in software and services: Recurring revenue,-0.1884720839387335,4,0,-0.004364011390947499,-0.01550829054750759
NVDA,2022-03-10,Strong Negative,Why Nvidia sees a future in software and services: Recurring revenue,-0.1884720839387335,4,1,-0.0038887243037754003,-0.019397014851282993
NVDA,2022-03-10,Strong Negative,Why Nvidia sees a future in software and services: Recurring revenue,-0.1884720839387335,4,2,-0.0156369522114895,-0.035033967062772495
NVDA,2022-03-10,Strong Negative,Why Nvidia sees a future in software and services: Recurring revenue,-0.1884720839387335,4,3,0.045660859731359,0.010626892668586504
NVDA,2022-03-10,Strong Negative,Why Nvidia sees a future in software and services: Recurring revenue,-0.1884720839387335,4,4,0.029208635112302393,0.0398355277808889
NVDA,2022-03-10,Strong Negative,Why Nvidia sees a future in software and services: Recurring revenue,-0.1884720839387335,4,5,-0.0010842916978650984,0.0387512360830238
NVDA,2022-03-11,Strong Positive,Nvidia investing $10M in last-mile company Serve Robotics,0.271553670866028,3,-5,-0.018315938082475898,-0.018315938082475898
NVDA,2022-03-11,Strong Positive,Nvidia investing $10M in last-mile company Serve Robotics,0.271553670866028,3,-4,-0.0321804438296192,-0.0504963819120951
NVDA,2022-03-11,Strong Positive,Nvidia investing $10M in last-mile company Serve Robotics,0.271553670866028,3,-3,0.012235200671426999,-0.0382611812406681
NVDA,2022-03-11,Strong Positive,Nvidia investing $10M in last-mile company Serve Robotics,0.271553670866028,3,-2,0.03372382841385391,-0.004537352826814195
NVDA,2022-03-11,Strong Positive,Nvidia investing $10M in last-mile company Serve Robotics,0.271553670866028,3,-1,-0.004364011390947499,-0.008901364217761694
NVDA,2022-03-11,Strong Positive,Nvidia investing $10M in last-mile company Serve Robotics,0.271553670866028,3,0,-0.0038887243037754003,-0.012790088521537095
NVDA,2022-03-11,Strong Positive,Nvidia investing $10M in last-mile company Serve Robotics,0.271553670866028,3,1,-0.0156369522114895,-0.02842704073302659
NVDA,2022-03-11,Strong Positive,Nvidia investing $10M in last-mile company Serve Robotics,0.271553670866028,3,2,0.045660859731359,0.017233818998332408
NVDA,2022-03-11,Strong Positive,Nvidia investing $10M in last-mile company Serve Robotics,0.271553670866028,3,3,0.029208635112302393,0.0464424541106348
NVDA,2022-03-11,Strong Positive,Nvidia investing $10M in last-mile company Serve Robotics,0.271553670866028,3,4,-0.0010842916978650984,0.0453581624127697
NVDA,2022-03-11,Strong Positive,Nvidia investing $10M in last-mile company Serve Robotics,0.271553670866028,3,5,0.047649550366838406,0.0930077127796081
NVDA,2022-03-14,Strong Negative,2 Bullish Stocks in this Weak Market from The Professor!!!,-1.0,1,-5,-0.0321804438296192,-0.0321804438296192
NVDA,2022-03-14,Strong Negative,2 Bullish Stocks in this Weak Market from The Professor!!!,-1.0,1,-4,0.012235200671426999,-0.019945243158192204
NVDA,2022-03-14,Strong Negative,2 Bullish Stocks in this Weak Market from The Professor!!!,-1.0,1,-3,0.03372382841385391,0.013778585255661703
NVDA,2022-03-14,Strong Negative,2 Bullish Stocks in this Weak Market from The Professor!!!,-1.0,1,-2,-0.004364011390947499,0.009414573864714204
NVDA,2022-03-14,Strong Negative,2 Bullish Stocks in this Weak Market from The Professor!!!,-1.0,1,-1,-0.0038887243037754003,0.005525849560938803
NVDA,2022-03-14,Strong Negative,2 Bullish Stocks in this Weak Market from The Professor!!!,-1.0,1,0,-0.0156369522114895,-0.010111102650550695
NVDA,2022-03-14,Strong Negative,2 Bullish Stocks in this Weak Market from The Professor!!!,-1.0,1,1,0.045660859731359,0.035549757080808306
NVDA,2022-03-14,Strong Negative,2 Bullish Stocks in this Weak Market from The Professor!!!,-1.0,1,2,0.029208635112302393,0.06475839219311069
NVDA,2022-03-14,Strong Negative,2 Bullish Stocks in this Weak Market from The Professor!!!,-1.0,1,3,-0.0010842916978650984,0.06367410049524559
NVDA,2022-03-14,Strong Negative,2 Bullish Stocks in this Weak Market from The Professor!!!,-1.0,1,4,0.047649550366838406,0.111323650862084
NVDA,2022-03-14,Strong Negative,2 Bullish Stocks in this Weak Market from The Professor!!!,-1.0,1,5,0.0134028413649243,0.1247264922270083
NVDA,2022-03-15,Strong Positive,Aptos raises $200M to bring the Diem blockchain back to life,0.502322087252681,2,-5,0.012235200671426999,0.012235200671426999
NVDA,2022-03-15,Strong Positive,Aptos raises $200M to bring the Diem blockchain back to life,0.502322087252681,2,-4,0.03372382841385391,0.045959029085280906
NVDA,2022-03-15,Strong Positive,Aptos raises $200M to bring the Diem blockchain back to life,0.502322087252681,2,-3,-0.004364011390947499,0.04159501769433341
NVDA,2022-03-15,Strong Positive,Aptos raises $200M to bring the Diem blockchain back to life,0.502322087252681,2,-2,-0.0038887243037754003,0.037706293390558004
NVDA,2022-03-15,Strong Positive,Aptos raises $200M to bring the Diem blockchain back to life,0.502322087252681,2,-1,-0.0156369522114895,0.022069341179068506
NVDA,2022-03-15,Strong Positive,Aptos raises $200M to bring the Diem blockchain back to life,0.502322087252681,2,0,0.045660859731359,0.0677302009104275
NVDA,2022-03-15,Strong Positive,Aptos raises $200M to bring the Diem blockchain back to life,0.502322087252681,2,1,0.029208635112302393,0.0969388360227299
NVDA,2022-03-15,Strong Positive,Aptos raises $200M to bring the Diem blockchain back to life,0.502322087252681,2,2,-0.0010842916978650984,0.0958545443248648
NVDA,2022-03-15,Strong Positive,Aptos raises $200M to bring the Diem blockchain back to life,0.502322087252681,2,3,0.047649550366838406,0.14350409469170322
NVDA,2022-03-15,Strong Positive,Aptos raises $200M to bring the Diem blockchain back to life,0.502322087252681,2,4,0.0134028413649243,0.15690693605662753
NVDA,2022-03-15,Strong Positive,Aptos raises $200M to bring the Diem blockchain back to life,0.502322087252681,2,5,-0.0275075059306984,0.12939943012592914
NVDA,2022-03-17,Strong Positive,"Serve, Nvidia Formalize Partnership with $10M Investment",1.0,2,-5,-0.004364011390947499,-0.004364011390947499
NVDA,2022-03-17,Strong Positive,"Serve, Nvidia Formalize Partnership with $10M Investment",1.0,2,-4,-0.0038887243037754003,-0.0082527356947229
NVDA,2022-03-17,Strong Positive,"Serve, Nvidia Formalize Partnership with $10M Investment",1.0,2,-3,-0.0156369522114895,-0.023889687906212397
NVDA,2022-03-17,Strong Positive,"Serve, Nvidia Formalize Partnership with $10M Investment",1.0,2,-2,0.045660859731359,0.021771171825146603
NVDA,2022-03-17,Strong Positive,"Serve, Nvidia Formalize Partnership with $10M Investment",1.0,2,-1,0.029208635112302393,0.050979806937448996
NVDA,2022-03-17,Strong Positive,"Serve, Nvidia Formalize Partnership with $10M Investment",1.0,2,0,-0.0010842916978650984,0.049895515239583896
NVDA,2022-03-17,Strong Positive,"Serve, Nvidia Formalize Partnership with $10M Investment",1.0,2,1,0.047649550366838406,0.0975450656064223
NVDA,2022-03-17,Strong Positive,"Serve, Nvidia Formalize Partnership with $10M Investment",1.0,2,2,0.0134028413649243,0.1109479069713466
NVDA,2022-03-17,Strong Positive,"Serve, Nvidia Formalize Partnership with $10M Investment",1.0,2,3,-0.0275075059306984,0.0834404010406482
NVDA,2022-03-17,Strong Positive,"Serve, Nvidia Formalize Partnership with $10M Investment",1.0,2,4,-0.0191832685306533,0.0642571325099949
NVDA,2022-03-17,Strong Positive,"Serve, Nvidia Formalize Partnership with $10M Investment",1.0,2,5,0.0759241707887564,0.1401813032987513
NVDA,2022-03-18,Strong Negative,When the world runs low on neon gas,-0.5009151168377514,2,-5,-0.0038887243037754003,-0.0038887243037754003
NVDA,2022-03-18,Strong Negative,When the world runs low on neon gas,-0.5009151168377514,2,-4,-0.0156369522114895,-0.0195256765152649
NVDA,2022-03-18,Strong Negative,When the world runs low on neon gas,-0.5009151168377514,2,-3,0.045660859731359,0.0261351832160941
NVDA,2022-03-18,Strong Negative,When the world runs low on neon gas,-0.5009151168377514,2,-2,0.029208635112302393,0.055343818328396494
NVDA,2022-03-18,Strong Negative,When the world runs low on neon gas,-0.5009151168377514,2,-1,-0.0010842916978650984,0.05425952663053139
NVDA,2022-03-18,Strong Negative,When the world runs low on neon gas,-0.5009151168377514,2,0,0.047649550366838406,0.1019090769973698
NVDA,2022-03-18,Strong Negative,When the world runs low on neon gas,-0.5009151168377514,2,1,0.0134028413649243,0.1153119183622941
NVDA,2022-03-18,Strong Negative,When the world runs low on neon gas,-0.5009151168377514,2,2,-0.0275075059306984,0.0878044124315957
NVDA,2022-03-18,Strong Negative,When the world runs low on neon gas,-0.5009151168377514,2,3,-0.0191832685306533,0.0686211439009424
NVDA,2022-03-18,Strong Negative,When the world runs low on neon gas,-0.5009151168377514,2,4,0.0759241707887564,0.1445453146896988
NVDA,2022-03-18,Strong Negative,When the world runs low on neon gas,-0.5009151168377514,2,5,-0.015435951562526999,0.1291093631271718
NVDA,2022-03-22,Strong Positive,NVIDIA Launches AI Computing Platform for Medical Devices and Computational Sensing Systems,0.351428533869713,14,-5,0.045660859731359,0.045660859731359
NVDA,2022-03-22,Strong Positive,NVIDIA Launches AI Computing Platform for Medical Devices and Computational Sensing Systems,0.351428533869713,14,-4,0.029208635112302393,0.0748694948436614
NVDA,2022-03-22,Strong Positive,NVIDIA Launches AI Computing Platform for Medical Devices and Computational Sensing Systems,0.351428533869713,14,-3,-0.0010842916978650984,0.0737852031457963
NVDA,2022-03-22,Strong Positive,NVIDIA Launches AI Computing Platform for Medical Devices and Computational Sensing Systems,0.351428533869713,14,-2,0.047649550366838406,0.1214347535126347
NVDA,2022-03-22,Strong Positive,NVIDIA Launches AI Computing Platform for Medical Devices and Computational Sensing Systems,0.351428533869713,14,-1,0.0134028413649243,0.134837594877559
NVDA,2022-03-22,Strong Positive,NVIDIA Launches AI Computing Platform for Medical Devices and Computational Sensing Systems,0.351428533869713,14,0,-0.0275075059306984,0.10733008894686061
NVDA,2022-03-22,Strong Positive,NVIDIA Launches AI Computing Platform for Medical Devices and Computational Sensing Systems,0.351428533869713,14,1,-0.0191832685306533,0.0881468204162073
NVDA,2022-03-22,Strong Positive,NVIDIA Launches AI Computing Platform for Medical Devices and Computational Sensing Systems,0.351428533869713,14,2,0.0759241707887564,0.1640709912049637
NVDA,2022-03-22,Strong Positive,NVIDIA Launches AI Computing Platform for Medical Devices and Computational Sensing Systems,0.351428533869713,14,3,-0.015435951562526999,0.1486350396424367
NVDA,2022-03-22,Strong Positive,NVIDIA Launches AI Computing Platform for Medical Devices and Computational Sensing Systems,0.351428533869713,14,4,0.0035584652042348983,0.1521935048466716
NVDA,2022-03-22,Strong Positive,NVIDIA Launches AI Computing Platform for Medical Devices and Computational Sensing Systems,0.351428533869713,14,5,-0.0017236931713393005,0.1504698116753323
NVDA,2022-03-23,Strong Positive,Nvidia CEO says interested in exploring chip manufacturing with Intel,0.4041610725534112,2,-5,0.029208635112302393,0.029208635112302393
NVDA,2022-03-23,Strong Positive,Nvidia CEO says interested in exploring chip manufacturing with Intel,0.4041610725534112,2,-4,-0.0010842916978650984,0.028124343414437293
NVDA,2022-03-23,Strong Positive,Nvidia CEO says interested in exploring chip manufacturing with Intel,0.4041610725534112,2,-3,0.047649550366838406,0.07577389378127569
NVDA,2022-03-23,Strong Positive,Nvidia CEO says interested in exploring chip manufacturing with Intel,0.4041610725534112,2,-2,0.0134028413649243,0.08917673514619999
NVDA,2022-03-23,Strong Positive,Nvidia CEO says interested in exploring chip manufacturing with Intel,0.4041610725534112,2,-1,-0.0275075059306984,0.061669229215501595
NVDA,2022-03-23,Strong Positive,Nvidia CEO says interested in exploring chip manufacturing with Intel,0.4041610725534112,2,0,-0.0191832685306533,0.04248596068484829
NVDA,2022-03-23,Strong Positive,Nvidia CEO says interested in exploring chip manufacturing with Intel,0.4041610725534112,2,1,0.0759241707887564,0.1184101314736047
NVDA,2022-03-23,Strong Positive,Nvidia CEO says interested in exploring chip manufacturing with Intel,0.4041610725534112,2,2,-0.015435951562526999,0.1029741799110777
NVDA,2022-03-23,Strong Positive,Nvidia CEO says interested in exploring chip manufacturing with Intel,0.4041610725534112,2,3,0.0035584652042348983,0.1065326451153126
NVDA,2022-03-23,Strong Positive,Nvidia CEO says interested in exploring chip manufacturing with Intel,0.4041610725534112,2,4,-0.0017236931713393005,0.1048089519439733
NVDA,2022-03-23,Strong Positive,Nvidia CEO says interested in exploring chip manufacturing with Intel,0.4041610725534112,2,5,-0.022664515945217296,0.08214443599875601
NVDA,2022-03-24,Strong Negative,Nvidia considers teaming up with Intel on chip manufacturing,-0.1451322156440439,6,-5,-0.0010842916978650984,-0.0010842916978650984
NVDA,2022-03-24,Strong Negative,Nvidia considers teaming up with Intel on chip manufacturing,-0.1451322156440439,6,-4,0.047649550366838406,0.046565258668973306
NVDA,2022-03-24,Strong Negative,Nvidia considers teaming up with Intel on chip manufacturing,-0.1451322156440439,6,-3,0.0134028413649243,0.0599681000338976
NVDA,2022-03-24,Strong Negative,Nvidia considers teaming up with Intel on chip manufacturing,-0.1451322156440439,6,-2,-0.0275075059306984,0.03246059410319921
NVDA,2022-03-24,Strong Negative,Nvidia considers teaming up with Intel on chip manufacturing,-0.1451322156440439,6,-1,-0.0191832685306533,0.01327732557254591
NVDA,2022-03-24,Strong Negative,Nvidia considers teaming up with Intel on chip manufacturing,-0.1451322156440439,6,0,0.0759241707887564,0.08920149636130231
NVDA,2022-03-24,Strong Negative,Nvidia considers teaming up with Intel on chip manufacturing,-0.1451322156440439,6,1,-0.015435951562526999,0.07376554479877531
NVDA,2022-03-24,Strong Negative,Nvidia considers teaming up with Intel on chip manufacturing,-0.1451322156440439,6,2,0.0035584652042348983,0.07732401000301022
NVDA,2022-03-24,Strong Negative,Nvidia considers teaming up with Intel on chip manufacturing,-0.1451322156440439,6,3,-0.0017236931713393005,0.07560031683167091
NVDA,2022-03-24,Strong Negative,Nvidia considers teaming up with Intel on chip manufacturing,-0.1451322156440439,6,4,-0.022664515945217296,0.05293580088645362
NVDA,2022-03-24,Strong Negative,Nvidia considers teaming up with Intel on chip manufacturing,-0.1451322156440439,6,5,-0.002195667409662899,0.05074013347679072
NVDA,2022-04-05,Strong Positive,Baidu Proposes PP-YOLOE: An Evolved Version of YOLO that Achieves SOTA Performance in Object Detection,0.2490892292254318,4,-5,-0.0017236931713393005,-0.0017236931713393005
NVDA,2022-04-05,Strong Positive,Baidu Proposes PP-YOLOE: An Evolved Version of YOLO that Achieves SOTA Performance in Object Detection,0.2490892292254318,4,-4,-0.022664515945217296,-0.0243882091165566
NVDA,2022-04-05,Strong Positive,Baidu Proposes PP-YOLOE: An Evolved Version of YOLO that Achieves SOTA Performance in Object Detection,0.2490892292254318,4,-3,-0.002195667409662899,-0.026583876526219498
NVDA,2022-04-05,Strong Positive,Baidu Proposes PP-YOLOE: An Evolved Version of YOLO that Achieves SOTA Performance in Object Detection,0.2490892292254318,4,-2,-0.019132889834440503,-0.04571676636066
NVDA,2022-04-05,Strong Positive,Baidu Proposes PP-YOLOE: An Evolved Version of YOLO that Achieves SOTA Performance in Object Detection,0.2490892292254318,4,-1,0.003670211128836899,-0.0420465552318231
NVDA,2022-04-05,Strong Positive,Baidu Proposes PP-YOLOE: An Evolved Version of YOLO that Achieves SOTA Performance in Object Detection,0.2490892292254318,4,0,-0.030025558168145002,-0.07207211339996811
NVDA,2022-04-05,Strong Positive,Baidu Proposes PP-YOLOE: An Evolved Version of YOLO that Achieves SOTA Performance in Object Detection,0.2490892292254318,4,1,-0.0370599046062602,-0.1091320180062283
NVDA,2022-04-05,Strong Positive,Baidu Proposes PP-YOLOE: An Evolved Version of YOLO that Achieves SOTA Performance in Object Detection,0.2490892292254318,4,2,-0.010531474369588201,-0.11966349237581651
NVDA,2022-04-05,Strong Positive,Baidu Proposes PP-YOLOE: An Evolved Version of YOLO that Achieves SOTA Performance in Object Detection,0.2490892292254318,4,3,-0.031005716584402803,-0.15066920896021932
NVDA,2022-04-05,Strong Positive,Baidu Proposes PP-YOLOE: An Evolved Version of YOLO that Achieves SOTA Performance in Object Detection,0.2490892292254318,4,4,-0.028334700418635603,-0.1790039093788549
NVDA,2022-04-05,Strong Positive,Baidu Proposes PP-YOLOE: An Evolved Version of YOLO that Achieves SOTA Performance in Object Detection,0.2490892292254318,4,5,-0.014619105161841898,-0.1936230145406968
NVDA,2022-04-08,Strong Positive,"Which is the bigger company: AMD, Nvidia, or Intel?",0.3854591019959673,2,-5,-0.019132889834440503,-0.019132889834440503
NVDA,2022-04-08,Strong Positive,"Which is the bigger company: AMD, Nvidia, or Intel?",0.3854591019959673,2,-4,0.003670211128836899,-0.015462678705603604
NVDA,2022-04-08,Strong Positive,"Which is the bigger company: AMD, Nvidia, or Intel?",0.3854591019959673,2,-3,-0.030025558168145002,-0.0454882368737486
NVDA,2022-04-08,Strong Positive,"Which is the bigger company: AMD, Nvidia, or Intel?",0.3854591019959673,2,-2,-0.0370599046062602,-0.0825481414800088
NVDA,2022-04-08,Strong Positive,"Which is the bigger company: AMD, Nvidia, or Intel?",0.3854591019959673,2,-1,-0.010531474369588201,-0.09307961584959701
NVDA,2022-04-08,Strong Positive,"Which is the bigger company: AMD, Nvidia, or Intel?",0.3854591019959673,2,0,-0.031005716584402803,-0.12408533243399981
NVDA,2022-04-08,Strong Positive,"Which is the bigger company: AMD, Nvidia, or Intel?",0.3854591019959673,2,1,-0.028334700418635603,-0.15242003285263542
NVDA,2022-04-08,Strong Positive,"Which is the bigger company: AMD, Nvidia, or Intel?",0.3854591019959673,2,2,-0.014619105161841898,-0.1670391380144773
NVDA,2022-04-08,Strong Positive,"Which is the bigger company: AMD, Nvidia, or Intel?",0.3854591019959673,2,3,0.012178227058256202,-0.15486091095622112
NVDA,2022-04-08,Strong Positive,"Which is the bigger company: AMD, Nvidia, or Intel?",0.3854591019959673,2,4,-0.019694803542301197,-0.1745557144985223
NVDA,2022-04-08,Strong Positive,"Which is the bigger company: AMD, Nvidia, or Intel?",0.3854591019959673,2,5,0.023928529060441798,-0.1506271854380805
NVDA,2022-04-12,Strong Positive,"The end of one-chip wonders: Why Nvidia, Intel and AMD's valuations have experienced massive upheaval",0.2997131576214308,5,-5,-0.030025558168145002,-0.030025558168145002
NVDA,2022-04-12,Strong Positive,"The end of one-chip wonders: Why Nvidia, Intel and AMD's valuations have experienced massive upheaval",0.2997131576214308,5,-4,-0.0370599046062602,-0.0670854627744052
NVDA,2022-04-12,Strong Positive,"The end of one-chip wonders: Why Nvidia, Intel and AMD's valuations have experienced massive upheaval",0.2997131576214308,5,-3,-0.010531474369588201,-0.07761693714399341
NVDA,2022-04-12,Strong Positive,"The end of one-chip wonders: Why Nvidia, Intel and AMD's valuations have experienced massive upheaval",0.2997131576214308,5,-2,-0.031005716584402803,-0.10862265372839622
NVDA,2022-04-12,Strong Positive,"The end of one-chip wonders: Why Nvidia, Intel and AMD's valuations have experienced massive upheaval",0.2997131576214308,5,-1,-0.028334700418635603,-0.1369573541470318
NVDA,2022-04-12,Strong Positive,"The end of one-chip wonders: Why Nvidia, Intel and AMD's valuations have experienced massive upheaval",0.2997131576214308,5,0,-0.014619105161841898,-0.1515764593088737
NVDA,2022-04-12,Strong Positive,"The end of one-chip wonders: Why Nvidia, Intel and AMD's valuations have experienced massive upheaval",0.2997131576214308,5,1,0.012178227058256202,-0.1393982322506175
NVDA,2022-04-12,Strong Positive,"The end of one-chip wonders: Why Nvidia, Intel and AMD's valuations have experienced massive upheaval",0.2997131576214308,5,2,-0.019694803542301197,-0.1590930357929187
NVDA,2022-04-12,Strong Positive,"The end of one-chip wonders: Why Nvidia, Intel and AMD's valuations have experienced massive upheaval",0.2997131576214308,5,3,0.023928529060441798,-0.1351645067324769
NVDA,2022-04-12,Strong Positive,"The end of one-chip wonders: Why Nvidia, Intel and AMD's valuations have experienced massive upheaval",0.2997131576214308,5,4,-0.003299256102595901,-0.1384637628350728
NVDA,2022-04-12,Strong Positive,"The end of one-chip wonders: Why Nvidia, Intel and AMD's valuations have experienced massive upheaval",0.2997131576214308,5,5,-0.0176707040085572,-0.15613446684363
NVDA,2022-04-14,Strong Negative,"Broadcom Inc. stock falls Thursday, underperforms market",-1.0,1,-5,-0.010531474369588201,-0.010531474369588201
NVDA,2022-04-14,Strong Negative,"Broadcom Inc. stock falls Thursday, underperforms market",-1.0,1,-4,-0.031005716584402803,-0.041537190953991006
NVDA,2022-04-14,Strong Negative,"Broadcom Inc. stock falls Thursday, underperforms market",-1.0,1,-3,-0.028334700418635603,-0.06987189137262662
NVDA,2022-04-14,Strong Negative,"Broadcom Inc. stock falls Thursday, underperforms market",-1.0,1,-2,-0.014619105161841898,-0.08449099653446851
NVDA,2022-04-14,Strong Negative,"Broadcom Inc. stock falls Thursday, underperforms market",-1.0,1,-1,0.012178227058256202,-0.0723127694762123
NVDA,2022-04-14,Strong Negative,"Broadcom Inc. stock falls Thursday, underperforms market",-1.0,1,0,-0.019694803542301197,-0.0920075730185135
NVDA,2022-04-14,Strong Negative,"Broadcom Inc. stock falls Thursday, underperforms market",-1.0,1,1,0.023928529060441798,-0.06807904395807171
NVDA,2022-04-14,Strong Negative,"Broadcom Inc. stock falls Thursday, underperforms market",-1.0,1,2,-0.003299256102595901,-0.07137830006066762
NVDA,2022-04-14,Strong Negative,"Broadcom Inc. stock falls Thursday, underperforms market",-1.0,1,3,-0.0176707040085572,-0.08904900406922481
NVDA,2022-04-14,Strong Negative,"Broadcom Inc. stock falls Thursday, underperforms market",-1.0,1,4,-0.039778162267702304,-0.12882716633692712
NVDA,2022-04-14,Strong Negative,"Broadcom Inc. stock falls Thursday, underperforms market",-1.0,1,5,-0.0069113958915333965,-0.1357385622284605
NVDA,2022-04-19,Strong Positive,Synopsys Introduces Industry's Highest Performance Neural Processor IP,1.0,1,-5,-0.028334700418635603,-0.028334700418635603
NVDA,2022-04-19,Strong Positive,Synopsys Introduces Industry's Highest Performance Neural Processor IP,1.0,1,-4,-0.014619105161841898,-0.0429538055804775
NVDA,2022-04-19,Strong Positive,Synopsys Introduces Industry's Highest Performance Neural Processor IP,1.0,1,-3,0.012178227058256202,-0.030775578522221295
NVDA,2022-04-19,Strong Positive,Synopsys Introduces Industry's Highest Performance Neural Processor IP,1.0,1,-2,-0.019694803542301197,-0.05047038206452249
NVDA,2022-04-19,Strong Positive,Synopsys Introduces Industry's Highest Performance Neural Processor IP,1.0,1,-1,0.023928529060441798,-0.026541853004080695
NVDA,2022-04-19,Strong Positive,Synopsys Introduces Industry's Highest Performance Neural Processor IP,1.0,1,0,-0.003299256102595901,-0.029841109106676596
NVDA,2022-04-19,Strong Positive,Synopsys Introduces Industry's Highest Performance Neural Processor IP,1.0,1,1,-0.0176707040085572,-0.047511813115233795
NVDA,2022-04-19,Strong Positive,Synopsys Introduces Industry's Highest Performance Neural Processor IP,1.0,1,2,-0.039778162267702304,-0.08728997538293609
NVDA,2022-04-19,Strong Positive,Synopsys Introduces Industry's Highest Performance Neural Processor IP,1.0,1,3,-0.0069113958915333965,-0.09420137127446948
NVDA,2022-04-19,Strong Positive,Synopsys Introduces Industry's Highest Performance Neural Processor IP,1.0,1,4,0.006985295994755201,-0.08721607527971428
NVDA,2022-04-19,Strong Positive,Synopsys Introduces Industry's Highest Performance Neural Processor IP,1.0,1,5,-0.018229577235357897,-0.10544565251507218
NVDA,2022-04-20,Strong Positive,Nvidia's GPU-powered AI is creating chips with 'better than human design',1.0,1,-5,-0.014619105161841898,-0.014619105161841898
NVDA,2022-04-20,Strong Positive,Nvidia's GPU-powered AI is creating chips with 'better than human design',1.0,1,-4,0.012178227058256202,-0.002440878103585696
NVDA,2022-04-20,Strong Positive,Nvidia's GPU-powered AI is creating chips with 'better than human design',1.0,1,-3,-0.019694803542301197,-0.022135681645886893
NVDA,2022-04-20,Strong Positive,Nvidia's GPU-powered AI is creating chips with 'better than human design',1.0,1,-2,0.023928529060441798,0.0017928474145549045
NVDA,2022-04-20,Strong Positive,Nvidia's GPU-powered AI is creating chips with 'better than human design',1.0,1,-1,-0.003299256102595901,-0.0015064086880409965
NVDA,2022-04-20,Strong Positive,Nvidia's GPU-powered AI is creating chips with 'better than human design',1.0,1,0,-0.0176707040085572,-0.019177112696598195
NVDA,2022-04-20,Strong Positive,Nvidia's GPU-powered AI is creating chips with 'better than human design',1.0,1,1,-0.039778162267702304,-0.0589552749643005
NVDA,2022-04-20,Strong Positive,Nvidia's GPU-powered AI is creating chips with 'better than human design',1.0,1,2,-0.0069113958915333965,-0.06586667085583389
NVDA,2022-04-20,Strong Positive,Nvidia's GPU-powered AI is creating chips with 'better than human design',1.0,1,3,0.006985295994755201,-0.058881374861078695
NVDA,2022-04-20,Strong Positive,Nvidia's GPU-powered AI is creating chips with 'better than human design',1.0,1,4,-0.018229577235357897,-0.07711095209643659
NVDA,2022-04-20,Strong Positive,Nvidia's GPU-powered AI is creating chips with 'better than human design',1.0,1,5,-0.0186547299404834,-0.09576568203691999
NVDA,2022-04-26,Strong Negative,Chipmaker Texas Instruments expects revenue hit as China lockdowns dent demand,-1.0,1,-5,-0.003299256102595901,-0.003299256102595901
NVDA,2022-04-26,Strong Negative,Chipmaker Texas Instruments expects revenue hit as China lockdowns dent demand,-1.0,1,-4,-0.0176707040085572,-0.0209699601111531
NVDA,2022-04-26,Strong Negative,Chipmaker Texas Instruments expects revenue hit as China lockdowns dent demand,-1.0,1,-3,-0.039778162267702304,-0.06074812237885541
NVDA,2022-04-26,Strong Negative,Chipmaker Texas Instruments expects revenue hit as China lockdowns dent demand,-1.0,1,-2,-0.0069113958915333965,-0.0676595182703888
NVDA,2022-04-26,Strong Negative,Chipmaker Texas Instruments expects revenue hit as China lockdowns dent demand,-1.0,1,-1,0.006985295994755201,-0.0606742222756336
NVDA,2022-04-26,Strong Negative,Chipmaker Texas Instruments expects revenue hit as China lockdowns dent demand,-1.0,1,0,-0.018229577235357897,-0.0789037995109915
NVDA,2022-04-26,Strong Negative,Chipmaker Texas Instruments expects revenue hit as China lockdowns dent demand,-1.0,1,1,-0.0186547299404834,-0.09755852945147489
NVDA,2022-04-26,Strong Negative,Chipmaker Texas Instruments expects revenue hit as China lockdowns dent demand,-1.0,1,2,0.03871733795288781,-0.05884119149858708
NVDA,2022-04-26,Strong Negative,Chipmaker Texas Instruments expects revenue hit as China lockdowns dent demand,-1.0,1,3,-0.017431984208532002,-0.07627317570711908
NVDA,2022-04-26,Strong Negative,Chipmaker Texas Instruments expects revenue hit as China lockdowns dent demand,-1.0,1,4,0.0364662640353659,-0.03980691167175318
NVDA,2022-04-26,Strong Negative,Chipmaker Texas Instruments expects revenue hit as China lockdowns dent demand,-1.0,1,5,0.0024647613255050996,-0.03734215034624808
NVDA,2022-05-05,Strong Positive,Toyota to apply artificial intelligence to boost efficiency in its factories,0.5332238658813674,2,-5,0.03871733795288781,0.03871733795288781
NVDA,2022-05-05,Strong Positive,Toyota to apply artificial intelligence to boost efficiency in its factories,0.5332238658813674,2,-4,-0.017431984208532002,0.021285353744355806
NVDA,2022-05-05,Strong Positive,Toyota to apply artificial intelligence to boost efficiency in its factories,0.5332238658813674,2,-3,0.0364662640353659,0.05775161777972171
NVDA,2022-05-05,Strong Positive,Toyota to apply artificial intelligence to boost efficiency in its factories,0.5332238658813674,2,-2,0.0024647613255050996,0.06021637910522681
NVDA,2022-05-05,Strong Positive,Toyota to apply artificial intelligence to boost efficiency in its factories,0.5332238658813674,2,-1,0.0035310050313973954,0.0637473841366242
NVDA,2022-05-05,Strong Positive,Toyota to apply artificial intelligence to boost efficiency in its factories,0.5332238658813674,2,0,-0.022912240102027,0.040835144034597204
NVDA,2022-05-05,Strong Positive,Toyota to apply artificial intelligence to boost efficiency in its factories,0.5332238658813674,2,1,0.0030125049076459003,0.043847648942243106
NVDA,2022-05-05,Strong Positive,Toyota to apply artificial intelligence to boost efficiency in its factories,0.5332238658813674,2,2,-0.0532426841622311,-0.009395035219987996
NVDA,2022-05-05,Strong Positive,Toyota to apply artificial intelligence to boost efficiency in its factories,0.5332238658813674,2,3,0.025904525599222003,0.016509490379234007
NVDA,2022-05-05,Strong Positive,Toyota to apply artificial intelligence to boost efficiency in its factories,0.5332238658813674,2,4,-0.025187367130415104,-0.008677876751181098
NVDA,2022-05-05,Strong Positive,Toyota to apply artificial intelligence to boost efficiency in its factories,0.5332238658813674,2,5,-0.0249952047932464,-0.0336730815444275
NVDA,2022-05-06,Strong Negative,Nvidia fined $5.5M by SEC over failing to disclose crypto as revenue generator,-1.0,3,-5,-0.017431984208532002,-0.017431984208532002
NVDA,2022-05-06,Strong Negative,Nvidia fined $5.5M by SEC over failing to disclose crypto as revenue generator,-1.0,3,-4,0.0364662640353659,0.0190342798268339
NVDA,2022-05-06,Strong Negative,Nvidia fined $5.5M by SEC over failing to disclose crypto as revenue generator,-1.0,3,-3,0.0024647613255050996,0.021499041152339
NVDA,2022-05-06,Strong Negative,Nvidia fined $5.5M by SEC over failing to disclose crypto as revenue generator,-1.0,3,-2,0.0035310050313973954,0.025030046183736394
NVDA,2022-05-06,Strong Negative,Nvidia fined $5.5M by SEC over failing to disclose crypto as revenue generator,-1.0,3,-1,-0.022912240102027,0.002117806081709396
NVDA,2022-05-06,Strong Negative,Nvidia fined $5.5M by SEC over failing to disclose crypto as revenue generator,-1.0,3,0,0.0030125049076459003,0.005130310989355296
NVDA,2022-05-06,Strong Negative,Nvidia fined $5.5M by SEC over failing to disclose crypto as revenue generator,-1.0,3,1,-0.0532426841622311,-0.048112373172875804
NVDA,2022-05-06,Strong Negative,Nvidia fined $5.5M by SEC over failing to disclose crypto as revenue generator,-1.0,3,2,0.025904525599222003,-0.0222078475736538
NVDA,2022-05-06,Strong Negative,Nvidia fined $5.5M by SEC over failing to disclose crypto as revenue generator,-1.0,3,3,-0.025187367130415104,-0.047395214704068905
NVDA,2022-05-06,Strong Negative,Nvidia fined $5.5M by SEC over failing to disclose crypto as revenue generator,-1.0,3,4,-0.0249952047932464,-0.07239041949731531
NVDA,2022-05-06,Strong Negative,Nvidia fined $5.5M by SEC over failing to disclose crypto as revenue generator,-1.0,3,5,0.057592473486545295,-0.014797946010770016
NVDA,2022-05-09,Strong Negative,NVIDIA (NVDA) Fined $5.5M for Failing to Disclose Crypto Mining Impact,-1.0,1,-5,0.0364662640353659,0.0364662640353659
NVDA,2022-05-09,Strong Negative,NVIDIA (NVDA) Fined $5.5M for Failing to Disclose Crypto Mining Impact,-1.0,1,-4,0.0024647613255050996,0.038931025360871
NVDA,2022-05-09,Strong Negative,NVIDIA (NVDA) Fined $5.5M for Failing to Disclose Crypto Mining Impact,-1.0,1,-3,0.0035310050313973954,0.042462030392268396
NVDA,2022-05-09,Strong Negative,NVIDIA (NVDA) Fined $5.5M for Failing to Disclose Crypto Mining Impact,-1.0,1,-2,-0.022912240102027,0.019549790290241398
NVDA,2022-05-09,Strong Negative,NVIDIA (NVDA) Fined $5.5M for Failing to Disclose Crypto Mining Impact,-1.0,1,-1,0.0030125049076459003,0.0225622951978873
NVDA,2022-05-09,Strong Negative,NVIDIA (NVDA) Fined $5.5M for Failing to Disclose Crypto Mining Impact,-1.0,1,0,-0.0532426841622311,-0.030680388964343802
NVDA,2022-05-09,Strong Negative,NVIDIA (NVDA) Fined $5.5M for Failing to Disclose Crypto Mining Impact,-1.0,1,1,0.025904525599222003,-0.004775863365121799
NVDA,2022-05-09,Strong Negative,NVIDIA (NVDA) Fined $5.5M for Failing to Disclose Crypto Mining Impact,-1.0,1,2,-0.025187367130415104,-0.029963230495536904
NVDA,2022-05-09,Strong Negative,NVIDIA (NVDA) Fined $5.5M for Failing to Disclose Crypto Mining Impact,-1.0,1,3,-0.0249952047932464,-0.0549584352887833
NVDA,2022-05-09,Strong Negative,NVIDIA (NVDA) Fined $5.5M for Failing to Disclose Crypto Mining Impact,-1.0,1,4,0.057592473486545295,0.0026340381977619926
NVDA,2022-05-09,Strong Negative,NVIDIA (NVDA) Fined $5.5M for Failing to Disclose Crypto Mining Impact,-1.0,1,5,-0.013371917333064198,-0.010737879135302206
NVDA,2022-05-10,Strong Positive,"Intel launches new AI chips, challenging Nvidia's market",0.5006675283792675,5,-5,0.0024647613255050996,0.0024647613255050996
NVDA,2022-05-10,Strong Positive,"Intel launches new AI chips, challenging Nvidia's market",0.5006675283792675,5,-4,0.0035310050313973954,0.005995766356902495
NVDA,2022-05-10,Strong Positive,"Intel launches new AI chips, challenging Nvidia's market",0.5006675283792675,5,-3,-0.022912240102027,-0.016916473745124505
NVDA,2022-05-10,Strong Positive,"Intel launches new AI chips, challenging Nvidia's market",0.5006675283792675,5,-2,0.0030125049076459003,-0.013903968837478605
NVDA,2022-05-10,Strong Positive,"Intel launches new AI chips, challenging Nvidia's market",0.5006675283792675,5,-1,-0.0532426841622311,-0.0671466529997097
NVDA,2022-05-10,Strong Positive,"Intel launches new AI chips, challenging Nvidia's market",0.5006675283792675,5,0,0.025904525599222003,-0.0412421274004877
NVDA,2022-05-10,Strong Positive,"Intel launches new AI chips, challenging Nvidia's market",0.5006675283792675,5,1,-0.025187367130415104,-0.0664294945309028
NVDA,2022-05-10,Strong Positive,"Intel launches new AI chips, challenging Nvidia's market",0.5006675283792675,5,2,-0.0249952047932464,-0.0914246993241492
NVDA,2022-05-10,Strong Positive,"Intel launches new AI chips, challenging Nvidia's market",0.5006675283792675,5,3,0.057592473486545295,-0.03383222583760391
NVDA,2022-05-10,Strong Positive,"Intel launches new AI chips, challenging Nvidia's market",0.5006675283792675,5,4,-0.013371917333064198,-0.04720414317066811
NVDA,2022-05-10,Strong Positive,"Intel launches new AI chips, challenging Nvidia's market",0.5006675283792675,5,5,0.0269834027405402,-0.02022074043012791
NVDA,2022-05-12,Strong Positive,Improving PPA With AI,0.3497861031075965,3,-5,-0.022912240102027,-0.022912240102027
NVDA,2022-05-12,Strong Positive,Improving PPA With AI,0.3497861031075965,3,-4,0.0030125049076459003,-0.019899735194381096
NVDA,2022-05-12,Strong Positive,Improving PPA With AI,0.3497861031075965,3,-3,-0.0532426841622311,-0.0731424193566122
NVDA,2022-05-12,Strong Positive,Improving PPA With AI,0.3497861031075965,3,-2,0.025904525599222003,-0.047237893757390195
NVDA,2022-05-12,Strong Positive,Improving PPA With AI,0.3497861031075965,3,-1,-0.025187367130415104,-0.07242526088780529
NVDA,2022-05-12,Strong Positive,Improving PPA With AI,0.3497861031075965,3,0,-0.0249952047932464,-0.0974204656810517
NVDA,2022-05-12,Strong Positive,Improving PPA With AI,0.3497861031075965,3,1,0.057592473486545295,-0.039827992194506404
NVDA,2022-05-12,Strong Positive,Improving PPA With AI,0.3497861031075965,3,2,-0.013371917333064198,-0.0531999095275706
NVDA,2022-05-12,Strong Positive,Improving PPA With AI,0.3497861031075965,3,3,0.0269834027405402,-0.026216506787030403
NVDA,2022-05-12,Strong Positive,Improving PPA With AI,0.3497861031075965,3,4,-0.019072974912110602,-0.045289481699141
NVDA,2022-05-12,Strong Positive,Improving PPA With AI,0.3497861031075965,3,5,0.0163394140332218,-0.0289500676659192
NVDA,2022-05-18,Strong Positive,HP Envy 34 All-in-One Desktop review: A big-screen AIO for power users and creators,0.3043017726478843,3,-5,-0.025187367130415104,-0.025187367130415104
NVDA,2022-05-18,Strong Positive,HP Envy 34 All-in-One Desktop review: A big-screen AIO for power users and creators,0.3043017726478843,3,-4,-0.0249952047932464,-0.050182571923661504
NVDA,2022-05-18,Strong Positive,HP Envy 34 All-in-One Desktop review: A big-screen AIO for power users and creators,0.3043017726478843,3,-3,0.057592473486545295,0.007409901562883792
NVDA,2022-05-18,Strong Positive,HP Envy 34 All-in-One Desktop review: A big-screen AIO for power users and creators,0.3043017726478843,3,-2,-0.013371917333064198,-0.005962015770180407
NVDA,2022-05-18,Strong Positive,HP Envy 34 All-in-One Desktop review: A big-screen AIO for power users and creators,0.3043017726478843,3,-1,0.0269834027405402,0.021021386970359792
NVDA,2022-05-18,Strong Positive,HP Envy 34 All-in-One Desktop review: A big-screen AIO for power users and creators,0.3043017726478843,3,0,-0.019072974912110602,0.0019484120582491903
NVDA,2022-05-18,Strong Positive,HP Envy 34 All-in-One Desktop review: A big-screen AIO for power users and creators,0.3043017726478843,3,1,0.0163394140332218,0.01828782609147099
NVDA,2022-05-18,Strong Positive,HP Envy 34 All-in-One Desktop review: A big-screen AIO for power users and creators,0.3043017726478843,3,2,-0.0220029581059341,-0.0037151320144631107
NVDA,2022-05-18,Strong Positive,HP Envy 34 All-in-One Desktop review: A big-screen AIO for power users and creators,0.3043017726478843,3,3,-0.004407305176313601,-0.008122437190776712
NVDA,2022-05-18,Strong Positive,HP Envy 34 All-in-One Desktop review: A big-screen AIO for power users and creators,0.3043017726478843,3,4,-0.022766534883321598,-0.03088897207409831
NVDA,2022-05-18,Strong Positive,HP Envy 34 All-in-One Desktop review: A big-screen AIO for power users and creators,0.3043017726478843,3,5,0.036827781987604204,0.005938809913505892
NVDA,2022-05-19,Strong Negative,上海汽車、「純中国産」に固執せず自動運転タクシー開発,-0.3163678863033453,3,-5,-0.0249952047932464,-0.0249952047932464
NVDA,2022-05-19,Strong Negative,上海汽車、「純中国産」に固執せず自動運転タクシー開発,-0.3163678863033453,3,-4,0.057592473486545295,0.032597268693298896
NVDA,2022-05-19,Strong Negative,上海汽車、「純中国産」に固執せず自動運転タクシー開発,-0.3163678863033453,3,-3,-0.013371917333064198,0.019225351360234698
NVDA,2022-05-19,Strong Negative,上海汽車、「純中国産」に固執せず自動運転タクシー開発,-0.3163678863033453,3,-2,0.0269834027405402,0.04620875410077489
NVDA,2022-05-19,Strong Negative,上海汽車、「純中国産」に固執せず自動運転タクシー開発,-0.3163678863033453,3,-1,-0.019072974912110602,0.02713577918866429
NVDA,2022-05-19,Strong Negative,上海汽車、「純中国産」に固執せず自動運転タクシー開発,-0.3163678863033453,3,0,0.0163394140332218,0.04347519322188609
NVDA,2022-05-19,Strong Negative,上海汽車、「純中国産」に固執せず自動運転タクシー開発,-0.3163678863033453,3,1,-0.0220029581059341,0.021472235115951987
NVDA,2022-05-19,Strong Negative,上海汽車、「純中国産」に固執せず自動運転タクシー開発,-0.3163678863033453,3,2,-0.004407305176313601,0.017064929939638387
NVDA,2022-05-19,Strong Negative,上海汽車、「純中国産」に固執せず自動運転タクシー開発,-0.3163678863033453,3,3,-0.022766534883321598,-0.0057016049436832104
NVDA,2022-05-19,Strong Negative,上海汽車、「純中国産」に固執せず自動運転タクシー開発,-0.3163678863033453,3,4,0.036827781987604204,0.031126177043920993
NVDA,2022-05-19,Strong Negative,上海汽車、「純中国産」に固執せず自動運転タクシー開発,-0.3163678863033453,3,5,0.023898081384928802,0.055024258428849795
NVDA,2022-05-25,Strong Negative,The Next $1 Trillion US Tech Stock Is Far Away From Joining Exclusive Club,-0.1136203442647277,4,-5,-0.019072974912110602,-0.019072974912110602
NVDA,2022-05-25,Strong Negative,The Next $1 Trillion US Tech Stock Is Far Away From Joining Exclusive Club,-0.1136203442647277,4,-4,0.0163394140332218,-0.0027335608788888015
NVDA,2022-05-25,Strong Negative,The Next $1 Trillion US Tech Stock Is Far Away From Joining Exclusive Club,-0.1136203442647277,4,-3,-0.0220029581059341,-0.024736518984822903
NVDA,2022-05-25,Strong Negative,The Next $1 Trillion US Tech Stock Is Far Away From Joining Exclusive Club,-0.1136203442647277,4,-2,-0.004407305176313601,-0.029143824161136506
NVDA,2022-05-25,Strong Negative,The Next $1 Trillion US Tech Stock Is Far Away From Joining Exclusive Club,-0.1136203442647277,4,-1,-0.022766534883321598,-0.05191035904445811
NVDA,2022-05-25,Strong Negative,The Next $1 Trillion US Tech Stock Is Far Away From Joining Exclusive Club,-0.1136203442647277,4,0,0.036827781987604204,-0.015082577056853903
NVDA,2022-05-25,Strong Negative,The Next $1 Trillion US Tech Stock Is Far Away From Joining Exclusive Club,-0.1136203442647277,4,1,0.023898081384928802,0.008815504328074899
NVDA,2022-05-25,Strong Negative,The Next $1 Trillion US Tech Stock Is Far Away From Joining Exclusive Club,-0.1136203442647277,4,2,0.0211388875676261,0.029954391895701
NVDA,2022-05-25,Strong Negative,The Next $1 Trillion US Tech Stock Is Far Away From Joining Exclusive Club,-0.1136203442647277,4,3,-0.0047361744178161,0.0252182174778849
NVDA,2022-05-25,Strong Negative,The Next $1 Trillion US Tech Stock Is Far Away From Joining Exclusive Club,-0.1136203442647277,4,4,-0.0114561545289874,0.013762062948897499
NVDA,2022-05-25,Strong Negative,The Next $1 Trillion US Tech Stock Is Far Away From Joining Exclusive Club,-0.1136203442647277,4,5,0.042046948082357295,0.055809011031254796
NVDA,2022-06-09,Strong Positive,Nvidia’s Data Center Segment Becomes its Biggest Revenue Contributor for Q1 2022,1.0,1,-5,0.042046948082357295,0.042046948082357295
NVDA,2022-06-09,Strong Positive,Nvidia’s Data Center Segment Becomes its Biggest Revenue Contributor for Q1 2022,1.0,1,-4,-0.0184886414635422,0.023558306618815094
NVDA,2022-06-09,Strong Positive,Nvidia’s Data Center Segment Becomes its Biggest Revenue Contributor for Q1 2022,1.0,1,-3,0.00019466262107820011,0.023752969239893295
NVDA,2022-06-09,Strong Positive,Nvidia’s Data Center Segment Becomes its Biggest Revenue Contributor for Q1 2022,1.0,1,-2,-0.0011736264723801,0.022579342767513194
NVDA,2022-06-09,Strong Positive,Nvidia’s Data Center Segment Becomes its Biggest Revenue Contributor for Q1 2022,1.0,1,-1,-0.007283853493338199,0.015295489274174994
NVDA,2022-06-09,Strong Positive,Nvidia’s Data Center Segment Becomes its Biggest Revenue Contributor for Q1 2022,1.0,1,0,-0.005389928861487297,0.009905560412687697
NVDA,2022-06-09,Strong Positive,Nvidia’s Data Center Segment Becomes its Biggest Revenue Contributor for Q1 2022,1.0,1,1,-0.024237832087040896,-0.014332271674353199
NVDA,2022-06-09,Strong Positive,Nvidia’s Data Center Segment Becomes its Biggest Revenue Contributor for Q1 2022,1.0,1,2,-0.0316820740646189,-0.0460143457389721
NVDA,2022-06-09,Strong Positive,Nvidia’s Data Center Segment Becomes its Biggest Revenue Contributor for Q1 2022,1.0,1,3,0.0102635761201822,-0.035750769618789896
NVDA,2022-06-09,Strong Positive,Nvidia’s Data Center Segment Becomes its Biggest Revenue Contributor for Q1 2022,1.0,1,4,0.0186628391068255,-0.017087930511964396
NVDA,2022-06-09,Strong Positive,Nvidia’s Data Center Segment Becomes its Biggest Revenue Contributor for Q1 2022,1.0,1,5,-0.015683228859089397,-0.03277115937105379
NVDA,2022-06-10,Strong Negative,Is the Roundhill Ball Metaverse ETF (METV) Right for You?,-0.2295701467925811,4,-5,-0.0184886414635422,-0.0184886414635422
NVDA,2022-06-10,Strong Negative,Is the Roundhill Ball Metaverse ETF (METV) Right for You?,-0.2295701467925811,4,-4,0.00019466262107820011,-0.018293978842464
NVDA,2022-06-10,Strong Negative,Is the Roundhill Ball Metaverse ETF (METV) Right for You?,-0.2295701467925811,4,-3,-0.0011736264723801,-0.0194676053148441
NVDA,2022-06-10,Strong Negative,Is the Roundhill Ball Metaverse ETF (METV) Right for You?,-0.2295701467925811,4,-2,-0.007283853493338199,-0.0267514588081823
NVDA,2022-06-10,Strong Negative,Is the Roundhill Ball Metaverse ETF (METV) Right for You?,-0.2295701467925811,4,-1,-0.005389928861487297,-0.0321413876696696
NVDA,2022-06-10,Strong Negative,Is the Roundhill Ball Metaverse ETF (METV) Right for You?,-0.2295701467925811,4,0,-0.024237832087040896,-0.056379219756710494
NVDA,2022-06-10,Strong Negative,Is the Roundhill Ball Metaverse ETF (METV) Right for You?,-0.2295701467925811,4,1,-0.0316820740646189,-0.08806129382132939
NVDA,2022-06-10,Strong Negative,Is the Roundhill Ball Metaverse ETF (METV) Right for You?,-0.2295701467925811,4,2,0.0102635761201822,-0.0777977177011472
NVDA,2022-06-10,Strong Negative,Is the Roundhill Ball Metaverse ETF (METV) Right for You?,-0.2295701467925811,4,3,0.0186628391068255,-0.0591348785943217
NVDA,2022-06-10,Strong Negative,Is the Roundhill Ball Metaverse ETF (METV) Right for You?,-0.2295701467925811,4,4,-0.015683228859089397,-0.0748181074534111
NVDA,2022-06-10,Strong Negative,Is the Roundhill Ball Metaverse ETF (METV) Right for You?,-0.2295701467925811,4,5,0.005724139080969902,-0.0690939683724412
NVDA,2022-06-13,Strong Negative,7 Founder-Led Stocks to Buy and Hold Forever,-0.0404389551092987,4,-5,0.00019466262107820011,0.00019466262107820011
NVDA,2022-06-13,Strong Negative,7 Founder-Led Stocks to Buy and Hold Forever,-0.0404389551092987,4,-4,-0.0011736264723801,-0.0009789638513018999
NVDA,2022-06-13,Strong Negative,7 Founder-Led Stocks to Buy and Hold Forever,-0.0404389551092987,4,-3,-0.007283853493338199,-0.0082628173446401
NVDA,2022-06-13,Strong Negative,7 Founder-Led Stocks to Buy and Hold Forever,-0.0404389551092987,4,-2,-0.005389928861487297,-0.013652746206127397
NVDA,2022-06-13,Strong Negative,7 Founder-Led Stocks to Buy and Hold Forever,-0.0404389551092987,4,-1,-0.024237832087040896,-0.03789057829316829
NVDA,2022-06-13,Strong Negative,7 Founder-Led Stocks to Buy and Hold Forever,-0.0404389551092987,4,0,-0.0316820740646189,-0.06957265235778719
NVDA,2022-06-13,Strong Negative,7 Founder-Led Stocks to Buy and Hold Forever,-0.0404389551092987,4,1,0.0102635761201822,-0.05930907623760499
NVDA,2022-06-13,Strong Negative,7 Founder-Led Stocks to Buy and Hold Forever,-0.0404389551092987,4,2,0.0186628391068255,-0.040646237130779486
NVDA,2022-06-13,Strong Negative,7 Founder-Led Stocks to Buy and Hold Forever,-0.0404389551092987,4,3,-0.015683228859089397,-0.056329465989868883
NVDA,2022-06-13,Strong Negative,7 Founder-Led Stocks to Buy and Hold Forever,-0.0404389551092987,4,4,0.005724139080969902,-0.05060532690889898
NVDA,2022-06-13,Strong Negative,7 Founder-Led Stocks to Buy and Hold Forever,-0.0404389551092987,4,5,0.0179690385133533,-0.03263628839554568
NVDA,2022-06-29,Strong Positive,Siemens and NVIDIA to Enable Industrial Metaverse,0.5697418101039152,2,-5,-0.0109763997551862,-0.0109763997551862
NVDA,2022-06-29,Strong Positive,Siemens and NVIDIA to Enable Industrial Metaverse,0.5697418101039152,2,-4,-0.0231448081453694,-0.0341212079005556
NVDA,2022-06-29,Strong Positive,Siemens and NVIDIA to Enable Industrial Metaverse,0.5697418101039152,2,-3,0.021268214094666303,-0.0128529938058893
NVDA,2022-06-29,Strong Positive,Siemens and NVIDIA to Enable Industrial Metaverse,0.5697418101039152,2,-2,-0.0076749925292555,-0.0205279863351448
NVDA,2022-06-29,Strong Positive,Siemens and NVIDIA to Enable Industrial Metaverse,0.5697418101039152,2,-1,-0.0221147159919367,-0.0426427023270815
NVDA,2022-06-29,Strong Positive,Siemens and NVIDIA to Enable Industrial Metaverse,0.5697418101039152,2,0,-0.0284479908364526,-0.0710906931635341
NVDA,2022-06-29,Strong Positive,Siemens and NVIDIA to Enable Industrial Metaverse,0.5697418101039152,2,1,-0.012239681001579102,-0.0833303741651132
NVDA,2022-06-29,Strong Positive,Siemens and NVIDIA to Enable Industrial Metaverse,0.5697418101039152,2,2,-0.0485560865703158,-0.131886460735429
NVDA,2022-06-29,Strong Positive,Siemens and NVIDIA to Enable Industrial Metaverse,0.5697418101039152,2,3,0.0132461186437955,-0.1186403420916335
NVDA,2022-06-29,Strong Positive,Siemens and NVIDIA to Enable Industrial Metaverse,0.5697418101039152,2,4,0.0046812116532058004,-0.1139591304384277
NVDA,2022-06-29,Strong Positive,Siemens and NVIDIA to Enable Industrial Metaverse,0.5697418101039152,2,5,0.026717485479381298,-0.0872416449590464
NVDA,2026-08-24,Strong Negative,NVDA Invests In Blackstone-Backed Lancium To Expand AI Data Center Capacity,-0.0916817437452049,40,-5,0.0009752127864715,0.0009752127864715
NVDA,2026-08-24,Strong Negative,NVDA Invests In Blackstone-Backed Lancium To Expand AI Data Center Capacity,-0.0916817437452049,40,-4,-0.0064866303970781,-0.005511417610606599
NVDA,2026-08-24,Strong Negative,NVDA Invests In Blackstone-Backed Lancium To Expand AI Data Center Capacity,-0.0916817437452049,40,-3,-0.0079278580232573,-0.0134392756338639
NVDA,2026-08-24,Strong Negative,NVDA Invests In Blackstone-Backed Lancium To Expand AI Data Center Capacity,-0.0916817437452049,40,-2,0.003928539474898501,-0.009510736158965399
NVDA,2026-08-24,Strong Negative,NVDA Invests In Blackstone-Backed Lancium To Expand AI Data Center Capacity,-0.0916817437452049,40,-1,-0.013353080629841101,-0.0228638167888065
NVDA,2026-08-24,Strong Negative,NVDA Invests In Blackstone-Backed Lancium To Expand AI Data Center Capacity,-0.0916817437452049,40,0,-0.019081319025224,-0.041945135814030504
NVDA,2026-08-24,Strong Negative,NVDA Invests In Blackstone-Backed Lancium To Expand AI Data Center Capacity,-0.0916817437452049,40,1,0.0156911843519873,-0.026253951462043203
NVDA,2026-08-24,Strong Negative,NVDA Invests In Blackstone-Backed Lancium To Expand AI Data Center Capacity,-0.0916817437452049,40,2,-0.0168263546104834,-0.04308030607252661
NVDA,2026-08-24,Strong Negative,NVDA Invests In Blackstone-Backed Lancium To Expand AI Data Center Capacity,-0.0916817437452049,40,3,0.07368765088442,0.030607344811893394
NVDA,2026-08-24,Strong Negative,NVDA Invests In Blackstone-Backed Lancium To Expand AI Data Center Capacity,-0.0916817437452049,40,4,-0.039259611324423696,-0.008652266512530302
NVDA,2026-08-24,Strong Negative,NVDA Invests In Blackstone-Backed Lancium To Expand AI Data Center Capacity,-0.0916817437452049,40,5,0.0143865006388304,0.005734234126300098
NVDA,2026-08-25,Strong Positive,"India AI Data Center Firm Orders 9,000 Nvidia Vera Rubin Systems",0.3514606222474493,42,-5,-0.0064866303970781,-0.0064866303970781
NVDA,2026-08-25,Strong Positive,"India AI Data Center Firm Orders 9,000 Nvidia Vera Rubin Systems",0.3514606222474493,42,-4,-0.0079278580232573,-0.0144144884203354
NVDA,2026-08-25,Strong Positive,"India AI Data Center Firm Orders 9,000 Nvidia Vera Rubin Systems",0.3514606222474493,42,-3,0.003928539474898501,-0.010485948945436899
NVDA,2026-08-25,Strong Positive,"India AI Data Center Firm Orders 9,000 Nvidia Vera Rubin Systems",0.3514606222474493,42,-2,-0.013353080629841101,-0.023839029575278
NVDA,2026-08-25,Strong Positive,"India AI Data Center Firm Orders 9,000 Nvidia Vera Rubin Systems",0.3514606222474493,42,-1,-0.019081319025224,-0.042920348600502
NVDA,2026-08-25,Strong Positive,"India AI Data Center Firm Orders 9,000 Nvidia Vera Rubin Systems",0.3514606222474493,42,0,0.0156911843519873,-0.0272291642485147
NVDA,2026-08-25,Strong Positive,"India AI Data Center Firm Orders 9,000 Nvidia Vera Rubin Systems",0.3514606222474493,42,1,-0.0168263546104834,-0.0440555188589981
NVDA,2026-08-25,Strong Positive,"India AI Data Center Firm Orders 9,000 Nvidia Vera Rubin Systems",0.3514606222474493,42,2,0.07368765088442,0.029632132025421906
NVDA,2026-08-25,Strong Positive,"India AI Data Center Firm Orders 9,000 Nvidia Vera Rubin Systems",0.3514606222474493,42,3,-0.039259611324423696,-0.00962747929900179
NVDA,2026-08-25,Strong Positive,"India AI Data Center Firm Orders 9,000 Nvidia Vera Rubin Systems",0.3514606222474493,42,4,0.0143865006388304,0.00475902133982861
NVDA,2026-08-25,Strong Positive,"India AI Data Center Firm Orders 9,000 Nvidia Vera Rubin Systems",0.3514606222474493,42,5,-0.0024042480566006004,0.0023547732832280097
NVDA,2026-08-26,Strong Negative,Shay Boloor Highlights Nvidia's 'Fundamentally Illogical' Valuation Discount As NVDA Eyes 'World Leader' Status In CPUs,-0.121220637515476,18,-5,-0.0079278580232573,-0.0079278580232573
NVDA,2026-08-26,Strong Negative,Shay Boloor Highlights Nvidia's 'Fundamentally Illogical' Valuation Discount As NVDA Eyes 'World Leader' Status In CPUs,-0.121220637515476,18,-4,0.003928539474898501,-0.003999318548358799
NVDA,2026-08-26,Strong Negative,Shay Boloor Highlights Nvidia's 'Fundamentally Illogical' Valuation Discount As NVDA Eyes 'World Leader' Status In CPUs,-0.121220637515476,18,-3,-0.013353080629841101,-0.0173523991781999
NVDA,2026-08-26,Strong Negative,Shay Boloor Highlights Nvidia's 'Fundamentally Illogical' Valuation Discount As NVDA Eyes 'World Leader' Status In CPUs,-0.121220637515476,18,-2,-0.019081319025224,-0.0364337182034239
NVDA,2026-08-26,Strong Negative,Shay Boloor Highlights Nvidia's 'Fundamentally Illogical' Valuation Discount As NVDA Eyes 'World Leader' Status In CPUs,-0.121220637515476,18,-1,0.0156911843519873,-0.0207425338514366
NVDA,2026-08-26,Strong Negative,Shay Boloor Highlights Nvidia's 'Fundamentally Illogical' Valuation Discount As NVDA Eyes 'World Leader' Status In CPUs,-0.121220637515476,18,0,-0.0168263546104834,-0.03756888846192
NVDA,2026-08-26,Strong Negative,Shay Boloor Highlights Nvidia's 'Fundamentally Illogical' Valuation Discount As NVDA Eyes 'World Leader' Status In CPUs,-0.121220637515476,18,1,0.07368765088442,0.036118762422500006
NVDA,2026-08-26,Strong Negative,Shay Boloor Highlights Nvidia's 'Fundamentally Illogical' Valuation Discount As NVDA Eyes 'World Leader' Status In CPUs,-0.121220637515476,18,2,-0.039259611324423696,-0.00314084890192369
NVDA,2026-08-26,Strong Negative,Shay Boloor Highlights Nvidia's 'Fundamentally Illogical' Valuation Discount As NVDA Eyes 'World Leader' Status In CPUs,-0.121220637515476,18,3,0.0143865006388304,0.01124565173690671
NVDA,2026-08-26,Strong Negative,Shay Boloor Highlights Nvidia's 'Fundamentally Illogical' Valuation Discount As NVDA Eyes 'World Leader' Status In CPUs,-0.121220637515476,18,4,-0.0024042480566006004,0.00884140368030611
NVDA,2026-08-26,Strong Negative,Shay Boloor Highlights Nvidia's 'Fundamentally Illogical' Valuation Discount As NVDA Eyes 'World Leader' Status In CPUs,-0.121220637515476,18,5,0.029793822836614598,0.03863522651692071
ORCL,2022-01-10,Strong Positive,"Oracle Corp. stock rises Monday, outperforms market",0.4479620414884524,3,-5,-0.0017147357105640002,-0.0017147357105640002
ORCL,2022-01-10,Strong Positive,"Oracle Corp. stock rises Monday, outperforms market",0.4479620414884524,3,-4,0.0236647289184965,0.0219499932079325
ORCL,2022-01-10,Strong Positive,"Oracle Corp. stock rises Monday, outperforms market",0.4479620414884524,3,-3,0.003931281656316399,0.025881274864248897
ORCL,2022-01-10,Strong Positive,"Oracle Corp. stock rises Monday, outperforms market",0.4479620414884524,3,-2,0.0030243750252295,0.0289056498894784
ORCL,2022-01-10,Strong Positive,"Oracle Corp. stock rises Monday, outperforms market",0.4479620414884524,3,-1,0.0243838937644428,0.053289543653921204
ORCL,2022-01-10,Strong Positive,"Oracle Corp. stock rises Monday, outperforms market",0.4479620414884524,3,0,0.0195681267476886,0.0728576704016098
ORCL,2022-01-10,Strong Positive,"Oracle Corp. stock rises Monday, outperforms market",0.4479620414884524,3,1,-0.0239825201037464,0.0488751502978634
ORCL,2022-01-10,Strong Positive,"Oracle Corp. stock rises Monday, outperforms market",0.4479620414884524,3,2,-0.0058871225439909,0.0429880277538725
ORCL,2022-01-10,Strong Positive,"Oracle Corp. stock rises Monday, outperforms market",0.4479620414884524,3,3,0.0191277706055091,0.062115798359381594
ORCL,2022-01-10,Strong Positive,"Oracle Corp. stock rises Monday, outperforms market",0.4479620414884524,3,4,-0.0073615250379565,0.054754273321425094
ORCL,2022-01-10,Strong Positive,"Oracle Corp. stock rises Monday, outperforms market",0.4479620414884524,3,5,0.0004904326000127017,0.05524470592143779
ORCL,2022-01-19,Strong Positive,Oracle opens data centre to provide cloud services across Africa,0.6666666666666666,3,-5,-0.0239825201037464,-0.0239825201037464
ORCL,2022-01-19,Strong Positive,Oracle opens data centre to provide cloud services across Africa,0.6666666666666666,3,-4,-0.0058871225439909,-0.0298696426477373
ORCL,2022-01-19,Strong Positive,Oracle opens data centre to provide cloud services across Africa,0.6666666666666666,3,-3,0.0191277706055091,-0.0107418720422282
ORCL,2022-01-19,Strong Positive,Oracle opens data centre to provide cloud services across Africa,0.6666666666666666,3,-2,-0.0073615250379565,-0.0181033970801847
ORCL,2022-01-19,Strong Positive,Oracle opens data centre to provide cloud services across Africa,0.6666666666666666,3,-1,0.0004904326000127017,-0.017612964480171998
ORCL,2022-01-19,Strong Positive,Oracle opens data centre to provide cloud services across Africa,0.6666666666666666,3,0,-0.014382252178579701,-0.0319952166587517
ORCL,2022-01-19,Strong Positive,Oracle opens data centre to provide cloud services across Africa,0.6666666666666666,3,1,0.0050729070343172,-0.0269223096244345
ORCL,2022-01-19,Strong Positive,Oracle opens data centre to provide cloud services across Africa,0.6666666666666666,3,2,0.021684630881208502,-0.005237678743225997
ORCL,2022-01-19,Strong Positive,Oracle opens data centre to provide cloud services across Africa,0.6666666666666666,3,3,-0.0021457098929946,-0.007383388636220597
ORCL,2022-01-19,Strong Positive,Oracle opens data centre to provide cloud services across Africa,0.6666666666666666,3,4,0.0068020450237860006,-0.0005813436124345968
ORCL,2022-01-19,Strong Positive,Oracle opens data centre to provide cloud services across Africa,0.6666666666666666,3,5,-0.016691452879930402,-0.017272796492365
ORCL,2022-01-20,Strong Positive,Oracle opens Johannesburg cloud region as demand for data centres grows,1.0,1,-5,-0.0058871225439909,-0.0058871225439909
ORCL,2022-01-20,Strong Positive,Oracle opens Johannesburg cloud region as demand for data centres grows,1.0,1,-4,0.0191277706055091,0.013240648061518201
ORCL,2022-01-20,Strong Positive,Oracle opens Johannesburg cloud region as demand for data centres grows,1.0,1,-3,-0.0073615250379565,0.005879123023561701
ORCL,2022-01-20,Strong Positive,Oracle opens Johannesburg cloud region as demand for data centres grows,1.0,1,-2,0.0004904326000127017,0.006369555623574403
ORCL,2022-01-20,Strong Positive,Oracle opens Johannesburg cloud region as demand for data centres grows,1.0,1,-1,-0.014382252178579701,-0.008012696555005298
ORCL,2022-01-20,Strong Positive,Oracle opens Johannesburg cloud region as demand for data centres grows,1.0,1,0,0.0050729070343172,-0.0029397895206880985
ORCL,2022-01-20,Strong Positive,Oracle opens Johannesburg cloud region as demand for data centres grows,1.0,1,1,0.021684630881208502,0.018744841360520403
ORCL,2022-01-20,Strong Positive,Oracle opens Johannesburg cloud region as demand for data centres grows,1.0,1,2,-0.0021457098929946,0.016599131467525802
ORCL,2022-01-20,Strong Positive,Oracle opens Johannesburg cloud region as demand for data centres grows,1.0,1,3,0.0068020450237860006,0.023401176491311803
ORCL,2022-01-20,Strong Positive,Oracle opens Johannesburg cloud region as demand for data centres grows,1.0,1,4,-0.016691452879930402,0.006709723611381401
ORCL,2022-01-20,Strong Positive,Oracle opens Johannesburg cloud region as demand for data centres grows,1.0,1,5,0.0124580552409011,0.0191677788522825
ORCL,2022-01-24,Strong Negative,Kansas City’s Cerner Corp. rebuffed another takeover effort before merger with Oracle,-0.5448186925114126,2,-5,-0.0073615250379565,-0.0073615250379565
ORCL,2022-01-24,Strong Negative,Kansas City’s Cerner Corp. rebuffed another takeover effort before merger with Oracle,-0.5448186925114126,2,-4,0.0004904326000127017,-0.006871092437943798
ORCL,2022-01-24,Strong Negative,Kansas City’s Cerner Corp. rebuffed another takeover effort before merger with Oracle,-0.5448186925114126,2,-3,-0.014382252178579701,-0.0212533446165235
ORCL,2022-01-24,Strong Negative,Kansas City’s Cerner Corp. rebuffed another takeover effort before merger with Oracle,-0.5448186925114126,2,-2,0.0050729070343172,-0.0161804375822063
ORCL,2022-01-24,Strong Negative,Kansas City’s Cerner Corp. rebuffed another takeover effort before merger with Oracle,-0.5448186925114126,2,-1,0.021684630881208502,0.0055041932990022024
ORCL,2022-01-24,Strong Negative,Kansas City’s Cerner Corp. rebuffed another takeover effort before merger with Oracle,-0.5448186925114126,2,0,-0.0021457098929946,0.0033584834060076023
ORCL,2022-01-24,Strong Negative,Kansas City’s Cerner Corp. rebuffed another takeover effort before merger with Oracle,-0.5448186925114126,2,1,0.0068020450237860006,0.010160528429793602
ORCL,2022-01-24,Strong Negative,Kansas City’s Cerner Corp. rebuffed another takeover effort before merger with Oracle,-0.5448186925114126,2,2,-0.016691452879930402,-0.0065309244501368
ORCL,2022-01-24,Strong Negative,Kansas City’s Cerner Corp. rebuffed another takeover effort before merger with Oracle,-0.5448186925114126,2,3,0.0124580552409011,0.0059271307907643005
ORCL,2022-01-24,Strong Negative,Kansas City’s Cerner Corp. rebuffed another takeover effort before merger with Oracle,-0.5448186925114126,2,4,-0.0225949041310754,-0.0166677733403111
ORCL,2022-01-24,Strong Negative,Kansas City’s Cerner Corp. rebuffed another takeover effort before merger with Oracle,-0.5448186925114126,2,5,-0.023529334048220798,-0.0401971073885319
ORCL,2022-02-09,Strong Positive,Oracle signs F1 title sponsorship deal with Red Bull,1.0,1,-5,0.009890059911867899,0.009890059911867899
ORCL,2022-02-09,Strong Positive,Oracle signs F1 title sponsorship deal with Red Bull,1.0,1,-4,0.0337562497777556,0.0436463096896235
ORCL,2022-02-09,Strong Positive,Oracle signs F1 title sponsorship deal with Red Bull,1.0,1,-3,-0.0105400926793026,0.0331062170103209
ORCL,2022-02-09,Strong Positive,Oracle signs F1 title sponsorship deal with Red Bull,1.0,1,-2,-0.0086407235824128,0.024465493427908096
ORCL,2022-02-09,Strong Positive,Oracle signs F1 title sponsorship deal with Red Bull,1.0,1,-1,-0.0106164066108258,0.013849086817082296
ORCL,2022-02-09,Strong Positive,Oracle signs F1 title sponsorship deal with Red Bull,1.0,1,0,0.011734729767226202,0.0255838165843085
ORCL,2022-02-09,Strong Positive,Oracle signs F1 title sponsorship deal with Red Bull,1.0,1,1,0.003459386415624599,0.0290432029999331
ORCL,2022-02-09,Strong Positive,Oracle signs F1 title sponsorship deal with Red Bull,1.0,1,2,0.006064857607845302,0.0351080606077784
ORCL,2022-02-09,Strong Positive,Oracle signs F1 title sponsorship deal with Red Bull,1.0,1,3,-0.0112705856599682,0.023837474947810203
ORCL,2022-02-09,Strong Positive,Oracle signs F1 title sponsorship deal with Red Bull,1.0,1,4,-0.014477810525799401,0.009359664422010801
ORCL,2022-02-09,Strong Positive,Oracle signs F1 title sponsorship deal with Red Bull,1.0,1,5,-0.0070176970921712,0.0023419673298396013
ORCL,2022-02-16,Strong Negative,Pegasystems’ stock falls as it misses earnings and revenue targets,-1.0,1,-5,0.011734729767226202,0.011734729767226202
ORCL,2022-02-16,Strong Negative,Pegasystems’ stock falls as it misses earnings and revenue targets,-1.0,1,-4,0.003459386415624599,0.015194116182850801
ORCL,2022-02-16,Strong Negative,Pegasystems’ stock falls as it misses earnings and revenue targets,-1.0,1,-3,0.006064857607845302,0.021258973790696103
ORCL,2022-02-16,Strong Negative,Pegasystems’ stock falls as it misses earnings and revenue targets,-1.0,1,-2,-0.0112705856599682,0.009988388130727903
ORCL,2022-02-16,Strong Negative,Pegasystems’ stock falls as it misses earnings and revenue targets,-1.0,1,-1,-0.014477810525799401,-0.004489422395071498
ORCL,2022-02-16,Strong Negative,Pegasystems’ stock falls as it misses earnings and revenue targets,-1.0,1,0,-0.0070176970921712,-0.011507119487242697
ORCL,2022-02-16,Strong Negative,Pegasystems’ stock falls as it misses earnings and revenue targets,-1.0,1,1,-0.0164741605955992,-0.027981280082841897
ORCL,2022-02-16,Strong Negative,Pegasystems’ stock falls as it misses earnings and revenue targets,-1.0,1,2,-0.0013050577058067014,-0.0292863377886486
ORCL,2022-02-16,Strong Negative,Pegasystems’ stock falls as it misses earnings and revenue targets,-1.0,1,3,0.0040091397705656,-0.025277198018083
ORCL,2022-02-16,Strong Negative,Pegasystems’ stock falls as it misses earnings and revenue targets,-1.0,1,4,0.0033539327876317,-0.0219232652304513
ORCL,2022-02-16,Strong Negative,Pegasystems’ stock falls as it misses earnings and revenue targets,-1.0,1,5,-0.0013153085183299981,-0.0232385737487813
ORCL,2022-02-23,Strong Positive,"Cerner records $5.8B in revenue, 21.7% adjusted operating margin for 2021",1.0,1,-5,-0.014477810525799401,-0.014477810525799401
ORCL,2022-02-23,Strong Positive,"Cerner records $5.8B in revenue, 21.7% adjusted operating margin for 2021",1.0,1,-4,-0.0070176970921712,-0.021495507617970602
ORCL,2022-02-23,Strong Positive,"Cerner records $5.8B in revenue, 21.7% adjusted operating margin for 2021",1.0,1,-3,-0.0164741605955992,-0.0379696682135698
ORCL,2022-02-23,Strong Positive,"Cerner records $5.8B in revenue, 21.7% adjusted operating margin for 2021",1.0,1,-2,-0.0013050577058067014,-0.0392747259193765
ORCL,2022-02-23,Strong Positive,"Cerner records $5.8B in revenue, 21.7% adjusted operating margin for 2021",1.0,1,-1,0.0040091397705656,-0.0352655861488109
ORCL,2022-02-23,Strong Positive,"Cerner records $5.8B in revenue, 21.7% adjusted operating margin for 2021",1.0,1,0,0.0033539327876317,-0.0319116533611792
ORCL,2022-02-23,Strong Positive,"Cerner records $5.8B in revenue, 21.7% adjusted operating margin for 2021",1.0,1,1,-0.0013153085183299981,-0.0332269618795092
ORCL,2022-02-23,Strong Positive,"Cerner records $5.8B in revenue, 21.7% adjusted operating margin for 2021",1.0,1,2,0.0050782356152141005,-0.0281487262642951
ORCL,2022-02-23,Strong Positive,"Cerner records $5.8B in revenue, 21.7% adjusted operating margin for 2021",1.0,1,3,-0.0079553813543195,-0.0361041076186146
ORCL,2022-02-23,Strong Positive,"Cerner records $5.8B in revenue, 21.7% adjusted operating margin for 2021",1.0,1,4,0.0158375546332347,-0.0202665529853799
ORCL,2022-02-23,Strong Positive,"Cerner records $5.8B in revenue, 21.7% adjusted operating margin for 2021",1.0,1,5,0.013084967133527397,-0.0071815858518525025
ORCL,2022-03-01,Strong Positive,MWC 2022: Amdocs Digital Services Expansion Accentuates Amdocs Mission to Spur Cloud Journeys,0.5019474188657955,2,-5,0.0040091397705656,0.0040091397705656
ORCL,2022-03-01,Strong Positive,MWC 2022: Amdocs Digital Services Expansion Accentuates Amdocs Mission to Spur Cloud Journeys,0.5019474188657955,2,-4,0.0033539327876317,0.0073630725581973
ORCL,2022-03-01,Strong Positive,MWC 2022: Amdocs Digital Services Expansion Accentuates Amdocs Mission to Spur Cloud Journeys,0.5019474188657955,2,-3,-0.0013153085183299981,0.006047764039867302
ORCL,2022-03-01,Strong Positive,MWC 2022: Amdocs Digital Services Expansion Accentuates Amdocs Mission to Spur Cloud Journeys,0.5019474188657955,2,-2,0.0050782356152141005,0.011125999655081403
ORCL,2022-03-01,Strong Positive,MWC 2022: Amdocs Digital Services Expansion Accentuates Amdocs Mission to Spur Cloud Journeys,0.5019474188657955,2,-1,-0.0079553813543195,0.0031706183007619033
ORCL,2022-03-01,Strong Positive,MWC 2022: Amdocs Digital Services Expansion Accentuates Amdocs Mission to Spur Cloud Journeys,0.5019474188657955,2,0,0.0158375546332347,0.019008172933996606
ORCL,2022-03-01,Strong Positive,MWC 2022: Amdocs Digital Services Expansion Accentuates Amdocs Mission to Spur Cloud Journeys,0.5019474188657955,2,1,0.013084967133527397,0.032093140067524006
ORCL,2022-03-01,Strong Positive,MWC 2022: Amdocs Digital Services Expansion Accentuates Amdocs Mission to Spur Cloud Journeys,0.5019474188657955,2,2,0.0139018222415204,0.04599496230904441
ORCL,2022-03-01,Strong Positive,MWC 2022: Amdocs Digital Services Expansion Accentuates Amdocs Mission to Spur Cloud Journeys,0.5019474188657955,2,3,-0.008000134664212502,0.037994827644831905
ORCL,2022-03-01,Strong Positive,MWC 2022: Amdocs Digital Services Expansion Accentuates Amdocs Mission to Spur Cloud Journeys,0.5019474188657955,2,4,0.008511276618316504,0.04650610426314841
ORCL,2022-03-01,Strong Positive,MWC 2022: Amdocs Digital Services Expansion Accentuates Amdocs Mission to Spur Cloud Journeys,0.5019474188657955,2,5,-0.0086724891007295,0.03783361516241891
ORCL,2022-03-02,Strong Negative,"EA, Oracle Among Companies Heeding Ukraine Plea to Stop Business in Russia",-0.5398391022122099,3,-5,0.0033539327876317,0.0033539327876317
ORCL,2022-03-02,Strong Negative,"EA, Oracle Among Companies Heeding Ukraine Plea to Stop Business in Russia",-0.5398391022122099,3,-4,-0.0013153085183299981,0.0020386242693017018
ORCL,2022-03-02,Strong Negative,"EA, Oracle Among Companies Heeding Ukraine Plea to Stop Business in Russia",-0.5398391022122099,3,-3,0.0050782356152141005,0.007116859884515802
ORCL,2022-03-02,Strong Negative,"EA, Oracle Among Companies Heeding Ukraine Plea to Stop Business in Russia",-0.5398391022122099,3,-2,-0.0079553813543195,-0.0008385214698036977
ORCL,2022-03-02,Strong Negative,"EA, Oracle Among Companies Heeding Ukraine Plea to Stop Business in Russia",-0.5398391022122099,3,-1,0.0158375546332347,0.014999033163431003
ORCL,2022-03-02,Strong Negative,"EA, Oracle Among Companies Heeding Ukraine Plea to Stop Business in Russia",-0.5398391022122099,3,0,0.013084967133527397,0.0280840002969584
ORCL,2022-03-02,Strong Negative,"EA, Oracle Among Companies Heeding Ukraine Plea to Stop Business in Russia",-0.5398391022122099,3,1,0.0139018222415204,0.0419858225384788
ORCL,2022-03-02,Strong Negative,"EA, Oracle Among Companies Heeding Ukraine Plea to Stop Business in Russia",-0.5398391022122099,3,2,-0.008000134664212502,0.0339856878742663
ORCL,2022-03-02,Strong Negative,"EA, Oracle Among Companies Heeding Ukraine Plea to Stop Business in Russia",-0.5398391022122099,3,3,0.008511276618316504,0.042496964492582806
ORCL,2022-03-02,Strong Negative,"EA, Oracle Among Companies Heeding Ukraine Plea to Stop Business in Russia",-0.5398391022122099,3,4,-0.0086724891007295,0.033824475391853306
ORCL,2022-03-02,Strong Negative,"EA, Oracle Among Companies Heeding Ukraine Plea to Stop Business in Russia",-0.5398391022122099,3,5,0.0017759418579159011,0.03560041724976921
ORCL,2022-03-03,Strong Positive,"KT signs MOU with Turkish telecom operator on 5G, AI services",1.0,1,-5,-0.0013153085183299981,-0.0013153085183299981
ORCL,2022-03-03,Strong Positive,"KT signs MOU with Turkish telecom operator on 5G, AI services",1.0,1,-4,0.0050782356152141005,0.0037629270968841024
ORCL,2022-03-03,Strong Positive,"KT signs MOU with Turkish telecom operator on 5G, AI services",1.0,1,-3,-0.0079553813543195,-0.004192454257435398
ORCL,2022-03-03,Strong Positive,"KT signs MOU with Turkish telecom operator on 5G, AI services",1.0,1,-2,0.0158375546332347,0.011645100375799303
ORCL,2022-03-03,Strong Positive,"KT signs MOU with Turkish telecom operator on 5G, AI services",1.0,1,-1,0.013084967133527397,0.0247300675093267
ORCL,2022-03-03,Strong Positive,"KT signs MOU with Turkish telecom operator on 5G, AI services",1.0,1,0,0.0139018222415204,0.0386318897508471
ORCL,2022-03-03,Strong Positive,"KT signs MOU with Turkish telecom operator on 5G, AI services",1.0,1,1,-0.008000134664212502,0.0306317550866346
ORCL,2022-03-03,Strong Positive,"KT signs MOU with Turkish telecom operator on 5G, AI services",1.0,1,2,0.008511276618316504,0.039143031704951106
ORCL,2022-03-03,Strong Positive,"KT signs MOU with Turkish telecom operator on 5G, AI services",1.0,1,3,-0.0086724891007295,0.030470542604221607
ORCL,2022-03-03,Strong Positive,"KT signs MOU with Turkish telecom operator on 5G, AI services",1.0,1,4,0.0017759418579159011,0.03224648446213751
ORCL,2022-03-03,Strong Positive,"KT signs MOU with Turkish telecom operator on 5G, AI services",1.0,1,5,0.018332419270197402,0.05057890373233491
ORCL,2022-03-04,Strong Negative,What’s Changed: 2022 Gartner Magic Quadrant for Digital Experience Platforms,-0.4241245950931678,2,-5,0.0050782356152141005,0.0050782356152141005
ORCL,2022-03-04,Strong Negative,What’s Changed: 2022 Gartner Magic Quadrant for Digital Experience Platforms,-0.4241245950931678,2,-4,-0.0079553813543195,-0.0028771457391053995
ORCL,2022-03-04,Strong Negative,What’s Changed: 2022 Gartner Magic Quadrant for Digital Experience Platforms,-0.4241245950931678,2,-3,0.0158375546332347,0.012960408894129301
ORCL,2022-03-04,Strong Negative,What’s Changed: 2022 Gartner Magic Quadrant for Digital Experience Platforms,-0.4241245950931678,2,-2,0.013084967133527397,0.0260453760276567
ORCL,2022-03-04,Strong Negative,What’s Changed: 2022 Gartner Magic Quadrant for Digital Experience Platforms,-0.4241245950931678,2,-1,0.0139018222415204,0.0399471982691771
ORCL,2022-03-04,Strong Negative,What’s Changed: 2022 Gartner Magic Quadrant for Digital Experience Platforms,-0.4241245950931678,2,0,-0.008000134664212502,0.0319470636049646
ORCL,2022-03-04,Strong Negative,What’s Changed: 2022 Gartner Magic Quadrant for Digital Experience Platforms,-0.4241245950931678,2,1,0.008511276618316504,0.0404583402232811
ORCL,2022-03-04,Strong Negative,What’s Changed: 2022 Gartner Magic Quadrant for Digital Experience Platforms,-0.4241245950931678,2,2,-0.0086724891007295,0.0317858511225516
ORCL,2022-03-04,Strong Negative,What’s Changed: 2022 Gartner Magic Quadrant for Digital Experience Platforms,-0.4241245950931678,2,3,0.0017759418579159011,0.0335617929804675
ORCL,2022-03-04,Strong Negative,What’s Changed: 2022 Gartner Magic Quadrant for Digital Experience Platforms,-0.4241245950931678,2,4,0.018332419270197402,0.0518942122506649
ORCL,2022-03-04,Strong Negative,What’s Changed: 2022 Gartner Magic Quadrant for Digital Experience Platforms,-0.4241245950931678,2,5,0.0360024767131383,0.0878966889638032
ORCL,2022-03-08,Strong Negative,"Telco Lumen disconnects from Russia, ends business relationships",-0.6652244633287108,3,-5,0.0158375546332347,0.0158375546332347
ORCL,2022-03-08,Strong Negative,"Telco Lumen disconnects from Russia, ends business relationships",-0.6652244633287108,3,-4,0.013084967133527397,0.028922521766762098
ORCL,2022-03-08,Strong Negative,"Telco Lumen disconnects from Russia, ends business relationships",-0.6652244633287108,3,-3,0.0139018222415204,0.0428243440082825
ORCL,2022-03-08,Strong Negative,"Telco Lumen disconnects from Russia, ends business relationships",-0.6652244633287108,3,-2,-0.008000134664212502,0.034824209344069997
ORCL,2022-03-08,Strong Negative,"Telco Lumen disconnects from Russia, ends business relationships",-0.6652244633287108,3,-1,0.008511276618316504,0.0433354859623865
ORCL,2022-03-08,Strong Negative,"Telco Lumen disconnects from Russia, ends business relationships",-0.6652244633287108,3,0,-0.0086724891007295,0.034662996861657
ORCL,2022-03-08,Strong Negative,"Telco Lumen disconnects from Russia, ends business relationships",-0.6652244633287108,3,1,0.0017759418579159011,0.0364389387195729
ORCL,2022-03-08,Strong Negative,"Telco Lumen disconnects from Russia, ends business relationships",-0.6652244633287108,3,2,0.018332419270197402,0.0547713579897703
ORCL,2022-03-08,Strong Negative,"Telco Lumen disconnects from Russia, ends business relationships",-0.6652244633287108,3,3,0.0360024767131383,0.09077383470290859
ORCL,2022-03-08,Strong Negative,"Telco Lumen disconnects from Russia, ends business relationships",-0.6652244633287108,3,4,0.009567199234326201,0.10034103393723479
ORCL,2022-03-08,Strong Negative,"Telco Lumen disconnects from Russia, ends business relationships",-0.6652244633287108,3,5,0.014435657921098195,0.11477669185833297
ORCL,2022-03-16,Strong Positive,SaaS customer relationship management (CRM) Market size to grow by USD 44.17 billion | Retail end-users to exhibit maximum demand | Technavio,1.0,1,-5,0.0017759418579159011,0.0017759418579159011
ORCL,2022-03-16,Strong Positive,SaaS customer relationship management (CRM) Market size to grow by USD 44.17 billion | Retail end-users to exhibit maximum demand | Technavio,1.0,1,-4,0.018332419270197402,0.020108361128113303
ORCL,2022-03-16,Strong Positive,SaaS customer relationship management (CRM) Market size to grow by USD 44.17 billion | Retail end-users to exhibit maximum demand | Technavio,1.0,1,-3,0.0360024767131383,0.0561108378412516
ORCL,2022-03-16,Strong Positive,SaaS customer relationship management (CRM) Market size to grow by USD 44.17 billion | Retail end-users to exhibit maximum demand | Technavio,1.0,1,-2,0.009567199234326201,0.0656780370755778
ORCL,2022-03-16,Strong Positive,SaaS customer relationship management (CRM) Market size to grow by USD 44.17 billion | Retail end-users to exhibit maximum demand | Technavio,1.0,1,-1,0.014435657921098195,0.080113694996676
ORCL,2022-03-16,Strong Positive,SaaS customer relationship management (CRM) Market size to grow by USD 44.17 billion | Retail end-users to exhibit maximum demand | Technavio,1.0,1,0,-0.0450272049370056,0.035086490059670405
ORCL,2022-03-16,Strong Positive,SaaS customer relationship management (CRM) Market size to grow by USD 44.17 billion | Retail end-users to exhibit maximum demand | Technavio,1.0,1,1,-0.0041021930475778,0.030984297012092606
ORCL,2022-03-16,Strong Positive,SaaS customer relationship management (CRM) Market size to grow by USD 44.17 billion | Retail end-users to exhibit maximum demand | Technavio,1.0,1,2,-0.007068517055614199,0.02391577995647841
ORCL,2022-03-16,Strong Positive,SaaS customer relationship management (CRM) Market size to grow by USD 44.17 billion | Retail end-users to exhibit maximum demand | Technavio,1.0,1,3,-0.0060346097106369,0.01788117024584151
ORCL,2022-03-16,Strong Positive,SaaS customer relationship management (CRM) Market size to grow by USD 44.17 billion | Retail end-users to exhibit maximum demand | Technavio,1.0,1,4,-0.0092770135079854,0.00860415673785611
ORCL,2022-03-16,Strong Positive,SaaS customer relationship management (CRM) Market size to grow by USD 44.17 billion | Retail end-users to exhibit maximum demand | Technavio,1.0,1,5,-0.0028658628727504,0.0057382938651057095
ORCL,2022-03-17,Strong Positive,"Driving a more innovative, sustainable future in Asia Pacific",1.0,1,-5,0.018332419270197402,0.018332419270197402
ORCL,2022-03-17,Strong Positive,"Driving a more innovative, sustainable future in Asia Pacific",1.0,1,-4,0.0360024767131383,0.0543348959833357
ORCL,2022-03-17,Strong Positive,"Driving a more innovative, sustainable future in Asia Pacific",1.0,1,-3,0.009567199234326201,0.0639020952176619
ORCL,2022-03-17,Strong Positive,"Driving a more innovative, sustainable future in Asia Pacific",1.0,1,-2,0.014435657921098195,0.0783377531387601
ORCL,2022-03-17,Strong Positive,"Driving a more innovative, sustainable future in Asia Pacific",1.0,1,-1,-0.0450272049370056,0.0333105482017545
ORCL,2022-03-17,Strong Positive,"Driving a more innovative, sustainable future in Asia Pacific",1.0,1,0,-0.0041021930475778,0.029208355154176698
ORCL,2022-03-17,Strong Positive,"Driving a more innovative, sustainable future in Asia Pacific",1.0,1,1,-0.007068517055614199,0.0221398380985625
ORCL,2022-03-17,Strong Positive,"Driving a more innovative, sustainable future in Asia Pacific",1.0,1,2,-0.0060346097106369,0.0161052283879256
ORCL,2022-03-17,Strong Positive,"Driving a more innovative, sustainable future in Asia Pacific",1.0,1,3,-0.0092770135079854,0.006828214879940201
ORCL,2022-03-17,Strong Positive,"Driving a more innovative, sustainable future in Asia Pacific",1.0,1,4,-0.0028658628727504,0.003962352007189801
ORCL,2022-03-17,Strong Positive,"Driving a more innovative, sustainable future in Asia Pacific",1.0,1,5,0.0007860249599732014,0.004748376967163003
ORCL,2022-03-22,Strong Negative,"Walmart Enters the Cloud Wars and Challenges Microsoft, Salesforce, Oracle, and SAP",-0.0918824600109093,2,-5,0.014435657921098195,0.014435657921098195
ORCL,2022-03-22,Strong Negative,"Walmart Enters the Cloud Wars and Challenges Microsoft, Salesforce, Oracle, and SAP",-0.0918824600109093,2,-4,-0.0450272049370056,-0.030591547015907404
ORCL,2022-03-22,Strong Negative,"Walmart Enters the Cloud Wars and Challenges Microsoft, Salesforce, Oracle, and SAP",-0.0918824600109093,2,-3,-0.0041021930475778,-0.034693740063485204
ORCL,2022-03-22,Strong Negative,"Walmart Enters the Cloud Wars and Challenges Microsoft, Salesforce, Oracle, and SAP",-0.0918824600109093,2,-2,-0.007068517055614199,-0.0417622571190994
ORCL,2022-03-22,Strong Negative,"Walmart Enters the Cloud Wars and Challenges Microsoft, Salesforce, Oracle, and SAP",-0.0918824600109093,2,-1,-0.0060346097106369,-0.0477968668297363
ORCL,2022-03-22,Strong Negative,"Walmart Enters the Cloud Wars and Challenges Microsoft, Salesforce, Oracle, and SAP",-0.0918824600109093,2,0,-0.0092770135079854,-0.0570738803377217
ORCL,2022-03-22,Strong Negative,"Walmart Enters the Cloud Wars and Challenges Microsoft, Salesforce, Oracle, and SAP",-0.0918824600109093,2,1,-0.0028658628727504,-0.0599397432104721
ORCL,2022-03-22,Strong Negative,"Walmart Enters the Cloud Wars and Challenges Microsoft, Salesforce, Oracle, and SAP",-0.0918824600109093,2,2,0.0007860249599732014,-0.0591537182504989
ORCL,2022-03-22,Strong Negative,"Walmart Enters the Cloud Wars and Challenges Microsoft, Salesforce, Oracle, and SAP",-0.0918824600109093,2,3,-0.0053673112542639,-0.0645210295047628
ORCL,2022-03-22,Strong Negative,"Walmart Enters the Cloud Wars and Challenges Microsoft, Salesforce, Oracle, and SAP",-0.0918824600109093,2,4,0.007407772584169499,-0.0571132569205933
ORCL,2022-03-22,Strong Negative,"Walmart Enters the Cloud Wars and Challenges Microsoft, Salesforce, Oracle, and SAP",-0.0918824600109093,2,5,-0.0089560690410761,-0.0660693259616694
ORCL,2022-04-01,Strong Negative,"Nigerian firm sues Oracle, demands damages, partnership reinstatement",-1.0,1,-5,-0.0053673112542639,-0.0053673112542639
ORCL,2022-04-01,Strong Negative,"Nigerian firm sues Oracle, demands damages, partnership reinstatement",-1.0,1,-4,0.007407772584169499,0.002040461329905599
ORCL,2022-04-01,Strong Negative,"Nigerian firm sues Oracle, demands damages, partnership reinstatement",-1.0,1,-3,-0.0089560690410761,-0.006915607711170501
ORCL,2022-04-01,Strong Negative,"Nigerian firm sues Oracle, demands damages, partnership reinstatement",-1.0,1,-2,1.2444663113300725e-05,-0.0069031630480572
ORCL,2022-04-01,Strong Negative,"Nigerian firm sues Oracle, demands damages, partnership reinstatement",-1.0,1,-1,0.004836955045811501,-0.0020662080022456992
ORCL,2022-04-01,Strong Negative,"Nigerian firm sues Oracle, demands damages, partnership reinstatement",-1.0,1,0,-0.0067996194304797,-0.0088658274327254
ORCL,2022-04-01,Strong Negative,"Nigerian firm sues Oracle, demands damages, partnership reinstatement",-1.0,1,1,0.0045306333633288,-0.0043351940693966
ORCL,2022-04-01,Strong Negative,"Nigerian firm sues Oracle, demands damages, partnership reinstatement",-1.0,1,2,0.008762642878152599,0.004427448808755998
ORCL,2022-04-01,Strong Negative,"Nigerian firm sues Oracle, demands damages, partnership reinstatement",-1.0,1,3,0.011824825285203198,0.0162522740939592
ORCL,2022-04-01,Strong Negative,"Nigerian firm sues Oracle, demands damages, partnership reinstatement",-1.0,1,4,-0.0055566073273759994,0.0106956667665832
ORCL,2022-04-01,Strong Negative,"Nigerian firm sues Oracle, demands damages, partnership reinstatement",-1.0,1,5,0.0066209973244990995,0.017316664091082297
ORCL,2022-04-04,Strong Positive,Intuit Inc. stock outperforms competitors on strong trading day,0.4205917342593033,5,-5,0.007407772584169499,0.007407772584169499
ORCL,2022-04-04,Strong Positive,Intuit Inc. stock outperforms competitors on strong trading day,0.4205917342593033,5,-4,-0.0089560690410761,-0.0015482964569066004
ORCL,2022-04-04,Strong Positive,Intuit Inc. stock outperforms competitors on strong trading day,0.4205917342593033,5,-3,1.2444663113300725e-05,-0.0015358517937932997
ORCL,2022-04-04,Strong Positive,Intuit Inc. stock outperforms competitors on strong trading day,0.4205917342593033,5,-2,0.004836955045811501,0.003301103252018201
ORCL,2022-04-04,Strong Positive,Intuit Inc. stock outperforms competitors on strong trading day,0.4205917342593033,5,-1,-0.0067996194304797,-0.003498516178461499
ORCL,2022-04-04,Strong Positive,Intuit Inc. stock outperforms competitors on strong trading day,0.4205917342593033,5,0,0.0045306333633288,0.001032117184867301
ORCL,2022-04-04,Strong Positive,Intuit Inc. stock outperforms competitors on strong trading day,0.4205917342593033,5,1,0.008762642878152599,0.0097947600630199
ORCL,2022-04-04,Strong Positive,Intuit Inc. stock outperforms competitors on strong trading day,0.4205917342593033,5,2,0.011824825285203198,0.0216195853482231
ORCL,2022-04-04,Strong Positive,Intuit Inc. stock outperforms competitors on strong trading day,0.4205917342593033,5,3,-0.0055566073273759994,0.0160629780208471
ORCL,2022-04-04,Strong Positive,Intuit Inc. stock outperforms competitors on strong trading day,0.4205917342593033,5,4,0.0066209973244990995,0.022683975345346198
ORCL,2022-04-04,Strong Positive,Intuit Inc. stock outperforms competitors on strong trading day,0.4205917342593033,5,5,0.009078323396894199,0.031762298742240395
ORCL,2022-04-06,Strong Positive,Labeyrie Fine Foods Partners with Rimini Street to Enable the Company’s Digital Evolution,1.0,1,-5,1.2444663113300725e-05,1.2444663113300725e-05
ORCL,2022-04-06,Strong Positive,Labeyrie Fine Foods Partners with Rimini Street to Enable the Company’s Digital Evolution,1.0,1,-4,0.004836955045811501,0.004849399708924802
ORCL,2022-04-06,Strong Positive,Labeyrie Fine Foods Partners with Rimini Street to Enable the Company’s Digital Evolution,1.0,1,-3,-0.0067996194304797,-0.0019502197215548987
ORCL,2022-04-06,Strong Positive,Labeyrie Fine Foods Partners with Rimini Street to Enable the Company’s Digital Evolution,1.0,1,-2,0.0045306333633288,0.0025804136417739015
ORCL,2022-04-06,Strong Positive,Labeyrie Fine Foods Partners with Rimini Street to Enable the Company’s Digital Evolution,1.0,1,-1,0.008762642878152599,0.0113430565199265
ORCL,2022-04-06,Strong Positive,Labeyrie Fine Foods Partners with Rimini Street to Enable the Company’s Digital Evolution,1.0,1,0,0.011824825285203198,0.0231678818051297
ORCL,2022-04-06,Strong Positive,Labeyrie Fine Foods Partners with Rimini Street to Enable the Company’s Digital Evolution,1.0,1,1,-0.0055566073273759994,0.0176112744777537
ORCL,2022-04-06,Strong Positive,Labeyrie Fine Foods Partners with Rimini Street to Enable the Company’s Digital Evolution,1.0,1,2,0.0066209973244990995,0.0242322718022528
ORCL,2022-04-06,Strong Positive,Labeyrie Fine Foods Partners with Rimini Street to Enable the Company’s Digital Evolution,1.0,1,3,0.009078323396894199,0.033310595199146996
ORCL,2022-04-06,Strong Positive,Labeyrie Fine Foods Partners with Rimini Street to Enable the Company’s Digital Evolution,1.0,1,4,-0.0011666654966731,0.03214392970247389
ORCL,2022-04-06,Strong Positive,Labeyrie Fine Foods Partners with Rimini Street to Enable the Company’s Digital Evolution,1.0,1,5,-0.0150327362871117,0.017111193415362193
ORCL,2022-04-11,Strong Positive,Learning Management System Market Size [2022-2029] | to Reach USD 40.95 Billion and Exhibit a CAGR of 14.2%,1.0,2,-5,0.0045306333633288,0.0045306333633288
ORCL,2022-04-11,Strong Positive,Learning Management System Market Size [2022-2029] | to Reach USD 40.95 Billion and Exhibit a CAGR of 14.2%,1.0,2,-4,0.008762642878152599,0.013293276241481399
ORCL,2022-04-11,Strong Positive,Learning Management System Market Size [2022-2029] | to Reach USD 40.95 Billion and Exhibit a CAGR of 14.2%,1.0,2,-3,0.011824825285203198,0.025118101526684596
ORCL,2022-04-11,Strong Positive,Learning Management System Market Size [2022-2029] | to Reach USD 40.95 Billion and Exhibit a CAGR of 14.2%,1.0,2,-2,-0.0055566073273759994,0.019561494199308596
ORCL,2022-04-11,Strong Positive,Learning Management System Market Size [2022-2029] | to Reach USD 40.95 Billion and Exhibit a CAGR of 14.2%,1.0,2,-1,0.0066209973244990995,0.026182491523807694
ORCL,2022-04-11,Strong Positive,Learning Management System Market Size [2022-2029] | to Reach USD 40.95 Billion and Exhibit a CAGR of 14.2%,1.0,2,0,0.009078323396894199,0.03526081492070189
ORCL,2022-04-11,Strong Positive,Learning Management System Market Size [2022-2029] | to Reach USD 40.95 Billion and Exhibit a CAGR of 14.2%,1.0,2,1,-0.0011666654966731,0.03409414942402879
ORCL,2022-04-11,Strong Positive,Learning Management System Market Size [2022-2029] | to Reach USD 40.95 Billion and Exhibit a CAGR of 14.2%,1.0,2,2,-0.0150327362871117,0.019061413136917088
ORCL,2022-04-11,Strong Positive,Learning Management System Market Size [2022-2029] | to Reach USD 40.95 Billion and Exhibit a CAGR of 14.2%,1.0,2,3,0.0191050958793345,0.038166509016251585
ORCL,2022-04-11,Strong Positive,Learning Management System Market Size [2022-2029] | to Reach USD 40.95 Billion and Exhibit a CAGR of 14.2%,1.0,2,4,-0.0162492969887159,0.021917212027535684
ORCL,2022-04-11,Strong Positive,Learning Management System Market Size [2022-2029] | to Reach USD 40.95 Billion and Exhibit a CAGR of 14.2%,1.0,2,5,-0.005219910264827602,0.016697301762708082
ORCL,2022-04-22,Strong Positive,CACI Awarded $258 Million Defense Agencies Initiative Contract,1.0,1,-5,0.0191050958793345,0.0191050958793345
ORCL,2022-04-22,Strong Positive,CACI Awarded $258 Million Defense Agencies Initiative Contract,1.0,1,-4,-0.0162492969887159,0.0028557988906185994
ORCL,2022-04-22,Strong Positive,CACI Awarded $258 Million Defense Agencies Initiative Contract,1.0,1,-3,-0.005219910264827602,-0.0023641113742090027
ORCL,2022-04-22,Strong Positive,CACI Awarded $258 Million Defense Agencies Initiative Contract,1.0,1,-2,0.0237601559103017,0.021396044536092697
ORCL,2022-04-22,Strong Positive,CACI Awarded $258 Million Defense Agencies Initiative Contract,1.0,1,-1,0.010602928269374999,0.03199897280546769
ORCL,2022-04-22,Strong Positive,CACI Awarded $258 Million Defense Agencies Initiative Contract,1.0,1,0,-0.014957128538981297,0.017041844266486396
ORCL,2022-04-22,Strong Positive,CACI Awarded $258 Million Defense Agencies Initiative Contract,1.0,1,1,-0.002741785776770001,0.014300058489716395
ORCL,2022-04-22,Strong Positive,CACI Awarded $258 Million Defense Agencies Initiative Contract,1.0,1,2,0.005658632211961098,0.019958690701677495
ORCL,2022-04-22,Strong Positive,CACI Awarded $258 Million Defense Agencies Initiative Contract,1.0,1,3,0.0045534908521376,0.024512181553815095
ORCL,2022-04-22,Strong Positive,CACI Awarded $258 Million Defense Agencies Initiative Contract,1.0,1,4,-0.017056730212418998,0.007455451341396097
ORCL,2022-04-22,Strong Positive,CACI Awarded $258 Million Defense Agencies Initiative Contract,1.0,1,5,0.0090122247179883,0.016467676059384397
ORCL,2022-04-28,Strong Positive,Oracle teams with Verizon as it expands global network of industry innovation labs,1.0,1,-5,0.010602928269374999,0.010602928269374999
ORCL,2022-04-28,Strong Positive,Oracle teams with Verizon as it expands global network of industry innovation labs,1.0,1,-4,-0.014957128538981297,-0.004354200269606298
ORCL,2022-04-28,Strong Positive,Oracle teams with Verizon as it expands global network of industry innovation labs,1.0,1,-3,-0.002741785776770001,-0.007095986046376299
ORCL,2022-04-28,Strong Positive,Oracle teams with Verizon as it expands global network of industry innovation labs,1.0,1,-2,0.005658632211961098,-0.0014373538344152007
ORCL,2022-04-28,Strong Positive,Oracle teams with Verizon as it expands global network of industry innovation labs,1.0,1,-1,0.0045534908521376,0.0031161370177223997
ORCL,2022-04-28,Strong Positive,Oracle teams with Verizon as it expands global network of industry innovation labs,1.0,1,0,-0.017056730212418998,-0.013940593194696599
ORCL,2022-04-28,Strong Positive,Oracle teams with Verizon as it expands global network of industry innovation labs,1.0,1,1,0.0090122247179883,-0.0049283684767082985
ORCL,2022-04-28,Strong Positive,Oracle teams with Verizon as it expands global network of industry innovation labs,1.0,1,2,-0.0085216559168184,-0.013450024393526699
ORCL,2022-04-28,Strong Positive,Oracle teams with Verizon as it expands global network of industry innovation labs,1.0,1,3,-0.010662011762021,-0.024112036155547696
ORCL,2022-04-28,Strong Positive,Oracle teams with Verizon as it expands global network of industry innovation labs,1.0,1,4,-0.007614893419329201,-0.0317269295748769
ORCL,2022-04-28,Strong Positive,Oracle teams with Verizon as it expands global network of industry innovation labs,1.0,1,5,0.018320388737178596,-0.013406540837698301
ORCL,2022-05-12,Strong Positive,Archer Datacenters Partners with Evoque to Expand Nashville Data Center Campus,1.0,1,-5,0.018320388737178596,0.018320388737178596
ORCL,2022-05-12,Strong Positive,Archer Datacenters Partners with Evoque to Expand Nashville Data Center Campus,1.0,1,-4,0.0077224689713794,0.026042857708557996
ORCL,2022-05-12,Strong Positive,Archer Datacenters Partners with Evoque to Expand Nashville Data Center Campus,1.0,1,-3,0.026021466157988796,0.05206432386654679
ORCL,2022-05-12,Strong Positive,Archer Datacenters Partners with Evoque to Expand Nashville Data Center Campus,1.0,1,-2,0.001689952791718699,0.05375427665826549
ORCL,2022-05-12,Strong Positive,Archer Datacenters Partners with Evoque to Expand Nashville Data Center Campus,1.0,1,-1,0.008977069410967597,0.06273134606923308
ORCL,2022-05-12,Strong Positive,Archer Datacenters Partners with Evoque to Expand Nashville Data Center Campus,1.0,1,0,-0.0018589214734293005,0.06087242459580378
ORCL,2022-05-12,Strong Positive,Archer Datacenters Partners with Evoque to Expand Nashville Data Center Campus,1.0,1,1,-0.0308393720806699,0.03003305251513388
ORCL,2022-05-12,Strong Positive,Archer Datacenters Partners with Evoque to Expand Nashville Data Center Campus,1.0,1,2,-0.0089227116974732,0.02111034081766068
ORCL,2022-05-12,Strong Positive,Archer Datacenters Partners with Evoque to Expand Nashville Data Center Campus,1.0,1,3,0.005227913104822499,0.02633825392248318
ORCL,2022-05-12,Strong Positive,Archer Datacenters Partners with Evoque to Expand Nashville Data Center Campus,1.0,1,4,-0.0007147224972652994,0.02562353142521788
ORCL,2022-05-12,Strong Positive,Archer Datacenters Partners with Evoque to Expand Nashville Data Center Campus,1.0,1,5,-0.013089980798221,0.012533550626996879
ORCL,2022-05-13,Strong Positive,"Oracle Corp. stock rises Friday, still underperforms market",1.0,1,-5,0.0077224689713794,0.0077224689713794
ORCL,2022-05-13,Strong Positive,"Oracle Corp. stock rises Friday, still underperforms market",1.0,1,-4,0.026021466157988796,0.0337439351293682
ORCL,2022-05-13,Strong Positive,"Oracle Corp. stock rises Friday, still underperforms market",1.0,1,-3,0.001689952791718699,0.0354338879210869
ORCL,2022-05-13,Strong Positive,"Oracle Corp. stock rises Friday, still underperforms market",1.0,1,-2,0.008977069410967597,0.044410957332054496
ORCL,2022-05-13,Strong Positive,"Oracle Corp. stock rises Friday, still underperforms market",1.0,1,-1,-0.0018589214734293005,0.042552035858625194
ORCL,2022-05-13,Strong Positive,"Oracle Corp. stock rises Friday, still underperforms market",1.0,1,0,-0.0308393720806699,0.011712663777955292
ORCL,2022-05-13,Strong Positive,"Oracle Corp. stock rises Friday, still underperforms market",1.0,1,1,-0.0089227116974732,0.0027899520804820915
ORCL,2022-05-13,Strong Positive,"Oracle Corp. stock rises Friday, still underperforms market",1.0,1,2,0.005227913104822499,0.00801786518530459
ORCL,2022-05-13,Strong Positive,"Oracle Corp. stock rises Friday, still underperforms market",1.0,1,3,-0.0007147224972652994,0.007303142688039291
ORCL,2022-05-13,Strong Positive,"Oracle Corp. stock rises Friday, still underperforms market",1.0,1,4,-0.013089980798221,-0.00578683811018171
ORCL,2022-05-13,Strong Positive,"Oracle Corp. stock rises Friday, still underperforms market",1.0,1,5,0.026825064862670698,0.021038226752488988
ORCL,2022-05-18,Strong Positive,Citrix Systems Inc. stock outperforms market despite losses on the day,1.0,1,-5,0.008977069410967597,0.008977069410967597
ORCL,2022-05-18,Strong Positive,Citrix Systems Inc. stock outperforms market despite losses on the day,1.0,1,-4,-0.0018589214734293005,0.007118147937538297
ORCL,2022-05-18,Strong Positive,Citrix Systems Inc. stock outperforms market despite losses on the day,1.0,1,-3,-0.0308393720806699,-0.023721224143131603
ORCL,2022-05-18,Strong Positive,Citrix Systems Inc. stock outperforms market despite losses on the day,1.0,1,-2,-0.0089227116974732,-0.03264393584060481
ORCL,2022-05-18,Strong Positive,Citrix Systems Inc. stock outperforms market despite losses on the day,1.0,1,-1,0.005227913104822499,-0.02741602273578231
ORCL,2022-05-18,Strong Positive,Citrix Systems Inc. stock outperforms market despite losses on the day,1.0,1,0,-0.0007147224972652994,-0.028130745233047608
ORCL,2022-05-18,Strong Positive,Citrix Systems Inc. stock outperforms market despite losses on the day,1.0,1,1,-0.013089980798221,-0.04122072603126861
ORCL,2022-05-18,Strong Positive,Citrix Systems Inc. stock outperforms market despite losses on the day,1.0,1,2,0.026825064862670698,-0.014395661168597914
ORCL,2022-05-18,Strong Positive,Citrix Systems Inc. stock outperforms market despite losses on the day,1.0,1,3,0.0039174798487743995,-0.010478181319823515
ORCL,2022-05-18,Strong Positive,Citrix Systems Inc. stock outperforms market despite losses on the day,1.0,1,4,0.0068421371372509015,-0.003636044182572613
ORCL,2022-05-18,Strong Positive,Citrix Systems Inc. stock outperforms market despite losses on the day,1.0,1,5,-0.0024065348373845004,-0.006042579019957113
ORCL,2022-05-24,Strong Positive,Exclusive: Oracle to win unconditional EU nod for $28.3 billion Cerner deal,1.0,1,-5,0.005227913104822499,0.005227913104822499
ORCL,2022-05-24,Strong Positive,Exclusive: Oracle to win unconditional EU nod for $28.3 billion Cerner deal,1.0,1,-4,-0.0007147224972652994,0.004513190607557199
ORCL,2022-05-24,Strong Positive,Exclusive: Oracle to win unconditional EU nod for $28.3 billion Cerner deal,1.0,1,-3,-0.013089980798221,-0.008576790190663802
ORCL,2022-05-24,Strong Positive,Exclusive: Oracle to win unconditional EU nod for $28.3 billion Cerner deal,1.0,1,-2,0.026825064862670698,0.018248274672006896
ORCL,2022-05-24,Strong Positive,Exclusive: Oracle to win unconditional EU nod for $28.3 billion Cerner deal,1.0,1,-1,0.0039174798487743995,0.022165754520781296
ORCL,2022-05-24,Strong Positive,Exclusive: Oracle to win unconditional EU nod for $28.3 billion Cerner deal,1.0,1,0,0.0068421371372509015,0.0290078916580322
ORCL,2022-05-24,Strong Positive,Exclusive: Oracle to win unconditional EU nod for $28.3 billion Cerner deal,1.0,1,1,-0.0024065348373845004,0.0266013568206477
ORCL,2022-05-24,Strong Positive,Exclusive: Oracle to win unconditional EU nod for $28.3 billion Cerner deal,1.0,1,2,-0.0015006558871705974,0.0251007009334771
ORCL,2022-05-24,Strong Positive,Exclusive: Oracle to win unconditional EU nod for $28.3 billion Cerner deal,1.0,1,3,-0.0170100962414104,0.0080906046920667
ORCL,2022-05-24,Strong Positive,Exclusive: Oracle to win unconditional EU nod for $28.3 billion Cerner deal,1.0,1,4,-0.009163511843663,-0.0010729071515962994
ORCL,2022-05-24,Strong Positive,Exclusive: Oracle to win unconditional EU nod for $28.3 billion Cerner deal,1.0,1,5,0.0029463694664271,0.0018734623148308005
ORCL,2022-06-01,Strong Negative,Purchase of Kansas City’s Cerner nears closing as buyer Oracle clears antitrust reviews,-1.0,1,-5,0.0068421371372509015,0.0068421371372509015
ORCL,2022-06-01,Strong Negative,Purchase of Kansas City’s Cerner nears closing as buyer Oracle clears antitrust reviews,-1.0,1,-4,-0.0024065348373845004,0.004435602299866401
ORCL,2022-06-01,Strong Negative,Purchase of Kansas City’s Cerner nears closing as buyer Oracle clears antitrust reviews,-1.0,1,-3,-0.0015006558871705974,0.0029349464126958037
ORCL,2022-06-01,Strong Negative,Purchase of Kansas City’s Cerner nears closing as buyer Oracle clears antitrust reviews,-1.0,1,-2,-0.0170100962414104,-0.014075149828714597
ORCL,2022-06-01,Strong Negative,Purchase of Kansas City’s Cerner nears closing as buyer Oracle clears antitrust reviews,-1.0,1,-1,-0.009163511843663,-0.0232386616723776
ORCL,2022-06-01,Strong Negative,Purchase of Kansas City’s Cerner nears closing as buyer Oracle clears antitrust reviews,-1.0,1,0,0.0029463694664271,-0.0202922922059505
ORCL,2022-06-01,Strong Negative,Purchase of Kansas City’s Cerner nears closing as buyer Oracle clears antitrust reviews,-1.0,1,1,-0.0058771735898302015,-0.0261694657957807
ORCL,2022-06-01,Strong Negative,Purchase of Kansas City’s Cerner nears closing as buyer Oracle clears antitrust reviews,-1.0,1,2,0.0075618197770952016,-0.0186076460186855
ORCL,2022-06-01,Strong Negative,Purchase of Kansas City’s Cerner nears closing as buyer Oracle clears antitrust reviews,-1.0,1,3,0.013105694448369601,-0.005501951570315898
ORCL,2022-06-01,Strong Negative,Purchase of Kansas City’s Cerner nears closing as buyer Oracle clears antitrust reviews,-1.0,1,4,-0.012463070752495,-0.0179650223228109
ORCL,2022-06-01,Strong Negative,Purchase of Kansas City’s Cerner nears closing as buyer Oracle clears antitrust reviews,-1.0,1,5,-0.010825493578089602,-0.028790515900900503
ORCL,2022-06-14,Strong Negative,Jury orders HPE to pay $30 million to Oracle for copyright infringement,-0.5980739184899458,2,-5,-0.012463070752495,-0.012463070752495
ORCL,2022-06-14,Strong Negative,Jury orders HPE to pay $30 million to Oracle for copyright infringement,-0.5980739184899458,2,-4,-0.010825493578089602,-0.023288564330584603
ORCL,2022-06-14,Strong Negative,Jury orders HPE to pay $30 million to Oracle for copyright infringement,-0.5980739184899458,2,-3,-0.0034755021196939996,-0.026764066450278602
ORCL,2022-06-14,Strong Negative,Jury orders HPE to pay $30 million to Oracle for copyright infringement,-0.5980739184899458,2,-2,0.005221416604080601,-0.021542649846198
ORCL,2022-06-14,Strong Negative,Jury orders HPE to pay $30 million to Oracle for copyright infringement,-0.5980739184899458,2,-1,0.00047316355358580087,-0.0210694862926122
ORCL,2022-06-14,Strong Negative,Jury orders HPE to pay $30 million to Oracle for copyright infringement,-0.5980739184899458,2,0,0.1023216426095237,0.0812521563169115
ORCL,2022-06-14,Strong Negative,Jury orders HPE to pay $30 million to Oracle for copyright infringement,-0.5980739184899458,2,1,-0.0393946995966678,0.041857456720243706
ORCL,2022-06-14,Strong Negative,Jury orders HPE to pay $30 million to Oracle for copyright infringement,-0.5980739184899458,2,2,0.0261423609907955,0.0679998177110392
ORCL,2022-06-14,Strong Negative,Jury orders HPE to pay $30 million to Oracle for copyright infringement,-0.5980739184899458,2,3,-0.0265675223649824,0.0414322953460568
ORCL,2022-06-14,Strong Negative,Jury orders HPE to pay $30 million to Oracle for copyright infringement,-0.5980739184899458,2,4,-0.025820846939574798,0.015611448406482004
ORCL,2022-06-14,Strong Negative,Jury orders HPE to pay $30 million to Oracle for copyright infringement,-0.5980739184899458,2,5,-0.0155328360731986,7.861233328340482e-05
ORCL,2022-06-16,Strong Positive,Reddit and DoubleVerify Announce Partnership to Empower Advertisers With Full Suite Third-Party Ad Measurement Tools,1.0,1,-5,-0.0034755021196939996,-0.0034755021196939996
ORCL,2022-06-16,Strong Positive,Reddit and DoubleVerify Announce Partnership to Empower Advertisers With Full Suite Third-Party Ad Measurement Tools,1.0,1,-4,0.005221416604080601,0.0017459144843866015
ORCL,2022-06-16,Strong Positive,Reddit and DoubleVerify Announce Partnership to Empower Advertisers With Full Suite Third-Party Ad Measurement Tools,1.0,1,-3,0.00047316355358580087,0.0022190780379724023
ORCL,2022-06-16,Strong Positive,Reddit and DoubleVerify Announce Partnership to Empower Advertisers With Full Suite Third-Party Ad Measurement Tools,1.0,1,-2,0.1023216426095237,0.1045407206474961
ORCL,2022-06-16,Strong Positive,Reddit and DoubleVerify Announce Partnership to Empower Advertisers With Full Suite Third-Party Ad Measurement Tools,1.0,1,-1,-0.0393946995966678,0.06514602105082831
ORCL,2022-06-16,Strong Positive,Reddit and DoubleVerify Announce Partnership to Empower Advertisers With Full Suite Third-Party Ad Measurement Tools,1.0,1,0,0.0261423609907955,0.09128838204162382
ORCL,2022-06-16,Strong Positive,Reddit and DoubleVerify Announce Partnership to Empower Advertisers With Full Suite Third-Party Ad Measurement Tools,1.0,1,1,-0.0265675223649824,0.06472085967664142
ORCL,2022-06-16,Strong Positive,Reddit and DoubleVerify Announce Partnership to Empower Advertisers With Full Suite Third-Party Ad Measurement Tools,1.0,1,2,-0.025820846939574798,0.038900012737066614
ORCL,2022-06-16,Strong Positive,Reddit and DoubleVerify Announce Partnership to Empower Advertisers With Full Suite Third-Party Ad Measurement Tools,1.0,1,3,-0.0155328360731986,0.023367176663868013
ORCL,2022-06-16,Strong Positive,Reddit and DoubleVerify Announce Partnership to Empower Advertisers With Full Suite Third-Party Ad Measurement Tools,1.0,1,4,0.0016407934247670997,0.02500797008863511
ORCL,2022-06-16,Strong Positive,Reddit and DoubleVerify Announce Partnership to Empower Advertisers With Full Suite Third-Party Ad Measurement Tools,1.0,1,5,0.011130847911154505,0.036138817999789616
ORCL,2022-06-21,Strong Negative,Oracle introduces lower-cost version of its full on-premises cloud stack,-0.3842906689866594,2,-5,0.00047316355358580087,0.00047316355358580087
ORCL,2022-06-21,Strong Negative,Oracle introduces lower-cost version of its full on-premises cloud stack,-0.3842906689866594,2,-4,0.1023216426095237,0.1027948061631095
ORCL,2022-06-21,Strong Negative,Oracle introduces lower-cost version of its full on-premises cloud stack,-0.3842906689866594,2,-3,-0.0393946995966678,0.06340010656644171
ORCL,2022-06-21,Strong Negative,Oracle introduces lower-cost version of its full on-premises cloud stack,-0.3842906689866594,2,-2,0.0261423609907955,0.08954246755723722
ORCL,2022-06-21,Strong Negative,Oracle introduces lower-cost version of its full on-premises cloud stack,-0.3842906689866594,2,-1,-0.0265675223649824,0.06297494519225481
ORCL,2022-06-21,Strong Negative,Oracle introduces lower-cost version of its full on-premises cloud stack,-0.3842906689866594,2,0,-0.025820846939574798,0.03715409825268001
ORCL,2022-06-21,Strong Negative,Oracle introduces lower-cost version of its full on-premises cloud stack,-0.3842906689866594,2,1,-0.0155328360731986,0.02162126217948141
ORCL,2022-06-21,Strong Negative,Oracle introduces lower-cost version of its full on-premises cloud stack,-0.3842906689866594,2,2,0.0016407934247670997,0.02326205560424851
ORCL,2022-06-21,Strong Negative,Oracle introduces lower-cost version of its full on-premises cloud stack,-0.3842906689866594,2,3,0.011130847911154505,0.034392903515403014
ORCL,2022-06-21,Strong Negative,Oracle introduces lower-cost version of its full on-premises cloud stack,-0.3842906689866594,2,4,0.0032295177478827005,0.037622421263285716
ORCL,2022-06-21,Strong Negative,Oracle introduces lower-cost version of its full on-premises cloud stack,-0.3842906689866594,2,5,0.0044760290428312,0.04209845030611692
TSLA,2022-01-03,Strong Positive,Tesla adds $144 billion to market value after record deliveries,0.765237700047483,3,-5,0.0087213365971721,0.0087213365971721
TSLA,2022-01-03,Strong Positive,Tesla adds $144 billion to market value after record deliveries,0.765237700047483,3,-4,-0.0003655836687477005,0.0083557529284244
TSLA,2022-01-03,Strong Positive,Tesla adds $144 billion to market value after record deliveries,0.765237700047483,3,-3,-0.0019453596273406003,0.006410393301083799
TSLA,2022-01-03,Strong Positive,Tesla adds $144 billion to market value after record deliveries,0.765237700047483,3,-2,-0.011603871740631499,-0.0051934784395477
TSLA,2022-01-03,Strong Positive,Tesla adds $144 billion to market value after record deliveries,0.765237700047483,3,-1,-0.0064242490017656,-0.0116177274413133
TSLA,2022-01-03,Strong Positive,Tesla adds $144 billion to market value after record deliveries,0.765237700047483,3,0,0.12568998604599022,0.11407225860467692
TSLA,2022-01-03,Strong Positive,Tesla adds $144 billion to market value after record deliveries,0.765237700047483,3,1,-0.0288619942965629,0.08521026430811401
TSLA,2022-01-03,Strong Positive,Tesla adds $144 billion to market value after record deliveries,0.765237700047483,3,2,-0.0227503939928883,0.062459870315225714
TSLA,2022-01-03,Strong Positive,Tesla adds $144 billion to market value after record deliveries,0.765237700047483,3,3,-0.0208206788060459,0.041639191509179815
TSLA,2022-01-03,Strong Positive,Tesla adds $144 billion to market value after record deliveries,0.765237700047483,3,4,-0.024613713095195403,0.017025478413984413
TSLA,2022-01-03,Strong Positive,Tesla adds $144 billion to market value after record deliveries,0.765237700047483,3,5,0.0296837524068121,0.04670923082079651
TSLA,2022-01-04,Strong Positive,Explainer: How Tesla weathered global supply chain issues that knocked rivals,0.5340201884844866,5,-5,-0.0003655836687477005,-0.0003655836687477005
TSLA,2022-01-04,Strong Positive,Explainer: How Tesla weathered global supply chain issues that knocked rivals,0.5340201884844866,5,-4,-0.0019453596273406003,-0.0023109432960883008
TSLA,2022-01-04,Strong Positive,Explainer: How Tesla weathered global supply chain issues that knocked rivals,0.5340201884844866,5,-3,-0.011603871740631499,-0.0139148150367198
TSLA,2022-01-04,Strong Positive,Explainer: How Tesla weathered global supply chain issues that knocked rivals,0.5340201884844866,5,-2,-0.0064242490017656,-0.0203390640384854
TSLA,2022-01-04,Strong Positive,Explainer: How Tesla weathered global supply chain issues that knocked rivals,0.5340201884844866,5,-1,0.12568998604599022,0.10535092200750482
TSLA,2022-01-04,Strong Positive,Explainer: How Tesla weathered global supply chain issues that knocked rivals,0.5340201884844866,5,0,-0.0288619942965629,0.07648892771094191
TSLA,2022-01-04,Strong Positive,Explainer: How Tesla weathered global supply chain issues that knocked rivals,0.5340201884844866,5,1,-0.0227503939928883,0.053738533718053615
TSLA,2022-01-04,Strong Positive,Explainer: How Tesla weathered global supply chain issues that knocked rivals,0.5340201884844866,5,2,-0.0208206788060459,0.032917854912007716
TSLA,2022-01-04,Strong Positive,Explainer: How Tesla weathered global supply chain issues that knocked rivals,0.5340201884844866,5,3,-0.024613713095195403,0.008304141816812313
TSLA,2022-01-04,Strong Positive,Explainer: How Tesla weathered global supply chain issues that knocked rivals,0.5340201884844866,5,4,0.0296837524068121,0.03798789422362441
TSLA,2022-01-04,Strong Positive,Explainer: How Tesla weathered global supply chain issues that knocked rivals,0.5340201884844866,5,5,-0.009086846336835201,0.02890104788678921
TSLA,2022-01-06,Strong Negative,Nikola Motors drops its $2 billion lawsuit against Tesla,-0.5676424587315438,4,-5,-0.011603871740631499,-0.011603871740631499
TSLA,2022-01-06,Strong Negative,Nikola Motors drops its $2 billion lawsuit against Tesla,-0.5676424587315438,4,-4,-0.0064242490017656,-0.018028120742397097
TSLA,2022-01-06,Strong Negative,Nikola Motors drops its $2 billion lawsuit against Tesla,-0.5676424587315438,4,-3,0.12568998604599022,0.10766186530359312
TSLA,2022-01-06,Strong Negative,Nikola Motors drops its $2 billion lawsuit against Tesla,-0.5676424587315438,4,-2,-0.0288619942965629,0.07879987100703022
TSLA,2022-01-06,Strong Negative,Nikola Motors drops its $2 billion lawsuit against Tesla,-0.5676424587315438,4,-1,-0.0227503939928883,0.05604947701414192
TSLA,2022-01-06,Strong Negative,Nikola Motors drops its $2 billion lawsuit against Tesla,-0.5676424587315438,4,0,-0.0208206788060459,0.03522879820809602
TSLA,2022-01-06,Strong Negative,Nikola Motors drops its $2 billion lawsuit against Tesla,-0.5676424587315438,4,1,-0.024613713095195403,0.010615085112900616
TSLA,2022-01-06,Strong Negative,Nikola Motors drops its $2 billion lawsuit against Tesla,-0.5676424587315438,4,2,0.0296837524068121,0.040298837519712714
TSLA,2022-01-06,Strong Negative,Nikola Motors drops its $2 billion lawsuit against Tesla,-0.5676424587315438,4,3,-0.009086846336835201,0.031211991182877513
TSLA,2022-01-06,Strong Negative,Nikola Motors drops its $2 billion lawsuit against Tesla,-0.5676424587315438,4,4,0.0353240610395204,0.06653605222239792
TSLA,2022-01-06,Strong Negative,Nikola Motors drops its $2 billion lawsuit against Tesla,-0.5676424587315438,4,5,-0.04247504175758049,0.02406101046481743
TSLA,2022-01-10,Strong Positive,Hesai Technology showcased new automotive-grade hybrid solid-state Lidar AT128,0.527280218147295,2,-5,0.12568998604599022,0.12568998604599022
TSLA,2022-01-10,Strong Positive,Hesai Technology showcased new automotive-grade hybrid solid-state Lidar AT128,0.527280218147295,2,-4,-0.0288619942965629,0.09682799174942731
TSLA,2022-01-10,Strong Positive,Hesai Technology showcased new automotive-grade hybrid solid-state Lidar AT128,0.527280218147295,2,-3,-0.0227503939928883,0.07407759775653902
TSLA,2022-01-10,Strong Positive,Hesai Technology showcased new automotive-grade hybrid solid-state Lidar AT128,0.527280218147295,2,-2,-0.0208206788060459,0.05325691895049312
TSLA,2022-01-10,Strong Positive,Hesai Technology showcased new automotive-grade hybrid solid-state Lidar AT128,0.527280218147295,2,-1,-0.024613713095195403,0.02864320585529772
TSLA,2022-01-10,Strong Positive,Hesai Technology showcased new automotive-grade hybrid solid-state Lidar AT128,0.527280218147295,2,0,0.0296837524068121,0.05832695826210982
TSLA,2022-01-10,Strong Positive,Hesai Technology showcased new automotive-grade hybrid solid-state Lidar AT128,0.527280218147295,2,1,-0.009086846336835201,0.04924011192527462
TSLA,2022-01-10,Strong Positive,Hesai Technology showcased new automotive-grade hybrid solid-state Lidar AT128,0.527280218147295,2,2,0.0353240610395204,0.08456417296479501
TSLA,2022-01-10,Strong Positive,Hesai Technology showcased new automotive-grade hybrid solid-state Lidar AT128,0.527280218147295,2,3,-0.04247504175758049,0.042089131207214525
TSLA,2022-01-10,Strong Positive,Hesai Technology showcased new automotive-grade hybrid solid-state Lidar AT128,0.527280218147295,2,4,0.011275209774679999,0.05336434098189452
TSLA,2022-01-10,Strong Positive,Hesai Technology showcased new automotive-grade hybrid solid-state Lidar AT128,0.527280218147295,2,5,0.006697201328347401,0.060061542310241925
TSLA,2022-01-12,Strong Negative,Cathie Wood's Ark portfolio is headed for a shipwreck — and plunging tech stocks aren't even the worst of it,-0.5350332368685253,2,-5,-0.0227503939928883,-0.0227503939928883
TSLA,2022-01-12,Strong Negative,Cathie Wood's Ark portfolio is headed for a shipwreck — and plunging tech stocks aren't even the worst of it,-0.5350332368685253,2,-4,-0.0208206788060459,-0.0435710727989342
TSLA,2022-01-12,Strong Negative,Cathie Wood's Ark portfolio is headed for a shipwreck — and plunging tech stocks aren't even the worst of it,-0.5350332368685253,2,-3,-0.024613713095195403,-0.0681847858941296
TSLA,2022-01-12,Strong Negative,Cathie Wood's Ark portfolio is headed for a shipwreck — and plunging tech stocks aren't even the worst of it,-0.5350332368685253,2,-2,0.0296837524068121,-0.0385010334873175
TSLA,2022-01-12,Strong Negative,Cathie Wood's Ark portfolio is headed for a shipwreck — and plunging tech stocks aren't even the worst of it,-0.5350332368685253,2,-1,-0.009086846336835201,-0.047587879824152704
TSLA,2022-01-12,Strong Negative,Cathie Wood's Ark portfolio is headed for a shipwreck — and plunging tech stocks aren't even the worst of it,-0.5350332368685253,2,0,0.0353240610395204,-0.012263818784632306
TSLA,2022-01-12,Strong Negative,Cathie Wood's Ark portfolio is headed for a shipwreck — and plunging tech stocks aren't even the worst of it,-0.5350332368685253,2,1,-0.04247504175758049,-0.054738860542212796
TSLA,2022-01-12,Strong Negative,Cathie Wood's Ark portfolio is headed for a shipwreck — and plunging tech stocks aren't even the worst of it,-0.5350332368685253,2,2,0.011275209774679999,-0.043463650767532794
TSLA,2022-01-12,Strong Negative,Cathie Wood's Ark portfolio is headed for a shipwreck — and plunging tech stocks aren't even the worst of it,-0.5350332368685253,2,3,0.006697201328347401,-0.03676644943918539
TSLA,2022-01-12,Strong Negative,Cathie Wood's Ark portfolio is headed for a shipwreck — and plunging tech stocks aren't even the worst of it,-0.5350332368685253,2,4,-0.022844478125442498,-0.05961092756462789
TSLA,2022-01-12,Strong Negative,Cathie Wood's Ark portfolio is headed for a shipwreck — and plunging tech stocks aren't even the worst of it,-0.5350332368685253,2,5,0.013611125378016899,-0.04599980218661099
TSLA,2022-01-13,Strong Negative,Here’s Why the UPRO and TQQQ Stock Prices Fell 50.1% Premarket Despite Calm Markets,-1.0,1,-5,-0.0208206788060459,-0.0208206788060459
TSLA,2022-01-13,Strong Negative,Here’s Why the UPRO and TQQQ Stock Prices Fell 50.1% Premarket Despite Calm Markets,-1.0,1,-4,-0.024613713095195403,-0.0454343919012413
TSLA,2022-01-13,Strong Negative,Here’s Why the UPRO and TQQQ Stock Prices Fell 50.1% Premarket Despite Calm Markets,-1.0,1,-3,0.0296837524068121,-0.015750639494429203
TSLA,2022-01-13,Strong Negative,Here’s Why the UPRO and TQQQ Stock Prices Fell 50.1% Premarket Despite Calm Markets,-1.0,1,-2,-0.009086846336835201,-0.024837485831264404
TSLA,2022-01-13,Strong Negative,Here’s Why the UPRO and TQQQ Stock Prices Fell 50.1% Premarket Despite Calm Markets,-1.0,1,-1,0.0353240610395204,0.010486575208255994
TSLA,2022-01-13,Strong Negative,Here’s Why the UPRO and TQQQ Stock Prices Fell 50.1% Premarket Despite Calm Markets,-1.0,1,0,-0.04247504175758049,-0.031988466549324496
TSLA,2022-01-13,Strong Negative,Here’s Why the UPRO and TQQQ Stock Prices Fell 50.1% Premarket Despite Calm Markets,-1.0,1,1,0.011275209774679999,-0.020713256774644497
TSLA,2022-01-13,Strong Negative,Here’s Why the UPRO and TQQQ Stock Prices Fell 50.1% Premarket Despite Calm Markets,-1.0,1,2,0.006697201328347401,-0.014016055446297096
TSLA,2022-01-13,Strong Negative,Here’s Why the UPRO and TQQQ Stock Prices Fell 50.1% Premarket Despite Calm Markets,-1.0,1,3,-0.022844478125442498,-0.036860533571739594
TSLA,2022-01-13,Strong Negative,Here’s Why the UPRO and TQQQ Stock Prices Fell 50.1% Premarket Despite Calm Markets,-1.0,1,4,0.013611125378016899,-0.023249408193722697
TSLA,2022-01-13,Strong Negative,Here’s Why the UPRO and TQQQ Stock Prices Fell 50.1% Premarket Despite Calm Markets,-1.0,1,5,-0.0248372150709968,-0.0480866232647195
TSLA,2022-01-14,Strong Positive,Tesla Megapacks storage facility will provide backup power while reducing reliance on fossil fuels in Houston,0.5838922678056618,4,-5,-0.024613713095195403,-0.024613713095195403
TSLA,2022-01-14,Strong Positive,Tesla Megapacks storage facility will provide backup power while reducing reliance on fossil fuels in Houston,0.5838922678056618,4,-4,0.0296837524068121,0.005070039311616696
TSLA,2022-01-14,Strong Positive,Tesla Megapacks storage facility will provide backup power while reducing reliance on fossil fuels in Houston,0.5838922678056618,4,-3,-0.009086846336835201,-0.004016807025218505
TSLA,2022-01-14,Strong Positive,Tesla Megapacks storage facility will provide backup power while reducing reliance on fossil fuels in Houston,0.5838922678056618,4,-2,0.0353240610395204,0.03130725401430189
TSLA,2022-01-14,Strong Positive,Tesla Megapacks storage facility will provide backup power while reducing reliance on fossil fuels in Houston,0.5838922678056618,4,-1,-0.04247504175758049,-0.011167787743278597
TSLA,2022-01-14,Strong Positive,Tesla Megapacks storage facility will provide backup power while reducing reliance on fossil fuels in Houston,0.5838922678056618,4,0,0.011275209774679999,0.00010742203140140169
TSLA,2022-01-14,Strong Positive,Tesla Megapacks storage facility will provide backup power while reducing reliance on fossil fuels in Houston,0.5838922678056618,4,1,0.006697201328347401,0.006804623359748803
TSLA,2022-01-14,Strong Positive,Tesla Megapacks storage facility will provide backup power while reducing reliance on fossil fuels in Houston,0.5838922678056618,4,2,-0.022844478125442498,-0.016039854765693695
TSLA,2022-01-14,Strong Positive,Tesla Megapacks storage facility will provide backup power while reducing reliance on fossil fuels in Houston,0.5838922678056618,4,3,0.013611125378016899,-0.002428729387676796
TSLA,2022-01-14,Strong Positive,Tesla Megapacks storage facility will provide backup power while reducing reliance on fossil fuels in Houston,0.5838922678056618,4,4,-0.0248372150709968,-0.0272659444586736
TSLA,2022-01-14,Strong Positive,Tesla Megapacks storage facility will provide backup power while reducing reliance on fossil fuels in Houston,0.5838922678056618,4,5,-0.019304308981623,-0.0465702534402966
TSLA,2022-01-19,Strong Positive,Electra Battery Materials (ELBM) - European Expansion a Possibility,0.5188205486102683,2,-5,-0.009086846336835201,-0.009086846336835201
TSLA,2022-01-19,Strong Positive,Electra Battery Materials (ELBM) - European Expansion a Possibility,0.5188205486102683,2,-4,0.0353240610395204,0.026237214702685197
TSLA,2022-01-19,Strong Positive,Electra Battery Materials (ELBM) - European Expansion a Possibility,0.5188205486102683,2,-3,-0.04247504175758049,-0.016237827054895293
TSLA,2022-01-19,Strong Positive,Electra Battery Materials (ELBM) - European Expansion a Possibility,0.5188205486102683,2,-2,0.011275209774679999,-0.0049626172802152944
TSLA,2022-01-19,Strong Positive,Electra Battery Materials (ELBM) - European Expansion a Possibility,0.5188205486102683,2,-1,0.006697201328347401,0.0017345840481321068
TSLA,2022-01-19,Strong Positive,Electra Battery Materials (ELBM) - European Expansion a Possibility,0.5188205486102683,2,0,-0.022844478125442498,-0.02110989407731039
TSLA,2022-01-19,Strong Positive,Electra Battery Materials (ELBM) - European Expansion a Possibility,0.5188205486102683,2,1,0.013611125378016899,-0.007498768699293492
TSLA,2022-01-19,Strong Positive,Electra Battery Materials (ELBM) - European Expansion a Possibility,0.5188205486102683,2,2,-0.0248372150709968,-0.032335983770290296
TSLA,2022-01-19,Strong Positive,Electra Battery Materials (ELBM) - European Expansion a Possibility,0.5188205486102683,2,3,-0.019304308981623,-0.0516402927519133
TSLA,2022-01-19,Strong Positive,Electra Battery Materials (ELBM) - European Expansion a Possibility,0.5188205486102683,2,4,0.010708490971379402,-0.0409318017805339
TSLA,2022-01-19,Strong Positive,Electra Battery Materials (ELBM) - European Expansion a Possibility,0.5188205486102683,2,5,0.022263631931572797,-0.0186681698489611
TSLA,2022-01-20,Strong Negative,TrueCar (TRUE) Founder's New Venture Will Get You a Tesla (TSLA) in 10 Minutes,-0.3931478568429525,2,-5,0.0353240610395204,0.0353240610395204
TSLA,2022-01-20,Strong Negative,TrueCar (TRUE) Founder's New Venture Will Get You a Tesla (TSLA) in 10 Minutes,-0.3931478568429525,2,-4,-0.04247504175758049,-0.007150980718060092
TSLA,2022-01-20,Strong Negative,TrueCar (TRUE) Founder's New Venture Will Get You a Tesla (TSLA) in 10 Minutes,-0.3931478568429525,2,-3,0.011275209774679999,0.004124229056619907
TSLA,2022-01-20,Strong Negative,TrueCar (TRUE) Founder's New Venture Will Get You a Tesla (TSLA) in 10 Minutes,-0.3931478568429525,2,-2,0.006697201328347401,0.010821430384967308
TSLA,2022-01-20,Strong Negative,TrueCar (TRUE) Founder's New Venture Will Get You a Tesla (TSLA) in 10 Minutes,-0.3931478568429525,2,-1,-0.022844478125442498,-0.01202304774047519
TSLA,2022-01-20,Strong Negative,TrueCar (TRUE) Founder's New Venture Will Get You a Tesla (TSLA) in 10 Minutes,-0.3931478568429525,2,0,0.013611125378016899,0.001588077637541709
TSLA,2022-01-20,Strong Negative,TrueCar (TRUE) Founder's New Venture Will Get You a Tesla (TSLA) in 10 Minutes,-0.3931478568429525,2,1,-0.0248372150709968,-0.023249137433455094
TSLA,2022-01-20,Strong Negative,TrueCar (TRUE) Founder's New Venture Will Get You a Tesla (TSLA) in 10 Minutes,-0.3931478568429525,2,2,-0.019304308981623,-0.04255344641507809
TSLA,2022-01-20,Strong Negative,TrueCar (TRUE) Founder's New Venture Will Get You a Tesla (TSLA) in 10 Minutes,-0.3931478568429525,2,3,0.010708490971379402,-0.03184495544369869
TSLA,2022-01-20,Strong Negative,TrueCar (TRUE) Founder's New Venture Will Get You a Tesla (TSLA) in 10 Minutes,-0.3931478568429525,2,4,0.022263631931572797,-0.009581323512125893
TSLA,2022-01-20,Strong Negative,TrueCar (TRUE) Founder's New Venture Will Get You a Tesla (TSLA) in 10 Minutes,-0.3931478568429525,2,5,-0.1054712228327744,-0.11505254634490028
TSLA,2022-01-21,Strong Positive,"Electric Vehicle Market In India To Get A New Player Soon, FedEx Arm Starts Trials In Bangalore",0.3409087770988426,3,-5,-0.04247504175758049,-0.04247504175758049
TSLA,2022-01-21,Strong Positive,"Electric Vehicle Market In India To Get A New Player Soon, FedEx Arm Starts Trials In Bangalore",0.3409087770988426,3,-4,0.011275209774679999,-0.03119983198290049
TSLA,2022-01-21,Strong Positive,"Electric Vehicle Market In India To Get A New Player Soon, FedEx Arm Starts Trials In Bangalore",0.3409087770988426,3,-3,0.006697201328347401,-0.02450263065455309
TSLA,2022-01-21,Strong Positive,"Electric Vehicle Market In India To Get A New Player Soon, FedEx Arm Starts Trials In Bangalore",0.3409087770988426,3,-2,-0.022844478125442498,-0.04734710877999559
TSLA,2022-01-21,Strong Positive,"Electric Vehicle Market In India To Get A New Player Soon, FedEx Arm Starts Trials In Bangalore",0.3409087770988426,3,-1,0.013611125378016899,-0.03373598340197869
TSLA,2022-01-21,Strong Positive,"Electric Vehicle Market In India To Get A New Player Soon, FedEx Arm Starts Trials In Bangalore",0.3409087770988426,3,0,-0.0248372150709968,-0.05857319847297549
TSLA,2022-01-21,Strong Positive,"Electric Vehicle Market In India To Get A New Player Soon, FedEx Arm Starts Trials In Bangalore",0.3409087770988426,3,1,-0.019304308981623,-0.0778775074545985
TSLA,2022-01-21,Strong Positive,"Electric Vehicle Market In India To Get A New Player Soon, FedEx Arm Starts Trials In Bangalore",0.3409087770988426,3,2,0.010708490971379402,-0.0671690164832191
TSLA,2022-01-21,Strong Positive,"Electric Vehicle Market In India To Get A New Player Soon, FedEx Arm Starts Trials In Bangalore",0.3409087770988426,3,3,0.022263631931572797,-0.044905384551646305
TSLA,2022-01-21,Strong Positive,"Electric Vehicle Market In India To Get A New Player Soon, FedEx Arm Starts Trials In Bangalore",0.3409087770988426,3,4,-0.1054712228327744,-0.1503766073844207
TSLA,2022-01-21,Strong Positive,"Electric Vehicle Market In India To Get A New Player Soon, FedEx Arm Starts Trials In Bangalore",0.3409087770988426,3,5,-0.010563134208408098,-0.1609397415928288
TSLA,2022-01-24,Strong Positive,Warren Buffett has nearly caught up with Cathie Wood after the tech-stock guru vastly outperformed him in 2020,1.0,2,-5,0.011275209774679999,0.011275209774679999
TSLA,2022-01-24,Strong Positive,Warren Buffett has nearly caught up with Cathie Wood after the tech-stock guru vastly outperformed him in 2020,1.0,2,-4,0.006697201328347401,0.0179724111030274
TSLA,2022-01-24,Strong Positive,Warren Buffett has nearly caught up with Cathie Wood after the tech-stock guru vastly outperformed him in 2020,1.0,2,-3,-0.022844478125442498,-0.004872067022415098
TSLA,2022-01-24,Strong Positive,Warren Buffett has nearly caught up with Cathie Wood after the tech-stock guru vastly outperformed him in 2020,1.0,2,-2,0.013611125378016899,0.0087390583556018
TSLA,2022-01-24,Strong Positive,Warren Buffett has nearly caught up with Cathie Wood after the tech-stock guru vastly outperformed him in 2020,1.0,2,-1,-0.0248372150709968,-0.016098156715395003
TSLA,2022-01-24,Strong Positive,Warren Buffett has nearly caught up with Cathie Wood after the tech-stock guru vastly outperformed him in 2020,1.0,2,0,-0.019304308981623,-0.03540246569701801
TSLA,2022-01-24,Strong Positive,Warren Buffett has nearly caught up with Cathie Wood after the tech-stock guru vastly outperformed him in 2020,1.0,2,1,0.010708490971379402,-0.024693974725638605
TSLA,2022-01-24,Strong Positive,Warren Buffett has nearly caught up with Cathie Wood after the tech-stock guru vastly outperformed him in 2020,1.0,2,2,0.022263631931572797,-0.002430342794065808
TSLA,2022-01-24,Strong Positive,Warren Buffett has nearly caught up with Cathie Wood after the tech-stock guru vastly outperformed him in 2020,1.0,2,3,-0.1054712228327744,-0.1079015656268402
TSLA,2022-01-24,Strong Positive,Warren Buffett has nearly caught up with Cathie Wood after the tech-stock guru vastly outperformed him in 2020,1.0,2,4,-0.010563134208408098,-0.1184646998352483
TSLA,2022-01-24,Strong Positive,Warren Buffett has nearly caught up with Cathie Wood after the tech-stock guru vastly outperformed him in 2020,1.0,2,5,0.0747975543311104,-0.04366714550413789
TSLA,2022-01-26,Strong Negative,"Tesla posts record earnings, sees supply chain issues ahead",-0.5558481478444904,4,-5,-0.022844478125442498,-0.022844478125442498
TSLA,2022-01-26,Strong Negative,"Tesla posts record earnings, sees supply chain issues ahead",-0.5558481478444904,4,-4,0.013611125378016899,-0.009233352747425599
TSLA,2022-01-26,Strong Negative,"Tesla posts record earnings, sees supply chain issues ahead",-0.5558481478444904,4,-3,-0.0248372150709968,-0.0340705678184224
TSLA,2022-01-26,Strong Negative,"Tesla posts record earnings, sees supply chain issues ahead",-0.5558481478444904,4,-2,-0.019304308981623,-0.05337487680004541
TSLA,2022-01-26,Strong Negative,"Tesla posts record earnings, sees supply chain issues ahead",-0.5558481478444904,4,-1,0.010708490971379402,-0.042666385828666005
TSLA,2022-01-26,Strong Negative,"Tesla posts record earnings, sees supply chain issues ahead",-0.5558481478444904,4,0,0.022263631931572797,-0.020402753897093208
TSLA,2022-01-26,Strong Negative,"Tesla posts record earnings, sees supply chain issues ahead",-0.5558481478444904,4,1,-0.1054712228327744,-0.1258739767298676
TSLA,2022-01-26,Strong Negative,"Tesla posts record earnings, sees supply chain issues ahead",-0.5558481478444904,4,2,-0.010563134208408098,-0.1364371109382757
TSLA,2022-01-26,Strong Negative,"Tesla posts record earnings, sees supply chain issues ahead",-0.5558481478444904,4,3,0.0747975543311104,-0.0616395566071653
TSLA,2022-01-26,Strong Negative,"Tesla posts record earnings, sees supply chain issues ahead",-0.5558481478444904,4,4,-0.0126430865365828,-0.0742826431437481
TSLA,2022-01-26,Strong Negative,"Tesla posts record earnings, sees supply chain issues ahead",-0.5558481478444904,4,5,-0.0356046509223115,-0.1098872940660596
TSLA,2022-01-27,Strong Negative,"Tesla posts record profit, won’t produce new models in 2022",-0.5932677585997996,4,-5,0.013611125378016899,0.013611125378016899
TSLA,2022-01-27,Strong Negative,"Tesla posts record profit, won’t produce new models in 2022",-0.5932677585997996,4,-4,-0.0248372150709968,-0.011226089692979902
TSLA,2022-01-27,Strong Negative,"Tesla posts record profit, won’t produce new models in 2022",-0.5932677585997996,4,-3,-0.019304308981623,-0.0305303986746029
TSLA,2022-01-27,Strong Negative,"Tesla posts record profit, won’t produce new models in 2022",-0.5932677585997996,4,-2,0.010708490971379402,-0.0198219077032235
TSLA,2022-01-27,Strong Negative,"Tesla posts record profit, won’t produce new models in 2022",-0.5932677585997996,4,-1,0.022263631931572797,0.002441724228349297
TSLA,2022-01-27,Strong Negative,"Tesla posts record profit, won’t produce new models in 2022",-0.5932677585997996,4,0,-0.1054712228327744,-0.10302949860442509
TSLA,2022-01-27,Strong Negative,"Tesla posts record profit, won’t produce new models in 2022",-0.5932677585997996,4,1,-0.010563134208408098,-0.11359263281283319
TSLA,2022-01-27,Strong Negative,"Tesla posts record profit, won’t produce new models in 2022",-0.5932677585997996,4,2,0.0747975543311104,-0.03879507848172278
TSLA,2022-01-27,Strong Negative,"Tesla posts record profit, won’t produce new models in 2022",-0.5932677585997996,4,3,-0.0126430865365828,-0.05143816501830559
TSLA,2022-01-27,Strong Negative,"Tesla posts record profit, won’t produce new models in 2022",-0.5932677585997996,4,4,-0.0356046509223115,-0.08704281594061708
TSLA,2022-01-27,Strong Negative,"Tesla posts record profit, won’t produce new models in 2022",-0.5932677585997996,4,5,0.024511593491664603,-0.06253122244895248
TSLA,2022-01-28,Strong Positive,Cathie Wood's ARK buys the dip in Tesla shares after months of selling,0.569093561414554,2,-5,-0.0248372150709968,-0.0248372150709968
TSLA,2022-01-28,Strong Positive,Cathie Wood's ARK buys the dip in Tesla shares after months of selling,0.569093561414554,2,-4,-0.019304308981623,-0.0441415240526198
TSLA,2022-01-28,Strong Positive,Cathie Wood's ARK buys the dip in Tesla shares after months of selling,0.569093561414554,2,-3,0.010708490971379402,-0.0334330330812404
TSLA,2022-01-28,Strong Positive,Cathie Wood's ARK buys the dip in Tesla shares after months of selling,0.569093561414554,2,-2,0.022263631931572797,-0.0111694011496676
TSLA,2022-01-28,Strong Positive,Cathie Wood's ARK buys the dip in Tesla shares after months of selling,0.569093561414554,2,-1,-0.1054712228327744,-0.11664062398244199
TSLA,2022-01-28,Strong Positive,Cathie Wood's ARK buys the dip in Tesla shares after months of selling,0.569093561414554,2,0,-0.010563134208408098,-0.12720375819085009
TSLA,2022-01-28,Strong Positive,Cathie Wood's ARK buys the dip in Tesla shares after months of selling,0.569093561414554,2,1,0.0747975543311104,-0.05240620385973968
TSLA,2022-01-28,Strong Positive,Cathie Wood's ARK buys the dip in Tesla shares after months of selling,0.569093561414554,2,2,-0.0126430865365828,-0.06504929039632248
TSLA,2022-01-28,Strong Positive,Cathie Wood's ARK buys the dip in Tesla shares after months of selling,0.569093561414554,2,3,-0.0356046509223115,-0.10065394131863398
TSLA,2022-01-28,Strong Positive,Cathie Wood's ARK buys the dip in Tesla shares after months of selling,0.569093561414554,2,4,0.024511593491664603,-0.07614234782696938
TSLA,2022-01-28,Strong Positive,Cathie Wood's ARK buys the dip in Tesla shares after months of selling,0.569093561414554,2,5,0.023496026206544902,-0.05264632162042448
TSLA,2022-02-01,Strong Negative,Tesla agrees to disable self-driving feature that runs stop signs,-0.3699060697517079,3,-5,0.010708490971379402,0.010708490971379402
TSLA,2022-02-01,Strong Negative,Tesla agrees to disable self-driving feature that runs stop signs,-0.3699060697517079,3,-4,0.022263631931572797,0.0329721229029522
TSLA,2022-02-01,Strong Negative,Tesla agrees to disable self-driving feature that runs stop signs,-0.3699060697517079,3,-3,-0.1054712228327744,-0.0724990999298222
TSLA,2022-02-01,Strong Negative,Tesla agrees to disable self-driving feature that runs stop signs,-0.3699060697517079,3,-2,-0.010563134208408098,-0.0830622341382303
TSLA,2022-02-01,Strong Negative,Tesla agrees to disable self-driving feature that runs stop signs,-0.3699060697517079,3,-1,0.0747975543311104,-0.008264679807119896
TSLA,2022-02-01,Strong Negative,Tesla agrees to disable self-driving feature that runs stop signs,-0.3699060697517079,3,0,-0.0126430865365828,-0.020907766343702696
TSLA,2022-02-01,Strong Negative,Tesla agrees to disable self-driving feature that runs stop signs,-0.3699060697517079,3,1,-0.0356046509223115,-0.05651241726601419
TSLA,2022-02-01,Strong Negative,Tesla agrees to disable self-driving feature that runs stop signs,-0.3699060697517079,3,2,0.024511593491664603,-0.03200082377434959
TSLA,2022-02-01,Strong Negative,Tesla agrees to disable self-driving feature that runs stop signs,-0.3699060697517079,3,3,0.023496026206544902,-0.008504797567804687
TSLA,2022-02-01,Strong Negative,Tesla agrees to disable self-driving feature that runs stop signs,-0.3699060697517079,3,4,-0.009262850215331598,-0.017767647783136283
TSLA,2022-02-01,Strong Negative,Tesla agrees to disable self-driving feature that runs stop signs,-0.3699060697517079,3,5,0.004921770444226901,-0.012845877338909382
TSLA,2022-02-02,Strong Positive,"Robots marched on in 2021, with record orders by North American firms",1.0,1,-5,0.022263631931572797,0.022263631931572797
TSLA,2022-02-02,Strong Positive,"Robots marched on in 2021, with record orders by North American firms",1.0,1,-4,-0.1054712228327744,-0.0832075909012016
TSLA,2022-02-02,Strong Positive,"Robots marched on in 2021, with record orders by North American firms",1.0,1,-3,-0.010563134208408098,-0.0937707251096097
TSLA,2022-02-02,Strong Positive,"Robots marched on in 2021, with record orders by North American firms",1.0,1,-2,0.0747975543311104,-0.01897317077849929
TSLA,2022-02-02,Strong Positive,"Robots marched on in 2021, with record orders by North American firms",1.0,1,-1,-0.0126430865365828,-0.031616257315082094
TSLA,2022-02-02,Strong Positive,"Robots marched on in 2021, with record orders by North American firms",1.0,1,0,-0.0356046509223115,-0.0672209082373936
TSLA,2022-02-02,Strong Positive,"Robots marched on in 2021, with record orders by North American firms",1.0,1,1,0.024511593491664603,-0.042709314745729
TSLA,2022-02-02,Strong Positive,"Robots marched on in 2021, with record orders by North American firms",1.0,1,2,0.023496026206544902,-0.019213288539184095
TSLA,2022-02-02,Strong Positive,"Robots marched on in 2021, with record orders by North American firms",1.0,1,3,-0.009262850215331598,-0.02847613875451569
TSLA,2022-02-02,Strong Positive,"Robots marched on in 2021, with record orders by North American firms",1.0,1,4,0.004921770444226901,-0.02355436831028879
TSLA,2022-02-02,Strong Positive,"Robots marched on in 2021, with record orders by North American firms",1.0,1,5,-0.010344475251797101,-0.03389884356208589
TSLA,2022-02-03,Strong Negative,Former Tesla worker sues company alleging abuse ‘reminiscent of the Jim Crow Era’,-0.4448250169589537,3,-5,-0.1054712228327744,-0.1054712228327744
TSLA,2022-02-03,Strong Negative,Former Tesla worker sues company alleging abuse ‘reminiscent of the Jim Crow Era’,-0.4448250169589537,3,-4,-0.010563134208408098,-0.11603435704118249
TSLA,2022-02-03,Strong Negative,Former Tesla worker sues company alleging abuse ‘reminiscent of the Jim Crow Era’,-0.4448250169589537,3,-3,0.0747975543311104,-0.04123680271007209
TSLA,2022-02-03,Strong Negative,Former Tesla worker sues company alleging abuse ‘reminiscent of the Jim Crow Era’,-0.4448250169589537,3,-2,-0.0126430865365828,-0.05387988924665489
TSLA,2022-02-03,Strong Negative,Former Tesla worker sues company alleging abuse ‘reminiscent of the Jim Crow Era’,-0.4448250169589537,3,-1,-0.0356046509223115,-0.0894845401689664
TSLA,2022-02-03,Strong Negative,Former Tesla worker sues company alleging abuse ‘reminiscent of the Jim Crow Era’,-0.4448250169589537,3,0,0.024511593491664603,-0.0649729466773018
TSLA,2022-02-03,Strong Negative,Former Tesla worker sues company alleging abuse ‘reminiscent of the Jim Crow Era’,-0.4448250169589537,3,1,0.023496026206544902,-0.0414769204707569
TSLA,2022-02-03,Strong Negative,Former Tesla worker sues company alleging abuse ‘reminiscent of the Jim Crow Era’,-0.4448250169589537,3,2,-0.009262850215331598,-0.050739770686088495
TSLA,2022-02-03,Strong Negative,Former Tesla worker sues company alleging abuse ‘reminiscent of the Jim Crow Era’,-0.4448250169589537,3,3,0.004921770444226901,-0.0458180002418616
TSLA,2022-02-03,Strong Negative,Former Tesla worker sues company alleging abuse ‘reminiscent of the Jim Crow Era’,-0.4448250169589537,3,4,-0.010344475251797101,-0.0561624754936587
TSLA,2022-02-03,Strong Negative,Former Tesla worker sues company alleging abuse ‘reminiscent of the Jim Crow Era’,-0.4448250169589537,3,5,-0.0068202608822861,-0.0629827363759448
TSLA,2022-02-04,Strong Negative,Hertz names ex-Goldman finance chief Stephen Scherr as CEO,-0.3197998552631251,3,-5,-0.010563134208408098,-0.010563134208408098
TSLA,2022-02-04,Strong Negative,Hertz names ex-Goldman finance chief Stephen Scherr as CEO,-0.3197998552631251,3,-4,0.0747975543311104,0.06423442012270231
TSLA,2022-02-04,Strong Negative,Hertz names ex-Goldman finance chief Stephen Scherr as CEO,-0.3197998552631251,3,-3,-0.0126430865365828,0.0515913335861195
TSLA,2022-02-04,Strong Negative,Hertz names ex-Goldman finance chief Stephen Scherr as CEO,-0.3197998552631251,3,-2,-0.0356046509223115,0.015986682663808004
TSLA,2022-02-04,Strong Negative,Hertz names ex-Goldman finance chief Stephen Scherr as CEO,-0.3197998552631251,3,-1,0.024511593491664603,0.04049827615547261
TSLA,2022-02-04,Strong Negative,Hertz names ex-Goldman finance chief Stephen Scherr as CEO,-0.3197998552631251,3,0,0.023496026206544902,0.0639943023620175
TSLA,2022-02-04,Strong Negative,Hertz names ex-Goldman finance chief Stephen Scherr as CEO,-0.3197998552631251,3,1,-0.009262850215331598,0.054731452146685906
TSLA,2022-02-04,Strong Negative,Hertz names ex-Goldman finance chief Stephen Scherr as CEO,-0.3197998552631251,3,2,0.004921770444226901,0.05965322259091281
TSLA,2022-02-04,Strong Negative,Hertz names ex-Goldman finance chief Stephen Scherr as CEO,-0.3197998552631251,3,3,-0.010344475251797101,0.04930874733911571
TSLA,2022-02-04,Strong Negative,Hertz names ex-Goldman finance chief Stephen Scherr as CEO,-0.3197998552631251,3,4,-0.0068202608822861,0.04248848645682961
TSLA,2022-02-04,Strong Negative,Hertz names ex-Goldman finance chief Stephen Scherr as CEO,-0.3197998552631251,3,5,-0.017529393096476296,0.02495909336035331
TSLA,2022-02-10,Strong Negative,"Tesla's Bitcoin Investment Hits Nearly $2 Billion—Here's How That Compares To Billionaire Novogratz's Galaxy, Dorsey's Square And More",-0.2234943327270265,8,-5,0.024511593491664603,0.024511593491664603
TSLA,2022-02-10,Strong Negative,"Tesla's Bitcoin Investment Hits Nearly $2 Billion—Here's How That Compares To Billionaire Novogratz's Galaxy, Dorsey's Square And More",-0.2234943327270265,8,-4,0.023496026206544902,0.048007619698209505
TSLA,2022-02-10,Strong Negative,"Tesla's Bitcoin Investment Hits Nearly $2 Billion—Here's How That Compares To Billionaire Novogratz's Galaxy, Dorsey's Square And More",-0.2234943327270265,8,-3,-0.009262850215331598,0.03874476948287791
TSLA,2022-02-10,Strong Negative,"Tesla's Bitcoin Investment Hits Nearly $2 Billion—Here's How That Compares To Billionaire Novogratz's Galaxy, Dorsey's Square And More",-0.2234943327270265,8,-2,0.004921770444226901,0.043666539927104814
TSLA,2022-02-10,Strong Negative,"Tesla's Bitcoin Investment Hits Nearly $2 Billion—Here's How That Compares To Billionaire Novogratz's Galaxy, Dorsey's Square And More",-0.2234943327270265,8,-1,-0.010344475251797101,0.03332206467530771
TSLA,2022-02-10,Strong Negative,"Tesla's Bitcoin Investment Hits Nearly $2 Billion—Here's How That Compares To Billionaire Novogratz's Galaxy, Dorsey's Square And More",-0.2234943327270265,8,0,-0.0068202608822861,0.02650180379302161
TSLA,2022-02-10,Strong Negative,"Tesla's Bitcoin Investment Hits Nearly $2 Billion—Here's How That Compares To Billionaire Novogratz's Galaxy, Dorsey's Square And More",-0.2234943327270265,8,1,-0.017529393096476296,0.008972410696545315
TSLA,2022-02-10,Strong Negative,"Tesla's Bitcoin Investment Hits Nearly $2 Billion—Here's How That Compares To Billionaire Novogratz's Galaxy, Dorsey's Square And More",-0.2234943327270265,8,2,0.0170865111434129,0.026058921839958213
TSLA,2022-02-10,Strong Negative,"Tesla's Bitcoin Investment Hits Nearly $2 Billion—Here's How That Compares To Billionaire Novogratz's Galaxy, Dorsey's Square And More",-0.2234943327270265,8,3,0.028426878518246903,0.05448580035820512
TSLA,2022-02-10,Strong Negative,"Tesla's Bitcoin Investment Hits Nearly $2 Billion—Here's How That Compares To Billionaire Novogratz's Galaxy, Dorsey's Square And More",-0.2234943327270265,8,4,0.0012933887365441,0.05577918909474922
TSLA,2022-02-10,Strong Negative,"Tesla's Bitcoin Investment Hits Nearly $2 Billion—Here's How That Compares To Billionaire Novogratz's Galaxy, Dorsey's Square And More",-0.2234943327270265,8,5,-0.021198806435951,0.03458038265879822
TSLA,2022-02-14,Strong Negative,Tesla Stock vs. Alphabet Stock: Which Is the Better Buy Today?,-0.5977663159054863,3,-5,-0.009262850215331598,-0.009262850215331598
TSLA,2022-02-14,Strong Negative,Tesla Stock vs. Alphabet Stock: Which Is the Better Buy Today?,-0.5977663159054863,3,-4,0.004921770444226901,-0.004341079771104697
TSLA,2022-02-14,Strong Negative,Tesla Stock vs. Alphabet Stock: Which Is the Better Buy Today?,-0.5977663159054863,3,-3,-0.010344475251797101,-0.014685555022901798
TSLA,2022-02-14,Strong Negative,Tesla Stock vs. Alphabet Stock: Which Is the Better Buy Today?,-0.5977663159054863,3,-2,-0.0068202608822861,-0.021505815905187898
TSLA,2022-02-14,Strong Negative,Tesla Stock vs. Alphabet Stock: Which Is the Better Buy Today?,-0.5977663159054863,3,-1,-0.017529393096476296,-0.0390352090016642
TSLA,2022-02-14,Strong Negative,Tesla Stock vs. Alphabet Stock: Which Is the Better Buy Today?,-0.5977663159054863,3,0,0.0170865111434129,-0.0219486978582513
TSLA,2022-02-14,Strong Negative,Tesla Stock vs. Alphabet Stock: Which Is the Better Buy Today?,-0.5977663159054863,3,1,0.028426878518246903,0.006478180659995603
TSLA,2022-02-14,Strong Negative,Tesla Stock vs. Alphabet Stock: Which Is the Better Buy Today?,-0.5977663159054863,3,2,0.0012933887365441,0.007771569396539703
TSLA,2022-02-14,Strong Negative,Tesla Stock vs. Alphabet Stock: Which Is the Better Buy Today?,-0.5977663159054863,3,3,-0.021198806435951,-0.013427237039411299
TSLA,2022-02-14,Strong Negative,Tesla Stock vs. Alphabet Stock: Which Is the Better Buy Today?,-0.5977663159054863,3,4,-0.010697806452488001,-0.024125043491899298
TSLA,2022-02-14,Strong Negative,Tesla Stock vs. Alphabet Stock: Which Is the Better Buy Today?,-0.5977663159054863,3,5,-0.0313224127779078,-0.0554474562698071
TSLA,2022-02-15,Strong Negative,South Korea probes Tesla on suspicion of exaggerating mileage,-1.0,1,-5,0.004921770444226901,0.004921770444226901
TSLA,2022-02-15,Strong Negative,South Korea probes Tesla on suspicion of exaggerating mileage,-1.0,1,-4,-0.010344475251797101,-0.0054227048075702
TSLA,2022-02-15,Strong Negative,South Korea probes Tesla on suspicion of exaggerating mileage,-1.0,1,-3,-0.0068202608822861,-0.0122429656898563
TSLA,2022-02-15,Strong Negative,South Korea probes Tesla on suspicion of exaggerating mileage,-1.0,1,-2,-0.017529393096476296,-0.029772358786332595
TSLA,2022-02-15,Strong Negative,South Korea probes Tesla on suspicion of exaggerating mileage,-1.0,1,-1,0.0170865111434129,-0.012685847642919697
TSLA,2022-02-15,Strong Negative,South Korea probes Tesla on suspicion of exaggerating mileage,-1.0,1,0,0.028426878518246903,0.015741030875327206
TSLA,2022-02-15,Strong Negative,South Korea probes Tesla on suspicion of exaggerating mileage,-1.0,1,1,0.0012933887365441,0.017034419611871306
TSLA,2022-02-15,Strong Negative,South Korea probes Tesla on suspicion of exaggerating mileage,-1.0,1,2,-0.021198806435951,-0.004164386824079696
TSLA,2022-02-15,Strong Negative,South Korea probes Tesla on suspicion of exaggerating mileage,-1.0,1,3,-0.010697806452488001,-0.014862193276567697
TSLA,2022-02-15,Strong Negative,South Korea probes Tesla on suspicion of exaggerating mileage,-1.0,1,4,-0.0313224127779078,-0.0461846060544755
TSLA,2022-02-15,Strong Negative,South Korea probes Tesla on suspicion of exaggerating mileage,-1.0,1,5,-0.0443640341916453,-0.0905486402461208
TSLA,2022-02-17,Strong Negative,"NHTSA opens safety probe into 416,000 Teslas for 'phantom braking'",-1.0,3,-5,-0.0068202608822861,-0.0068202608822861
TSLA,2022-02-17,Strong Negative,"NHTSA opens safety probe into 416,000 Teslas for 'phantom braking'",-1.0,3,-4,-0.017529393096476296,-0.024349653978762396
TSLA,2022-02-17,Strong Negative,"NHTSA opens safety probe into 416,000 Teslas for 'phantom braking'",-1.0,3,-3,0.0170865111434129,-0.007263142835349498
TSLA,2022-02-17,Strong Negative,"NHTSA opens safety probe into 416,000 Teslas for 'phantom braking'",-1.0,3,-2,0.028426878518246903,0.021163735682897405
TSLA,2022-02-17,Strong Negative,"NHTSA opens safety probe into 416,000 Teslas for 'phantom braking'",-1.0,3,-1,0.0012933887365441,0.022457124419441504
TSLA,2022-02-17,Strong Negative,"NHTSA opens safety probe into 416,000 Teslas for 'phantom braking'",-1.0,3,0,-0.021198806435951,0.0012583179834905027
TSLA,2022-02-17,Strong Negative,"NHTSA opens safety probe into 416,000 Teslas for 'phantom braking'",-1.0,3,1,-0.010697806452488001,-0.009439488468997498
TSLA,2022-02-17,Strong Negative,"NHTSA opens safety probe into 416,000 Teslas for 'phantom braking'",-1.0,3,2,-0.0313224127779078,-0.0407619012469053
TSLA,2022-02-17,Strong Negative,"NHTSA opens safety probe into 416,000 Teslas for 'phantom braking'",-1.0,3,3,-0.0443640341916453,-0.0851259354385506
TSLA,2022-02-17,Strong Negative,"NHTSA opens safety probe into 416,000 Teslas for 'phantom braking'",-1.0,3,4,0.0144687891899202,-0.0706571462486304
TSLA,2022-02-17,Strong Negative,"NHTSA opens safety probe into 416,000 Teslas for 'phantom braking'",-1.0,3,5,-0.0041429279147787,-0.0748000741634091
TSLA,2022-02-18,Strong Negative,China’s Baidu Launches Self-Driving Taxis in Densely Populated Shenzhen,-0.292573755988319,3,-5,-0.017529393096476296,-0.017529393096476296
TSLA,2022-02-18,Strong Negative,China’s Baidu Launches Self-Driving Taxis in Densely Populated Shenzhen,-0.292573755988319,3,-4,0.0170865111434129,-0.00044288195306339817
TSLA,2022-02-18,Strong Negative,China’s Baidu Launches Self-Driving Taxis in Densely Populated Shenzhen,-0.292573755988319,3,-3,0.028426878518246903,0.027983996565183505
TSLA,2022-02-18,Strong Negative,China’s Baidu Launches Self-Driving Taxis in Densely Populated Shenzhen,-0.292573755988319,3,-2,0.0012933887365441,0.029277385301727604
TSLA,2022-02-18,Strong Negative,China’s Baidu Launches Self-Driving Taxis in Densely Populated Shenzhen,-0.292573755988319,3,-1,-0.021198806435951,0.008078578865776603
TSLA,2022-02-18,Strong Negative,China’s Baidu Launches Self-Driving Taxis in Densely Populated Shenzhen,-0.292573755988319,3,0,-0.010697806452488001,-0.0026192275867113982
TSLA,2022-02-18,Strong Negative,China’s Baidu Launches Self-Driving Taxis in Densely Populated Shenzhen,-0.292573755988319,3,1,-0.0313224127779078,-0.0339416403646192
TSLA,2022-02-18,Strong Negative,China’s Baidu Launches Self-Driving Taxis in Densely Populated Shenzhen,-0.292573755988319,3,2,-0.0443640341916453,-0.0783056745562645
TSLA,2022-02-18,Strong Negative,China’s Baidu Launches Self-Driving Taxis in Densely Populated Shenzhen,-0.292573755988319,3,3,0.0144687891899202,-0.0638368853663443
TSLA,2022-02-18,Strong Negative,China’s Baidu Launches Self-Driving Taxis in Densely Populated Shenzhen,-0.292573755988319,3,4,-0.0041429279147787,-0.067979813281123
TSLA,2022-02-18,Strong Negative,China’s Baidu Launches Self-Driving Taxis in Densely Populated Shenzhen,-0.292573755988319,3,5,0.07179881141793,0.0038189981368070003
TSLA,2022-02-23,Strong Positive,"Cathie Wood’s ARK bet $400 million on 6 stocks this month, and it’s a disaster",0.4367814920825013,2,-5,0.028426878518246903,0.028426878518246903
TSLA,2022-02-23,Strong Positive,"Cathie Wood’s ARK bet $400 million on 6 stocks this month, and it’s a disaster",0.4367814920825013,2,-4,0.0012933887365441,0.029720267254791002
TSLA,2022-02-23,Strong Positive,"Cathie Wood’s ARK bet $400 million on 6 stocks this month, and it’s a disaster",0.4367814920825013,2,-3,-0.021198806435951,0.00852146081884
TSLA,2022-02-23,Strong Positive,"Cathie Wood’s ARK bet $400 million on 6 stocks this month, and it’s a disaster",0.4367814920825013,2,-2,-0.010697806452488001,-0.002176345633648
TSLA,2022-02-23,Strong Positive,"Cathie Wood’s ARK bet $400 million on 6 stocks this month, and it’s a disaster",0.4367814920825013,2,-1,-0.0313224127779078,-0.0334987584115558
TSLA,2022-02-23,Strong Positive,"Cathie Wood’s ARK bet $400 million on 6 stocks this month, and it’s a disaster",0.4367814920825013,2,0,-0.0443640341916453,-0.0778627926032011
TSLA,2022-02-23,Strong Positive,"Cathie Wood’s ARK bet $400 million on 6 stocks this month, and it’s a disaster",0.4367814920825013,2,1,0.0144687891899202,-0.0633940034132809
TSLA,2022-02-23,Strong Positive,"Cathie Wood’s ARK bet $400 million on 6 stocks this month, and it’s a disaster",0.4367814920825013,2,2,-0.0041429279147787,-0.0675369313280596
TSLA,2022-02-23,Strong Positive,"Cathie Wood’s ARK bet $400 million on 6 stocks this month, and it’s a disaster",0.4367814920825013,2,3,0.07179881141793,0.0042618800898703985
TSLA,2022-02-23,Strong Positive,"Cathie Wood’s ARK bet $400 million on 6 stocks this month, and it’s a disaster",0.4367814920825013,2,4,0.0083491499510321,0.012611030040902499
TSLA,2022-02-23,Strong Positive,"Cathie Wood’s ARK bet $400 million on 6 stocks this month, and it’s a disaster",0.4367814920825013,2,5,0.001175770826368397,0.013786800867270896
TSLA,2022-02-24,Strong Negative,Tesla: We’ll open our charging network for federal cash,-0.6207200629604696,3,-5,0.0012933887365441,0.0012933887365441
TSLA,2022-02-24,Strong Negative,Tesla: We’ll open our charging network for federal cash,-0.6207200629604696,3,-4,-0.021198806435951,-0.019905417699406902
TSLA,2022-02-24,Strong Negative,Tesla: We’ll open our charging network for federal cash,-0.6207200629604696,3,-3,-0.010697806452488001,-0.030603224151894905
TSLA,2022-02-24,Strong Negative,Tesla: We’ll open our charging network for federal cash,-0.6207200629604696,3,-2,-0.0313224127779078,-0.061925636929802706
TSLA,2022-02-24,Strong Negative,Tesla: We’ll open our charging network for federal cash,-0.6207200629604696,3,-1,-0.0443640341916453,-0.106289671121448
TSLA,2022-02-24,Strong Negative,Tesla: We’ll open our charging network for federal cash,-0.6207200629604696,3,0,0.0144687891899202,-0.0918208819315278
TSLA,2022-02-24,Strong Negative,Tesla: We’ll open our charging network for federal cash,-0.6207200629604696,3,1,-0.0041429279147787,-0.09596380984630651
TSLA,2022-02-24,Strong Negative,Tesla: We’ll open our charging network for federal cash,-0.6207200629604696,3,2,0.07179881141793,-0.024164998428376508
TSLA,2022-02-24,Strong Negative,Tesla: We’ll open our charging network for federal cash,-0.6207200629604696,3,3,0.0083491499510321,-0.015815848477344407
TSLA,2022-02-24,Strong Negative,Tesla: We’ll open our charging network for federal cash,-0.6207200629604696,3,4,0.001175770826368397,-0.01464007765097601
TSLA,2022-02-24,Strong Negative,Tesla: We’ll open our charging network for federal cash,-0.6207200629604696,3,5,-0.03185707813869,-0.04649715578966601
TSLA,2022-03-01,Strong Negative,Lucid Air production cut deflates company's valuation by billions,-0.5000723915955745,2,-5,-0.0313224127779078,-0.0313224127779078
TSLA,2022-03-01,Strong Negative,Lucid Air production cut deflates company's valuation by billions,-0.5000723915955745,2,-4,-0.0443640341916453,-0.0756864469695531
TSLA,2022-03-01,Strong Negative,Lucid Air production cut deflates company's valuation by billions,-0.5000723915955745,2,-3,0.0144687891899202,-0.061217657779632895
TSLA,2022-03-01,Strong Negative,Lucid Air production cut deflates company's valuation by billions,-0.5000723915955745,2,-2,-0.0041429279147787,-0.0653605856944116
TSLA,2022-03-01,Strong Negative,Lucid Air production cut deflates company's valuation by billions,-0.5000723915955745,2,-1,0.07179881141793,0.006438225723518404
TSLA,2022-03-01,Strong Negative,Lucid Air production cut deflates company's valuation by billions,-0.5000723915955745,2,0,0.0083491499510321,0.014787375674550504
TSLA,2022-03-01,Strong Negative,Lucid Air production cut deflates company's valuation by billions,-0.5000723915955745,2,1,0.001175770826368397,0.0159631465009189
TSLA,2022-03-01,Strong Negative,Lucid Air production cut deflates company's valuation by billions,-0.5000723915955745,2,2,-0.03185707813869,-0.0158939316377711
TSLA,2022-03-01,Strong Negative,Lucid Air production cut deflates company's valuation by billions,-0.5000723915955745,2,3,0.0133003426614479,-0.0025935889763232
TSLA,2022-03-01,Strong Negative,Lucid Air production cut deflates company's valuation by billions,-0.5000723915955745,2,4,-0.0033315793297383003,-0.0059251683060615006
TSLA,2022-03-01,Strong Negative,Lucid Air production cut deflates company's valuation by billions,-0.5000723915955745,2,5,0.029282085274617,0.023356916968555498
TSLA,2022-03-04,Strong Positive,"Ford's plan to cut $3B in waste will funnel money from gas vehicles to fund electric, tech",0.5005166650199255,2,-5,-0.0041429279147787,-0.0041429279147787
TSLA,2022-03-04,Strong Positive,"Ford's plan to cut $3B in waste will funnel money from gas vehicles to fund electric, tech",0.5005166650199255,2,-4,0.07179881141793,0.0676558835031513
TSLA,2022-03-04,Strong Positive,"Ford's plan to cut $3B in waste will funnel money from gas vehicles to fund electric, tech",0.5005166650199255,2,-3,0.0083491499510321,0.0760050334541834
TSLA,2022-03-04,Strong Positive,"Ford's plan to cut $3B in waste will funnel money from gas vehicles to fund electric, tech",0.5005166650199255,2,-2,0.001175770826368397,0.0771808042805518
TSLA,2022-03-04,Strong Positive,"Ford's plan to cut $3B in waste will funnel money from gas vehicles to fund electric, tech",0.5005166650199255,2,-1,-0.03185707813869,0.045323726141861795
TSLA,2022-03-04,Strong Positive,"Ford's plan to cut $3B in waste will funnel money from gas vehicles to fund electric, tech",0.5005166650199255,2,0,0.0133003426614479,0.0586240688033097
TSLA,2022-03-04,Strong Positive,"Ford's plan to cut $3B in waste will funnel money from gas vehicles to fund electric, tech",0.5005166650199255,2,1,-0.0033315793297383003,0.0552924894735714
TSLA,2022-03-04,Strong Positive,"Ford's plan to cut $3B in waste will funnel money from gas vehicles to fund electric, tech",0.5005166650199255,2,2,0.029282085274617,0.0845745747481884
TSLA,2022-03-04,Strong Positive,"Ford's plan to cut $3B in waste will funnel money from gas vehicles to fund electric, tech",0.5005166650199255,2,3,0.005935259793957905,0.09050983454214631
TSLA,2022-03-04,Strong Positive,"Ford's plan to cut $3B in waste will funnel money from gas vehicles to fund electric, tech",0.5005166650199255,2,4,-0.012958958078713,0.07755087646343331
TSLA,2022-03-04,Strong Positive,"Ford's plan to cut $3B in waste will funnel money from gas vehicles to fund electric, tech",0.5005166650199255,2,5,-0.0304962545623787,0.04705462190105461
TSLA,2022-03-09,Strong Negative,"Tesla's Musk seeks to end SEC muzzle on tweets, could face uphill battle",-0.3617927990932025,4,-5,0.001175770826368397,0.001175770826368397
TSLA,2022-03-09,Strong Negative,"Tesla's Musk seeks to end SEC muzzle on tweets, could face uphill battle",-0.3617927990932025,4,-4,-0.03185707813869,-0.030681307312321604
TSLA,2022-03-09,Strong Negative,"Tesla's Musk seeks to end SEC muzzle on tweets, could face uphill battle",-0.3617927990932025,4,-3,0.0133003426614479,-0.017380964650873704
TSLA,2022-03-09,Strong Negative,"Tesla's Musk seeks to end SEC muzzle on tweets, could face uphill battle",-0.3617927990932025,4,-2,-0.0033315793297383003,-0.020712543980612005
TSLA,2022-03-09,Strong Negative,"Tesla's Musk seeks to end SEC muzzle on tweets, could face uphill battle",-0.3617927990932025,4,-1,0.029282085274617,0.008569541294004994
TSLA,2022-03-09,Strong Negative,"Tesla's Musk seeks to end SEC muzzle on tweets, could face uphill battle",-0.3617927990932025,4,0,0.005935259793957905,0.014504801087962899
TSLA,2022-03-09,Strong Negative,"Tesla's Musk seeks to end SEC muzzle on tweets, could face uphill battle",-0.3617927990932025,4,1,-0.012958958078713,0.0015458430092498993
TSLA,2022-03-09,Strong Negative,"Tesla's Musk seeks to end SEC muzzle on tweets, could face uphill battle",-0.3617927990932025,4,2,-0.0304962545623787,-0.028950411553128802
TSLA,2022-03-09,Strong Negative,"Tesla's Musk seeks to end SEC muzzle on tweets, could face uphill battle",-0.3617927990932025,4,3,-0.017232038979294397,-0.0461824505324232
TSLA,2022-03-09,Strong Negative,"Tesla's Musk seeks to end SEC muzzle on tweets, could face uphill battle",-0.3617927990932025,4,4,0.014981437778864098,-0.031201012753559104
TSLA,2022-03-09,Strong Negative,"Tesla's Musk seeks to end SEC muzzle on tweets, could face uphill battle",-0.3617927990932025,4,5,0.010725348794644596,-0.02047566395891451
TSLA,2022-03-11,Strong Positive,Focus: Rental car giants embark on electric after pandemic bonanza,0.4501537437624454,2,-5,0.0133003426614479,0.0133003426614479
TSLA,2022-03-11,Strong Positive,Focus: Rental car giants embark on electric after pandemic bonanza,0.4501537437624454,2,-4,-0.0033315793297383003,0.0099687633317096
TSLA,2022-03-11,Strong Positive,Focus: Rental car giants embark on electric after pandemic bonanza,0.4501537437624454,2,-3,0.029282085274617,0.0392508486063266
TSLA,2022-03-11,Strong Positive,Focus: Rental car giants embark on electric after pandemic bonanza,0.4501537437624454,2,-2,0.005935259793957905,0.0451861084002845
TSLA,2022-03-11,Strong Positive,Focus: Rental car giants embark on electric after pandemic bonanza,0.4501537437624454,2,-1,-0.012958958078713,0.0322271503215715
TSLA,2022-03-11,Strong Positive,Focus: Rental car giants embark on electric after pandemic bonanza,0.4501537437624454,2,0,-0.0304962545623787,0.001730895759192802
TSLA,2022-03-11,Strong Positive,Focus: Rental car giants embark on electric after pandemic bonanza,0.4501537437624454,2,1,-0.017232038979294397,-0.015501143220101595
TSLA,2022-03-11,Strong Positive,Focus: Rental car giants embark on electric after pandemic bonanza,0.4501537437624454,2,2,0.014981437778864098,-0.0005197054412374967
TSLA,2022-03-11,Strong Positive,Focus: Rental car giants embark on electric after pandemic bonanza,0.4501537437624454,2,3,0.010725348794644596,0.010205643353407099
TSLA,2022-03-11,Strong Positive,Focus: Rental car giants embark on electric after pandemic bonanza,0.4501537437624454,2,4,0.0252287476928885,0.0354343910462956
TSLA,2022-03-11,Strong Positive,Focus: Rental car giants embark on electric after pandemic bonanza,0.4501537437624454,2,5,0.0182998118161697,0.0537342028624653
TSLA,2022-03-15,Strong Negative,Tesla raises prices for second time in days on rising costs,-0.5399151145456912,2,-5,0.029282085274617,0.029282085274617
TSLA,2022-03-15,Strong Negative,Tesla raises prices for second time in days on rising costs,-0.5399151145456912,2,-4,0.005935259793957905,0.03521734506857491
TSLA,2022-03-15,Strong Negative,Tesla raises prices for second time in days on rising costs,-0.5399151145456912,2,-3,-0.012958958078713,0.022258386989861906
TSLA,2022-03-15,Strong Negative,Tesla raises prices for second time in days on rising costs,-0.5399151145456912,2,-2,-0.0304962545623787,-0.008237867572516794
TSLA,2022-03-15,Strong Negative,Tesla raises prices for second time in days on rising costs,-0.5399151145456912,2,-1,-0.017232038979294397,-0.02546990655181119
TSLA,2022-03-15,Strong Negative,Tesla raises prices for second time in days on rising costs,-0.5399151145456912,2,0,0.014981437778864098,-0.010488468772947093
TSLA,2022-03-15,Strong Negative,Tesla raises prices for second time in days on rising costs,-0.5399151145456912,2,1,0.010725348794644596,0.00023688002169750325
TSLA,2022-03-15,Strong Negative,Tesla raises prices for second time in days on rising costs,-0.5399151145456912,2,2,0.0252287476928885,0.025465627714586003
TSLA,2022-03-15,Strong Negative,Tesla raises prices for second time in days on rising costs,-0.5399151145456912,2,3,0.0182998118161697,0.043765439530755706
TSLA,2022-03-15,Strong Negative,Tesla raises prices for second time in days on rising costs,-0.5399151145456912,2,4,0.020198117465684,0.06396355699643971
TSLA,2022-03-15,Strong Negative,Tesla raises prices for second time in days on rising costs,-0.5399151145456912,2,5,0.059399994141090706,0.12336355113753042
TSLA,2022-03-23,Strong Positive,Hertz adds Tesla's Model Y to its EV fleet,0.400190942675688,2,-5,0.010725348794644596,0.010725348794644596
TSLA,2022-03-23,Strong Positive,Hertz adds Tesla's Model Y to its EV fleet,0.400190942675688,2,-4,0.0252287476928885,0.035954096487533095
TSLA,2022-03-23,Strong Positive,Hertz adds Tesla's Model Y to its EV fleet,0.400190942675688,2,-3,0.0182998118161697,0.054253908303702796
TSLA,2022-03-23,Strong Positive,Hertz adds Tesla's Model Y to its EV fleet,0.400190942675688,2,-2,0.020198117465684,0.0744520257693868
TSLA,2022-03-23,Strong Positive,Hertz adds Tesla's Model Y to its EV fleet,0.400190942675688,2,-1,0.059399994141090706,0.13385201991047752
TSLA,2022-03-23,Strong Positive,Hertz adds Tesla's Model Y to its EV fleet,0.400190942675688,2,0,0.019532519370302398,0.1533845392807799
TSLA,2022-03-23,Strong Positive,Hertz adds Tesla's Model Y to its EV fleet,0.400190942675688,2,1,-0.0074036395237050984,0.14598089975707482
TSLA,2022-03-23,Strong Positive,Hertz adds Tesla's Model Y to its EV fleet,0.400190942675688,2,2,-0.0024008717681444003,0.1435800279889304
TSLA,2022-03-23,Strong Positive,Hertz adds Tesla's Model Y to its EV fleet,0.400190942675688,2,3,0.0648726768339872,0.2084527048229176
TSLA,2022-03-23,Strong Positive,Hertz adds Tesla's Model Y to its EV fleet,0.400190942675688,2,4,-0.0101299062075213,0.1983227986153963
TSLA,2022-03-23,Strong Positive,Hertz adds Tesla's Model Y to its EV fleet,0.400190942675688,2,5,0.005971060663482901,0.20429385927887922
TSLA,2022-03-24,Strong Negative,POSCO Holdings Inc. Invests U$839 million in Lithium business in Argentina,-0.4909561573815086,2,-5,0.0252287476928885,0.0252287476928885
TSLA,2022-03-24,Strong Negative,POSCO Holdings Inc. Invests U$839 million in Lithium business in Argentina,-0.4909561573815086,2,-4,0.0182998118161697,0.0435285595090582
TSLA,2022-03-24,Strong Negative,POSCO Holdings Inc. Invests U$839 million in Lithium business in Argentina,-0.4909561573815086,2,-3,0.020198117465684,0.0637266769747422
TSLA,2022-03-24,Strong Negative,POSCO Holdings Inc. Invests U$839 million in Lithium business in Argentina,-0.4909561573815086,2,-2,0.059399994141090706,0.1231266711158329
TSLA,2022-03-24,Strong Negative,POSCO Holdings Inc. Invests U$839 million in Lithium business in Argentina,-0.4909561573815086,2,-1,0.019532519370302398,0.1426591904861353
TSLA,2022-03-24,Strong Negative,POSCO Holdings Inc. Invests U$839 million in Lithium business in Argentina,-0.4909561573815086,2,0,-0.0074036395237050984,0.1352555509624302
TSLA,2022-03-24,Strong Negative,POSCO Holdings Inc. Invests U$839 million in Lithium business in Argentina,-0.4909561573815086,2,1,-0.0024008717681444003,0.13285467919428579
TSLA,2022-03-24,Strong Negative,POSCO Holdings Inc. Invests U$839 million in Lithium business in Argentina,-0.4909561573815086,2,2,0.0648726768339872,0.197727356028273
TSLA,2022-03-24,Strong Negative,POSCO Holdings Inc. Invests U$839 million in Lithium business in Argentina,-0.4909561573815086,2,3,-0.0101299062075213,0.1875974498207517
TSLA,2022-03-24,Strong Negative,POSCO Holdings Inc. Invests U$839 million in Lithium business in Argentina,-0.4909561573815086,2,4,0.005971060663482901,0.1935685104842346
TSLA,2022-03-24,Strong Negative,POSCO Holdings Inc. Invests U$839 million in Lithium business in Argentina,-0.4909561573815086,2,5,-0.002587394868299,0.1909811156159356
TSLA,2022-03-28,Strong Positive,"Toyota, Aurora Test-Drive Autonomous Ride-Hailing Fleet In Texas",0.6565848164175722,3,-5,0.020198117465684,0.020198117465684
TSLA,2022-03-28,Strong Positive,"Toyota, Aurora Test-Drive Autonomous Ride-Hailing Fleet In Texas",0.6565848164175722,3,-4,0.059399994141090706,0.07959811160677471
TSLA,2022-03-28,Strong Positive,"Toyota, Aurora Test-Drive Autonomous Ride-Hailing Fleet In Texas",0.6565848164175722,3,-3,0.019532519370302398,0.09913063097707711
TSLA,2022-03-28,Strong Positive,"Toyota, Aurora Test-Drive Autonomous Ride-Hailing Fleet In Texas",0.6565848164175722,3,-2,-0.0074036395237050984,0.09172699145337201
TSLA,2022-03-28,Strong Positive,"Toyota, Aurora Test-Drive Autonomous Ride-Hailing Fleet In Texas",0.6565848164175722,3,-1,-0.0024008717681444003,0.08932611968522762
TSLA,2022-03-28,Strong Positive,"Toyota, Aurora Test-Drive Autonomous Ride-Hailing Fleet In Texas",0.6565848164175722,3,0,0.0648726768339872,0.1541987965192148
TSLA,2022-03-28,Strong Positive,"Toyota, Aurora Test-Drive Autonomous Ride-Hailing Fleet In Texas",0.6565848164175722,3,1,-0.0101299062075213,0.1440688903116935
TSLA,2022-03-28,Strong Positive,"Toyota, Aurora Test-Drive Autonomous Ride-Hailing Fleet In Texas",0.6565848164175722,3,2,0.005971060663482901,0.15003995097517642
TSLA,2022-03-28,Strong Positive,"Toyota, Aurora Test-Drive Autonomous Ride-Hailing Fleet In Texas",0.6565848164175722,3,3,-0.002587394868299,0.1474525561068774
TSLA,2022-03-28,Strong Positive,"Toyota, Aurora Test-Drive Autonomous Ride-Hailing Fleet In Texas",0.6565848164175722,3,4,0.0083901602352923,0.1558427163421697
TSLA,2022-03-28,Strong Positive,"Toyota, Aurora Test-Drive Autonomous Ride-Hailing Fleet In Texas",0.6565848164175722,3,5,0.0355248211538965,0.1913675374960662
TSLA,2022-03-30,Strong Negative,How Tesla dropped to fourth in U.S. solar market share while Freedom Forever gained,-0.0389675718921852,3,-5,0.019532519370302398,0.019532519370302398
TSLA,2022-03-30,Strong Negative,How Tesla dropped to fourth in U.S. solar market share while Freedom Forever gained,-0.0389675718921852,3,-4,-0.0074036395237050984,0.0121288798465973
TSLA,2022-03-30,Strong Negative,How Tesla dropped to fourth in U.S. solar market share while Freedom Forever gained,-0.0389675718921852,3,-3,-0.0024008717681444003,0.0097280080784529
TSLA,2022-03-30,Strong Negative,How Tesla dropped to fourth in U.S. solar market share while Freedom Forever gained,-0.0389675718921852,3,-2,0.0648726768339872,0.0746006849124401
TSLA,2022-03-30,Strong Negative,How Tesla dropped to fourth in U.S. solar market share while Freedom Forever gained,-0.0389675718921852,3,-1,-0.0101299062075213,0.0644707787049188
TSLA,2022-03-30,Strong Negative,How Tesla dropped to fourth in U.S. solar market share while Freedom Forever gained,-0.0389675718921852,3,0,0.005971060663482901,0.0704418393684017
TSLA,2022-03-30,Strong Negative,How Tesla dropped to fourth in U.S. solar market share while Freedom Forever gained,-0.0389675718921852,3,1,-0.002587394868299,0.06785444450010271
TSLA,2022-03-30,Strong Negative,How Tesla dropped to fourth in U.S. solar market share while Freedom Forever gained,-0.0389675718921852,3,2,0.0083901602352923,0.07624460473539502
TSLA,2022-03-30,Strong Negative,How Tesla dropped to fourth in U.S. solar market share while Freedom Forever gained,-0.0389675718921852,3,3,0.0355248211538965,0.11176942588929151
TSLA,2022-03-30,Strong Negative,How Tesla dropped to fourth in U.S. solar market share while Freedom Forever gained,-0.0389675718921852,3,4,-0.0251049544048773,0.08666447148441421
TSLA,2022-03-30,Strong Negative,How Tesla dropped to fourth in U.S. solar market share while Freedom Forever gained,-0.0389675718921852,3,5,-0.019983540942381098,0.06668093054203311
TSLA,2022-03-31,Strong Negative,Focus: Build or buy? Automakers chasing Tesla rethink dependence on suppliers,-0.55533325017283,5,-5,-0.0074036395237050984,-0.0074036395237050984
TSLA,2022-03-31,Strong Negative,Focus: Build or buy? Automakers chasing Tesla rethink dependence on suppliers,-0.55533325017283,5,-4,-0.0024008717681444003,-0.009804511291849498
TSLA,2022-03-31,Strong Negative,Focus: Build or buy? Automakers chasing Tesla rethink dependence on suppliers,-0.55533325017283,5,-3,0.0648726768339872,0.055068165542137705
TSLA,2022-03-31,Strong Negative,Focus: Build or buy? Automakers chasing Tesla rethink dependence on suppliers,-0.55533325017283,5,-2,-0.0101299062075213,0.044938259334616405
TSLA,2022-03-31,Strong Negative,Focus: Build or buy? Automakers chasing Tesla rethink dependence on suppliers,-0.55533325017283,5,-1,0.005971060663482901,0.050909319998099306
TSLA,2022-03-31,Strong Negative,Focus: Build or buy? Automakers chasing Tesla rethink dependence on suppliers,-0.55533325017283,5,0,-0.002587394868299,0.048321925129800304
TSLA,2022-03-31,Strong Negative,Focus: Build or buy? Automakers chasing Tesla rethink dependence on suppliers,-0.55533325017283,5,1,0.0083901602352923,0.056712085365092604
TSLA,2022-03-31,Strong Negative,Focus: Build or buy? Automakers chasing Tesla rethink dependence on suppliers,-0.55533325017283,5,2,0.0355248211538965,0.09223690651898911
TSLA,2022-03-31,Strong Negative,Focus: Build or buy? Automakers chasing Tesla rethink dependence on suppliers,-0.55533325017283,5,3,-0.0251049544048773,0.06713195211411181
TSLA,2022-03-31,Strong Negative,Focus: Build or buy? Automakers chasing Tesla rethink dependence on suppliers,-0.55533325017283,5,4,-0.019983540942381098,0.047148411171730714
TSLA,2022-03-31,Strong Negative,Focus: Build or buy? Automakers chasing Tesla rethink dependence on suppliers,-0.55533325017283,5,5,0.008618938649539899,0.055767349821270615
TSLA,2022-04-04,Strong Negative,"Tesla's factory opening is expected to draw thousands, so Del Valle is closing schools early",-0.381837954081695,3,-5,0.0648726768339872,0.0648726768339872
TSLA,2022-04-04,Strong Negative,"Tesla's factory opening is expected to draw thousands, so Del Valle is closing schools early",-0.381837954081695,3,-4,-0.0101299062075213,0.0547427706264659
TSLA,2022-04-04,Strong Negative,"Tesla's factory opening is expected to draw thousands, so Del Valle is closing schools early",-0.381837954081695,3,-3,0.005971060663482901,0.060713831289948804
TSLA,2022-04-04,Strong Negative,"Tesla's factory opening is expected to draw thousands, so Del Valle is closing schools early",-0.381837954081695,3,-2,-0.002587394868299,0.0581264364216498
TSLA,2022-04-04,Strong Negative,"Tesla's factory opening is expected to draw thousands, so Del Valle is closing schools early",-0.381837954081695,3,-1,0.0083901602352923,0.0665165966569421
TSLA,2022-04-04,Strong Negative,"Tesla's factory opening is expected to draw thousands, so Del Valle is closing schools early",-0.381837954081695,3,0,0.0355248211538965,0.10204141781083859
TSLA,2022-04-04,Strong Negative,"Tesla's factory opening is expected to draw thousands, so Del Valle is closing schools early",-0.381837954081695,3,1,-0.0251049544048773,0.07693646340596129
TSLA,2022-04-04,Strong Negative,"Tesla's factory opening is expected to draw thousands, so Del Valle is closing schools early",-0.381837954081695,3,2,-0.019983540942381098,0.05695292246358019
TSLA,2022-04-04,Strong Negative,"Tesla's factory opening is expected to draw thousands, so Del Valle is closing schools early",-0.381837954081695,3,3,0.008618938649539899,0.06557186111312009
TSLA,2022-04-04,Strong Negative,"Tesla's factory opening is expected to draw thousands, so Del Valle is closing schools early",-0.381837954081695,3,4,-0.016070152520563902,0.04950170859255619
TSLA,2022-04-04,Strong Negative,"Tesla's factory opening is expected to draw thousands, so Del Valle is closing schools early",-0.381837954081695,3,5,-0.024670883538498,0.02483082505405819
TSLA,2022-04-06,Strong Positive,Is EVgo Stock a Buy?,0.3254999195252148,3,-5,0.005971060663482901,0.005971060663482901
TSLA,2022-04-06,Strong Positive,Is EVgo Stock a Buy?,0.3254999195252148,3,-4,-0.002587394868299,0.0033836657951839006
TSLA,2022-04-06,Strong Positive,Is EVgo Stock a Buy?,0.3254999195252148,3,-3,0.0083901602352923,0.0117738260304762
TSLA,2022-04-06,Strong Positive,Is EVgo Stock a Buy?,0.3254999195252148,3,-2,0.0355248211538965,0.0472986471843727
TSLA,2022-04-06,Strong Positive,Is EVgo Stock a Buy?,0.3254999195252148,3,-1,-0.0251049544048773,0.022193692779495396
TSLA,2022-04-06,Strong Positive,Is EVgo Stock a Buy?,0.3254999195252148,3,0,-0.019983540942381098,0.0022101518371142985
TSLA,2022-04-06,Strong Positive,Is EVgo Stock a Buy?,0.3254999195252148,3,1,0.008618938649539899,0.010829090486654197
TSLA,2022-04-06,Strong Positive,Is EVgo Stock a Buy?,0.3254999195252148,3,2,-0.016070152520563902,-0.005241062033909704
TSLA,2022-04-06,Strong Positive,Is EVgo Stock a Buy?,0.3254999195252148,3,3,-0.024670883538498,-0.029911945572407707
TSLA,2022-04-06,Strong Positive,Is EVgo Stock a Buy?,0.3254999195252148,3,4,0.015516370703995402,-0.014395574868412305
TSLA,2022-04-06,Strong Positive,Is EVgo Stock a Buy?,0.3254999195252148,3,5,0.015561134145260096,0.0011655592768477913
TSLA,2022-04-12,Strong Positive,Tesla’s world’s largest battery is moving ahead with expansion,0.318002254560764,3,-5,-0.0251049544048773,-0.0251049544048773
TSLA,2022-04-12,Strong Positive,Tesla’s world’s largest battery is moving ahead with expansion,0.318002254560764,3,-4,-0.019983540942381098,-0.045088495347258395
TSLA,2022-04-12,Strong Positive,Tesla’s world’s largest battery is moving ahead with expansion,0.318002254560764,3,-3,0.008618938649539899,-0.036469556697718494
TSLA,2022-04-12,Strong Positive,Tesla’s world’s largest battery is moving ahead with expansion,0.318002254560764,3,-2,-0.016070152520563902,-0.052539709218282396
TSLA,2022-04-12,Strong Positive,Tesla’s world’s largest battery is moving ahead with expansion,0.318002254560764,3,-1,-0.024670883538498,-0.0772105927567804
TSLA,2022-04-12,Strong Positive,Tesla’s world’s largest battery is moving ahead with expansion,0.318002254560764,3,0,0.015516370703995402,-0.06169422205278499
TSLA,2022-04-12,Strong Positive,Tesla’s world’s largest battery is moving ahead with expansion,0.318002254560764,3,1,0.015561134145260096,-0.04613308790752489
TSLA,2022-04-12,Strong Positive,Tesla’s world’s largest battery is moving ahead with expansion,0.318002254560764,3,2,-0.013685393519545199,-0.059818481427070094
TSLA,2022-04-12,Strong Positive,Tesla’s world’s largest battery is moving ahead with expansion,0.318002254560764,3,3,0.0188157804826543,-0.0410027009444158
TSLA,2022-04-12,Strong Positive,Tesla’s world’s largest battery is moving ahead with expansion,0.318002254560764,3,4,0.0014070429387525,-0.039595658005663295
TSLA,2022-04-12,Strong Positive,Tesla’s world’s largest battery is moving ahead with expansion,0.318002254560764,3,5,-0.0349705702228741,-0.0745662282285374
TSLA,2022-04-13,Strong Positive,This Chip Maker Supplies Tesla and Apple. Its Stock Could Get a Boost as Shortages Continue.,1.0,3,-5,-0.019983540942381098,-0.019983540942381098
TSLA,2022-04-13,Strong Positive,This Chip Maker Supplies Tesla and Apple. Its Stock Could Get a Boost as Shortages Continue.,1.0,3,-4,0.008618938649539899,-0.011364602292841199
TSLA,2022-04-13,Strong Positive,This Chip Maker Supplies Tesla and Apple. Its Stock Could Get a Boost as Shortages Continue.,1.0,3,-3,-0.016070152520563902,-0.0274347548134051
TSLA,2022-04-13,Strong Positive,This Chip Maker Supplies Tesla and Apple. Its Stock Could Get a Boost as Shortages Continue.,1.0,3,-2,-0.024670883538498,-0.0521056383519031
TSLA,2022-04-13,Strong Positive,This Chip Maker Supplies Tesla and Apple. Its Stock Could Get a Boost as Shortages Continue.,1.0,3,-1,0.015516370703995402,-0.036589267647907694
TSLA,2022-04-13,Strong Positive,This Chip Maker Supplies Tesla and Apple. Its Stock Could Get a Boost as Shortages Continue.,1.0,3,0,0.015561134145260096,-0.021028133502647598
TSLA,2022-04-13,Strong Positive,This Chip Maker Supplies Tesla and Apple. Its Stock Could Get a Boost as Shortages Continue.,1.0,3,1,-0.013685393519545199,-0.0347135270221928
TSLA,2022-04-13,Strong Positive,This Chip Maker Supplies Tesla and Apple. Its Stock Could Get a Boost as Shortages Continue.,1.0,3,2,0.0188157804826543,-0.015897746539538498
TSLA,2022-04-13,Strong Positive,This Chip Maker Supplies Tesla and Apple. Its Stock Could Get a Boost as Shortages Continue.,1.0,3,3,0.0014070429387525,-0.014490703600785998
TSLA,2022-04-13,Strong Positive,This Chip Maker Supplies Tesla and Apple. Its Stock Could Get a Boost as Shortages Continue.,1.0,3,4,-0.0349705702228741,-0.0494612738236601
TSLA,2022-04-13,Strong Positive,This Chip Maker Supplies Tesla and Apple. Its Stock Could Get a Boost as Shortages Continue.,1.0,3,5,0.0530081632672742,0.0035468894436141013
TSLA,2022-04-14,Strong Negative,"Judge finds Tesla liable to Black former worker who alleged bias, but slashes payout",-0.4059047779863226,3,-5,0.008618938649539899,0.008618938649539899
TSLA,2022-04-14,Strong Negative,"Judge finds Tesla liable to Black former worker who alleged bias, but slashes payout",-0.4059047779863226,3,-4,-0.016070152520563902,-0.007451213871024003
TSLA,2022-04-14,Strong Negative,"Judge finds Tesla liable to Black former worker who alleged bias, but slashes payout",-0.4059047779863226,3,-3,-0.024670883538498,-0.032122097409522
TSLA,2022-04-14,Strong Negative,"Judge finds Tesla liable to Black former worker who alleged bias, but slashes payout",-0.4059047779863226,3,-2,0.015516370703995402,-0.0166057267055266
TSLA,2022-04-14,Strong Negative,"Judge finds Tesla liable to Black former worker who alleged bias, but slashes payout",-0.4059047779863226,3,-1,0.015561134145260096,-0.0010445925602665038
TSLA,2022-04-14,Strong Negative,"Judge finds Tesla liable to Black former worker who alleged bias, but slashes payout",-0.4059047779863226,3,0,-0.013685393519545199,-0.014729986079811703
TSLA,2022-04-14,Strong Negative,"Judge finds Tesla liable to Black former worker who alleged bias, but slashes payout",-0.4059047779863226,3,1,0.0188157804826543,0.004085794402842596
TSLA,2022-04-14,Strong Negative,"Judge finds Tesla liable to Black former worker who alleged bias, but slashes payout",-0.4059047779863226,3,2,0.0014070429387525,0.005492837341595096
TSLA,2022-04-14,Strong Negative,"Judge finds Tesla liable to Black former worker who alleged bias, but slashes payout",-0.4059047779863226,3,3,-0.0349705702228741,-0.029477732881279004
TSLA,2022-04-14,Strong Negative,"Judge finds Tesla liable to Black former worker who alleged bias, but slashes payout",-0.4059047779863226,3,4,0.0530081632672742,0.023530430385995196
TSLA,2022-04-14,Strong Negative,"Judge finds Tesla liable to Black former worker who alleged bias, but slashes payout",-0.4059047779863226,3,5,0.0224881024898835,0.0460185328758787
TSLA,2022-04-20,Strong Positive,Elon Musk's Tesla Races Ahead of Rising Costs With Price Hikes,0.2739105665926956,5,-5,0.015516370703995402,0.015516370703995402
TSLA,2022-04-20,Strong Positive,Elon Musk's Tesla Races Ahead of Rising Costs With Price Hikes,0.2739105665926956,5,-4,0.015561134145260096,0.031077504849255498
TSLA,2022-04-20,Strong Positive,Elon Musk's Tesla Races Ahead of Rising Costs With Price Hikes,0.2739105665926956,5,-3,-0.013685393519545199,0.0173921113297103
TSLA,2022-04-20,Strong Positive,Elon Musk's Tesla Races Ahead of Rising Costs With Price Hikes,0.2739105665926956,5,-2,0.0188157804826543,0.0362078918123646
TSLA,2022-04-20,Strong Positive,Elon Musk's Tesla Races Ahead of Rising Costs With Price Hikes,0.2739105665926956,5,-1,0.0014070429387525,0.0376149347511171
TSLA,2022-04-20,Strong Positive,Elon Musk's Tesla Races Ahead of Rising Costs With Price Hikes,0.2739105665926956,5,0,-0.0349705702228741,0.002644364528243001
TSLA,2022-04-20,Strong Positive,Elon Musk's Tesla Races Ahead of Rising Costs With Price Hikes,0.2739105665926956,5,1,0.0530081632672742,0.0556525277955172
TSLA,2022-04-20,Strong Positive,Elon Musk's Tesla Races Ahead of Rising Costs With Price Hikes,0.2739105665926956,5,2,0.0224881024898835,0.0781406302854007
TSLA,2022-04-20,Strong Positive,Elon Musk's Tesla Races Ahead of Rising Costs With Price Hikes,0.2739105665926956,5,3,-0.019840352186297,0.05830027809910371
TSLA,2022-04-20,Strong Positive,Elon Musk's Tesla Races Ahead of Rising Costs With Price Hikes,0.2739105665926956,5,4,-0.0840963079768891,-0.025796029877785398
TSLA,2022-04-20,Strong Positive,Elon Musk's Tesla Races Ahead of Rising Costs With Price Hikes,0.2739105665926956,5,5,0.0070058673952675,-0.0187901624825179
TSLA,2022-04-21,Strong Negative,Here's Why Elon Musk May Start Mining His Own Lithium,-0.1635688649525312,5,-5,0.015561134145260096,0.015561134145260096
TSLA,2022-04-21,Strong Negative,Here's Why Elon Musk May Start Mining His Own Lithium,-0.1635688649525312,5,-4,-0.013685393519545199,0.0018757406257148973
TSLA,2022-04-21,Strong Negative,Here's Why Elon Musk May Start Mining His Own Lithium,-0.1635688649525312,5,-3,0.0188157804826543,0.020691521108369196
TSLA,2022-04-21,Strong Negative,Here's Why Elon Musk May Start Mining His Own Lithium,-0.1635688649525312,5,-2,0.0014070429387525,0.022098564047121697
TSLA,2022-04-21,Strong Negative,Here's Why Elon Musk May Start Mining His Own Lithium,-0.1635688649525312,5,-1,-0.0349705702228741,-0.012872006175752404
TSLA,2022-04-21,Strong Negative,Here's Why Elon Musk May Start Mining His Own Lithium,-0.1635688649525312,5,0,0.0530081632672742,0.040136157091521796
TSLA,2022-04-21,Strong Negative,Here's Why Elon Musk May Start Mining His Own Lithium,-0.1635688649525312,5,1,0.0224881024898835,0.0626242595814053
TSLA,2022-04-21,Strong Negative,Here's Why Elon Musk May Start Mining His Own Lithium,-0.1635688649525312,5,2,-0.019840352186297,0.0427839073951083
TSLA,2022-04-21,Strong Negative,Here's Why Elon Musk May Start Mining His Own Lithium,-0.1635688649525312,5,3,-0.0840963079768891,-0.0413124005817808
TSLA,2022-04-21,Strong Negative,Here's Why Elon Musk May Start Mining His Own Lithium,-0.1635688649525312,5,4,0.0070058673952675,-0.034306533186513305
TSLA,2022-04-21,Strong Negative,Here's Why Elon Musk May Start Mining His Own Lithium,-0.1635688649525312,5,5,-0.0400533873990733,-0.0743599205855866
TSLA,2022-04-25,Strong Positive,Tax Breaks Cushion Tesla’s Texas Landing,0.2576879260064582,5,-5,0.0188157804826543,0.0188157804826543
TSLA,2022-04-25,Strong Positive,Tax Breaks Cushion Tesla’s Texas Landing,0.2576879260064582,5,-4,0.0014070429387525,0.0202228234214068
TSLA,2022-04-25,Strong Positive,Tax Breaks Cushion Tesla’s Texas Landing,0.2576879260064582,5,-3,-0.0349705702228741,-0.014747746801467301
TSLA,2022-04-25,Strong Positive,Tax Breaks Cushion Tesla’s Texas Landing,0.2576879260064582,5,-2,0.0530081632672742,0.0382604164658069
TSLA,2022-04-25,Strong Positive,Tax Breaks Cushion Tesla’s Texas Landing,0.2576879260064582,5,-1,0.0224881024898835,0.0607485189556904
TSLA,2022-04-25,Strong Positive,Tax Breaks Cushion Tesla’s Texas Landing,0.2576879260064582,5,0,-0.019840352186297,0.040908166769393406
TSLA,2022-04-25,Strong Positive,Tax Breaks Cushion Tesla’s Texas Landing,0.2576879260064582,5,1,-0.0840963079768891,-0.0431881412074957
TSLA,2022-04-25,Strong Positive,Tax Breaks Cushion Tesla’s Texas Landing,0.2576879260064582,5,2,0.0070058673952675,-0.0361822738122282
TSLA,2022-04-25,Strong Positive,Tax Breaks Cushion Tesla’s Texas Landing,0.2576879260064582,5,3,-0.0400533873990733,-0.0762356612113015
TSLA,2022-04-25,Strong Positive,Tax Breaks Cushion Tesla’s Texas Landing,0.2576879260064582,5,4,0.0373063240421794,-0.0389293371691221
TSLA,2022-04-25,Strong Positive,Tax Breaks Cushion Tesla’s Texas Landing,0.2576879260064582,5,5,0.020260191538522498,-0.018669145630599602
TSLA,2022-04-26,Strong Positive,"Can Elon Musk Run Tesla, Twitter and SpaceX? We’ll Soon Find Out.",0.3884506458266955,2,-5,0.0014070429387525,0.0014070429387525
TSLA,2022-04-26,Strong Positive,"Can Elon Musk Run Tesla, Twitter and SpaceX? We’ll Soon Find Out.",0.3884506458266955,2,-4,-0.0349705702228741,-0.0335635272841216
TSLA,2022-04-26,Strong Positive,"Can Elon Musk Run Tesla, Twitter and SpaceX? We’ll Soon Find Out.",0.3884506458266955,2,-3,0.0530081632672742,0.019444635983152603
TSLA,2022-04-26,Strong Positive,"Can Elon Musk Run Tesla, Twitter and SpaceX? We’ll Soon Find Out.",0.3884506458266955,2,-2,0.0224881024898835,0.04193273847303611
TSLA,2022-04-26,Strong Positive,"Can Elon Musk Run Tesla, Twitter and SpaceX? We’ll Soon Find Out.",0.3884506458266955,2,-1,-0.019840352186297,0.022092386286739107
TSLA,2022-04-26,Strong Positive,"Can Elon Musk Run Tesla, Twitter and SpaceX? We’ll Soon Find Out.",0.3884506458266955,2,0,-0.0840963079768891,-0.062003921690149996
TSLA,2022-04-26,Strong Positive,"Can Elon Musk Run Tesla, Twitter and SpaceX? We’ll Soon Find Out.",0.3884506458266955,2,1,0.0070058673952675,-0.0549980542948825
TSLA,2022-04-26,Strong Positive,"Can Elon Musk Run Tesla, Twitter and SpaceX? We’ll Soon Find Out.",0.3884506458266955,2,2,-0.0400533873990733,-0.0950514416939558
TSLA,2022-04-26,Strong Positive,"Can Elon Musk Run Tesla, Twitter and SpaceX? We’ll Soon Find Out.",0.3884506458266955,2,3,0.0373063240421794,-0.057745117651776395
TSLA,2022-04-26,Strong Positive,"Can Elon Musk Run Tesla, Twitter and SpaceX? We’ll Soon Find Out.",0.3884506458266955,2,4,0.020260191538522498,-0.037484926113253894
TSLA,2022-04-26,Strong Positive,"Can Elon Musk Run Tesla, Twitter and SpaceX? We’ll Soon Find Out.",0.3884506458266955,2,5,0.0059207630433390996,-0.031564163069914795
TSLA,2022-04-27,Strong Negative,Does a Musk-owned Twitter dim Tesla’s star?,-0.6188408204424998,5,-5,-0.0349705702228741,-0.0349705702228741
TSLA,2022-04-27,Strong Negative,Does a Musk-owned Twitter dim Tesla’s star?,-0.6188408204424998,5,-4,0.0530081632672742,0.0180375930444001
TSLA,2022-04-27,Strong Negative,Does a Musk-owned Twitter dim Tesla’s star?,-0.6188408204424998,5,-3,0.0224881024898835,0.040525695534283604
TSLA,2022-04-27,Strong Negative,Does a Musk-owned Twitter dim Tesla’s star?,-0.6188408204424998,5,-2,-0.019840352186297,0.020685343347986603
TSLA,2022-04-27,Strong Negative,Does a Musk-owned Twitter dim Tesla’s star?,-0.6188408204424998,5,-1,-0.0840963079768891,-0.0634109646289025
TSLA,2022-04-27,Strong Negative,Does a Musk-owned Twitter dim Tesla’s star?,-0.6188408204424998,5,0,0.0070058673952675,-0.056405097233635
TSLA,2022-04-27,Strong Negative,Does a Musk-owned Twitter dim Tesla’s star?,-0.6188408204424998,5,1,-0.0400533873990733,-0.0964584846327083
TSLA,2022-04-27,Strong Negative,Does a Musk-owned Twitter dim Tesla’s star?,-0.6188408204424998,5,2,0.0373063240421794,-0.0591521605905289
TSLA,2022-04-27,Strong Negative,Does a Musk-owned Twitter dim Tesla’s star?,-0.6188408204424998,5,3,0.020260191538522498,-0.0388919690520064
TSLA,2022-04-27,Strong Negative,Does a Musk-owned Twitter dim Tesla’s star?,-0.6188408204424998,5,4,0.0059207630433390996,-0.0329712060086673
TSLA,2022-04-27,Strong Negative,Does a Musk-owned Twitter dim Tesla’s star?,-0.6188408204424998,5,5,0.013886560870709698,-0.0190846451379576
TSLA,2022-04-29,Strong Negative,Tesla’s Ambitions in India Will Test Elon Musk’s Commitment to ‘Free Speech’,-0.1778412882846544,5,-5,0.0224881024898835,0.0224881024898835
TSLA,2022-04-29,Strong Negative,Tesla’s Ambitions in India Will Test Elon Musk’s Commitment to ‘Free Speech’,-0.1778412882846544,5,-4,-0.019840352186297,0.0026477503035865005
TSLA,2022-04-29,Strong Negative,Tesla’s Ambitions in India Will Test Elon Musk’s Commitment to ‘Free Speech’,-0.1778412882846544,5,-3,-0.0840963079768891,-0.08144855767330261
TSLA,2022-04-29,Strong Negative,Tesla’s Ambitions in India Will Test Elon Musk’s Commitment to ‘Free Speech’,-0.1778412882846544,5,-2,0.0070058673952675,-0.07444269027803511
TSLA,2022-04-29,Strong Negative,Tesla’s Ambitions in India Will Test Elon Musk’s Commitment to ‘Free Speech’,-0.1778412882846544,5,-1,-0.0400533873990733,-0.11449607767710841
TSLA,2022-04-29,Strong Negative,Tesla’s Ambitions in India Will Test Elon Musk’s Commitment to ‘Free Speech’,-0.1778412882846544,5,0,0.0373063240421794,-0.07718975363492901
TSLA,2022-04-29,Strong Negative,Tesla’s Ambitions in India Will Test Elon Musk’s Commitment to ‘Free Speech’,-0.1778412882846544,5,1,0.020260191538522498,-0.05692956209640651
TSLA,2022-04-29,Strong Negative,Tesla’s Ambitions in India Will Test Elon Musk’s Commitment to ‘Free Speech’,-0.1778412882846544,5,2,0.0059207630433390996,-0.05100879905306741
TSLA,2022-04-29,Strong Negative,Tesla’s Ambitions in India Will Test Elon Musk’s Commitment to ‘Free Speech’,-0.1778412882846544,5,3,0.013886560870709698,-0.037122238182357714
TSLA,2022-04-29,Strong Negative,Tesla’s Ambitions in India Will Test Elon Musk’s Commitment to ‘Free Speech’,-0.1778412882846544,5,4,-0.03292216664364721,-0.07004440482600492
TSLA,2022-04-29,Strong Negative,Tesla’s Ambitions in India Will Test Elon Musk’s Commitment to ‘Free Speech’,-0.1778412882846544,5,5,0.0032437278476178995,-0.06680067697838703
TSLA,2022-05-02,Strong Negative,China’s COVID hard line eats into everything from Teslas to tacos,-0.257899541990343,4,-5,-0.019840352186297,-0.019840352186297
TSLA,2022-05-02,Strong Negative,China’s COVID hard line eats into everything from Teslas to tacos,-0.257899541990343,4,-4,-0.0840963079768891,-0.1039366601631861
TSLA,2022-05-02,Strong Negative,China’s COVID hard line eats into everything from Teslas to tacos,-0.257899541990343,4,-3,0.0070058673952675,-0.0969307927679186
TSLA,2022-05-02,Strong Negative,China’s COVID hard line eats into everything from Teslas to tacos,-0.257899541990343,4,-2,-0.0400533873990733,-0.1369841801669919
TSLA,2022-05-02,Strong Negative,China’s COVID hard line eats into everything from Teslas to tacos,-0.257899541990343,4,-1,0.0373063240421794,-0.0996778561248125
TSLA,2022-05-02,Strong Negative,China’s COVID hard line eats into everything from Teslas to tacos,-0.257899541990343,4,0,0.020260191538522498,-0.07941766458629
TSLA,2022-05-02,Strong Negative,China’s COVID hard line eats into everything from Teslas to tacos,-0.257899541990343,4,1,0.0059207630433390996,-0.0734969015429509
TSLA,2022-05-02,Strong Negative,China’s COVID hard line eats into everything from Teslas to tacos,-0.257899541990343,4,2,0.013886560870709698,-0.0596103406722412
TSLA,2022-05-02,Strong Negative,China’s COVID hard line eats into everything from Teslas to tacos,-0.257899541990343,4,3,-0.03292216664364721,-0.09253250731588841
TSLA,2022-05-02,Strong Negative,China’s COVID hard line eats into everything from Teslas to tacos,-0.257899541990343,4,4,0.0032437278476178995,-0.08928877946827052
TSLA,2022-05-02,Strong Negative,China’s COVID hard line eats into everything from Teslas to tacos,-0.257899541990343,4,5,-0.0516028226803837,-0.1408916021486542
TSLA,2022-05-05,Strong Positive,Report: Tesla adds swiveling screen to yoke-equipped Model S,0.3041590645700209,8,-5,-0.0400533873990733,-0.0400533873990733
TSLA,2022-05-05,Strong Positive,Report: Tesla adds swiveling screen to yoke-equipped Model S,0.3041590645700209,8,-4,0.0373063240421794,-0.0027470633568938974
TSLA,2022-05-05,Strong Positive,Report: Tesla adds swiveling screen to yoke-equipped Model S,0.3041590645700209,8,-3,0.020260191538522498,0.0175131281816286
TSLA,2022-05-05,Strong Positive,Report: Tesla adds swiveling screen to yoke-equipped Model S,0.3041590645700209,8,-2,0.0059207630433390996,0.0234338912249677
TSLA,2022-05-05,Strong Positive,Report: Tesla adds swiveling screen to yoke-equipped Model S,0.3041590645700209,8,-1,0.013886560870709698,0.0373204520956774
TSLA,2022-05-05,Strong Positive,Report: Tesla adds swiveling screen to yoke-equipped Model S,0.3041590645700209,8,0,-0.03292216664364721,0.004398285452030193
TSLA,2022-05-05,Strong Positive,Report: Tesla adds swiveling screen to yoke-equipped Model S,0.3041590645700209,8,1,0.0032437278476178995,0.007642013299648092
TSLA,2022-05-05,Strong Positive,Report: Tesla adds swiveling screen to yoke-equipped Model S,0.3041590645700209,8,2,-0.0516028226803837,-0.043960809380735606
TSLA,2022-05-05,Strong Positive,Report: Tesla adds swiveling screen to yoke-equipped Model S,0.3041590645700209,8,3,0.004278634002243601,-0.039682175378492
TSLA,2022-05-05,Strong Positive,Report: Tesla adds swiveling screen to yoke-equipped Model S,0.3041590645700209,8,4,-0.052887589804181,-0.092569765182673
TSLA,2022-05-05,Strong Positive,Report: Tesla adds swiveling screen to yoke-equipped Model S,0.3041590645700209,8,5,-0.005809998477331,-0.098379763660004
TSLA,2022-05-06,Strong Positive,Tesla will pay travel costs for staff seeking abortion services,0.6032729977684106,3,-5,0.0373063240421794,0.0373063240421794
TSLA,2022-05-06,Strong Positive,Tesla will pay travel costs for staff seeking abortion services,0.6032729977684106,3,-4,0.020260191538522498,0.0575665155807019
TSLA,2022-05-06,Strong Positive,Tesla will pay travel costs for staff seeking abortion services,0.6032729977684106,3,-3,0.0059207630433390996,0.06348727862404101
TSLA,2022-05-06,Strong Positive,Tesla will pay travel costs for staff seeking abortion services,0.6032729977684106,3,-2,0.013886560870709698,0.07737383949475071
TSLA,2022-05-06,Strong Positive,Tesla will pay travel costs for staff seeking abortion services,0.6032729977684106,3,-1,-0.03292216664364721,0.044451672851103505
TSLA,2022-05-06,Strong Positive,Tesla will pay travel costs for staff seeking abortion services,0.6032729977684106,3,0,0.0032437278476178995,0.047695400698721406
TSLA,2022-05-06,Strong Positive,Tesla will pay travel costs for staff seeking abortion services,0.6032729977684106,3,1,-0.0516028226803837,-0.003907421981662294
TSLA,2022-05-06,Strong Positive,Tesla will pay travel costs for staff seeking abortion services,0.6032729977684106,3,2,0.004278634002243601,0.00037121202058130673
TSLA,2022-05-06,Strong Positive,Tesla will pay travel costs for staff seeking abortion services,0.6032729977684106,3,3,-0.052887589804181,-0.05251637778359969
TSLA,2022-05-06,Strong Positive,Tesla will pay travel costs for staff seeking abortion services,0.6032729977684106,3,4,-0.005809998477331,-0.058326376260930686
TSLA,2022-05-06,Strong Positive,Tesla will pay travel costs for staff seeking abortion services,0.6032729977684106,3,5,0.0200692782738223,-0.038257097987108385
TSLA,2022-05-10,Strong Negative,Elon Musk says Tesla open to buying a mining company,-0.375395878416032,6,-5,0.0059207630433390996,0.0059207630433390996
TSLA,2022-05-10,Strong Negative,Elon Musk says Tesla open to buying a mining company,-0.375395878416032,6,-4,0.013886560870709698,0.019807323914048797
TSLA,2022-05-10,Strong Negative,Elon Musk says Tesla open to buying a mining company,-0.375395878416032,6,-3,-0.03292216664364721,-0.013114842729598411
TSLA,2022-05-10,Strong Negative,Elon Musk says Tesla open to buying a mining company,-0.375395878416032,6,-2,0.0032437278476178995,-0.009871114881980511
TSLA,2022-05-10,Strong Negative,Elon Musk says Tesla open to buying a mining company,-0.375395878416032,6,-1,-0.0516028226803837,-0.06147393756236421
TSLA,2022-05-10,Strong Negative,Elon Musk says Tesla open to buying a mining company,-0.375395878416032,6,0,0.004278634002243601,-0.057195303560120606
TSLA,2022-05-10,Strong Negative,Elon Musk says Tesla open to buying a mining company,-0.375395878416032,6,1,-0.052887589804181,-0.1100828933643016
TSLA,2022-05-10,Strong Negative,Elon Musk says Tesla open to buying a mining company,-0.375395878416032,6,2,-0.005809998477331,-0.11589289184163261
TSLA,2022-05-10,Strong Negative,Elon Musk says Tesla open to buying a mining company,-0.375395878416032,6,3,0.0200692782738223,-0.0958236135678103
TSLA,2022-05-10,Strong Negative,Elon Musk says Tesla open to buying a mining company,-0.375395878416032,6,4,-0.047167073851618196,-0.1429906874194285
TSLA,2022-05-10,Strong Negative,Elon Musk says Tesla open to buying a mining company,-0.375395878416032,6,5,0.0255089491630402,-0.1174817382563883
TSLA,2022-05-11,Strong Negative,"Tesla recalls cars for overheating issue—of screens, not battery packs",-0.4472497939296574,5,-5,0.013886560870709698,0.013886560870709698
TSLA,2022-05-11,Strong Negative,"Tesla recalls cars for overheating issue—of screens, not battery packs",-0.4472497939296574,5,-4,-0.03292216664364721,-0.01903560577293751
TSLA,2022-05-11,Strong Negative,"Tesla recalls cars for overheating issue—of screens, not battery packs",-0.4472497939296574,5,-3,0.0032437278476178995,-0.01579187792531961
TSLA,2022-05-11,Strong Negative,"Tesla recalls cars for overheating issue—of screens, not battery packs",-0.4472497939296574,5,-2,-0.0516028226803837,-0.06739470060570331
TSLA,2022-05-11,Strong Negative,"Tesla recalls cars for overheating issue—of screens, not battery packs",-0.4472497939296574,5,-1,0.004278634002243601,-0.06311606660345971
TSLA,2022-05-11,Strong Negative,"Tesla recalls cars for overheating issue—of screens, not battery packs",-0.4472497939296574,5,0,-0.052887589804181,-0.11600365640764071
TSLA,2022-05-11,Strong Negative,"Tesla recalls cars for overheating issue—of screens, not battery packs",-0.4472497939296574,5,1,-0.005809998477331,-0.12181365488497171
TSLA,2022-05-11,Strong Negative,"Tesla recalls cars for overheating issue—of screens, not battery packs",-0.4472497939296574,5,2,0.0200692782738223,-0.1017443766111494
TSLA,2022-05-11,Strong Negative,"Tesla recalls cars for overheating issue—of screens, not battery packs",-0.4472497939296574,5,3,-0.047167073851618196,-0.1489114504627676
TSLA,2022-05-11,Strong Negative,"Tesla recalls cars for overheating issue—of screens, not battery packs",-0.4472497939296574,5,4,0.0255089491630402,-0.12340250129972741
TSLA,2022-05-11,Strong Negative,"Tesla recalls cars for overheating issue—of screens, not battery packs",-0.4472497939296574,5,5,-0.018923557002139102,-0.1423260583018665
TSLA,2022-05-13,Strong Negative,Exclusive: Tesla puts India entry plan on hold after deadlock on tariffs,-0.3473271439636279,4,-5,0.0032437278476178995,0.0032437278476178995
TSLA,2022-05-13,Strong Negative,Exclusive: Tesla puts India entry plan on hold after deadlock on tariffs,-0.3473271439636279,4,-4,-0.0516028226803837,-0.0483590948327658
TSLA,2022-05-13,Strong Negative,Exclusive: Tesla puts India entry plan on hold after deadlock on tariffs,-0.3473271439636279,4,-3,0.004278634002243601,-0.044080460830522195
TSLA,2022-05-13,Strong Negative,Exclusive: Tesla puts India entry plan on hold after deadlock on tariffs,-0.3473271439636279,4,-2,-0.052887589804181,-0.09696805063470319
TSLA,2022-05-13,Strong Negative,Exclusive: Tesla puts India entry plan on hold after deadlock on tariffs,-0.3473271439636279,4,-1,-0.005809998477331,-0.1027780491120342
TSLA,2022-05-13,Strong Negative,Exclusive: Tesla puts India entry plan on hold after deadlock on tariffs,-0.3473271439636279,4,0,0.0200692782738223,-0.0827087708382119
TSLA,2022-05-13,Strong Negative,Exclusive: Tesla puts India entry plan on hold after deadlock on tariffs,-0.3473271439636279,4,1,-0.047167073851618196,-0.1298758446898301
TSLA,2022-05-13,Strong Negative,Exclusive: Tesla puts India entry plan on hold after deadlock on tariffs,-0.3473271439636279,4,2,0.0255089491630402,-0.1043668955267899
TSLA,2022-05-13,Strong Negative,Exclusive: Tesla puts India entry plan on hold after deadlock on tariffs,-0.3473271439636279,4,3,-0.018923557002139102,-0.123290452528929
TSLA,2022-05-13,Strong Negative,Exclusive: Tesla puts India entry plan on hold after deadlock on tariffs,-0.3473271439636279,4,4,0.0048088407238708,-0.1184816118050582
TSLA,2022-05-13,Strong Negative,Exclusive: Tesla puts India entry plan on hold after deadlock on tariffs,-0.3473271439636279,4,5,-0.061057074314238,-0.1795386861192962
TSLA,2022-05-16,Strong Positive,"China regulator says Tesla recalling 107,293 China-made Model 3, Model Y vehicles",0.4973487660666184,2,-5,-0.0516028226803837,-0.0516028226803837
TSLA,2022-05-16,Strong Positive,"China regulator says Tesla recalling 107,293 China-made Model 3, Model Y vehicles",0.4973487660666184,2,-4,0.004278634002243601,-0.0473241886781401
TSLA,2022-05-16,Strong Positive,"China regulator says Tesla recalling 107,293 China-made Model 3, Model Y vehicles",0.4973487660666184,2,-3,-0.052887589804181,-0.1002117784823211
TSLA,2022-05-16,Strong Positive,"China regulator says Tesla recalling 107,293 China-made Model 3, Model Y vehicles",0.4973487660666184,2,-2,-0.005809998477331,-0.1060217769596521
TSLA,2022-05-16,Strong Positive,"China regulator says Tesla recalling 107,293 China-made Model 3, Model Y vehicles",0.4973487660666184,2,-1,0.0200692782738223,-0.0859524986858298
TSLA,2022-05-16,Strong Positive,"China regulator says Tesla recalling 107,293 China-made Model 3, Model Y vehicles",0.4973487660666184,2,0,-0.047167073851618196,-0.133119572537448
TSLA,2022-05-16,Strong Positive,"China regulator says Tesla recalling 107,293 China-made Model 3, Model Y vehicles",0.4973487660666184,2,1,0.0255089491630402,-0.1076106233744078
TSLA,2022-05-16,Strong Positive,"China regulator says Tesla recalling 107,293 China-made Model 3, Model Y vehicles",0.4973487660666184,2,2,-0.018923557002139102,-0.1265341803765469
TSLA,2022-05-16,Strong Positive,"China regulator says Tesla recalling 107,293 China-made Model 3, Model Y vehicles",0.4973487660666184,2,3,0.0048088407238708,-0.1217253396526761
TSLA,2022-05-16,Strong Positive,"China regulator says Tesla recalling 107,293 China-made Model 3, Model Y vehicles",0.4973487660666184,2,4,-0.061057074314238,-0.18278241396691408
TSLA,2022-05-16,Strong Positive,"China regulator says Tesla recalling 107,293 China-made Model 3, Model Y vehicles",0.4973487660666184,2,5,-5.865554259340197e-05,-0.1828410695095075
TSLA,2022-05-17,Strong Positive,GM is betting its Ultium batteries will lead the automaker to EV dominance,1.0,1,-5,0.004278634002243601,0.004278634002243601
TSLA,2022-05-17,Strong Positive,GM is betting its Ultium batteries will lead the automaker to EV dominance,1.0,1,-4,-0.052887589804181,-0.0486089558019374
TSLA,2022-05-17,Strong Positive,GM is betting its Ultium batteries will lead the automaker to EV dominance,1.0,1,-3,-0.005809998477331,-0.0544189542792684
TSLA,2022-05-17,Strong Positive,GM is betting its Ultium batteries will lead the automaker to EV dominance,1.0,1,-2,0.0200692782738223,-0.0343496760054461
TSLA,2022-05-17,Strong Positive,GM is betting its Ultium batteries will lead the automaker to EV dominance,1.0,1,-1,-0.047167073851618196,-0.0815167498570643
TSLA,2022-05-17,Strong Positive,GM is betting its Ultium batteries will lead the automaker to EV dominance,1.0,1,0,0.0255089491630402,-0.0560078006940241
TSLA,2022-05-17,Strong Positive,GM is betting its Ultium batteries will lead the automaker to EV dominance,1.0,1,1,-0.018923557002139102,-0.0749313576961632
TSLA,2022-05-17,Strong Positive,GM is betting its Ultium batteries will lead the automaker to EV dominance,1.0,1,2,0.0048088407238708,-0.0701225169722924
TSLA,2022-05-17,Strong Positive,GM is betting its Ultium batteries will lead the automaker to EV dominance,1.0,1,3,-0.061057074314238,-0.1311795912865304
TSLA,2022-05-17,Strong Positive,GM is betting its Ultium batteries will lead the automaker to EV dominance,1.0,1,4,-5.865554259340197e-05,-0.1312382468291238
TSLA,2022-05-17,Strong Positive,GM is betting its Ultium batteries will lead the automaker to EV dominance,1.0,1,5,-0.04799242741970619,-0.17923067424883
TSLA,2022-05-18,Strong Negative,Tesla dumped by S&P ESG index as Musk calls label a ‘scam’,-0.5167010703462672,2,-5,-0.052887589804181,-0.052887589804181
TSLA,2022-05-18,Strong Negative,Tesla dumped by S&P ESG index as Musk calls label a ‘scam’,-0.5167010703462672,2,-4,-0.005809998477331,-0.058697588281511996
TSLA,2022-05-18,Strong Negative,Tesla dumped by S&P ESG index as Musk calls label a ‘scam’,-0.5167010703462672,2,-3,0.0200692782738223,-0.038628310007689695
TSLA,2022-05-18,Strong Negative,Tesla dumped by S&P ESG index as Musk calls label a ‘scam’,-0.5167010703462672,2,-2,-0.047167073851618196,-0.08579538385930789
TSLA,2022-05-18,Strong Negative,Tesla dumped by S&P ESG index as Musk calls label a ‘scam’,-0.5167010703462672,2,-1,0.0255089491630402,-0.060286434696267696
TSLA,2022-05-18,Strong Negative,Tesla dumped by S&P ESG index as Musk calls label a ‘scam’,-0.5167010703462672,2,0,-0.018923557002139102,-0.0792099916984068
TSLA,2022-05-18,Strong Negative,Tesla dumped by S&P ESG index as Musk calls label a ‘scam’,-0.5167010703462672,2,1,0.0048088407238708,-0.07440115097453599
TSLA,2022-05-18,Strong Negative,Tesla dumped by S&P ESG index as Musk calls label a ‘scam’,-0.5167010703462672,2,2,-0.061057074314238,-0.135458225288774
TSLA,2022-05-18,Strong Negative,Tesla dumped by S&P ESG index as Musk calls label a ‘scam’,-0.5167010703462672,2,3,-5.865554259340197e-05,-0.1355168808313674
TSLA,2022-05-18,Strong Negative,Tesla dumped by S&P ESG index as Musk calls label a ‘scam’,-0.5167010703462672,2,4,-0.04799242741970619,-0.1835093082510736
TSLA,2022-05-18,Strong Negative,Tesla dumped by S&P ESG index as Musk calls label a ‘scam’,-0.5167010703462672,2,5,0.034781960666345105,-0.1487273475847285
TSLA,2022-05-19,Strong Negative,Wall Street ends sharply lower as Target and growth stocks sink,-0.5265878165809715,2,-5,-0.005809998477331,-0.005809998477331
TSLA,2022-05-19,Strong Negative,Wall Street ends sharply lower as Target and growth stocks sink,-0.5265878165809715,2,-4,0.0200692782738223,0.014259279796491301
TSLA,2022-05-19,Strong Negative,Wall Street ends sharply lower as Target and growth stocks sink,-0.5265878165809715,2,-3,-0.047167073851618196,-0.03290779405512689
TSLA,2022-05-19,Strong Negative,Wall Street ends sharply lower as Target and growth stocks sink,-0.5265878165809715,2,-2,0.0255089491630402,-0.007398844892086694
TSLA,2022-05-19,Strong Negative,Wall Street ends sharply lower as Target and growth stocks sink,-0.5265878165809715,2,-1,-0.018923557002139102,-0.026322401894225796
TSLA,2022-05-19,Strong Negative,Wall Street ends sharply lower as Target and growth stocks sink,-0.5265878165809715,2,0,0.0048088407238708,-0.021513561170354994
TSLA,2022-05-19,Strong Negative,Wall Street ends sharply lower as Target and growth stocks sink,-0.5265878165809715,2,1,-0.061057074314238,-0.082570635484593
TSLA,2022-05-19,Strong Negative,Wall Street ends sharply lower as Target and growth stocks sink,-0.5265878165809715,2,2,-5.865554259340197e-05,-0.0826292910271864
TSLA,2022-05-19,Strong Negative,Wall Street ends sharply lower as Target and growth stocks sink,-0.5265878165809715,2,3,-0.04799242741970619,-0.13062171844689258
TSLA,2022-05-19,Strong Negative,Wall Street ends sharply lower as Target and growth stocks sink,-0.5265878165809715,2,4,0.034781960666345105,-0.09583975778054747
TSLA,2022-05-19,Strong Negative,Wall Street ends sharply lower as Target and growth stocks sink,-0.5265878165809715,2,5,0.046564048492462096,-0.049275709288085376
TSLA,2022-06-02,Strong Positive,"Chip shortage is easing, says world's biggest truck-maker Daimler Truck Holding AG",0.3362245266802149,3,-5,0.034781960666345105,0.034781960666345105
TSLA,2022-06-02,Strong Positive,"Chip shortage is easing, says world's biggest truck-maker Daimler Truck Holding AG",0.3362245266802149,3,-4,0.046564048492462096,0.0813460091588072
TSLA,2022-06-02,Strong Positive,"Chip shortage is easing, says world's biggest truck-maker Daimler Truck Holding AG",0.3362245266802149,3,-3,0.0406935541847926,0.1220395633435998
TSLA,2022-06-02,Strong Positive,"Chip shortage is easing, says world's biggest truck-maker Daimler Truck Holding AG",0.3362245266802149,3,-2,0.0008494633299534998,0.12288902667355331
TSLA,2022-06-02,Strong Positive,"Chip shortage is easing, says world's biggest truck-maker Daimler Truck Holding AG",0.3362245266802149,3,-1,-0.0161976375245936,0.1066913891489597
TSLA,2022-06-02,Strong Positive,"Chip shortage is easing, says world's biggest truck-maker Daimler Truck Holding AG",0.3362245266802149,3,0,0.019388437329732798,0.1260798264786925
TSLA,2022-06-02,Strong Positive,"Chip shortage is easing, says world's biggest truck-maker Daimler Truck Holding AG",0.3362245266802149,3,1,-0.0661743801479245,0.05990544633076801
TSLA,2022-06-02,Strong Positive,"Chip shortage is easing, says world's biggest truck-maker Daimler Truck Holding AG",0.3362245266802149,3,2,0.0127163169832294,0.07262176331399742
TSLA,2022-06-02,Strong Positive,"Chip shortage is easing, says world's biggest truck-maker Daimler Truck Holding AG",0.3362245266802149,3,3,-0.0060798640306064,0.06654189928339102
TSLA,2022-06-02,Strong Positive,"Chip shortage is easing, says world's biggest truck-maker Daimler Truck Holding AG",0.3362245266802149,3,4,0.0196710422658469,0.08621294154923792
TSLA,2022-06-02,Strong Positive,"Chip shortage is easing, says world's biggest truck-maker Daimler Truck Holding AG",0.3362245266802149,3,5,0.017854353301992303,0.10406729485123023
TSLA,2022-06-03,Strong Negative,Tesla Fair Fund distributions established to pay 'harmed' investors,-0.2999041206526273,4,-5,0.046564048492462096,0.046564048492462096
TSLA,2022-06-03,Strong Negative,Tesla Fair Fund distributions established to pay 'harmed' investors,-0.2999041206526273,4,-4,0.0406935541847926,0.08725760267725469
TSLA,2022-06-03,Strong Negative,Tesla Fair Fund distributions established to pay 'harmed' investors,-0.2999041206526273,4,-3,0.0008494633299534998,0.08810706600720819
TSLA,2022-06-03,Strong Negative,Tesla Fair Fund distributions established to pay 'harmed' investors,-0.2999041206526273,4,-2,-0.0161976375245936,0.07190942848261458
TSLA,2022-06-03,Strong Negative,Tesla Fair Fund distributions established to pay 'harmed' investors,-0.2999041206526273,4,-1,0.019388437329732798,0.09129786581234739
TSLA,2022-06-03,Strong Negative,Tesla Fair Fund distributions established to pay 'harmed' investors,-0.2999041206526273,4,0,-0.0661743801479245,0.025123485664422893
TSLA,2022-06-03,Strong Negative,Tesla Fair Fund distributions established to pay 'harmed' investors,-0.2999041206526273,4,1,0.0127163169832294,0.03783980264765229
TSLA,2022-06-03,Strong Negative,Tesla Fair Fund distributions established to pay 'harmed' investors,-0.2999041206526273,4,2,-0.0060798640306064,0.03175993861704589
TSLA,2022-06-03,Strong Negative,Tesla Fair Fund distributions established to pay 'harmed' investors,-0.2999041206526273,4,3,0.0196710422658469,0.05143098088289279
TSLA,2022-06-03,Strong Negative,Tesla Fair Fund distributions established to pay 'harmed' investors,-0.2999041206526273,4,4,0.017854353301992303,0.06928533418488508
TSLA,2022-06-03,Strong Negative,Tesla Fair Fund distributions established to pay 'harmed' investors,-0.2999041206526273,4,5,0.004079393202403601,0.07336472738728869
TSLA,2022-06-06,Strong Positive,Amazon (AMZN) Gains as Stock Split Lowers Price Tag for Retail Buyers,1.0,1,-5,0.0406935541847926,0.0406935541847926
TSLA,2022-06-06,Strong Positive,Amazon (AMZN) Gains as Stock Split Lowers Price Tag for Retail Buyers,1.0,1,-4,0.0008494633299534998,0.041543017514746094
TSLA,2022-06-06,Strong Positive,Amazon (AMZN) Gains as Stock Split Lowers Price Tag for Retail Buyers,1.0,1,-3,-0.0161976375245936,0.025345379990152496
TSLA,2022-06-06,Strong Positive,Amazon (AMZN) Gains as Stock Split Lowers Price Tag for Retail Buyers,1.0,1,-2,0.019388437329732798,0.044733817319885294
TSLA,2022-06-06,Strong Positive,Amazon (AMZN) Gains as Stock Split Lowers Price Tag for Retail Buyers,1.0,1,-1,-0.0661743801479245,-0.021440562828039203
TSLA,2022-06-06,Strong Positive,Amazon (AMZN) Gains as Stock Split Lowers Price Tag for Retail Buyers,1.0,1,0,0.0127163169832294,-0.008724245844809802
TSLA,2022-06-06,Strong Positive,Amazon (AMZN) Gains as Stock Split Lowers Price Tag for Retail Buyers,1.0,1,1,-0.0060798640306064,-0.014804109875416202
TSLA,2022-06-06,Strong Positive,Amazon (AMZN) Gains as Stock Split Lowers Price Tag for Retail Buyers,1.0,1,2,0.0196710422658469,0.004866932390430697
TSLA,2022-06-06,Strong Positive,Amazon (AMZN) Gains as Stock Split Lowers Price Tag for Retail Buyers,1.0,1,3,0.017854353301992303,0.022721285692423
TSLA,2022-06-06,Strong Positive,Amazon (AMZN) Gains as Stock Split Lowers Price Tag for Retail Buyers,1.0,1,4,0.004079393202403601,0.026800678894826603
TSLA,2022-06-06,Strong Positive,Amazon (AMZN) Gains as Stock Split Lowers Price Tag for Retail Buyers,1.0,1,5,-0.0245252296857814,0.0022754492090452036
TSLA,2022-06-08,Strong Positive,"WalMart expands transportation partnerships with electric, hydrogen vehicle pilots",0.7537635075737492,4,-5,-0.0161976375245936,-0.0161976375245936
TSLA,2022-06-08,Strong Positive,"WalMart expands transportation partnerships with electric, hydrogen vehicle pilots",0.7537635075737492,4,-4,0.019388437329732798,0.0031907998051391995
TSLA,2022-06-08,Strong Positive,"WalMart expands transportation partnerships with electric, hydrogen vehicle pilots",0.7537635075737492,4,-3,-0.0661743801479245,-0.0629835803427853
TSLA,2022-06-08,Strong Positive,"WalMart expands transportation partnerships with electric, hydrogen vehicle pilots",0.7537635075737492,4,-2,0.0127163169832294,-0.0502672633595559
TSLA,2022-06-08,Strong Positive,"WalMart expands transportation partnerships with electric, hydrogen vehicle pilots",0.7537635075737492,4,-1,-0.0060798640306064,-0.0563471273901623
TSLA,2022-06-08,Strong Positive,"WalMart expands transportation partnerships with electric, hydrogen vehicle pilots",0.7537635075737492,4,0,0.0196710422658469,-0.0366760851243154
TSLA,2022-06-08,Strong Positive,"WalMart expands transportation partnerships with electric, hydrogen vehicle pilots",0.7537635075737492,4,1,0.017854353301992303,-0.0188217318223231
TSLA,2022-06-08,Strong Positive,"WalMart expands transportation partnerships with electric, hydrogen vehicle pilots",0.7537635075737492,4,2,0.004079393202403601,-0.014742338619919498
TSLA,2022-06-08,Strong Positive,"WalMart expands transportation partnerships with electric, hydrogen vehicle pilots",0.7537635075737492,4,3,-0.0245252296857814,-0.0392675683057009
TSLA,2022-06-08,Strong Positive,"WalMart expands transportation partnerships with electric, hydrogen vehicle pilots",0.7537635075737492,4,4,0.0220718139766177,-0.0171957543290832
TSLA,2022-06-08,Strong Positive,"WalMart expands transportation partnerships with electric, hydrogen vehicle pilots",0.7537635075737492,4,5,0.029851694211675703,0.012655939882592504
TSLA,2022-06-09,Strong Positive,Tesla goes ahead with China hiring event after Musk job warning,0.2674778860730332,3,-5,0.019388437329732798,0.019388437329732798
TSLA,2022-06-09,Strong Positive,Tesla goes ahead with China hiring event after Musk job warning,0.2674778860730332,3,-4,-0.0661743801479245,-0.0467859428181917
TSLA,2022-06-09,Strong Positive,Tesla goes ahead with China hiring event after Musk job warning,0.2674778860730332,3,-3,0.0127163169832294,-0.0340696258349623
TSLA,2022-06-09,Strong Positive,Tesla goes ahead with China hiring event after Musk job warning,0.2674778860730332,3,-2,-0.0060798640306064,-0.0401494898655687
TSLA,2022-06-09,Strong Positive,Tesla goes ahead with China hiring event after Musk job warning,0.2674778860730332,3,-1,0.0196710422658469,-0.020478447599721797
TSLA,2022-06-09,Strong Positive,Tesla goes ahead with China hiring event after Musk job warning,0.2674778860730332,3,0,0.017854353301992303,-0.0026240942977294943
TSLA,2022-06-09,Strong Positive,Tesla goes ahead with China hiring event after Musk job warning,0.2674778860730332,3,1,0.004079393202403601,0.0014552989046741072
TSLA,2022-06-09,Strong Positive,Tesla goes ahead with China hiring event after Musk job warning,0.2674778860730332,3,2,-0.0245252296857814,-0.023069930781107292
TSLA,2022-06-09,Strong Positive,Tesla goes ahead with China hiring event after Musk job warning,0.2674778860730332,3,3,0.0220718139766177,-0.0009981168044895933
TSLA,2022-06-09,Strong Positive,Tesla goes ahead with China hiring event after Musk job warning,0.2674778860730332,3,4,0.029851694211675703,0.02885357740718611
TSLA,2022-06-09,Strong Positive,Tesla goes ahead with China hiring event after Musk job warning,0.2674778860730332,3,5,-0.0450612973410211,-0.01620771993383499
TSLA,2022-06-13,Strong Positive,7 Founder-Led Stocks to Buy and Hold Forever,0.2579782642151632,3,-5,0.0127163169832294,0.0127163169832294
TSLA,2022-06-13,Strong Positive,7 Founder-Led Stocks to Buy and Hold Forever,0.2579782642151632,3,-4,-0.0060798640306064,0.006636452952623001
TSLA,2022-06-13,Strong Positive,7 Founder-Led Stocks to Buy and Hold Forever,0.2579782642151632,3,-3,0.0196710422658469,0.026307495218469902
TSLA,2022-06-13,Strong Positive,7 Founder-Led Stocks to Buy and Hold Forever,0.2579782642151632,3,-2,0.017854353301992303,0.044161848520462205
TSLA,2022-06-13,Strong Positive,7 Founder-Led Stocks to Buy and Hold Forever,0.2579782642151632,3,-1,0.004079393202403601,0.048241241722865806
TSLA,2022-06-13,Strong Positive,7 Founder-Led Stocks to Buy and Hold Forever,0.2579782642151632,3,0,-0.0245252296857814,0.023716012037084407
TSLA,2022-06-13,Strong Positive,7 Founder-Led Stocks to Buy and Hold Forever,0.2579782642151632,3,1,0.0220718139766177,0.045787826013702106
TSLA,2022-06-13,Strong Positive,7 Founder-Led Stocks to Buy and Hold Forever,0.2579782642151632,3,2,0.029851694211675703,0.07563952022537782
TSLA,2022-06-13,Strong Positive,7 Founder-Led Stocks to Buy and Hold Forever,0.2579782642151632,3,3,-0.0450612973410211,0.030578222884356715
TSLA,2022-06-13,Strong Positive,7 Founder-Led Stocks to Buy and Hold Forever,0.2579782642151632,3,4,0.0050155731603150015,0.035593796044671715
TSLA,2022-06-13,Strong Positive,7 Founder-Led Stocks to Buy and Hold Forever,0.2579782642151632,3,5,0.06831443429751101,0.10390823034218272
TSLA,2022-06-15,Strong Positive,"Caterpillar to relocate global headquarters from Illinois to Irving, Texas",0.2462658719958617,4,-5,0.0196710422658469,0.0196710422658469
TSLA,2022-06-15,Strong Positive,"Caterpillar to relocate global headquarters from Illinois to Irving, Texas",0.2462658719958617,4,-4,0.017854353301992303,0.0375253955678392
TSLA,2022-06-15,Strong Positive,"Caterpillar to relocate global headquarters from Illinois to Irving, Texas",0.2462658719958617,4,-3,0.004079393202403601,0.041604788770242804
TSLA,2022-06-15,Strong Positive,"Caterpillar to relocate global headquarters from Illinois to Irving, Texas",0.2462658719958617,4,-2,-0.0245252296857814,0.017079559084461404
TSLA,2022-06-15,Strong Positive,"Caterpillar to relocate global headquarters from Illinois to Irving, Texas",0.2462658719958617,4,-1,0.0220718139766177,0.0391513730610791
TSLA,2022-06-15,Strong Positive,"Caterpillar to relocate global headquarters from Illinois to Irving, Texas",0.2462658719958617,4,0,0.029851694211675703,0.0690030672727548
TSLA,2022-06-15,Strong Positive,"Caterpillar to relocate global headquarters from Illinois to Irving, Texas",0.2462658719958617,4,1,-0.0450612973410211,0.023941769931733706
TSLA,2022-06-15,Strong Positive,"Caterpillar to relocate global headquarters from Illinois to Irving, Texas",0.2462658719958617,4,2,0.0050155731603150015,0.028957343092048705
TSLA,2022-06-15,Strong Positive,"Caterpillar to relocate global headquarters from Illinois to Irving, Texas",0.2462658719958617,4,3,0.06831443429751101,0.09727177738955972
TSLA,2022-06-15,Strong Positive,"Caterpillar to relocate global headquarters from Illinois to Irving, Texas",0.2462658719958617,4,4,-0.0025490183021832,0.09472275908737653
TSLA,2022-06-15,Strong Positive,"Caterpillar to relocate global headquarters from Illinois to Irving, Texas",0.2462658719958617,4,5,-0.019199392628530702,0.07552336645884583
TSLA,2022-06-17,Strong Negative,Elon Musk and Tesla sued over Dogecoin ‘pyramid scheme’,-0.1044700607805794,4,-5,0.004079393202403601,0.004079393202403601
TSLA,2022-06-17,Strong Negative,Elon Musk and Tesla sued over Dogecoin ‘pyramid scheme’,-0.1044700607805794,4,-4,-0.0245252296857814,-0.020445836483377798
TSLA,2022-06-17,Strong Negative,Elon Musk and Tesla sued over Dogecoin ‘pyramid scheme’,-0.1044700607805794,4,-3,0.0220718139766177,0.001625977493239901
TSLA,2022-06-17,Strong Negative,Elon Musk and Tesla sued over Dogecoin ‘pyramid scheme’,-0.1044700607805794,4,-2,0.029851694211675703,0.031477671704915604
TSLA,2022-06-17,Strong Negative,Elon Musk and Tesla sued over Dogecoin ‘pyramid scheme’,-0.1044700607805794,4,-1,-0.0450612973410211,-0.013583625636105497
TSLA,2022-06-17,Strong Negative,Elon Musk and Tesla sued over Dogecoin ‘pyramid scheme’,-0.1044700607805794,4,0,0.0050155731603150015,-0.008568052475790495
TSLA,2022-06-17,Strong Negative,Elon Musk and Tesla sued over Dogecoin ‘pyramid scheme’,-0.1044700607805794,4,1,0.06831443429751101,0.05974638182172051
TSLA,2022-06-17,Strong Negative,Elon Musk and Tesla sued over Dogecoin ‘pyramid scheme’,-0.1044700607805794,4,2,-0.0025490183021832,0.05719736351953731
TSLA,2022-06-17,Strong Negative,Elon Musk and Tesla sued over Dogecoin ‘pyramid scheme’,-0.1044700607805794,4,3,-0.019199392628530702,0.03799797089100661
TSLA,2022-06-17,Strong Negative,Elon Musk and Tesla sued over Dogecoin ‘pyramid scheme’,-0.1044700607805794,4,4,0.010985482141010902,0.04898345303201751
TSLA,2022-06-17,Strong Negative,Elon Musk and Tesla sued over Dogecoin ‘pyramid scheme’,-0.1044700607805794,4,5,0.0041297819490634,0.053113234981080906
TSLA,2022-06-21,Strong Negative,Tesla sued by former employees over 'mass layoff',-0.0966269641138892,12,-5,-0.0245252296857814,-0.0245252296857814
TSLA,2022-06-21,Strong Negative,Tesla sued by former employees over 'mass layoff',-0.0966269641138892,12,-4,0.0220718139766177,-0.0024534157091637004
TSLA,2022-06-21,Strong Negative,Tesla sued by former employees over 'mass layoff',-0.0966269641138892,12,-3,0.029851694211675703,0.027398278502512002
TSLA,2022-06-21,Strong Negative,Tesla sued by former employees over 'mass layoff',-0.0966269641138892,12,-2,-0.0450612973410211,-0.017663018838509098
TSLA,2022-06-21,Strong Negative,Tesla sued by former employees over 'mass layoff',-0.0966269641138892,12,-1,0.0050155731603150015,-0.012647445678194097
TSLA,2022-06-21,Strong Negative,Tesla sued by former employees over 'mass layoff',-0.0966269641138892,12,0,0.06831443429751101,0.05566698861931691
TSLA,2022-06-21,Strong Negative,Tesla sued by former employees over 'mass layoff',-0.0966269641138892,12,1,-0.0025490183021832,0.05311797031713371
TSLA,2022-06-21,Strong Negative,Tesla sued by former employees over 'mass layoff',-0.0966269641138892,12,2,-0.019199392628530702,0.033918577688603006
TSLA,2022-06-21,Strong Negative,Tesla sued by former employees over 'mass layoff',-0.0966269641138892,12,3,0.010985482141010902,0.04490405982961391
TSLA,2022-06-21,Strong Negative,Tesla sued by former employees over 'mass layoff',-0.0966269641138892,12,4,0.0041297819490634,0.04903384177867731
TSLA,2022-06-21,Strong Negative,Tesla sued by former employees over 'mass layoff',-0.0966269641138892,12,5,-0.019576612860952303,0.02945722891772501
TSLA,2022-06-22,Strong Negative,How the Tesla Model S Changed the World,-0.1605483203964433,3,-5,0.0220718139766177,0.0220718139766177
TSLA,2022-06-22,Strong Negative,How the Tesla Model S Changed the World,-0.1605483203964433,3,-4,0.029851694211675703,0.0519235081882934
TSLA,2022-06-22,Strong Negative,How the Tesla Model S Changed the World,-0.1605483203964433,3,-3,-0.0450612973410211,0.0068622108472723015
TSLA,2022-06-22,Strong Negative,How the Tesla Model S Changed the World,-0.1605483203964433,3,-2,0.0050155731603150015,0.011877784007587303
TSLA,2022-06-22,Strong Negative,How the Tesla Model S Changed the World,-0.1605483203964433,3,-1,0.06831443429751101,0.08019221830509832
TSLA,2022-06-22,Strong Negative,How the Tesla Model S Changed the World,-0.1605483203964433,3,0,-0.0025490183021832,0.07764320000291512
TSLA,2022-06-22,Strong Negative,How the Tesla Model S Changed the World,-0.1605483203964433,3,1,-0.019199392628530702,0.05844380737438442
TSLA,2022-06-22,Strong Negative,How the Tesla Model S Changed the World,-0.1605483203964433,3,2,0.010985482141010902,0.06942928951539531
TSLA,2022-06-22,Strong Negative,How the Tesla Model S Changed the World,-0.1605483203964433,3,3,0.0041297819490634,0.07355907146445871
TSLA,2022-06-22,Strong Negative,How the Tesla Model S Changed the World,-0.1605483203964433,3,4,-0.019576612860952303,0.05398245860350641
TSLA,2022-06-22,Strong Negative,How the Tesla Model S Changed the World,-0.1605483203964433,3,5,-0.0188540287294604,0.035128429874046005
TSLA,2022-06-23,Strong Negative,Musk says Tesla's new car factories 'losing billions of dollars',-0.7344476127698406,3,-5,0.029851694211675703,0.029851694211675703
TSLA,2022-06-23,Strong Negative,Musk says Tesla's new car factories 'losing billions of dollars',-0.7344476127698406,3,-4,-0.0450612973410211,-0.015209603129345398
TSLA,2022-06-23,Strong Negative,Musk says Tesla's new car factories 'losing billions of dollars',-0.7344476127698406,3,-3,0.0050155731603150015,-0.010194029969030396
TSLA,2022-06-23,Strong Negative,Musk says Tesla's new car factories 'losing billions of dollars',-0.7344476127698406,3,-2,0.06831443429751101,0.05812040432848061
TSLA,2022-06-23,Strong Negative,Musk says Tesla's new car factories 'losing billions of dollars',-0.7344476127698406,3,-1,-0.0025490183021832,0.05557138602629741
TSLA,2022-06-23,Strong Negative,Musk says Tesla's new car factories 'losing billions of dollars',-0.7344476127698406,3,0,-0.019199392628530702,0.03637199339776671
TSLA,2022-06-23,Strong Negative,Musk says Tesla's new car factories 'losing billions of dollars',-0.7344476127698406,3,1,0.010985482141010902,0.04735747553877761
TSLA,2022-06-23,Strong Negative,Musk says Tesla's new car factories 'losing billions of dollars',-0.7344476127698406,3,2,0.0041297819490634,0.05148725748784101
TSLA,2022-06-23,Strong Negative,Musk says Tesla's new car factories 'losing billions of dollars',-0.7344476127698406,3,3,-0.019576612860952303,0.03191064462688871
TSLA,2022-06-23,Strong Negative,Musk says Tesla's new car factories 'losing billions of dollars',-0.7344476127698406,3,4,-0.0188540287294604,0.01305661589742831
TSLA,2022-06-23,Strong Negative,Musk says Tesla's new car factories 'losing billions of dollars',-0.7344476127698406,3,5,-0.005176171270877701,0.007880444626550609
TSLA,2022-06-24,Strong Negative,2 killed as NIO electric car plummets 3 stories from building in China,-0.6186028715450993,5,-5,-0.0450612973410211,-0.0450612973410211
TSLA,2022-06-24,Strong Negative,2 killed as NIO electric car plummets 3 stories from building in China,-0.6186028715450993,5,-4,0.0050155731603150015,-0.0400457241807061
TSLA,2022-06-24,Strong Negative,2 killed as NIO electric car plummets 3 stories from building in China,-0.6186028715450993,5,-3,0.06831443429751101,0.02826871011680491
TSLA,2022-06-24,Strong Negative,2 killed as NIO electric car plummets 3 stories from building in China,-0.6186028715450993,5,-2,-0.0025490183021832,0.02571969181462171
TSLA,2022-06-24,Strong Negative,2 killed as NIO electric car plummets 3 stories from building in China,-0.6186028715450993,5,-1,-0.019199392628530702,0.006520299186091007
TSLA,2022-06-24,Strong Negative,2 killed as NIO electric car plummets 3 stories from building in China,-0.6186028715450993,5,0,0.010985482141010902,0.01750578132710191
TSLA,2022-06-24,Strong Negative,2 killed as NIO electric car plummets 3 stories from building in China,-0.6186028715450993,5,1,0.0041297819490634,0.02163556327616531
TSLA,2022-06-24,Strong Negative,2 killed as NIO electric car plummets 3 stories from building in China,-0.6186028715450993,5,2,-0.019576612860952303,0.0020589504152130067
TSLA,2022-06-24,Strong Negative,2 killed as NIO electric car plummets 3 stories from building in China,-0.6186028715450993,5,3,-0.0188540287294604,-0.016795078314247393
TSLA,2022-06-24,Strong Negative,2 killed as NIO electric car plummets 3 stories from building in China,-0.6186028715450993,5,4,-0.005176171270877701,-0.021971249585125092
TSLA,2022-06-24,Strong Negative,2 killed as NIO electric car plummets 3 stories from building in China,-0.6186028715450993,5,5,0.005828443615541801,-0.016142805969583292
TSLA,2022-06-27,Strong Positive,Kroger increases EV charging offer across US stores,1.0,1,-5,0.0050155731603150015,0.0050155731603150015
TSLA,2022-06-27,Strong Positive,Kroger increases EV charging offer across US stores,1.0,1,-4,0.06831443429751101,0.07333000745782602
TSLA,2022-06-27,Strong Positive,Kroger increases EV charging offer across US stores,1.0,1,-3,-0.0025490183021832,0.07078098915564282
TSLA,2022-06-27,Strong Positive,Kroger increases EV charging offer across US stores,1.0,1,-2,-0.019199392628530702,0.05158159652711212
TSLA,2022-06-27,Strong Positive,Kroger increases EV charging offer across US stores,1.0,1,-1,0.010985482141010902,0.06256707866812303
TSLA,2022-06-27,Strong Positive,Kroger increases EV charging offer across US stores,1.0,1,0,0.0041297819490634,0.06669686061718642
TSLA,2022-06-27,Strong Positive,Kroger increases EV charging offer across US stores,1.0,1,1,-0.019576612860952303,0.04712024775623412
TSLA,2022-06-27,Strong Positive,Kroger increases EV charging offer across US stores,1.0,1,2,-0.0188540287294604,0.02826621902677372
TSLA,2022-06-27,Strong Positive,Kroger increases EV charging offer across US stores,1.0,1,3,-0.005176171270877701,0.023090047755896022
TSLA,2022-06-27,Strong Positive,Kroger increases EV charging offer across US stores,1.0,1,4,0.005828443615541801,0.028918491371437823
TSLA,2022-06-27,Strong Positive,Kroger increases EV charging offer across US stores,1.0,1,5,0.008416178933396998,0.037334670304834824
