Ticker,Date,EventCategory,ArticleCount,MeanRelevance,EventSentiment,RepresentativeHeadline,EventID
AAPL,2022-01-03,EARNINGS,1,1.0,0.0,Apple becomes first $3 trillion company,642e986c345129ab9da3fb0b8e91dc56fbf8a5eab7cbbeb95c3d7fe5e18d3c39
AAPL,2022-01-03,LEGAL,1,0.649304,-1.0,"BlackBerry loses bid to dismiss BlackBerry 10 lawsuit in NY, fall trial possible",17cb1a97ba87e645309fc498635bdb6bfad10dda9dc3d1d90731b87828cb97b7
AAPL,2022-01-03,MACRO,2,1.0,0.0,Apple becomes first company to reach $3 trillion market value,89f0fbb6e0bc9ae5d305d7c3e7a602452c4bae5cb5493a7eb6d08462d1f784a0
AAPL,2022-01-03,OTHER,1,0.717743,-1.0,"BlackBerry scraps services for several models, phones to stop working this week",c4fd7aaef339a0a258714dd30885d46fc3217b9052984679861c8db8f419f054
AAPL,2022-01-03,PRODUCT,1,0.621131,1.0,Smart Water for a Smarter Home: Moen Leads the Way with Industry's First Whole-Home Connected Water Product Suite,442529d89847dff88efe7edba9c31ecc799c455048eb2b157e08d33cb22730c6
AAPL,2022-01-04,MACRO,1,0.61848,-1.0,Walmart temporarily shut nearly 60 U.S. stores for Covid cleaning in December,0074deae00f24486c9970e8184fa0dd3e0ac4669122e1b3e279cb7307d03e053
AAPL,2022-01-04,OTHER,4,0.8586115,0.0,Apple Just Became the World's First $3 Trillion Company Because of a 4-Word Quote From Steve Jobs 15 Years Ago,f2b82b970b8ab71f1ffa192c67d08173d45ffa958ce707a91a9bda8db2dfd244
AAPL,2022-01-05,EARNINGS,1,0.962195,-1.0,$20 Billion In 2022: Google Pays Apple For Not Launching Its Own Search Engine?,6ef5f5db99d4584a852dd677c8145c1d046d0a55a22f50e188d2721df06272d2
AAPL,2022-01-05,OTHER,2,0.656091,0.0,Lumentum hooks up with Hesai on auto lidar,17de9ed7cb725f1bb2fad0a9bc166b11180e444a79d0a27474affa9e6fc153d8
AAPL,2022-01-06,M&A,1,0.748246,0.0,"Trump’s social media app to launch in February, App Store listing says",1c8d883ec3203c95af37d43f80106abc07e3be0993dc3edc184da4d6ecf2c470
AAPL,2022-01-06,OTHER,2,0.6187050000000001,0.5394315546181137,Hyundai Motor beats Honda in US for the first time in its 35 years there,1fa43ebc907dcb4c496cf5c315edc2f8785ae3f07fd23a9a3fe4d51b7a6120ca
AAPL,2022-01-07,OTHER,2,0.6793990000000001,0.0,BlackBerry smartphones: what impact did they have on the workplace?,e12b544c3e01036c592bdd74595a4854024fd6275e194152dafe9827d0e89e23
AAPL,2022-01-09,MACRO,1,0.611494,0.0,Updating My Favorite Performance Chart For 2021,2bbcb94940638d1a6d1047c86a29abf6ef3a50ef04fd983d3274bf00f2a66808
AAPL,2022-01-09,OTHER,1,1.0,0.0,"Apple Could Reinvent Money Management, Take on PayPal and Robinhood",64c9cd58c37f2a19317c845032616b69026fb0bb651a4e9a464f06b062ee9619
AAPL,2022-01-10,M&A,1,0.635128,0.0,T-Mobile Acquires Octopus Interactive And Says It’s Still Committed To Ad Tech,d9acbf964596e3414067927b84c7f489dede6f602c6cbb13d887718d20a3712c
AAPL,2022-01-10,PRODUCT,1,0.861995,-1.0,T-Mobile begins blocking iPhone users from enabling iCloud Private Relay in the US [U],bd899d9bcd7eb0038144700180cd11375b2713e91ac152029df898e3c6601f13
AAPL,2022-01-11,EARNINGS,1,0.720158,1.0,Stellar December gives TSMC record year,418d94d462ca9158bd16554e9ff7793570e26b55bcc70523540c4a996694cc91
AAPL,2022-01-11,M&A,1,0.640185,0.0,Suunto Sold To New Owners (Again),4a4495cdb65651d49016ba7115002a354070251a0485d3bea23f581673ba38f7
AAPL,2022-01-11,OTHER,1,0.743335,0.0,Two companies show where our UWB future is heading,f2cabef945cce63ef151daf135953364c16d688a6acfc6e935c94e8cd9816418
AAPL,2022-01-12,OTHER,1,0.614943,-1.0,"Best Buy Co. Inc. stock falls Wednesday, underperforms market",acadd7b20a34469f8f220b6f88c79144df8806da643a3af98ed67e199a161630
AAPL,2022-01-13,EARNINGS,1,0.724937,1.0,TSMC to Spend at Least $40 Billion to Address Chip Shortage,743551225baf9aff608e62a36760d2aca90a13c0284247b73b6d1f23c878be5e
AAPL,2022-01-13,OTHER,2,0.6106640000000001,-0.5295743649535587,Here’s Why the UPRO and TQQQ Stock Prices Fell 50.1% Premarket Despite Calm Markets,2e7d2995d79fe4dadd0ddd447d8a81f073f0e40ad8d3ef44228fbd2a68034854
AAPL,2022-01-14,EARNINGS,1,0.600271,0.0,"Netflix raises monthly subscription prices in U.S., Canada",15bb63edc6f1a2c2a7b7585f041bf677f6a89753fbd88d4a8f07ec3b6cdea15f
AAPL,2022-01-14,OTHER,1,0.628022,0.0,A Tinder Revenge Story,1b121bfb4c8918e1019b30a0e4b4276857365117779e962d4edd07239fe3bf8e
AAPL,2022-01-16,OTHER,1,1.0,0.0,Apple Vision? Apple Reality? What Apple Could Name Its AR/VR Headset,39fb6df54c71857278325fac18d1fa4e6a365759f537c7f8d8940d232873eae4
AAPL,2022-01-17,OTHER,1,0.968386,0.0,Apple teases Apple Pay coming soon to Argentina and Peru,15dd769fbd837c2fad51c9f99d412c2c220098bc931633e5059a4cfa7ab7154c
AAPL,2022-01-18,MACRO,1,0.737626,0.0,Put Disruption By Your Side With GTEK,2d981c8bfa21baca832547f72a6c438d9b262252ab639d6a0c4ae7ab2396ecb2
AAPL,2022-01-18,OTHER,3,0.9198356666666667,-0.3623835706885324,Apple Pay desembarca en la Argentina y revoluciona el negocio de billeteras digitales,2340a72b308d6257ac84bdef0e88a2d1516e2f28b2514898de682e3d8a9cb91f
AAPL,2022-01-19,EARNINGS,1,0.627311,-1.0,Procter & Gamble’s sales jump as consumers brush off rising prices.,9b126bccd6d6f5de629a9f011865dca020a19acc52fa55c05a1d310c62b2d35f
AAPL,2022-01-19,OTHER,2,0.68813,0.0,Fubo Integrates FanView For Multiview Users on Apple TV,83f22ea3f22087e4f655a71a36cb503e5b0a54e69c29eb9904052d494d69f822
AAPL,2022-01-20,EARNINGS,1,0.737869,1.0,Rate Hikes Might Bring Quality ETFs Into Focus,ff55a3ca1faa92d7fa6d1a932c2191deab7667a7dae335f7daabf2712691de08
AAPL,2022-01-21,EARNINGS,3,0.6308323333333333,-0.32207554358078244,Netflix tanks again as investors question growth prospects,ec39422654fae5d9b029cbf88fccf15210f6e69a7dc3f8e2ff38b8e11fa7d9ea
AAPL,2022-01-21,M&A,1,0.638238,1.0,"Microsoft secures IPs like Call of Duty and Candy Crash to boost its metaverse ambitions, analyst says",79aa931cdef4b641633b1d2ede6d10c94270e58bb2feb1abba58116cac51e3f8
AAPL,2022-01-21,OTHER,1,0.564424,0.0,POSCO’s Net-zero carbon 2050 Declaration background and Achievement goals,2ad15ab4b22b82f3c7e2db572a698b0f3abe6ba78c8d0f8aae9ca69701388ab8
AAPL,2022-01-23,OTHER,2,0.7447835,0.0,Zoom vs Facetime: Which is right for you?,cc21a20ad4cece34a489295ece5502024178d85ec4e137ec7b1c57d15af922d7
AAPL,2022-01-24,EARNINGS,1,0.615135,0.0,Peloton’s big whoops,3bb74e0ccd0c82982c847c81eca6cb6fb59ae2c586d951ab8e7b8eb533921775
AAPL,2022-01-24,MACRO,1,0.731225,1.0,Warren Buffett has nearly caught up with Cathie Wood after the tech-stock guru vastly outperformed him in 2020,a2037a0b8618b7607a57d7691fa3aa2812631b0270bc3645f13f4341be3aacc1
AAPL,2022-01-24,OTHER,1,0.730892,0.0,Trump 'TRUTH Social' developing content moderation practices to ensure 'family-friendly' community,b265bb29d70ad60c5041c1cccd1513c9c48f87303039476ddd131f48bf00f527
AAPL,2022-01-26,MACRO,1,0.629923,0.0,"How the ‘world's first’ AI-managed ETF stacks up, almost five years later",2cc2e6862401ebdbd52e0dcee8e7b349620aa28cf45b7e6eead834762b0dd1d5
AAPL,2022-01-26,REGULATORY,1,0.557914,1.0,Intel scores major win as court scraps $1.2 bln EU antitrust fine,b4072c9098236a1ce9630613ced91090fb1bf0a23072494d0d083d7494b51c2c
AAPL,2022-01-27,EARNINGS,2,1.0,0.0,Apple sales and profit top estimates as hit from chip shortages eases,651ba95d4107a693a98b6a150001867d4a2b849b4ae4e7235bebbdc895475804
AAPL,2022-01-27,OTHER,2,0.6535694999999999,0.0,Ford Gamifies its Mustang Mach-E with an ‘Escape Room’ Concept that Interacts with the Vehicle’s In-Built Technology,f0d7dfcb8acdb707a29390819fb968db97f6ebc23a2d495c9eda55421677982a
AAPL,2022-01-28,EARNINGS,2,0.9657089999999999,0.5177543131523058,Apple Posts Highest-Ever Quarterly Earnings in Sign It Tamed Supply Crisis,4a270df982db787f6ba877c8ec88e5bfc3285cb99178f98c6a7deabe99bb5425
AAPL,2022-01-28,OTHER,1,0.601297,0.0,"General Motors Wants to Hire 8,000 Highly Skilled Workers, Technologists",64a9de86c72e2e8db9be7b7bce8b572e3251a21a6510acc5e97c19781589f877
AAPL,2022-01-30,M&A,1,1.0,0.0,Apple Probably Won’t Buy Peloton Despite Investor Push,143ce1a9522f1436fca72189732b5f88cafd372d03210bcd873ce8d425eebdd2
AAPL,2022-01-31,M&A,1,0.718637,0.0,Chanel Pays $63M for Union Square Building in San Francisco,819c0752338977e46050d3a4524740d0103372a74741dbaad25f9ae77162762e
AAPL,2022-01-31,OTHER,2,0.6341034999999999,0.011733888868299918,"Peloton announces new heart rate band, helps track noncompetitive Strive metric",59ba3869ca70a0bf1662ea6417f419ef82688fa523dbb5c61714962dfdb1597a
AAPL,2022-02-01,EARNINGS,2,0.6137395,0.0,TSMC: Can anything stop Taiwan's chipmaking giant?,d2a5a072d274674ded8cc5e2ca4cdaee083c30a145cee3f0d1334e59ca91ba69
AAPL,2022-02-01,OTHER,1,0.706418,0.0,Adobe XD Review,1782e3f8d83640af3653dbf647abd20857b9b1df8270c7ced4bc70751cf4aa12
AAPL,2022-02-01,PRODUCT,1,1.0,1.0,LGD and BOE Competing with SDC for Larger Share of iPhone Business,6bc5eaadd71a5b66b25c452ec77350bdbfe273657b4124b9490ac070fd86e609
AAPL,2022-02-02,EARNINGS,2,0.6952115000000001,0.0,Meta Reports Fourth Quarter and Full Year 2021 Results,867478ec1f447bd25fd03af57634967ab4f37e7005ce5d75c467d9275a0ac79e
AAPL,2022-02-02,M&A,1,0.633557,0.0,Blackberry Sells Its Messaging Patents for USD 600 Million,8ccdf8d80120f3d0d1bd8d4b9eff87a43eafb3bc681285fbe01679a5bba0bee3
AAPL,2022-02-02,OTHER,1,0.712129,0.0,This Just In: HBO Documentary ICAHN: THE RESTLESS BILLIONAIRE Debuts February 15,711bb5fee48701a91fff26886d30fdbc0420961cc6423989338f32b2d0addf66
AAPL,2022-02-03,EARNINGS,3,0.9085040000000001,-0.008383745879673263,Judge dismisses lawsuit over Apple iPhone water resistance claims,ac8c2fc3d2b828a1416b39cb792f47e6cb272c6b6b5c2de637fd69cf2e5001fd
AAPL,2022-02-03,OTHER,3,0.638045,-0.32217685795411505,Bluesound Pulse Soundbar+ Dolby Atmos soundbar review,e45b9cd554051b17081614bc1755a12f1dd6478e6d79c3c55d81f0739a112de0
AAPL,2022-02-04,EARNINGS,2,0.8146215,-0.22756396682385624,Meta rivalry with Apple inflamed as Facebook parent company share price plummets,2d31e0d1a36b9b34a8465e97db0434f0169ebd220d7bb1354c09069050bdefec
AAPL,2022-02-04,OTHER,2,0.965649,1.0,"Apple, Broadcom win new trial in $1.1 bln Caltech patent case",d8569f7da55399219ff00a21ee33bde6800b87684ff5e897c0d7857b40ef957b
AAPL,2022-02-06,EARNINGS,1,0.70412,-1.0,Opinion: $1.4 trillion? Big Tech’s pandemic year produces mind-boggling financial results,da2a46e80e1de25ce668cd9af0780f5aa38c71605158ca7bc4d0328b9f50944e
AAPL,2022-02-07,EARNINGS,2,0.7570060000000001,0.0,Tim Cook Reaffirms Commitment to Being Carbon Neutral,b6f2cfb34a9bcba94dba68a5d480e256108980bb9b5d51217a3ada4b16c7a804
AAPL,2022-02-07,MACRO,1,0.606877,0.0,"Amazon hiking base salary cap to $350,000 for corporate, tech workers",b21e6e395151e2b1cde96057db8eda6b97f23c428668b21a17809569f1705a44
AAPL,2022-02-07,MANAGEMENT,1,0.638395,1.0,Hertz taps former Goldman exec as CFO-to-CEO path continues to widen,8f2ecb6d71928811fad5e3118374929187d51073abeb45f08c77e8577787c21f
AAPL,2022-02-08,M&A,4,0.65879025,0.009515168143426504,"SoftBank’s sale of Arm to Nvidia collapses, Arm to IPO",ee62fd22e613e11b24f9661d509c3f6cbba99c386a1a804202f4c28859ba8198
AAPL,2022-02-09,EARNINGS,2,0.9589099999999999,-0.47857463161297725,Apple vs. the World,f188ae000c91a8707f74b303f4ca54100ac972dfa1982c64ce72235d20ce26b7
AAPL,2022-02-09,M&A,1,0.633058,0.0,Eugenio Derbez & Ben Odell’s 3Pas Studios Re-Ups First-Look Film Deal At Lionsgate,52708fc08db324016d17b24c52f82c21649a07ee6c2e285c983ccc2cdbf840e4
AAPL,2022-02-09,OTHER,1,0.639965,0.0,PEPSI® Develops New Platform with Verizon to Immerse Fans into Pepsi Super Bowl Halftime Show with Live 360-degree Mobile Experience,043695d7eeea7faf5de1c3c39f1b6cbaa2564f9903e778a2d96adced821f8efb
AAPL,2022-02-10,EARNINGS,4,0.67012625,0.0,Telkom Kembali Jadi Satu-satunya Perusahaan Indonesia yang Masuk Jajaran Brand Finance Global 500,e8b30cde8ac033fb6c5425198d7b32b7264390a2d6648face17abe057802df62
AAPL,2022-02-10,OTHER,4,0.637989,0.2418031502110538,Is Qualcomm’s New ‘aptX Lossless’ Technology The Holy Grail of Bluetooth?,ee06965bf77e55530a42195171cad8ed815009be9b55e34f4c4b45e69097023e
AAPL,2022-02-11,MANAGEMENT,1,0.617509,0.0,"Power Moves | GQ Middle East’s New Editor-in-Chief, PVH Corp. Appoints CFO",00194de09eb9e8076ac1cb7daf45da83dee19a9601fdda9abe869d1b45b32fa0
AAPL,2022-02-11,OTHER,3,0.736838,0.7088663541601637,Xiaomi sharpens focus on high-end smartphones to challenge Apple,ec6e296159e552610309fd34a780561052d2c00d0f6eba3fa5a5eef1ffa45fd2
AAPL,2022-02-11,PRODUCT,1,1.0,0.0,Apple Just Quietly Introduced a Feature to Your iPhone That Is Going to Upend This $1.7 Trillion Industry,d5c81e5e1dbd32256c2042df1ee6aca1051c169593118901ad83e4e525041d6e
AAPL,2022-02-12,OTHER,1,0.630634,0.0,Sonos IKEA Symfonisk Table Lamp Speaker with WiFi (Gen 2) review,bb2471817dd744db4f93e88c9fafe3bb942ca9ec3e870bf2989a30e1f348701c
AAPL,2022-02-14,OTHER,1,0.742307,0.0,"Color Star Technology Co., Ltd. Announces That Its Color World Metaverse Software Is Coming Soon to Asia",742b8db0412a57b47364cf8e13db5b1f05948aeeef486f152873d4e28837e458
AAPL,2022-02-15,OTHER,2,0.7238675,0.0,Why Trump’s TRUTH Social Platform Will Struggle to Compete With Mainstream Social Media,851f17956667bdb239623956727108694490267918779588ef6bd3c7a799d20a
AAPL,2022-02-15,PRODUCT,1,0.648216,0.0,Trip.com To Launch Hybrid Work In Chinese Tech Sector First,0537715507be72635b869e14f96a5c1328aec74f4637c529be49fd42d9db379d
AAPL,2022-02-16,EARNINGS,2,0.8558224999999999,0.0,ISS urges Apple shareholders to vote against CEO Cook's bonus,822217445c35bf34617677a80c3b3c9dcc3a7bb063d39806e62825c504793f33
AAPL,2022-02-16,MACRO,2,0.631473,0.0,Corporate Leadership Won’t Reach Gender Parity Until 2060 at Its Current Rate,e112ce8d37f5e429a989f550475a96d102f20575c2301c4304b1678a8b7d18d5
AAPL,2022-02-16,OTHER,2,0.712769,0.0,How to Not Stress About Tech,d7f0e8b9b883c1a702520aaef1e0febaa623013770653528f2c41d201eca1f23
AAPL,2022-02-17,LEGAL,1,1.0,-1.0,Apple defeats copyright lawsuit over racially diverse emoji,93a7883cdb38756d3f3ba14113cac25fe15c90c084cc9194f4b48d86ac589361
AAPL,2022-02-17,MACRO,1,0.645606,-1.0,Charlie Munger Calls US-China Tensions `Massively Stupid’,5d1fba1c37cf4039e9d9d811c1e09f7ee1cbe03017d7d55118b9a152c827f4ec
AAPL,2022-02-17,OTHER,3,0.7164113333333333,0.3260203402700684,FDA approves first iOS app to control insulin pump,5cff7178f2757ae611ff431814c66c75544309dd5817db55fcd639668e4820e5
AAPL,2022-02-18,EARNINGS,1,0.575851,-1.0,"Intel delays 2023 server chip, says it needs to boost spending to catch competitors",c104c3341e48aeabfbe12b0cdd47035f87ddacd6583960744de0eb213042aac7
AAPL,2022-02-18,M&A,1,0.704342,0.0,Trump’s Truth Social Is Poised to Join a Crowded Field (Published 2022),ecf258807deec4df4ae7069a4efe43603ee2fe2562a87598b04e32dc8492e63d
AAPL,2022-02-18,MANAGEMENT,1,0.614854,0.0,Salesforce ties executive compensation to ESG goals,85afdda366ca777e197a337a05d355b256b4371d423fe90ecc82369545fec9db
AAPL,2022-02-18,OTHER,1,0.641229,0.0,SanDisk Pro-Dock 4 Review: The Best Card Reader for Professionals,5cb4e842d1c790c683533234c66b73be2e35117487d06aeed724174d8f2e6035
AAPL,2022-02-18,PRODUCT,1,0.609846,0.0,The Processor Chip Industry Is Another Ugly Capitalist Oligopoly,846862ac3d0d08e613925aa31f8e84a7dc0b3d0fa0f754ad68054517cf0fe4ca
AAPL,2022-02-20,OTHER,1,0.971565,0.0,Apple Readies New MacBooks and iMacs for Part Three of Overhaul,f639e8bec1858746bc5f9b23a948c31fcf6246b820e20d4a07ad9e55351a97d1
AAPL,2022-02-21,OTHER,1,0.725671,0.0,Trump's new social media application 'Truth Social' begins gradual rollout,7d59929e8f44aae84618c3a3c63704f58619b37963f328caef68ec6af862e698
AAPL,2022-02-21,PRODUCT,1,0.716524,0.0,Truth Social backed by Trump Media and Technology group launches,275c1965517e334814cdf1892683f013fa72df51e18016e2b7e96ec05b31bf99
AAPL,2022-02-22,EARNINGS,1,0.579535,1.0,Kraft Heinz taps Google for multiyear transformation push,303cee7da093fee619474fe619bb6e50643e78815384a565ca0bedbd7b6fcb9e
AAPL,2022-02-24,EARNINGS,1,0.741823,-1.0,Life360 shares plunge -30% as losses accelerate to fuel growth,72b54dd32f76a4c6a237db0c808e1b28887825d8f8fc93db479cd653ad651d2a
AAPL,2022-02-24,OTHER,1,0.974682,0.0,Apple Al Maryah Island opens Friday in the heart of Abu Dhabi,e00f9fbf81e60cdcb3290e28b7c9e8baab7e049e4512c67014eebbf1b0781658
AAPL,2022-02-26,EARNINGS,2,0.7133335,1.0,Warren Buffett Takes ‘Mildly Attractive’ Path With $27 Billion Buybacks,1338ec16366db120d65e550ca2bfd983ff0db9c65097d328c8807815cfbdbbc9
AAPL,2022-03-01,MACRO,1,0.636136,-1.0,"Google, Meta face penalties in Russia as deadline passes to open local offices",791b28f9ca5d319e436060b4600e8fc43a30de29b89311a1d44120b9f206fcb9
AAPL,2022-03-01,PRODUCT,1,1.0,-1.0,Apple Halts Product Sales in Russia After Ukraine Invasion,e1d460add1cf92ea54e158367dcccd310eccc5b5d728747f089819349ceb193d
AAPL,2022-03-02,EARNINGS,1,0.574095,0.0,"EXCLUSIVE Ford set to announce plans to run EV, ICE as separate businesses -sources",a512ef014fd8e522f637bc3bcb80166c6f40041b82c8e3b4ae2555461298f8f4
AAPL,2022-03-02,MACRO,1,0.919852,-1.0,"Apple, Netflix, TikTok strike back against Russian state media content",2518046907368d365130937790f3369b6867752ab58f128202979ee2931fc117
AAPL,2022-03-02,OTHER,2,0.7277359999999999,0.012564996097485882,3 Stocks to Buy to Get a Boost From Trump’s Truth Social,03b023824384d3aaf75be2db6f41a343d5d5012e4b7c073caee9d4cc38543392
AAPL,2022-03-02,PRODUCT,1,1.0,0.0,"Apple to host spring event next week, low-cost 5G iPhone in focus",bcaa19dd0ac6129b8d7cee38e01c98507954b92d00fd2057d9d71b677d32baaf
AAPL,2022-03-03,MACRO,2,0.671198,-1.0,Ikea and the owner of T.J. Maxx are the latest retailers to halt Russia operations.,3c8bc5f2d6715cd6eb6e6fab7dcf20dbbee58bcccf39aa230f2b7f78ce28b325
AAPL,2022-03-03,OTHER,1,0.705907,-1.0,"Crypto exchanges won't bar Russians, raising fears of sanctions backdoor",4e910c93b4170afe183656511d17bae02aa3aa7cadc87cf15047747463834953
AAPL,2022-03-03,PRODUCT,1,0.738943,1.0,"Amid Ukraine fallout, crisis-hardened chipmakers move to adapt",a5061a7d12a8872793dc5c4d5bc61478cb626e5fc2cc7a4c4eb648cf6a47c46a
AAPL,2022-03-04,M&A,2,0.7243315,-0.500355155063669,Trump hasn’t posted on Truth Social in weeks as waitlist swells,94972bffaae13786a118465098ccbc1d8f41cd397e3eadbc77d8ccebe824c878
AAPL,2022-03-04,MACRO,2,0.7289920000000001,-0.431153565471226,Ukraine war tests whether marketers can address crisis meaningfully,a3faa0b53785836555bd09622342cc85bf283916f0872cdf8890747e4ab2bcf7
AAPL,2022-03-04,OTHER,1,0.6453,0.0,Sonos Roam SL vs Sonos Roam: which Bluetooth speaker will be the best?,921caa291bc1c5439ea703b0062cd1296c3e273778feea4f5b34272240087205
AAPL,2022-03-07,EARNINGS,1,0.621648,-1.0,EPAM Shares Continue to Fall on Ukraine Crisis & Russia Exit,703021dcef07457f872062fa709919df2be03f9f5981a997d7a731062720a4b5
AAPL,2022-03-08,MACRO,1,0.611234,0.0,"Intel's $20 billion investment in Ohio promises thousands of jobs, but can the state and company deliver?",48261a74d16ba3bd52d8b8eda0ed4a94383a62e8a192ed5bb173bf5b8f8b98e4
AAPL,2022-03-08,OTHER,4,0.76189425,-0.23081188760776183,Mac Studio - Technical Specifications,4738e59ce7205da14e2e0c95dcfa5f62f6d6077a237bcbc27270df0a0a510b99
AAPL,2022-03-08,PRODUCT,2,0.856062,0.41593015459160665,"Apple unveils M1 Ultra, the world’s most powerful chip for a personal computer",d7480bbd69dba8ee6c88a2a10633c87d77208d2a8ccf796ba915d7c091ec308d
AAPL,2022-03-09,OTHER,2,0.7559735000000001,0.0,"Peloton now lets you use Apple Watch as a heart rate monitor, no GymKit required",b88c77a202a9b883c5bc50b4ad9b68197de469da6196d5a54cb1b96028099973
AAPL,2022-03-10,EARNINGS,4,0.65274825,0.0,Amazon announces 20-for-1 stock split,a88829f2ba65604de98b41a88c4a6b391dbc8532685f3c09fab0d36e0a769919
AAPL,2022-03-10,MACRO,1,0.630876,0.0,Disney ‘Taking Steps to Pause’ All Business in Russia,ad6ddec55f5f64e8af83c358c2aafa00e97c571cd05f6ff5d0cdfa7aab234019
AAPL,2022-03-10,OTHER,1,0.645749,1.0,"Amazon surges as stock split, buyback excite investors",bfeabb0b5bd443875b676313d7192dad57e9d64f1933282c565d1ed4dda94be1
AAPL,2022-03-11,OTHER,3,0.6921836666666668,-0.3453360885429734,"Autodesk Inc. stock falls Friday, underperforms market",e7ed30b1667794218d846c52fcf976f9128d19ba38559db78e4f174e81d02cc9
AAPL,2022-03-14,EARNINGS,2,0.806257,-0.38222985970974516,TSMC’s largest customer makes up 26% of revenue,b1462864b9818a4820ba08c4f7b0b424b35314f9a7a459012631cc921cc96101
AAPL,2022-03-15,OTHER,4,0.8097507500000001,0.30873697863200494,Apple’s Impact Accelerator unlocks new opportunities for US businesses to speed environmental progress,25564386ab638459509a6f2a9b7df9f55489af3b97b5b4688fd0f89f66508c2b
AAPL,2022-03-16,OTHER,3,0.75829,-0.27557003257328994,"Apple Pay, disponible en Argentina: estos son los bancos y las tarjetas con los que funciona",a920fe8d469e05e279d8fa7c91703d0bcb0fc3a1c16a2ddade68baa8ff72fc62
AAPL,2022-03-16,PRODUCT,1,1.0,0.0,Apple Pay has arrived in Argentina: how to pay with the iPhone and what are its advantages?,e9f5481b692013a38b1ef961885e0b506c368b7713aaa7840ae206158e1fb2c7
AAPL,2022-03-17,EARNINGS,1,0.572169,0.0,"Why Is Berkshire Hathaway (BRK-A, BRK-B) Stock Up Today?",aabe1be5ee95f27b071458eb92ffa9c0b802ac38a4fbef88a92832640c1b8a56
AAPL,2022-03-17,OTHER,1,0.610487,0.0,"Berkshire Hathaway shares topped $500,000 each—here's why Warren Buffett says he'll never split the stock",48b057b4f9cb0ac23355c7d58e34d5b1acccbd02d37dfb3efdcb545dcc6f2810
AAPL,2022-03-18,OTHER,2,0.9525520000000001,0.0,Apple is rotten,fa41675ab19ac9384d0650eb4c6a656851df46a90529c1b13d27c6b0f5664029
AAPL,2022-03-21,OTHER,2,0.7951165,-0.6288386670381007,U.S. charges former Apple buyer with defrauding more than $10 million from company,33c3ed3ad72f6f8e09ff84edc0e75dae5934d0db0e1da8a30c54b17de54d448e
AAPL,2022-03-22,MACRO,1,0.643025,0.0,Vornado's Vision for the Future of New York's PENN District,00e8066a30a7db34ccda01ab9154d27df7ea8344579dbc4315af6dc5a028e7dc
AAPL,2022-03-22,OTHER,1,1.0,0.0,"Apple, WiLAN settle patent disputes with license agreement",b8a65360b47588dd023c9fd78f7ebd3b2b2d911370a1cf107446572af9f33f4b
AAPL,2022-03-24,MACRO,2,0.6429035000000001,-0.44193102075194796,How To Multiply The QQQ’s Dividend Yield By 15,4a4701c1c8b3e136cb45fe979dc77ddb07e0e2603ba3ea462ff153733e8c9645
AAPL,2022-03-24,OTHER,2,0.8066059999999999,0.6198813299182006,Apple’s $4.7B in Green Bonds support innovative green technology,a3dc2bcb8a4152f13dd54656468abe2e7d34cfea81e2967a4779ec59040cb0c7
AAPL,2022-03-24,PRODUCT,1,0.620417,0.0,WT Dining Services Launches Mobile Ordering,7ac82e28db1de38c115c8634b020533f084a616feeb1a2ae2ae4413dc2d62b11
AAPL,2022-03-25,MACRO,3,0.7141706666666666,0.2611369271210616,How big U.S. companies are creating a brand new abortion benefit,bdddfb4134958c5b19b7dd465867dc004e6d26868d44cc0b790c6cd0a4cdf4ed
AAPL,2022-03-26,MACRO,1,1.0,-1.0,Apple terminates Russian Mir card users from paying with Apple Pay,5d65fd70f7d38a698ab57cc9cdf36b43742921997bca6bc3d4b8e2a9f7c3e410
AAPL,2022-03-28,EARNINGS,2,0.8662575,-1.0,"Apple to cut iPhone, AirPods output, Nikkei reports",32c1b605c848b933bc4221abd49b380d1f1aa9c07cb293a6ba514b9d1a61d7e1
AAPL,2022-03-30,EARNINGS,1,0.716231,0.0,"Intel CEO earned 1,711 times more than average company worker in 2021",c479f3a24fa892d451afbc7a72ae2452069d98c9b794f28020e757d1ae972abc
AAPL,2022-03-30,OTHER,1,0.921543,1.0,WA Police phone capabilities expanded to add support for Apple CarPlay,300d6b3047bba225c811b2924be008cd55b9d617975f552e88e99eefae117f4d
AAPL,2022-03-31,EARNINGS,1,0.909282,0.0,Warren Buffett's 3 Greatest Investments of All Time,5331127533bd306e7736bbce2806f62452c70343405166eb30242e6de0fe6cb9
AAPL,2022-03-31,OTHER,2,0.68248,-0.5288902238893447,SPAC Tied to Trump’s Social Media Venture Sinks as Downloads Slump 95%,c3bf5f93c2a946fe74ae7a9ae4cf978c7151c925b11368daa99a39e3246673b2
AAPL,2022-03-31,PRODUCT,1,1.0,0.0,Apple reportedly seeks alternative flash memory chip suppliers,2428f5b8fa1e17988efe361ab1b04bfac31b43531aefc0f89d576bb35961fa94
AAPL,2022-04-04,OTHER,1,0.789589,0.0,Why Big Companies Like Tesla and Amazon Are Splitting Stocks,078b1b5dddf6d10f27f8cf6dacf1edf0939c4cf5be9be71107d9bc16b7bbe9c9
AAPL,2022-04-05,OTHER,1,0.724657,0.0,Putnam’s Collins Draws On Nature For ESG Investing Inspiration,c3a7807e947f51987105d497e9046f600db495aae0ebddaffd94f3a9c3fdfbed
AAPL,2022-04-06,EARNINGS,1,0.736423,-1.0,"BlackBerry plans to settle lawsuit over BlackBerry 10, avoid U.S. trial",413fdbe784a2aacda64d1984382b1bc06db552621d9fb15ab17901da6497b47e
AAPL,2022-04-07,M&A,1,0.646268,0.0,"Warren Buffett's Berkshire Hathaway reveals major stake in HP, tech stock soars",fdb7c64b9200cf88c7b73ba8280194512b97130918190f4abd42773aa8895749
AAPL,2022-04-07,MACRO,2,0.6181485,-0.5053890772201178,House Republicans want to axe Citi contracts over bank's abortion benefits,79131ec3370218e1d0659f5c7956b0d1b89683ba89660fe2006852c706ada6d9
AAPL,2022-04-07,OTHER,2,0.6800055,0.0,Warren Buffett made about $650 million on HP after stake was revealed,13714dc674a78fd2a84d8b73340b99430ffb10d76b826aad5692419033c461dd
AAPL,2022-04-08,OTHER,2,0.6870324999999999,0.0,Dreams of green data,a14c51368f5f048986947a9cc14741e3a8f27957f48abbf0c6f9fba9d7b3d80a
AAPL,2022-04-08,PRODUCT,1,1.0,1.0,"Survey finds 87% of US teenagers own an iPhone, Apple's AirPods remain immensely popular",bb3808dcc7fc7cc1ed63dded5ba8acb89e1ae5958ed8f343eca3428881c9d506
AAPL,2022-04-09,OTHER,2,0.677419,0.0,Harsh truth: Trump’s social media app follows long line of failed ventures,20c7667c7e8156826d3a82e799ccd396e24b9eaac7671552220eb3fda7c6cded
AAPL,2022-04-11,EARNINGS,1,0.744564,-1.0,Snapchat Lawsuit Claims Executives Kept Investors In Dark About New Apple Privacy Restrictions,80811424280fdd5deb42e2f5e355d174a3f54ae651451737527e7272a29b382f
AAPL,2022-04-11,M&A,1,0.721422,1.0,"Sony, Lego Owner Invest $2B in ‘Fortnite’ Publisher Epic Games",2c536956585e6bb572f4d34ef779a509fe46cd64e29f4c87990be1d168d4d0eb
AAPL,2022-04-11,MACRO,1,0.603501,0.0,The Biggest Reveals from Bitcoin 2022,ae9e0489c8a5f248491ee3c33417514ffe665965009ca8f55d58997d5cd3fd0e
AAPL,2022-04-11,OTHER,1,0.603469,1.0,LIVEONE RECOGNIZED AS ONE OF 'THE BEST ANDROID MUSIC APPS FOR 2022' BY PC MAG,450c3bf5fa0de8c0e8a9c620b2d221b3e5c091fa26682b0e7017b587525e8ec1
AAPL,2022-04-11,PRODUCT,1,1.0,0.0,Apple starts manufacturing iPhone 13 in India,1c8c1b67f3cbc8f5a93a31939b66774bff0b332bd01abadfcd3e594e87fe2857
AAPL,2022-04-12,MACRO,1,0.715308,0.0,"Yelp Joins Apple, Citigroup, Other Companies Covering Travel Costs for Abortions",ce8ce5de6a014e0dfdd41136eb0509ea9fa1ab3088f27fccdc5db2cee512c962
AAPL,2022-04-12,OTHER,2,0.7641255,0.0,After Effects on Apple M1: giving motion designers the speed they need,a9a97b82e5a275b6b1a4f65deb3375bfe497ada45d87ccc7235eb22940457397
AAPL,2022-04-13,MACRO,1,0.66914,1.0,"Futu SG (moomoo), the 1st global digital brokerage, offers $0 platform fee*, $0 market data fee, lifetime $0 commission** on US stocks as markets rally despite conflicts and rising inflation - PR Newswire APAC",1bcd12c33e2363b3b0b7e96870ecfce5cdc395db0f33856082aa7563710a770f
AAPL,2022-04-13,OTHER,1,0.731744,-1.0,Rare PFAS factory shutdown in Belgium costs 3M,fa233b6b4875ea0b19366488a527d8f36cb1d295bb6c56979b16f9004aaddde7
AAPL,2022-04-13,PRODUCT,1,0.743603,1.0,This Chip Maker Supplies Tesla and Apple. Its Stock Could Get a Boost as Shortages Continue.,c1ebd919fa06e9c122f83b203fd185a1633417d57931449f1329c8103ed47114
AAPL,2022-04-14,EARNINGS,1,0.617947,0.0,Why did Buffett buy HP Inc (and should you invest too)?,e8a720eb95e12b2b37c268c6dedce84e368565edd9ddc39cae982e8a810c3de8
AAPL,2022-04-14,OTHER,1,1.0,1.0,Apple helps suppliers rapidly accelerate renewable energy use around the world,d7701c2b2808c0f0636f2bb49537a6dde7157258ec595c1bcef78632e60ca945
AAPL,2022-04-15,MACRO,1,1.0,-1.0,"Apple, others face shipment delays as China COVID curbs squeeze suppliers",08c12c7000e5872d45f151aac4ccaf8062a10fa31db94e4fc55fe494fd28367d
AAPL,2022-04-15,OTHER,1,0.73421,0.0,"TikTok owner ByteDance challenges Tencent, NetEase in China’s music-streaming market",b8c82c9210b582b19c308e3ca8db4eaeef8d79735d4d6f7ee3be852426351c9a
AAPL,2022-04-16,PRODUCT,1,1.0,0.0,The Chips That Rebooted the Mac,5d9323ab43c65c184abeca63324c8fde693ac5a8e9c61e9607f1255a60d2daca
AAPL,2022-04-18,OTHER,2,0.6026885,-0.4923148525316146,"Why we may not get a Garmin Vivoactive 5: rumours, leaks, expectations",25e7ef829e8af2ea1c9401457f4d126cb55f131ba8eb688332acffc034d28e02
AAPL,2022-04-19,EARNINGS,1,0.60605,-1.0,"Netflix loses 200,000 subscribers in first quarter",6cd2ff664b2b53905249b9b77342bd2be7ef52eb5187ecb8e5577f4f5c254bd2
AAPL,2022-04-19,OTHER,2,0.671075,-0.4705256491450285,Spotify review: The most popular music service needs to fix some serious issues,f9b10c39d9f032e71fdd9789e386219b9a52f8df9e6ce2d6ddeebfa895e70e17
AAPL,2022-04-20,EARNINGS,2,0.6566575,-1.0,"Netflix shares slide after it loses 200,000 subscribers",a34c4aa6e944ecd9f29acaf3a349678279f72fc23fa75ea2bc32c16400254059
AAPL,2022-04-21,EARNINGS,1,1.0,1.0,Apple Spends Record High on Lobbying Amid Pressure from Congress,fab19fee45c5d64b29d5b3ca0ac3cc16cea78771c069419764f32fd817043266
AAPL,2022-04-21,OTHER,1,0.62751,-1.0,International Business Machines Corp. stock outperforms market on strong trading day,2e2870f9aad97b4a99b81c2dfc6ed09c99183229f0e406ef288698499cb1e0c1
AAPL,2022-04-22,OTHER,1,0.566875,0.0,Leaked Chats Show LAPSUS$ Stole T-Mobile Source Code – Krebs on Security,1e5ce4e8ea69a78d96641c3ac4789f3d2af591b2eb6663bbd20b64c3afc40fd9
AAPL,2022-04-25,M&A,1,0.618596,-1.0,Stock tied to Donald Trump's social media venture falls 13% as Twitter announces deal with Musk,fc1e60171e2fe37d0255df00ebeb6959dff57b269a38850d969ac2bf75ccd528
AAPL,2022-04-25,MACRO,2,0.7594814999999999,0.0,Apple planning to spend $19.3 million upgrading MetLife building in Cary,08f2193286873c2b5a789e513c48b52789640368905dd296fb2cf58d456251b0
AAPL,2022-04-25,OTHER,2,0.7899935,0.0,Apple plans Cary office project to fill seven-story tower,e4bfe54753b2fa986e607f9e474caec4402b0f68f8914d3f031e3c5151bd9f7d
AAPL,2022-04-26,M&A,1,0.649319,0.0,Crescent Hotels & Resorts Adds Aloft Mountain View to Latitudes Collection,bc0f7377fe9ed224ce863b17257f4df46328b6b2cac9b85bf2120283cd5ca7f6
AAPL,2022-04-26,OTHER,1,0.949618,0.0,"Funds That Buy Like Buffett, 2022",f450d834383f9924cbc67bd5b5042fd27fd77257ac7ac2a4b2f8a4c6924a4551
AAPL,2022-04-27,EARNINGS,1,0.743582,-1.0,LG Display quarterly profit plunges as demand shrinks and prices slide,f68a6104fe40c01f525daee009bfe76f349a650b63068bf9da3d158529efc092
AAPL,2022-04-27,OTHER,2,0.735482,0.499736227399175,Fidelity Enters the Metaverse with New Financial Education Experience: Invest Quest at The Fidelity Stack,ff859ba6e95269b4bb1e74a7ac6286dff254b3e05b5a9b07260ac8dd092fcca6
AAPL,2022-04-28,EARNINGS,1,0.607938,0.0,Tencent Music Adds International Distribution Option For Artists,7d0856507f74e7daff74fafcdab3d51caf98747c9e8da0fed7b5c0612ecb4903
AAPL,2022-04-28,M&A,1,0.640546,0.0,What Elon Musk’s Twitter Takeover Means for Trump’s TRUTH Social,8b3171383353092e040829e58b8e28a50a814c31cc2ade59685ed411dd755231
AAPL,2022-04-28,OTHER,2,0.8725225,0.0,Governing Platforms Through Apple’s App Store in the U.S. and China,ac0f26871549787ba9eba97a339c7138505335f65118c96bd6843905379c6993
AAPL,2022-04-29,EARNINGS,5,0.8604958,-0.30272756706075726,Top 10 Growth Stocks by Market Capitalization,c12fa1084c318c238e23cfbc99ff71c24f74d9ecc1526ff65666852a028e3671
AAPL,2022-04-29,OTHER,1,0.718474,0.0,"Sonos is now part of the Matter smart home alliance, joining Amazon, Apple and Google",6d2988aeeb5fbd96c8a09a53a09db2e408fc166fc4cb022adebf7077345fbbf7
AAPL,2022-04-30,EARNINGS,1,0.649023,0.0,Berkshire Hathaway annual meeting,5cb4ba0e301bdd8bec4b61717d04f3cc09d487f4e961e0851c1d258376fc150c
AAPL,2022-05-02,LEGAL,1,1.0,-1.0,Apple lawsuit says 'stealth' startup Rivos poached engineers to steal secrets,0637371b763f037b178c07be16bd0b3ec13d517787dde44b645206131404bce2
AAPL,2022-05-02,OTHER,1,0.721083,0.0,Mass-Market Selfie Drones are Here: Snapchat's New Pixy,b81880ab7b2c755894d0c267de59e915884ca97c5e78abd5768d4d001c1de3fb
AAPL,2022-05-02,REGULATORY,1,1.0,-1.0,Apple hit with EU antitrust charge over mobile payments technology,6aa50a5f589b81ab2c92e526e3d804fc239dc9fcb675b7b64f89c4bee73b7619
AAPL,2022-05-03,MACRO,1,0.734172,0.0,"With interest rates rising, it's time to focus on MANG stocks instead of FAANG, according to Jefferies",ac33602b6a0c84ad7b0ffae368e959358c514f2aaece87e848d0718d443439f3
AAPL,2022-05-03,OTHER,3,0.7098840000000001,0.2562935164994093,Stock Splits Lead to Split Results in Trading,e202dd3d119b81787ee604b4ec323bb3da98ae1c7b1be8ac74662d8ec8a90fb8
AAPL,2022-05-05,EARNINGS,1,0.876665,-1.0,Tech sell-off pushes Nasdaq to steepest drop since June 2020,20e03c72b76e620ecdd295ed19048affe671271e1e46deaf041f6400ef795f04
AAPL,2022-05-05,MACRO,1,0.616899,0.0,"FMET Is a New, Fabulous Metaverse Idea",fd30b684b48b0eea1b890c11323ec0189befee2087bc9a3de31ed2d97c726a74
AAPL,2022-05-05,OTHER,1,0.722096,0.0,Stock Price Trading Dynamics and Splits,760ab3387ed78025cffbc0a6e2cdad89ec5f7db74b242ac670792d3c327f98e3
AAPL,2022-05-06,MACRO,1,0.621093,0.0,"The Old Tech FAANG Is Dulled, But a New Version Has Promise",6a72aeed977996f3f7d85e4e17875744a1d640968499ba679ec7d50c7c2636a3
AAPL,2022-05-07,EARNINGS,1,0.743987,0.0,Korean Webtoon Companies that are giving the Audience Addictive Content,f9acca8dcdda973aec005a2228dd6115255288018362bff68765ac4024497c6f
AAPL,2022-05-07,OTHER,1,0.929559,-1.0,"Class Action Complaint Claims Apple, Google, Snap Liable for Facilitating 'Sexual Grooming' of Minors",3f896e663b41d3351609f4f3270c48a07594651bb5466c396f3d76d6dad22827
AAPL,2022-05-08,EARNINGS,1,0.705154,1.0,Meta is opening its first store as VR headsets inch closer to mainstream reality,3da6e448df2f2c6e90d0c2ddc504fbd9dfab06e824330b4eb538c3d6631501da
AAPL,2022-05-08,MACRO,1,0.628339,0.0,"3 Surefire Stocks That Can Turn $200,000 Into $1 Million by 2030",50d2c5c2141267d53c66a1a6c88f72f0c665214b72c93fc64fbca6dfbc887a8d
AAPL,2022-05-09,MACRO,2,0.7100405000000001,0.0,Vietnam 'darling' of global electronics giants,9a4d49f3140aea4fc883992684ddf5c9ab4a73b220345f445af9087ab90ee8bd
AAPL,2022-05-09,OTHER,2,0.6494329999999999,-0.45182951898040297,Digital Health Literacy: Why It’s Important and How to Improve It,18a8b08ed52c2a65056fa6e8633152953e5b8386572040eddbe6047b8938ddf6
AAPL,2022-05-10,OTHER,2,0.7221395,-1.0,Online dating giant Match Group sues Google over app store,a8db48cfd64d2941b7988533cb1799208fa61591341be6c8f9c75d78688afb30
AAPL,2022-05-10,PRODUCT,1,0.747896,0.0,How Citizens Financial used an iPhone plan to create a nationwide digital bank,23969656a5c8cfcb928b72bfb41eb9ede4055a1c235bc504db84b74d954db576
AAPL,2022-05-11,EARNINGS,1,0.74686,-1.0,Unity Software loses $5 billion in market cap after Apple's changes lead to 'self-inflicted wound',411e93da2e071cbf4a487be9b22e1637944a25e2dc40acbda87b24ec4a1acec5
AAPL,2022-05-11,MACRO,1,0.993211,1.0,Saudi Aramco Becomes World’s Most Valuable Stock as Apple Drops,f01057670a24a78bee8317724b316dff8572d3a05d12e047317aebaff41dac78
AAPL,2022-05-11,OTHER,3,0.9013823333333333,-0.09449042526164442,Apple defeats new trial bid after overturning $506 mln patent verdict,d608abe261316d9173cc650c5ba1c0763aa858fb274afb125a5ea5c47f90ec8b
AAPL,2022-05-12,MACRO,1,0.701137,1.0,"Home Audio Equipment Market size to Increase by USD 14.39 Bn | Featuring Top Vendors Including Apple Inc., Bose Corp., Koninklijke Philips NV, and Kripa Electronics India Pvt. Ltd. | Technavio",f02c92a1fcf5b154926594a804ee17db888f885bab1d724fe4a5aba0cff7a07c
AAPL,2022-05-12,OTHER,2,0.6480875,0.0,A customer-centric approach: the key to the innovation paradox,442a554966268c26cec3c7e65019954c36970e4eca3fadb9fbda77632f0a6802
AAPL,2022-05-16,M&A,1,0.736681,0.0,Warren Buffett’s Berkshire Hathaway Acquires Small Stake in Paramount Global,647c31227c3c5bdcb9dc1aa9db609c83bdf5a5e2d65b393427246d64599a9d7e
AAPL,2022-05-16,OTHER,3,0.6344759999999999,0.0,SK Telecom's latest virtual assistant is more than just a voice,d057ea3d987b17d26964351433f632b8f9b35190a2b9a38fb5ff76d9c5f96e1d
AAPL,2022-05-17,EARNINGS,2,0.7680495,0.0,Cashing in on the pandemic: the five highest-paid US executives in 2021,c0b29b8e30e61324f98e3b1db05eccf2f84b0a87850b2605ac10b19466d2433d
AAPL,2022-05-17,OTHER,3,0.6485236666666666,0.32047558274665894,Competition Intensifying in LTPO OLED Display Market,97257baa98d8e098d1d947bd8ef2a7e56d6bed93a9b793ee0ac60cc5d0a4b341
AAPL,2022-05-18,EARNINGS,1,0.648487,-1.0,US stocks suffer biggest daily drop in almost two years,19850f2f67088e3964ce11dc7ab38153cbdee2f0890086ad870e7ada2e123571
AAPL,2022-05-18,OTHER,6,0.7544026666666667,0.22092534137383749,Apple introduces new professional training to support growing IT workforce,5c71c0a62eb7a8e2097821fb9db723ea41c74d47dfd5a44063f9461d1945fcc1
AAPL,2022-05-19,OTHER,2,0.6370009999999999,0.49473391721520066,"SEI Enhanced U.S. Large Cap Value Factor ETF ETF Price, Holdings, & News (BATS:SEIV)",89411a6a5c087f2539306f54baf3f1ab12cf7476b9aa6ba707f7acf034bd9ed5
AAPL,2022-05-20,MACRO,1,0.637852,0.0,Semiconductor Competition: Opportunities for Taiwan,97a93ae9f6dfcbd7df29c29cdf3320c57e7730e2d10d470a9043a286c2d4acab
AAPL,2022-05-20,OTHER,2,0.678652,-0.5496786276324243,International Business Machines Corp. stock underperforms Friday when compared to competitors,364aff8f4416637d9ba87ce5449edeb27ce717805c56933849927ee25b2064ef
AAPL,2022-05-22,OTHER,1,0.633011,0.0,Read This Before You Buy Any Udemy Course,5c4fc676d48db14d0705b25e1f5f6acc074f22293d6f8fde8112f2ba7b789dd1
AAPL,2022-05-23,OTHER,2,0.663415,0.0,Amazon (AMZN) Announces New Fire 7 Tablets,d5ef35011e3d3d39417646c173c0bfca972634cf189c8fc021c4d4ccc1dd8e8c
AAPL,2022-05-24,M&A,1,0.618069,0.0,Broadcom Inc in talks to acquire VMware: sources,41b00e3598649c1b1f62a7f26d286fa4c49bfb02046798353cb760a7be06ef88
AAPL,2022-05-25,MACRO,1,0.722411,0.0,Focus on FMET for Metaverse Equity Bargains,1a61a8bc87e7cc76456d60d17f1541538e9bc2aae53a4d5e836e4d64bbfbb243
AAPL,2022-05-25,OTHER,1,1.0,0.0,Apple's Steve Jobs: An Extraordinary Career,da0267c9b5f9e5efb07889127dd95023ee423dfcdd9c9fac8085b5c918e0ceb8
AAPL,2022-05-26,MACRO,1,0.675458,0.0,Where Does the Supply Chain Crisis Stand Now?,86ce6e8e268d3753dfead22dc215a70ed13da2306a0935efb5a470b77b9375d2
AAPL,2022-05-26,PRODUCT,2,0.7152015,0.5179666150029048,"Newport plant critical to easing microchip shortage, says boss",fbed1054b6fc104dfb65de7c22bb06858896e05d6e7ff27b26f7fd83810b9243
AAPL,2022-05-27,EARNINGS,1,0.741702,0.0,Deere Models Apple to Drive Revenue with Autonomy,efdaf5563f4dbabb0322355cd1ba8b540d5513b72d49757b8858a0545f169b42
AAPL,2022-05-27,MACRO,1,0.629301,0.0,"Micron, Netflix, and 5 Other Beaten-Up Tech Stocks That Could Be Bargains",095f1f8fbca1117225e7a893c5a4b20bacefb1fe549c89b0513e3ba7d78f9f9b
AAPL,2022-05-27,OTHER,1,0.746481,0.0,How Chatbots are Revolutionizing Customer Experience,234d5e8b87462d551bb413faf919847245d34e6662334a7545af05f4336c4a90
AAPL,2022-05-27,REGULATORY,1,0.99573,-1.0,Apple can't dodge rival app store Cydia's antitrust lawsuit,90b333a6abe02604a2fff08f4fe92d37ecfc6a666464544f4b6cc97ae3f302d0
AAPL,2022-05-30,OTHER,1,0.718747,0.0,Mobile Mondays: SanDisk iXpand Flash Drive Luxe provides ease of mind with convenient transfer and backup,6cfc5a26ae0dd893e94dfcc55bacd43b73dfe8e5cf355e0af59281a365cbe607
AAPL,2022-05-31,OTHER,1,1.0,-1.0,"Apple Inc. stock falls Tuesday, underperforms market",588ba1e8f82f02fe127d3aa57ccbeb9bfeeb69ce1ad20176204cf0a1a4e8d7c4
AAPL,2022-06-01,OTHER,1,0.625119,0.0,Diablo Immortal Review,81ac5126501184adf168b4ae0d136c0ce582c02aef94df78da8fb5d23a9883f7
AAPL,2022-06-02,OTHER,1,1.0,0.0,Apple to improve working hours for retail staff after union push,2579ecd8024939745f16b2116f53f4038a52ffcc1ee1e4c0cd7dc89383958a96
AAPL,2022-06-02,PRODUCT,1,0.99215,0.0,Block to integrate Square payments with Apple iPhone's 'Tap to Pay' feature,41e4a43a7ced6f686ac57edd0ace30188c6bf412aa6de8784a131dda4adb9763
AAPL,2022-06-03,OTHER,1,0.733513,0.0,What Can a Multi-Factor Screening Methodology Do for Your Core Equity Exposure?,78ea434f1a37e4d09784e1fa7ecbf732937e93f7c42f4dc4d3c84aed1164a521
AAPL,2022-06-04,EARNINGS,1,0.704392,0.0,Here are this year’s Fortune 500 companies by region,18fa9c348f9f5398c92b1c36bd27e9d29f23949f7a365aec3d571b83fc67acff
AAPL,2022-06-05,EARNINGS,1,0.649043,0.0,Motley Fool: A logistics leader,4267e45f3493d0b4b0cef212966980e27d62f6af81d8e88570c9d7791334ac8f
AAPL,2022-06-06,OTHER,4,1.0,0.25,Apple's iOS 16 update will let you edit and unsend text messages,e1982b78d52569277b6e6c4b0889f7da30013b93de142fb1c1e480c05bc2aa72
AAPL,2022-06-06,PRODUCT,1,1.0,1.0,iPadOS 16 takes the versatility of iPad even further with powerful new productivity and collaboration features,7f232e24237f2f4d5c5fb4d5a54d7a22e85212013f8d9c8cc90c0c84223f2696
AAPL,2022-06-07,M&A,1,0.640768,0.0,"With shares of Kansas City’s Cerner turned over, sale to Oracle will close Wednesday",6e64107fe71a7767507cbccff61ce8c29d74d55113d7c112c767407ce80b76f3
AAPL,2022-06-08,OTHER,3,0.872874,0.0,Apple Will Handle Lending Itself With New Pay Later Service,6be6a3a9005a92c326ec6eb9156d88460c99a7a0592c51206d146850b7ac4e41
AAPL,2022-06-09,MACRO,2,0.7238745,-0.5039513064764679,"Dow dives 800 points, S&P 500 posts worst week since January after inflation hits 40-year high",88f7d4dd47cedb3b9b15173b1d7a9c64687f45795fb5e9953a37e00e85b792e5
AAPL,2022-06-10,M&A,1,0.703938,-1.0,Buy Now Pay Later business model faces test as rates rise,d1967282b4934f21c962bf73825e2334a8a35db2bac021005b27f853ac12203f
AAPL,2022-06-10,MANAGEMENT,1,0.627536,0.0,"Trudeau meets Google boss Sundar Pichai, but no word on whether the tech CEO chewed out the PM over Bill C-18",f78993860d9974b3403285cbac1b5feb4b0a85fe954d4ae879054ee2ab5cffb6
AAPL,2022-06-10,OTHER,2,0.6394135,-0.43237748342817284,"Palo Alto Networks Appoints Channel Leader for EMEA, LATAM",d0f4e847a5bd61fc99570ef1400ea75fbb04df4c16b66631c2efff719f928fb8
AAPL,2022-06-12,OTHER,1,1.0,0.0,Apple’s New CarPlay Is the Foreshock to Releasing Its Own Vehicle,9f6a04e21605f5719c19e47765c17162ea2131166da4d527e3a9ca90483d73f3
AAPL,2022-06-13,MACRO,2,0.6113295,1.0,Grassroots mojo and 4 other reasons Starbucks workers have been so successful unionizing,62b317d42d84abcdc6da1c0dfdd6d114425c1cece4bec90748b89fa11fd2ea6f
AAPL,2022-06-14,M&A,1,0.632494,0.0,"Newmark Completes Sale of Moffett Green, Fully-Leased Trophy Campus in Silicon Valley",059e7497f3591f3f2295fb21353b6e17d75ab5583bc8759819413544ef530559
AAPL,2022-06-15,EARNINGS,1,0.620807,0.0,How HP went from takeover bait to one of Warren Buffett’s top tech bets,be82bfe19a3cd03171ef0198c7ef05fbb50e0f3a26979a5d70d8eb32746e2e41
AAPL,2022-06-15,M&A,2,0.7055775,0.0,Police surveillance company seeks to acquire notorious Israeli NSO Group,b072ee7bf0a513434519aa7b7ebb1a860806ce6403a55fae3dfd364b1a6dd60d
AAPL,2022-06-15,MACRO,1,0.918164,1.0,"China COVID controls makes Apple supplier Pegatron ""emphasise"" expansion elsewhere",d5773b4623967b4af449327de98d481b7ccab055a4100c73ed7bfaea3914beb3
AAPL,2022-06-15,OTHER,2,0.7127525,0.0,Far From a Couch Potato: How Shawn Nelson is Revolutionizing Your Living Room,1c494ae08f41010e392931e3ab534be2fc387d15a707d614e775b3b4eebc8476
AAPL,2022-06-15,REGULATORY,1,0.712114,-1.0,Qualcomm’s Antitrust Fine for Payments to Apple Is Annulled by European Court,78929ec9b93eb2a5e5d1ed44f8ee1af1af310c2e1ad27cc13ab45adc526a0316
AAPL,2022-06-17,OTHER,1,0.550007,0.0,Ariana Grande Debuts Chapter 3 of R.E.M. Beauty with a Bang(s),38b6ec06849df906a6307d777fcfb8da4afbed3fc392da433367ace8ffcb128c
AAPL,2022-06-19,OTHER,1,0.615375,0.0,Garmin native running power on Forerunner 955 & 255 explained,fcac699c75d5022ec236299d8eb75c7c344e7788769e263c504399f953e7dadf
AAPL,2022-06-20,MACRO,1,0.742584,-1.0,Opinion | Semiconductor Dependency Imperils American Security,9b1bdf961af8f740bcde332532b41c7ae14339f09a2edfde4b93528fc4121598
AAPL,2022-06-21,OTHER,1,0.575646,0.0,BITI Chart | ProShares Short Bitcoin Strategy ETF,53558190a36f9ceb8bd671d02a7a308318d8aab93de8b2226f2c7a8f18c418da
AAPL,2022-06-23,M&A,1,0.618425,0.0,Report: EU plans to investigate Broadcom’s proposed acquisition of VMware,66e177e87d0152494e39ca7308bf88c587c9ff32b97a55d6b7b3d35f1c8e2311
AAPL,2022-06-23,MACRO,1,0.630784,0.0,Toronto FC ink ten-year BMO shirt sponsorship and naming rights renewal,6888220084b647cf2c2fb4aae24222003a004fcbc56a9c2e98b4fcf94e0588fa
AAPL,2022-06-23,OTHER,2,0.6779219999999999,0.0,"NYLI Winslow Focused Large Cap Growth ETF ETF Price, Holdings, & News (NYSEARCA:IWFG)",d6e604305de572334412c30a5709dc77d6ab6f5fb6dcfbfbe2cc15a00df29afc
AAPL,2022-06-24,MACRO,1,0.735597,0.0,Roe v. Wade overturned: Here are companies paying for abortion travel costs for employees,0d8173321860d6077524a3c3d00033e2f6a0ff998f8c5f1b36f356bd10e26e49
AAPL,2022-06-25,OTHER,1,0.749866,0.0,"Disney, other U.S. companies offer abortion travel benefit after Roe decision",c22bee8a751416327379214a98421990a0bd56e6cba6ad1cee9724292f03c5d7
AAPL,2022-06-26,PRODUCT,1,1.0,1.0,Apple Readies iPhone 14 and HomePod Upgrade in Flood of New Products,53e79b655abbff83bffd134e1808d601c1d070195eabce36bb843d274faebb17
AAPL,2022-06-27,OTHER,2,0.6840195,0.0,T-Mobile is now selling data on which apps you open,4d759bd1f15b51804772202deb87f4fed18ea1905276e916b1148590ee156ce6
AAPL,2022-06-28,OTHER,1,0.626434,0.0,"Target completes 1,000th store remodel — here’s what it means",1abb4e3b5a40bb531cf201ef793dd39b56a86db09e060ed8ac8c31e6e3be9ba6
AAPL,2022-06-29,M&A,1,0.648198,0.0,"Rashida Jones and Will McCormack Sign First Look Deal at Lionsgate TV, Develop ‘Lovesick’ Adaptation",ce0f255f20d4d97dbefb8725fa7479cc641dfb1471a9f94ad2520a50c0f5f37d
AAPL,2022-06-29,MANAGEMENT,1,1.0,0.0,Watch: When Microsoft CEO Steve Ballmer laughed at iPhone,ed237a1cc4a48d0e98b21aa7cfcd702e779c1986ad3040997c0c3b7bcbb474be
AAPL,2022-06-30,OTHER,2,0.774308,0.0,Apple Ex-Corporate Law Chief Admits Years of Insider Trading,8c0173d26079f4434c6c493537168278922716346175cbf1ac93a6e0cf5884d8
AAPL,2022-06-30,PRODUCT,2,0.964731,-0.5137172952874947,Apple hikes Japan price of iPhone by nearly a fifth,996d607392a925111599cf55c7511ba76d3a1a42dc47bb2160f195c9943ca084
AMD,2022-01-04,OTHER,2,1.0,0.5,AMD Unveils New Ryzen Mobile Processors Uniting “Zen 3+” core with AMD RDNA 2 Graphics in Powerhouse Design,e554f8bbb13015767f5ce5701528bf6e56012e1f7ab25a654951080d4aded008
AMD,2022-01-04,PRODUCT,1,1.0,0.0,AMD Presents Latest High-Performance Computing Technologies in 2022 Product Premiere Livestream,138333bc5a5e5c2622831e10bd1c9ba98cbfa0fbd5c790455783f7b632b4d569
AMD,2022-01-05,M&A,1,0.647952,0.0,Qualcomm unveils ‘digital chassis’ tech at CES as it diversifies beyond smartphones,7775d7a7b08ded965c281f2e3acc08a753828e1c4990fa01f23d00907b0a7597
AMD,2022-01-05,PRODUCT,1,0.56707,0.0,"Qualcomm, Microsoft partner on metaverse chip for AR glasses",995c5cc501edd252cdd0b0e7aeeccde500a40575ce30de0323933b63cc2fa9ba
AMD,2022-01-06,OTHER,1,0.53788,0.0,The ‘Bividend’: What’s Up With BTCS’s Bitcoin Dividend?,7b9a3b3bccdc644d499c1c9a23d4bc2901b994c1633c50b114b1fe1afc17e807
AMD,2022-01-06,PRODUCT,1,0.737069,0.0,"HP OMEN reveals products for 2022, including the unique cooling device, the OMEN Cryo Chamber",6a28c8f7f9c02fb5f4e55e20d7e259c019443a1ad7bdea57e87f61341585d02b
AMD,2022-01-07,OTHER,1,0.646467,1.0,"CES 2022: HP shows off Elite Dragonfly G3, Dragonfly Chromebook and lots more new hardware",850c8fa69092180a3f8b8e6951c8b9e403715982fe4e382435d0668bc7e51f4a
AMD,2022-01-09,PRODUCT,1,0.722568,0.0,Ambarella unveils AI chips for autonomous vehicles at CES 2022,aabf5f9caf9ebf19b442d66af27d52c6dd404dea216138a2f1b8c308ee2c2671
AMD,2022-01-10,M&A,1,0.635726,0.0,Nvidia buys high-performance computing cluster management software provider Bright Computing,cd772d599f1e2a47cb24281bbb203aaa2908d32403f81c80fe179fde3cc7ef24
AMD,2022-01-10,OTHER,2,0.62142,1.0,Hesai Technology showcased new automotive-grade hybrid solid-state Lidar AT128,6cd19129ead2aabefabcf31fcc881e9065fced40c69da79f0a9d259905edecaf
AMD,2022-01-11,EARNINGS,1,0.746868,1.0,Stellar December gives TSMC record year,8e3a6cb754d02dcaf5207b099e51e3f4c1000dc564d2ff58ee7b513af1a699db
AMD,2022-01-11,OTHER,1,0.575243,0.0,Corsair One i300 gaming PC review,3fdf971e9189ca820ab25c014f42b7c3a4bcbda0a600f27f05e6c72fc221ea83
AMD,2022-01-12,EARNINGS,1,1.0,0.0,Why AMD May Be Worth Its Expensive Valuation,b3c70ddf45a96f8e571e0f02763b9fb4cd02c6cc16351576f3526d14f4fe7b48
AMD,2022-01-13,OTHER,3,0.64031,0.0,投资指南：2022年的5只精选区块链ETF,486a22d79c9fc632047732b6213e380443308a0dccec5cf958e93812762411e3
AMD,2022-01-14,EARNINGS,2,0.7641495,0.0,"These 3 ETFs let you play the hot semiconductor sector, where Nvidia, Micron, AMD and others are growing sales rapidly",a4e80696710e713a185407e177414b275751dd2b3d018f57a5978d130f29eeb2
AMD,2022-01-14,MACRO,1,0.732483,0.0,Intel reportedly picking Ohio for factory that also had a chance at landing in Central Texas,e73297d90f27cc2033013453fdda0b508196218c3b13acb62b756a168b098627
AMD,2022-01-15,OTHER,1,1.0,0.0,Initial Sound Open Firmware Support For AMD Hardware Comes With Linux 5.17,b4a7ec7e78745423bcf06f5c0da1f4c27b7b130b22dcc9e3770763393b9354a0
AMD,2022-01-20,OTHER,1,0.739594,0.0,Intel places ASML order to step up TSMC competition,382e6a83a6f2c17c7ee5302bc7c1c894ae14968f26efd703fafc26bb8c754489
AMD,2022-01-21,OTHER,1,0.743862,0.0,Intel’s curious revelation of its ASML deal raises questions,882eb3be751abf2122d1bdf9c2d022f11cbb577a023cf0dbca3efabe63cf7890
AMD,2022-01-22,PRODUCT,1,0.628809,0.0,Intel's $20 bln Ohio factory could become world's largest chip plant,cd8f510d2ea2f40fbf3d6f8dc5bf5962079a6b6cef9b75b30b898cd153838659
AMD,2022-01-24,OTHER,1,0.605282,0.0,Silicon Labs Integrates AI/ML Acceleration in Low-power Wireless SoCs,4632d3a998a093665ef09b55bb8547721a98b98e1171b670491a543b3737ae68
AMD,2022-01-24,PRODUCT,1,0.631968,0.0,Low-power AI computer chip startup Ceremorphic exits stealth with $50M funding,ece6a0f4b260fd100b9a2fae3e2ad1b3d4631beb182083a76f0ec2d5613088a4
AMD,2022-01-26,PRODUCT,1,0.627951,0.0,"Lenovo Launches HPC As-A-Service To Fight Dell Apex, HPE GreenLake",df419ca77b97e38314be17c12b363973f4e6d507199fa2cfe6086197857f6241
AMD,2022-01-26,REGULATORY,1,0.71005,1.0,Intel scores major win as court scraps $1.2 bln EU antitrust fine,ababfde94ddbe1fbe0a36b9d1fb97600155b690216e76fb898994316e4e30d25
AMD,2022-01-27,EARNINGS,1,0.600188,0.0,"CRDO Stock Price, Forecast & Analysis | CREDO TECHNOLOGY GROUP HOLDI (NASDAQ:CRDO)",915a321764264aad0210f7c022956d5e85a0f87c4f56d65a6fd4ef7237cd8c42
AMD,2022-01-27,MANAGEMENT,1,0.740279,0.0,Western Digital Taps Semiconductor Veteran for CFO Job,5477042adc46e765cc3944c880b4bc664b703f337a06b428edc6af612c639d0c
AMD,2022-01-28,EARNINGS,1,0.638811,0.0,"Chip shortage to last six months, one year or 18 months-- depending on who’s talking",64ec774247d90dbde4dca497169979129cb0b1e4de33a88824ef57e634dc2794
AMD,2022-01-28,OTHER,2,0.5652090000000001,0.0,Corsair One i300 Review: Power Packed In,fadc8f5f6fbfbf7e4976d047454083280a0b027269983256b384114f6f63665a
AMD,2022-01-31,PRODUCT,1,0.62263,0.0,Cadence Platform Accelerates Microchip’s Data Center Solutions SoC Development,42b5707882e430e5cb35fa26645ef4be795bc6cc056e2f1cfa2d4158fd1ad074
AMD,2022-02-01,EARNINGS,1,1.0,0.0,Infographic: Highlights of Advanced Micro Devices’ (AMD) Q4 results,17ecdc53efd552140cc86eccda75d2843de7b9eed29d06c0b471307f6212fef5
AMD,2022-02-01,MACRO,1,0.944259,-1.0,ETF Flows Cool Off as Stocks Stumble Out of the Gate,ae7b7e3d877dad4ee926f95b782935e7c0ceef305e05dddba1591e585baaf0e6
AMD,2022-02-02,EARNINGS,1,1.0,1.0,AMD's stellar report fuels chip stock rally,d7d24aff56e005ed5e8809bcc023aeb0e1d0a202d984176fce4222e30059dd57
AMD,2022-02-02,OTHER,1,0.571126,0.0,Ansys free student downloads: Master simulation skills to solve real-life problems,ce9674149b1bb0334871f0482cf31a10862930516619e73f0e0aaaaf28ad7b1c
AMD,2022-02-03,EARNINGS,1,0.649906,0.0,Alphabet eyes $2 trillion value after blowout results,cd718c847e4fc0dd20618d1a5b6d4a2d7dcaa34be3a439359a1ec6cd177951c0
AMD,2022-02-04,OTHER,1,0.601109,0.0,Dying Light 2 Stay Human Gaming PC Built by Newegg Available Through Intel Sweepstakes,a1b7052712f9b454659cde0a0f56e53eeaa4a66c3bb630cb7e3b93c60571d235
AMD,2022-02-04,PRODUCT,2,0.7295625,0.4881336417373426,Texas Instruments plans to invest billions in semiconductor chips to combat shortage,f21308b506f43d4f28d6a0bbfce18cf34bac1fae95d3b18a98be2619e5bfc95a
AMD,2022-02-08,M&A,2,0.622489,0.0,"What Nvidia Can’t Buy, It Can Still Get Through An Arm Partnership",14aef69e956f8d1dd0c05deef0a91574acb7ed6feb9529986e40e97a7b09f733
AMD,2022-02-09,OTHER,1,0.729977,0.0,Design Challenges Increasing For Mixed-Die Packages,fa08b0e58cf7bb6105b1d1ae28f530daa16bc9859dab49eefef8f426f8cbb12a
AMD,2022-02-14,EARNINGS,1,1.0,1.0,"AMD Completes $49B Xilinx Acquisition, Largest Chip Deal In History",ba666a1475e41ed78fe7277f8ba9dd5992784f77cb5e6f8823d84fd564d673de
AMD,2022-02-14,M&A,4,1.0,0.0,AMD Closes Record Chip Industry Deal with about $50-Bln Purchase of Xilinx,45447081930ebc91a14963aaeb0937f7daf85045d3d40a34e0614a211c908b2f
AMD,2022-02-15,EARNINGS,1,0.569699,-1.0,"Tower Semi deal won’t solve Intel’s margin issues, analysts say",13618f703790caf406576542a9f9ed9d292024ae1107b31f7222c20cdd419bd6
AMD,2022-02-15,M&A,3,0.7354916666666668,0.2550661122378454,AMD Closes $50 Billion Xilinx Acquisition,1df7c7bd49ad1b604a236f2c88221154bcb157ab7deb1c3bb27fee05b82d3326
AMD,2022-02-16,EARNINGS,1,0.617793,1.0,Nvidia Posts Record Sales Amid Broad Chip Demand,b426fe806fcd06e9062a1469b1567f34a49afded23cb988679fad458ec635e23
AMD,2022-02-16,M&A,1,0.639574,0.0,Intel to buy Israel's Tower Semiconductor for $5.4bn,2271055241e40b88c52158013a826daba658fbf6ee7d3346f0051737cbb2aab8
AMD,2022-02-16,OTHER,1,1.0,0.0,AMD Radeon ProRender for Rhino,549951daa4583c8d108f11439e18ff54350a855f41e97204ab132609ff47b528
AMD,2022-02-17,OTHER,1,0.736308,1.0,Inside Pat Gelsinger’s audacious $43.5B plan to revive Intel,d070d0241e8586642f566a7ac6c37d5a384c3297ad65fcedba51e977650dd451
AMD,2022-02-18,EARNINGS,1,0.611285,-1.0,"Intel delays 2023 server chip, says it needs to boost spending to catch competitors",7accc13da9cd24725f5802d9833de6e2711a1c4ee926700387609152f7a4d41b
AMD,2022-02-18,OTHER,1,0.617015,0.0,"Intel ""Tick Tock"" Alive Again, Company Announces New Intel 18A Node (1.8 nm Class)",1e7f6af0314aa2ed451926372874f8e4cffb2d0e898883bd2b797c2841dd5ab5
AMD,2022-02-18,PRODUCT,1,0.73689,0.0,The Processor Chip Industry Is Another Ugly Capitalist Oligopoly,f2f4b134b2e57f665bf4b631555b9b49b968a4626a5c5ee8a7faa2588f7a408c
AMD,2022-02-22,EARNINGS,1,1.0,-1.0,"AMD CPU Shipments in Japan Sink to 25% of Total, Intel Achieves 74%",5c94a1ab941d633193e870b843b0cca9847e76639718b892bb51212793e5d47e
AMD,2022-02-22,OTHER,1,0.715373,0.0,Like building the world's tallest tower every two years,70565e8d4d96c38faaa13ed8d12175629cf42eac000b73e3444747d22d019588
AMD,2022-02-24,MANAGEMENT,1,0.72756,0.0,An Interview with Intel CEO Pat Gelsinger,37794a0ef772975878e39878499b7d68515a4ec997a72736d348a7d57f0749df
AMD,2022-02-25,OTHER,1,0.600006,0.0,UMC to Build New 22nm Wafer Fab in Singapore,83bc854d059741a27a39ec1a97b6eb5ce7e4ba55ad43948b4a208982bd427eb5
AMD,2022-02-25,PRODUCT,1,0.621642,0.0,Behind Intel’s HPC Chip that Will Pierce the Exascale Barrier,4e9700a692cbe1f44a575193e3030ea58da08bd81fdc37cdf87c4db8e732467e
AMD,2022-02-28,MACRO,1,0.684389,0.0,Use WGMI to Enter the Crypto Economy,04bcc1db8c3a4db703ef1e21387fe3e2bb266485d7c69fc10e7f0b5240572a47
AMD,2022-02-28,PRODUCT,1,0.722627,-1.0,"Semiconductor sales to Russia banned, but that shouldn’t hurt Intel, AMD and other chip makers",622f9907ebea77469ecbb264ca21a6816ecb0d68d11bcfaef188c31ff6442c48
AMD,2022-03-02,PRODUCT,3,0.9302276666666667,0.0,"AMD, Arm, Google, Intel, TSMC and others join Universal Chiplet Interconnect Express (UCIe) group",93a57f4e09c0ad421dadbdc665f17a8028a5c87d58ca3e800193adf927e1c0f3
AMD,2022-03-03,OTHER,1,0.614702,-1.0,Nvidia hackers allegedly attempting to blackmail company into open-sourcing GPU drivers,e2e69343cc011254438134095f86d8c2fd745abb5f29742b1c32242b415e4b39
AMD,2022-03-03,PRODUCT,1,0.602542,0.0,DSP Concepts Launches TWS Toolkit Powered by Audio Weaver,70c34a08377edcbefaa23c728c66d0dcb2c112a20cb2114aee97209c4d67d383
AMD,2022-03-04,PRODUCT,1,0.925545,0.0,Consortium formed to standardize chiplet ecosystem,78778d2c79bc737ecaad7f13b2ebaa9934a477fe771a1eb4274f3abef8772923
AMD,2022-03-07,EARNINGS,1,0.613459,-1.0,EPAM Shares Continue to Fall on Ukraine Crisis & Russia Exit,117de01e1c573f1a3753dbc4163ae37842eb563fc173e739acfae799062d33de
AMD,2022-03-08,MACRO,1,0.745566,0.0,"Intel's $20 billion investment in Ohio promises thousands of jobs, but can the state and company deliver?",3a915b83750867e9784ead52ec465cc670c5cfd272be92fab13515b01d5ecf74
AMD,2022-03-08,OTHER,1,1.0,0.0,AMD Radeon™ PRO W6600X GPU for Mac Pro Unleashes New Creative Possibilities for Design and Content Creation Professionals,205cc6e6104d5d9e1ddb048ce6a2909f2fd3f8b7afec9c2043480804fb3b4831
AMD,2022-03-08,PRODUCT,3,0.687971,0.6957851421062806,Industry Leaders Join Forces to Standardize Chiplet Ecosystem,7e09d5aeca45ba6714d078da9004f075fa5084b69e02373eb20decd8689b36fc
AMD,2022-03-11,MANAGEMENT,1,0.617472,1.0,"Micron CEO says chip shortage improving, but could last into 2023",abce660c34d17ac95ee03d1af91139096f159da835dcd52a7d753bea8ee2959e
AMD,2022-03-14,EARNINGS,1,0.857423,0.0,TSMC’s largest customer makes up 26% of revenue,e5ba33a1289b9210025d2c6f51f2b53fd5b77c87777b7de975e7e8d792e70ac6
AMD,2022-03-14,MACRO,1,0.597831,-1.0,2 Bullish Stocks in this Weak Market from The Professor!!!,175ef241d518566955e1d19f269c7a89e50b55576c6d58b94343658a228aa206
AMD,2022-03-14,OTHER,1,0.640235,1.0,University of Arizona Basketball Star Cate Reese Signs NIL Endorsement Deal with Newegg,186f301f58fee9b447f838b8e25d83e4c1134d3cdc699ae9551b4be0c5ac9c67
AMD,2022-03-15,OTHER,1,0.618989,1.0,Aptos raises $200M to bring the Diem blockchain back to life,877bdd4dfa18d0269eeac6e0d3ce49d2c709402e2d762e4cf3d7143dfb3daa6b
AMD,2022-03-15,PRODUCT,1,1.0,1.0,"AMD Launches the Ultimate Gaming Processor, Brings Enthusiast Performance to an Expanded Lineup of Ryzen Desktop Processors",8d4673a68f613d91a31ebfab7cdbacd20ab213d0194040a0ee492240573e82be
AMD,2022-03-17,OTHER,1,1.0,1.0,Introducing AMD Software: Adrenalin Edition 2022 Release and AMD FidelityFX Super Resolution 2.0 – Delivering High-Performance and Visually Stunning Gaming Experiences,f90000c47053181dca97bf9475618ecac0434e7ad3bdc1bb39634efb40c4a0a0
AMD,2022-03-18,M&A,1,0.631243,0.0,Is It Finally Time to Start Buying Intel Stock?,7bbe87f212fbfbec5106465b12c0b39f48f68db8aeff218eebe9478fc925a871
AMD,2022-03-18,MACRO,1,0.633475,-1.0,When the world runs low on neon gas,2c57e63d661b6de440ea2255717501485ce1d3866eef0fd5ed83d7edd473d074
AMD,2022-03-18,OTHER,1,0.603534,0.0,"Xiaomi re-brands Mi Fit to Zepp Life, Xiaomi Wear app to Mi Fitness",dcac58b510932f9acfedb8731f479967876517c477b44970f6496afd37c57360
AMD,2022-03-21,OTHER,1,1.0,1.0,3rd Gen AMD EPYC Processors with AMD 3D V-Cache Technology Deliver Outstanding Leadership Performance in Technical Computing Workloads,54aef5337666162876d506a5a5b751e2ff76d4916aa1f6541863783956d1521c
AMD,2022-03-22,MANAGEMENT,1,0.710484,0.0,"Keynote Wrap-Up: Turning Data Centers into ‘AI Factories,’ NVIDIA CEO Intros Hopper Architecture, H100 GPU, New Supercomputers, Software",a51195dcaa484fda6f97b4bce8c17866d04e633445b3caa47439ec806d97522f
AMD,2022-03-22,PRODUCT,2,0.594203,0.4904662211399134,NVIDIA Introduces Grace CPU Superchip,4bc05ffa2e88b3e59a7a22bbc6ebe77ef83d4c110675b2007e37ba3591158db1
AMD,2022-03-23,MACRO,1,0.580705,0.0,Tackling Global Supply Chain Disruption,aa6a80c1e9e0e7f3ab4e6cdeab87feb7072a05ee04ec129b10ae284e47b2148c
AMD,2022-03-23,OTHER,2,0.821843,0.3916112931545319,10 Servers With AMD EPYC Milan-X New Server CPUs,afeef44ed97c73f17f386201fbe95d42e8e043e5fbefc106800688c8e2324a11
AMD,2022-03-24,OTHER,1,0.706271,-1.0,"Possible Nvidia, Intel GPU Alliance Could Frustrate Rivals AMD, TSMC",e506b2d78c4a103d3e5e95d18a7e373c1978e413178fca560876bbb3a2c66209
AMD,2022-03-24,PRODUCT,1,0.639351,0.0,Nvidia considers teaming up with Intel on chip manufacturing,13ee6b1b715c896e83be3ecc6c453668d6fa5c5c8f01c8daf3c18b781b843229
AMD,2022-03-25,EARNINGS,1,0.6241,0.0,The Top 5: Biggest Automotive Semiconductor Manufacturers,7cd69f9adfdd03f2e974231b86077102c1269b8903dd824917836a029db6bf9a
AMD,2022-03-30,PRODUCT,2,0.6084615,0.0,Synopsys Launches Industry's First Broad-Scale Cloud SaaS Solution to Transform Chip Development Landscape,0bbf1efd200fadfed41933885f6551ceee5108d225e1f0d7c0390715d5466eb4
AMD,2022-04-01,MACRO,1,0.68903,0.0,The semiconductor decade: A trillion-dollar industry,2a49cbc12eff73970c72c6602dbea8277f808c44f345ddbbec12c73aa1bcdf7f
AMD,2022-04-04,M&A,4,1.0,0.25,"AMD Buying John Chambers-Backed Pensando For $1.9B To Boost Cloud, Chip Innovation",5b94dd9493ec8fc2c34b9218adfc76a476f814f159e30dcff7f70c3142639f18
AMD,2022-04-04,OTHER,2,0.8662639999999999,0.0,"Beelink SER4 Review – Windows 11, Ubuntu 20.04, and “overclocking” AMD Ryzen 7 4800U SoC",a101bbe2c7c5ef2ee23a2a9714b4251b2af7f86583e6e348f7986e688e350f45
AMD,2022-04-05,M&A,1,1.0,1.0,"AMD Stock Up 2%, Advanced Micro Devices Acquires Pensando for $2B",6ac5ee22132e84d794be22b225d63ba4338540ab0cae9424d946fa12bc1f296a
AMD,2022-04-05,OTHER,2,0.6858489999999999,0.0,Comcast Begins Rollout of New Supersonic WiFi,c178616ac9af0ad368d4cac0475fd151e3f7fff1984b492e7d822dfde4d0b280
AMD,2022-04-06,M&A,1,1.0,-1.0,AMD CEO Lisa Su says chipmaker is 'doubling down on data centers' with $1.9B Pensando deal,7ed2d3a8c1d2b67381cfcdea63d57114aae106822c4b1a4358c9ff9ff03f75b0
AMD,2022-04-06,OTHER,1,0.625369,1.0,STMicroelectronics’ AMOLED power-management IC boosts viewing experience and battery runtime in portable devices,254ca1a612d0f1ba1a7dc6046dc67743685c73195685d02bb7efd0fc256ef203
AMD,2022-04-08,EARNINGS,1,1.0,0.0,"Which is the bigger company: AMD, Nvidia, or Intel?",8b5f89f66b394b9054ba19183bea22d4c46d5ff1bc0b6ea97e988a8852965826
AMD,2022-04-08,OTHER,2,0.6279535,0.0,Dreams of green data,73f8762411b6f0d1e00a0aea962ae9782d9d43d88affc1e70134caa6bda4bf60
AMD,2022-04-10,EARNINGS,1,0.928371,0.0,Do Penny Stocks Ever Make Money? Here Are 7 Success Stories,d84b7193861dadd8bf9e3573fc8ebd6c3cde54f9c32bacaeab88c7562dd7515d
AMD,2022-04-11,OTHER,1,0.632766,1.0,SK hynix Accelerates DRAM Design with Cadence Spectre FX Simulator,c269138ca1fcee26ac9081b47fe9391483834756b88a892656bf1fd2ac22af4b
AMD,2022-04-12,EARNINGS,1,1.0,-1.0,"The end of one-chip wonders: Why Nvidia, Intel and AMD's valuations have experienced massive upheaval",7cc7cf75b0e5d287ecd3ae94eb3263383e4fe05722af491ef82128c6517fe300
AMD,2022-04-12,MACRO,1,0.64655,1.0,Ensuring a stronger US-Taiwan tech supply chain partnership,cdbb97c511c7ca91306a2df8e27e6642cb7da62a6aa4b5d98c2580f1e5bf1b5d
AMD,2022-04-12,PRODUCT,1,0.586441,0.0,"Micron Commences Volume Production of 16 Gb GDDR6X Memory For NVIDIA’s RTX 3090 Ti, Also Readies 24 Gbps GDDR6X Dies For Future Graphics Cards",8b38ed74e27f74ef8858113c375079dfadb5a54088250e6370be3619a16ef257
AMD,2022-04-18,OTHER,1,0.741859,0.0,"ARVR ETF Profile: Dividends, Returns (BOATS:ARVR)",e219ac055f3d427b2ad8281c7aa001cb7992553dd4ede32ca69e55ef35088092
AMD,2022-04-19,MACRO,1,0.602748,0.0,Why dividend ETFs may not be worthwhile,b6d7ede2962db91122e0bcaeaf93afdb00872cb7234ce3f43ac84a1cfe9ea27f
AMD,2022-04-19,OTHER,1,0.630065,1.0,Synopsys Introduces Industry's Highest Performance Neural Processor IP,f2592c3bd235bf1ad11da07173027b7f38e84070cbe95ed28e20241714260762
AMD,2022-04-20,EARNINGS,1,0.718901,1.0,Better Buy: Intel vs. Micron Technology,a1ae88c894847dc6fca576d97891563abcba3643c5e94a1ed6a7031e7c7d119c
AMD,2022-04-20,PRODUCT,1,0.723257,0.0,Latest Oracle Exadata servers ascend to the cloud,441d01c1cfbe5cdc26ddab0d29644109ac3e49850301d15d79fa7e93cc5de26a
AMD,2022-04-21,OTHER,1,0.615378,0.0,"Roundhill Cannabis ETF ETF Price, Holdings, & News (BATS:WEED) $WEED",42c67057f271a761051d7c833b78dc68b37b753d10af77b6846bc47055d54d30
AMD,2022-04-26,OTHER,1,1.0,0.0,"Morefine S500+ Review – An AMD Ryzen 7 5700U mini PC tested with Windows 11, Ubuntu 20.04",ed430c768b7b5272167481836921e233e5b770ad1e02856da585c111052af3a6
AMD,2022-04-27,OTHER,1,0.629006,0.0,HPE Creates Its Own AI Stack For Large Enterprises,0aad46c65d844f2335d343482571cf86cc5afb9f4b5384e82638ce1a9bc42ad8
AMD,2022-04-28,OTHER,2,0.74122,0.0,Advisors Are Powering Portfolios With Thematic ETFs,74b5f7773e8c5286a672e9dc7ad92024451780c26ac6567015b275ff8cf7a7fd
AMD,2022-05-02,OTHER,1,0.620856,0.0,How To Get Your PCB Manufacturing Right,0d6b9fcad04deaaa9255e3061619a25940ec50f7091d950b9df06a8b76583681
AMD,2022-05-03,OTHER,2,0.816928,0.0,"AMD Confirms Zen 4 Dragon Range, Phoenix APUs for 2023",cd18b67840c93c929be1e9e503760352c9f58d0bfe13fc6ca42a8610763a3c92
AMD,2022-05-04,M&A,1,0.646263,0.0,Intel Names Matt Poirier Senior Vice President of Corporate Development,47d531779c84b879f0e27ec435d981955321d1937be63dc205b83312b0f0aeb1
AMD,2022-05-05,M&A,1,0.830793,0.0,Intel Nabs Former AMD Exec Matt Poirier To Lead M&A Quest,b76413215c459032f329255cbcd487474d5971f8b43e45728cf67343422c419d
AMD,2022-05-05,OTHER,1,0.896015,0.0,HP debuts 2 new Chromebooks for business in the Elite c600 series with AMD and Intel on board,15935585483162faccdcf465e63079562a20625375c223beb0b76d44c211a0e7
AMD,2022-05-05,PRODUCT,1,0.624235,0.0,New HP Chromebooks and Thin Clients Power Cloud-First Computing for Hybrid Work,1b5a222442607a0c88f6db99eece1c03e9a04dabc9de64d06e822aa99b9ee476
AMD,2022-05-06,EARNINGS,1,0.600488,-1.0,Nvidia pays $5.5m SEC fine over crypto-mining disclosures,3b174b3446f76b7c253daf94f84d5a3b01f8c670dff7d5aaad946edd4dd8fb40
AMD,2022-05-06,OTHER,1,0.631622,0.0,Pave the Way for Next Wireless Breakthroughs,7ca9a8036fa49cab9fc9515bf3286af47968554dc17ac66861423257caf66b24
AMD,2022-05-09,EARNINGS,1,0.633552,-1.0,NVIDIA (NVDA) Fined $5.5M for Failing to Disclose Crypto Mining Impact,3242811daa39283609158c0ce27d51d9bae58d8cd87246fd05a463a1135304c2
AMD,2022-05-09,MACRO,1,0.710416,-1.0,"Ex-Cisco chief John Chambers says Silicon Valley's in trouble, but it's not too late to fix things",7df11fea2807c6e36713e7c9fc0d46a829b61a1f04998a6a5a101ac6c83a9dc3
AMD,2022-05-09,OTHER,1,0.832883,0.0,WD Announces WD Black SN850X and P40 Game Drive,7e2070609fb2b73e774a454291a9ae8501f60dc996186053b0dfe7491d58b320
AMD,2022-05-10,M&A,1,0.615053,0.0,Why Marvell bought interconnect upstart Tanzanite,05d467e3d2e264516d43c17205fd299aa54006ae767b29dc4eac892237bf05ee
AMD,2022-05-10,MACRO,1,0.60148,1.0,TSMC plans another price hike amid inflation concerns,3eb02719f00b3fe99e8ff4780855fc61162e43d60a1726e24e323ea080b181fa
AMD,2022-05-10,OTHER,2,0.7789515,0.6418884872806586,AMD Announces Three New Radeon RX 6000 Series Graphics Cards and First Games Adding Support for AMD FidelityFX Super Resolution 2.0,c5819a4734e72a2f1e5d667f0e82b1db104cbb4e18caf3f39d6230751e1cfb03
AMD,2022-05-11,MANAGEMENT,1,0.621844,0.0,SAP CEO Christian Klein: Revolutionizing the Next 50 Years of Intelligent Sustainable Innovation,6983599536d379a655a08c58aa64da2affcc0631f5f6c815d9965b101f989f3c
AMD,2022-05-11,PRODUCT,1,0.652315,0.0,Taiwan’s Semiconductor Production in Japan is Significant for Business and Human Rights in Taiwan,90acacbdba4b73c5054e444ef04fb4402a4e69211e8af7b60f9c63089768bbf4
AMD,2022-05-12,M&A,1,0.626875,0.0,Broadcom Vs. Marvell: Better Chipmaker Company To Buy (NASDAQ:AVGO),5cf3b17dc1f0d3cdcc447431103c48c13f57c9daa618da0f1afa6f202b661751
AMD,2022-05-12,MANAGEMENT,1,0.748136,0.0,"Intel wants to add a new Licking County factory ""every year or two,"" CEO says",caf12c9aa849dd71e67b590f4a59a4a292457f7c744e05591c7df87d04b3e1b1
AMD,2022-05-12,OTHER,1,0.630362,0.0,Z by HP Powers Today’s Professionals to Create without Limitation,a7735718ff5fc55a240ab9a87cc295df6779b32bc3d0b4e67181f5a5602bfa1e
AMD,2022-05-13,OTHER,1,0.619519,0.0,"Micron Teases 232-Layer NAND For Next-Gen Storage, Lays Out Roadmap To 500 Layers",2342dd148a8fe607069aee6ae9bfd901bf953dd31bf0a816063bc81bc56987fa
AMD,2022-05-16,EARNINGS,1,0.61437,0.0,Intel shareholders reject executive pay,c1ad379dc4a7e10bfc570f3675876f94180fe4aec8e8677634c4bc5eb6113572
AMD,2022-05-17,EARNINGS,1,0.889119,0.0,7 Cheap Semiconductor Stocks to Buy Now,054d11ae24ece1b86fb92ecb6a8a2bcf67d2a14b03d98ecd21d8950aeea80e5a
AMD,2022-05-17,M&A,1,1.0,0.0,"Here's why Pensando agreed to $1.9B AMD deal, according to Chairman John Chambers",7bed734dfaa244564e86a673a78839ed1c411b2e427a7ed0d6053f8c97d78c79
AMD,2022-05-17,PRODUCT,1,0.600782,0.0,Microchip Adds Real-Time Security to Its Root of Trust Silicon Tech,89e73c88672aa78d8aedfbd0200c39cd744741d4529ef47a4d1d76172ed39ed7
AMD,2022-05-18,OTHER,1,0.706186,0.0,HPE builds 4th HPC factory in Czech Republic,9da27cec97fc3ad2f136a4b432407b13059e7a0ccf94143b3f6dd9809e0641e2
AMD,2022-05-18,PRODUCT,1,0.58516,0.0,Baidu’s Chip Affiliate Kunlun Eyes Fundraise at $2.5 Billion Valuation,05b5745d643deaf9bd295101f332bebfaaf4807968301c9a63f4eec128456c38
AMD,2022-05-19,OTHER,1,0.746519,0.0,HP Powers Today’s Hustle to Create Without Limitation,c3a495d9d5751241a9dec89233370235069aa7a2bc50d3357f3a7b8281846f10
AMD,2022-05-19,PRODUCT,1,1.0,0.0,"Intel, AMD Ban Sees Russia Turn To Chinese Chips",c999444a1525117626b8a2961d5a608fbd1daecaa051fe3adeee5000bcd9829f
AMD,2022-05-20,PRODUCT,1,0.639113,0.0,TSMC to begin R&D for 1.4nm chip technology,5a8a3041efa37143999bc3ba74ba2850d75af12744458df2aa4e0c4856f79bd6
AMD,2022-05-23,OTHER,3,0.9654393333333333,0.34526595491240947,"AMD Showcases Industry-Leading Gaming, Commercial, and Mainstream PC Technologies at COMPUTEX 2022",1e2b421b589f5a59f73aacb6c92cb0078bb5ca7646881f725664ee836d37d1a0
AMD,2022-05-24,EARNINGS,1,0.646288,0.0,Nvidia Q1 FY2023 Earnings Report Preview: What To Look For,22f18d604a63b10bbd4fa6a7786a2487cfb7609b450dbdbfafe9fe1011d6f123
AMD,2022-05-24,MACRO,1,0.622617,0.0,Semiconductor ETF | ESG-screened investment in tech,cdc19cf407d38e14a7b4a1621812af789be640b9ce23ca6e161f16af9d407d62
AMD,2022-05-25,MACRO,1,0.608076,0.0,Qualcomm maintains multiple sourcing strategy,095d0e0b42126f8dfc218be8341051860d2f9add0db5483d8bed4ab6898e1eb8
AMD,2022-05-26,M&A,1,0.636169,0.0,Broadcom to Buy VMware for $61 Billion in Record Chip Deal,7d023054c7de808c2a7faaf2744d24a2e7192f61b494255705457e5c2065695a
AMD,2022-05-26,MACRO,1,0.895418,0.0,Where Does the Supply Chain Crisis Stand Now?,6f03f1e24efb71ea5395a473a567149ea6b2312c32e146900612f18dcd30424e
AMD,2022-05-26,PRODUCT,1,0.62061,0.0,Next-Generation Distributed Static Timing Analysis On The Cloud,9eeeb1cd0ef7295446456fa6dabee29cecb13f682df717685ae78d9a0d3521cf
AMD,2022-05-27,PRODUCT,2,0.7660145,0.0,Purdue launches nation’s first comprehensive Semiconductor Degrees Program,5ad64bcb050a75d3d4f02f7c39ca58262fe5c1f7122beec451efa84069b61829
AMD,2022-05-30,OTHER,1,0.749201,1.0,Hewlett Packard Enterprise Ushers in New Era with World’s First and Fastest Exascale Supercomputer “Frontier” for the U.S. Department of Energy’s Oak Ridge National Laboratory,af4ac1000490134e02cb4960441ee632fc573a728dd26fc37a11eb2606c0ac60
AMD,2022-06-01,MACRO,1,0.642641,1.0,Best semiconductor ETFs in the UK 2023,6fb3b6658748b0979e32964cefccdaacbceeab92eead39c06a5d584b71cc5b18
AMD,2022-06-02,OTHER,1,0.628123,0.0,Adas/Connected Car - June 2022 v1,9037cd2ab6fdb25a75210df6eb526b2fdbe95870cd07d1f6e598bab3684db511
AMD,2022-06-06,MACRO,1,0.610443,1.0,Gen-trepreneur Z is making its mark on the future of small business,0c3f502020ef0247caf6821c00e706ce495c494d1abd9517618e3bfd3308baed
AMD,2022-06-06,MANAGEMENT,1,0.612335,0.0,ASML engineer who fled charges of stealing chip tech is living comfortably in China as CEO of XTAL Inc.,196dadea887e665bfa0721370f32e588dd9aaa80cc0d40f15c31ba2ed31372b8
AMD,2022-06-06,PRODUCT,1,0.530161,0.0,Microchip's AUTOSAR Simplifies Automotive Designs,acbc6dece09863abed0a6d4bcd683238be75ca268062dbb020ed7b8244e7b859
AMD,2022-06-09,OTHER,1,1.0,1.0,AMD Details Strategy to Drive Next Phase of Growth Across $300 Billion Market for High-Performance and Adaptive Computing Solutions,c86c087534873c7a7636eeac51b6568497f0a499ced1e8f85d8e860e71e9ffe8
AMD,2022-06-09,PRODUCT,1,1.0,0.0,AMD unveils roadmap for next-gen Ryzen chips and Zen 5 architecture,679442f76b4dc07ca0dc1110ce78a27e4eca9b9346f2f0ff981e08a0be9668af
AMD,2022-06-13,OTHER,2,1.0,-0.5,Advanced Micro Devices Inc. stock underperforms Monday when compared to competitors,8248670b94532a2f58821f5a7084278bb9c381aba27d326d5d124a414820ff6e
AMD,2022-06-14,EARNINGS,1,0.825866,0.0,Who's growing faster than Nvidia and AMD? Rising datacenter star Marvell,a022042e7293a62bfc907ac567f27e7a7e26ccd3d8fdf8990e150e5e5a6326a2
AMD,2022-06-14,MACRO,1,0.564238,1.0,"Amid domestic semiconductor wave, Texas Instruments begins $30B build",10a006aa7a1eb5159d4477370e18012629f7178d160738fa28880bc85c45fafb
AMD,2022-06-17,PRODUCT,1,0.714058,-1.0,"With Funding Stalled, Chip Makers Warn Congress the U.S. Is Lagging",8e920c682134f69afe0f91e4b2101f4f3260c837d9d657f2164cb67f6123ad84
AMD,2022-06-20,MACRO,1,0.612811,-1.0,Opinion | Semiconductor Dependency Imperils American Security,8f4b6a2c6ec2377842457b63bcc174356e410aae351251b820829778c97a48ff
AMD,2022-06-21,OTHER,1,0.619073,0.0,These software companies are unsung winners in the semiconductor industry,88868d20e9f1721f2fdccb8e3d4570716be0c074e2e7e3ee404ac8ffb808e40f
AMD,2022-06-22,OTHER,1,0.594186,0.0,Adobe Acrobat Blocking 30 Security Apps From Scanning PDFs,73cd4763af83e83fe3e9039a607cb7e581e895cff50301a180eeaecd78200ac8
AMD,2022-06-24,PRODUCT,1,0.612368,1.0,"Chinese DPU chip firm gains funds, unicorn status ...",ffd0f0776af490972880ad6003f24d4e3d26c5496238eb561f4b5ea64a201d01
AMD,2022-06-27,OTHER,1,0.705919,0.0,DDR5: How Faster Memory Speeds Shape The Future,7b6da22158567357431a437cc4ee5bcd803812bb0edb44390ebf3b6eb3e7706f
AMD,2022-06-28,M&A,1,0.643594,0.0,Accenture to acquire semiconductor engineering services firm XtremeEDA,ea7a18c868041a42f5aa5af02b4439c4014b2efcf81b670e6152b2f7afe89180
AMD,2022-06-28,OTHER,2,0.8144085,0.0,"AMD Powers Real-Time AI Processing at the Edge for Revolutionary Canon Free Viewpoint Video System, Transforming Live Sports Broadcasts",47f2bac8b203138211e46a6318ef894139e4ebd1ca3bdc61dad1c7b1308408db
AMD,2022-06-29,MACRO,1,0.724585,0.0,"HPE chief Antonio Neri discusses as-a-service, GreenLake’s impact and the critical importance of silicon",89052e38ba843d140c2a6bc5ec2917150e66ac774ae3142261cced8e92d51352
AMD,2022-06-29,PRODUCT,2,0.741571,-0.503038144695518,Chip manufacturers press for federal funding as bill flails in Congress,bc538d686fc3f228dc24666536b855603ee3cf0f56be4bc65850d2752db923b8
AMD,2022-06-30,PRODUCT,1,0.634852,0.0,Xfinity Stream app Launches on Apple TV 4K and Apple TV HD,e71257e0d26188f2edd3e31e66b218918b5342c2e4fb1edc88270f28ef5cb3b8
AMD,2026-08-25,EARNINGS,3,0.9005836666666666,0.0,What You Actually Pay To Join The AMD Run,ff4c1282c7674117f542c529a84f454488ff48005852d1b85641dc3a5b35d16a
AMD,2026-08-26,EARNINGS,9,0.9680529999999999,0.2295558427299148,"Odyssean LLC Buys New Shares in Advanced Micro Devices, Inc. $AMD",16c67bdf6e16a000cc12655bb5938772fb5d5808cf77e861907e0251d9e47c32
AMD,2026-08-26,OTHER,3,0.996719,0.33443060013236764,AMD Accelerates Kodiak AI’s New Autonomous Driving Platform with EPYC Processors,a07a65836387c63f8020f0ba0c5c4f4f7ce191eb8bd7b32d3a042066907ddafd
AMD,2026-08-27,EARNINGS,2,0.7336495,1.0,inTEST at 17th Annual Midwest IDEAS Conference: recovery broadens,bc23c1e9a3fcb7eb04515a2b310c028e196f134bf1d4dd9e35226eefb268f877
AMD,2026-08-27,OTHER,1,1.0,-1.0,"Data pipeline woes push AMD, Supermicro, MinIO to lakehouse",717bc7aab3d90bada478d7f26b3977e860a01c5c12f2fa9b1e3f7ff1e8957718
AMD,2026-08-28,EARNINGS,1,0.732535,0.0,"Canada Pension Plan Investment Board Purchases Shares of 380,644 Cintas Corporation $CTAS",94e577104b0235280c99c96f9ff050452fe11f7d1f5dbebf098b14549d4a9b1a
AMD,2026-08-29,EARNINGS,1,1.0,-1.0,"Allstate Corp Reduces Holdings in Advanced Micro Devices, Inc. $AMD",9c56a11a22dc78fcf0760f8be3a5a6ad39d0426fdf37386df9723d9bd45d0158
AMD,2026-08-30,EARNINGS,7,0.9162488571428572,0.1559152207868667,"Advent International L.P. Sells 118,082 Shares of Advanced Micro Devices, Inc. $AMD",1d5314591739936b6ce615cf02db677876d56968b8fae0eec5f5c3931516ff75
AMD,2026-08-31,EARNINGS,6,0.9543371666666666,0.30143487024065396,"Ma Investment Partnership LP Acquires New Position in Advanced Micro Devices, Inc. $AMD",ffdabcfb765ab5e6a07727dcd8e4273a238a8f6ba456de5fd08ef52cc467b075
AMD,2026-08-31,OTHER,2,0.9952145,1.0,"AMD, Cisco and HUMAIN Expand Saudi Arabia’s AI Infrastructure as AMD Instinct Systems Go Live",081116fcc959b0612d552e49360138024ccc6a7fb2f93f6e3d91ba6697937efb
AMD,2026-08-31,PRODUCT,1,0.728829,0.0,"Broadcom’s VMware Private AI Cloud spans infrastructure, agents, data and security",873fcb4240fa1663b139eda9041d5478d3497f4c626bd9a55ea8dac5cc76235c
AMD,2026-09-01,EARNINGS,21,0.9425005238095239,0.10104832075121746,"Camarda Financial Advisors LLC Invests $9.14 Million in Advanced Micro Devices, Inc. $AMD",bdeea0c8571dc93827f93034ac68ffe959f3601c8dd717c8629c3803b78aedc9
AMD,2026-09-01,M&A,1,0.705958,0.0,"With VCF 9 'bedrock' in place, Broadcom fleshes out private AI",cc7be496fa51bf008f980c72ffb4c91a79e0a15c97342bfed2bbc0a6e53f0e43
AMD,2026-09-01,MACRO,1,0.898261,-1.0,"Semiconductor Stocks Slide as Global Bond Selloff Lifts Yields: Intel Drops 3%, NVIDIA and AMD Slip",ef3829371f4b55eea04fd4ffa6b7b9af397d4105a2344cff7ab05ce4710e829c
AMD,2026-09-02,EARNINGS,15,0.9803549333333332,-0.02003872883045624,Can AMD's Saudi AI Buildout Challenge NVIDIA and Broadcom?,4f0916bfb031473c78e4da77ce657d9aa5d4e7bfd6dadf582dfe185d475c3201
AMD,2026-09-02,OTHER,1,0.738273,0.0,VMware wants to become the enterprise home for AI agents,673863332004fe4c5774c74e22d3707b50a1bac46305578e01c8b18cb00f6a22
AMD,2026-09-02,PRODUCT,1,0.87287,0.0,AI factory automation brings production AI to private cloud,4ed3e02a315dbb0582d377c64c9c4c08e783b496125babd6c7c5b0bbcb0f4d4d
AMD,2026-09-03,EARNINGS,10,0.9737927,0.07577865391679359,"Flputnam Investment Management Co. Purchases 10,502 Shares of Advanced Micro Devices, Inc. $AMD",0b48c80229a641c67e1384dde90522178ba5da3e4e4f35421892c6c5051719ff
AMD,2026-09-03,OTHER,3,0.856596,0.0,Cathie Wood Sold About $72.8 Million of AMD and Bought About $53 Million of Nvidia. What Changed?,941c76b63cd1bd5199232ce6245627ed8382821d9860e1f25b5cf56d064975e4
AMD,2026-09-04,EARNINGS,4,0.88620625,0.23808622428469672,"798,849 Shares in Advanced Micro Devices, Inc. $AMD Bought by Nykredit A S",5723f209d1d5ebec1017c2fbd14f7800fdd835a566d79cde2decd8ec9acd36a7
AMD,2026-09-04,OTHER,1,1.0,0.0,How Far AMD Stock Can Swing In Its Calm Case,efad85879a3f54c2955c03291ec22e08b793fecae14037d9beba203ec7aadefc
AMD,2026-09-05,EARNINGS,11,0.9565644545454546,0.09503707824089029,"Conway Capital Management Inc. Buys 5,105 Shares of Advanced Micro Devices, Inc. $AMD",0c59dd3c793976230e5bc835cb18bb913b8d48e86d490ccee3b6e9b7cc55a8ef
AMD,2026-09-06,EARNINGS,9,0.9979450000000001,0.11133991463568745,"Outlook Capital Management LLC Purchases Shares of 1,077 Advanced Micro Devices, Inc. $AMD",be0f0649fb775f4cc7e6cd18495059de3f3670a5dd9a13bcc382990ffe4739c0
AMD,2026-09-07,EARNINGS,5,0.9792757999999999,0.20423255634418824,"DMC Group LLC Has $4.24 Million Stock Holdings in Advanced Micro Devices, Inc. $AMD",a6dfd9fffeace41f8cad4888031e10daeb5f7042f7c619cd9d65ee6adf488fdf
AMZN,2022-01-03,PRODUCT,1,0.729983,1.0,Smart Water for a Smarter Home: Moen Leads the Way with Industry's First Whole-Home Connected Water Product Suite,b65caa2d78f93ffe638c18cc1ac197a25e9365bb7c5ac2e0c0407a34450fd921
AMZN,2022-01-04,EARNINGS,1,0.619818,-1.0,FLASHBACK: Stormy Outlook For Sea Limited (SE) After Stock Sell Off?,0467ab3123945a89531854df962b00551824c6cb5e5e054d2b25cf707bb3dd48
AMZN,2022-01-04,MACRO,1,0.936038,0.0,7 payments trends for 2022 as innovation climbs,ef5fa6791f0afd6e65da4c2545bb95623f720193eea79504ef8c5b936258a1c4
AMZN,2022-01-04,OTHER,1,0.603617,1.0,Kroger expanding into Oklahoma City as it builds national delivery network,9a27ebe5f6eb3e83c8fcc1943c380e766030d4ca3b08157fd0fe2cea8698369a
AMZN,2022-01-04,PRODUCT,1,0.556566,0.0,"Best Buy Launches New Advertising Business, Best Buy Ads",9105735c9ffdfab917ab6b35bdcd2b02c7cd16035d1d08400d7fff8843dc4017
AMZN,2022-01-05,M&A,1,0.928358,-1.0,Shares in Future Group firms fall as court dismisses appeal,f5be5d7ffe32a2c6a3d4650d1eff418bce0f31214cf5184581da81ec03a4fa7f
AMZN,2022-01-05,OTHER,6,0.783655,0.25233872048286554,Amazon makes deal with Stellantis for electric delivery vehicles,956a2c8e350c0bd841fcee1bfca7301f1e47517bbac29b1c10079c7c296e22e0
AMZN,2022-01-06,EARNINGS,1,0.613378,1.0,Stryker ponies up $3B to buy Vocera and amp up its digital communications,e5f561305e9e84e8bb0ee6a224f725dc76d3e3bb11027b5442d8f992babdca00
AMZN,2022-01-06,LEGAL,1,0.64183,0.0,Lululemon Hires Amazon Exec to Lead Mirror as Nike Lawsuit Looms,82dc3ab5c28f0f10f4db3f6ca2a05c11e74e496816365bc88dbabdc9dd00c2ff
AMZN,2022-01-06,OTHER,2,0.6840139999999999,0.5253306218878562,Marin Software Announces Amazon DSP Integration to Expand Amazon Advertising Solutions,0a49d4c8ad26b90a0cc59675f22f8c1bb16e3b304d4578ea910e61335498a33e
AMZN,2022-01-07,OTHER,1,0.639644,-1.0,Google loses Sonos smart speakers patent fight,0d3adda4860bfea4ca0eac1a07c8685703e7fe82d08589993eb92593828e1cbe
AMZN,2022-01-09,MACRO,1,0.642672,0.0,Updating My Favorite Performance Chart For 2021,ffa44b1b414c5d9ccdbae76554f652bbb3f2a45c3342ac7d26552ab2bd4165ec
AMZN,2022-01-09,OTHER,1,0.700032,0.0,The Best Wi-Fi Routers,7858fa7f2a3135ec495c396fed557efc5c2761ce0fb2cf0b11ece6bbf78e6001
AMZN,2022-01-10,MANAGEMENT,1,0.648335,-1.0,Tech Moves: Adaptive CFO to resign; Meta comms exec departs; AI vet joins Absci board; new Zymeworks CEO,46eae28cbd7fbdf286267a55b34857dbaa3f56b6629fa262dbf554341c9e1211
AMZN,2022-01-10,OTHER,4,0.72447025,0.0,Amazon Delivery Drivers Sprint After Rolling Delivery Vans,e7dd8ff33209e4bbe77745486a2e5783d9cc0f29a9a4383731ca76428b9c1231
AMZN,2022-01-11,M&A,1,0.624119,0.0,"Stryker buy of Vocera to aid confluence of communication, devices",93ff1cc7a38a8690e6e96898b148a4b345d3553636dda4ade15ad45a710f6e09
AMZN,2022-01-11,MACRO,2,0.7413425,0.0,194 IMT Hyderabad PGDM students placed; highest CTC is Rs 16 lakh per annum,819468a0cdde9180cf9f4790277a3e544338b36bd6990820f1c2c5c3d4385021
AMZN,2022-01-12,MACRO,1,0.648879,0.0,Tuvalu: Strikes deal with GoDaddy to manage .tv - ABC Pacific,4bac6501489fd5a2ce01e5923ffc1b0e62f20045ff461a5cb34a8149bbdf3805
AMZN,2022-01-12,OTHER,2,0.618606,-0.5020926082191249,"Best Buy Co. Inc. stock falls Wednesday, underperforms market",e3b523d8a0f6a6bce6a4edbab58a2975e38c714e7609a2e3edc52f14111a09ba
AMZN,2022-01-13,MACRO,1,0.614481,0.0,How retailers can meet consumers’ growing demand for sustainability and hybrid shopping experiences,4e7ebefe44a3c8482f9fd36139ec383766a9368576d1f56c4129807f5c13e521
AMZN,2022-01-13,OTHER,3,0.6169346666666667,0.32010574863680863,"Tickets for D23 Expo: The Ultimate Disney Fan Event Presented by Visa® Go on Sale January 20, 2022",3868955616f0d5af2ac277537c3a49b0cff594f142e1792c91c851662cee8769
AMZN,2022-01-13,PRODUCT,2,0.7739725,0.48127743556780117,What’s Changed: 2021 Gartner Magic Quadrant for Cloud Database Management Systems,56602f1ee139ff40a89d1f77807ba5c7b1fab3cfaf71319b7eb87119b25bffa5
AMZN,2022-01-14,EARNINGS,1,0.620856,0.0,"Netflix raises monthly subscription prices in U.S., Canada",6662f357a2cf33c17c1a24e9aba3e83ee2537973532ea3fb6319446f69cb5415
AMZN,2022-01-14,M&A,1,0.560051,0.0,"As Stellantis turns 1, automaker faces two paths",0c112348b15b4cf7c95229ca1187bf44279a006174a3ea2ded78b305df8686be
AMZN,2022-01-14,OTHER,1,0.637383,-1.0,"Thieves cover Union Pacific Railroad train tracks in Los Angeles with stolen cargo and packages, interrupting deliveries",dce0978c3d4039cf6c890d4f85f8cc00b29fa5013a9f7639b62664c2f6f862b1
AMZN,2022-01-16,OTHER,1,0.748057,0.0,"Renovations to Give Shopping Center New Stores, New Look",afba91705b1f679dcb6cd2ebc86f9061ac1e85c1a03a341ac16f56bbe0b85ed8
AMZN,2022-01-17,EARNINGS,1,0.581713,1.0,Costco named MMR Retailer of the Year,62e3c9bc3e99893a841c1c9bf1255e209d3797c3e9587e4b7238d9ff6bc69983
AMZN,2022-01-17,OTHER,2,0.6830845000000001,-0.5471109357627058,Train derails near LA site of recent wave of cargo thefts,6ceac7b07bc366c9e1d18768d333b5e370ab44ce362ebc84690976552ebea516
AMZN,2022-01-18,EARNINGS,1,0.609966,1.0,Netflix earnings to set the pace for 2022 streaming wars,09776d662f81f421f7f62db284390fd5fa9b420716874f16333d46d9ed8fe767
AMZN,2022-01-18,MACRO,2,0.6525799999999999,0.0,Put Disruption By Your Side With GTEK,91fc927d7b5ee646eff699b7814e54b23d1721a547f68c5225405feb711b2caa
AMZN,2022-01-18,OTHER,2,0.850088,-0.4118255992320795,Amazon reimagines in-store shopping with Amazon Style,c0bb63b870fa028fdf98e9254f208fe940e75fb1252f34a409102a5175fb4a8e
AMZN,2022-01-19,M&A,1,0.618544,1.0,Stellantis Celebrates First Anniversary as it Speeds Transformation to Sustainable Mobility Tech Company,eca2239115ef87f232472b8671a004f819eae7b703e4c671d5dd66eabd42636c
AMZN,2022-01-19,OTHER,2,0.998262,-0.49912948704849025,Amazon makes more big industrial moves in Mesa,841e50bd49989c70c557a5d7a0301e8ea7e21465d791ad04aceb231936c99205
AMZN,2022-01-19,PRODUCT,3,0.621564,0.3305221452121852,Tomonari Sato: Why I joined Cloudflare and why I’m helping Cloudflare grow in Japan,2afc5739f60054eeadf817378479328b139df682bb41f246783c2ccfa2c0b3bc
AMZN,2022-01-20,MACRO,1,0.722161,1.0,"As talent war wages on, Hilton adds continuing education for thousands of employees to its benefits arsenal",3d272e65559fa030b71a671a3eb9fd6a736451b439234a7fed7b2e0ab5e445d9
AMZN,2022-01-20,OTHER,3,0.7665286666666667,0.0,Amazon to open its first in-person clothing store. What we know about the new Amazon Style.,ad1102b30b5bce01c39c3be48038b88849644b2090285cf951383fa5ec74ad6d
AMZN,2022-01-21,MACRO,1,0.648894,0.0,Tractor Supply to build $119 million distribution center in Maumelle,b7a077441680d6f572372d10b8b4a91c2290e083fc6032dd753dc84373d18028
AMZN,2022-01-21,PRODUCT,1,0.726143,0.0,"Winky Lux’s Natalie Mackey Talks Retail, Paid Social and Launching in Ulta",f18f07acc93e8eb386dc9f92dd5a0bf188c1155550ba0e509cae447da8b0d0cb
AMZN,2022-01-23,PRODUCT,1,0.737964,0.0,How to Build a Multicloud Kubernetes Cluster in AWS and Azure Step by Step,e6bfb0083a6ca7b03d711312962e02c7c9ec99b0209d67ddca27fe46226ae9ab
AMZN,2022-01-24,EARNINGS,1,0.618953,0.0,Peloton’s big whoops,ce4b982bc19ddbe655d257b4bf3c056c7c0681149b85d0c4d816de7a873e2745
AMZN,2022-01-24,M&A,2,0.7328870000000001,0.43932079570247523,"UIP, Churchill Living acquire 300-unit apartment tower across from Amazon HQ2",5d1a404beddf81b5fed2728de372ee42142fd955a2390574bf6fa50ec02a1685
AMZN,2022-01-24,OTHER,1,0.629729,1.0,FedEx and Microsoft announce new cross-platform logistics solution for e-commerce,b73477f9ea72a76d9950a9baa388c73b5e084e58d1551dcad3b3c3a2be840d33
AMZN,2022-01-25,EARNINGS,1,0.637172,-1.0,Abigail Disney Directing New Movie Criticizing Treatment of Cast Members,a5052636c4965150d0f645d94950fce4a8282ea8c31d441c001c4ea28da740aa
AMZN,2022-01-25,M&A,1,0.606904,-1.0,Is chip giant Nvidia going to scrap its $40BN bid for Arm?,9417d0783a8ba3f0fccc110598dd9a45618e76ccf7eed78be632da71e3f953fa
AMZN,2022-01-25,OTHER,1,1.0,-1.0,Amazon Has Stopped Paying Some Workers to Quit,ebae36f60d5237f6d2c2247135d45b67de6b48ae468d067f40e4aef4c7c5f2fa
AMZN,2022-01-26,EARNINGS,1,0.602397,-1.0,Netflix: Why the world's biggest streaming service is frustrated with India,2ef3592b74485b7fac84df23c6bf14fce27d62b66035fa3f2147e854388fd2f6
AMZN,2022-01-26,MANAGEMENT,1,0.704604,1.0,"Warehouse Giant Prologis to Offer More Peripheral Services, CFO Says",142936fe57878349561afc1796644a3e345371c95052e93d50caf5cb3ed58647
AMZN,2022-01-26,OTHER,2,0.6265435,0.5041549389627377,"GM intends to hire 8,000 for new tech jobs in 2022",58f11d9dd85641143de2875d94e7338231d61caf78194ce851d2e6010f0c4ea4
AMZN,2022-01-27,EARNINGS,1,0.628782,0.0,Kornit Digital inaugurates Kiryat Gat ink factory,ee24693315b695bc86d5cffd6f01248092514caa238f3fe3c31d0e1fd8dd50f4
AMZN,2022-01-27,M&A,1,0.635062,0.0,Kohl's initiated media agency review before buyout offers: Adweek,8bc2ba9478011bbb16576c9d8cbc81b81a7677f6d1b53caa318b48a75c575b09
AMZN,2022-01-27,OTHER,4,0.715174,-0.22260421939276318,11 Undervalued Mega-Cap Stocks to Consider,14ffd0023d14fd29a6e4c651e4b686f124f0af215a20c315cbf44971b8273a39
AMZN,2022-01-28,M&A,1,0.901493,0.0,3 reasons why Amazon should spend billions to buy Kohl's: analyst,07139e1769c13577f2c5ec83cff84ea92312065bcc58552465ec097f9add5e7c
AMZN,2022-01-28,OTHER,1,0.602387,1.0,Framingham grocery store proposal moves another step closer to approval,8fa99152ae67afff463823cb488ea80296e42f6ed83e465fa607a1ceda5b7340
AMZN,2022-01-29,EARNINGS,1,0.617859,0.0,Reed Hasting Bought $20M Worth Of Netflix Stock On Dip Last Week,b12e202b9342845a9b45325cda2bea5380edd170729ef30b4da8003d9b726c08
AMZN,2022-01-29,PRODUCT,1,0.701017,1.0,XPO Logistics Launches New Flexible Distribution Model for Omnichannel Retail and E-Commerce Customers,ef37c5423f8cf4c8cbe34c8136b703f86870ca38f759c27ea92cb143359176f1
AMZN,2022-01-31,M&A,1,0.657811,0.0,Univision cerró acuerdo con Televisa para una nueva plataforma de streaming,9861312c30403e84e21c18b7ebcd9e20e851a4fcfd8ba0874e3778d5f29cb7a7
AMZN,2022-01-31,MACRO,1,0.625662,1.0,"Alabama Port Authority announces new inland intermodal facility, CSX intermodal service from Mobile",e9db90a239fb0f0d1d7a0b171e3704ea420663c74dbcd1d65e44d9d1abf72039
AMZN,2022-01-31,OTHER,1,0.606193,0.0,Sam’s Club rolls out inventory-checking robots chainwide,a2bc7fc5df3027b51641e9559981ed8525fa97a56c4aabff90f35381ff7aaf2b
AMZN,2022-02-01,M&A,1,0.636029,0.0,Televisa y Univision se fusionan para lanzar nueva empresa de streaming y competir con Netflix,70929d30de2d840a113aba68bf4af03e33644d2f127d1c7cd4a4926d30d44367
AMZN,2022-02-01,MACRO,1,0.58986,0.0,"At Clean Energy Summit, EVs and SCE Take Center Stage",8788c5d70d17116b67d0d0e3d318cc876be2af4bec597c3bf6876ba809e55fb9
AMZN,2022-02-01,OTHER,2,0.8015595,0.0,Amazon and Microsoft led the world in corporate purchases of clean energy in 2021,947c867630af12cbcf16ac97ee5d52fc0df0023af63dee31b852ba4b6c3f4c90
AMZN,2022-02-02,EARNINGS,2,0.6722334999999999,-0.45296463208096593,Alphabet brings big stock splits back to market,9dfa19c63a88f11cd5f47a1c766fe640e15ec6b6078178c8005fa6de61ff530f
AMZN,2022-02-02,M&A,1,1.0,0.0,Amazon discloses stake in self-driving technology company Aurora,d280005c3387d45d7e593eea5d0732378b5ce26c1381901a80a6d65ffed7734e
AMZN,2022-02-02,MACRO,1,0.567696,1.0,"Robots marched on in 2021, with record orders by North American firms",f6510db87b5db95a95052e98bfde957724a0fd9bf0a173c84fb2246dd5b4bbc4
AMZN,2022-02-02,OTHER,1,0.64938,0.0,WD_Black SN770 Gen 4 SSD Review – Don’t Let Its Good Looks Fool You.,1d075819c35ed174138a46087c926298b3c593f6073e8dab74768276ac761f94
AMZN,2022-02-03,EARNINGS,3,1.0,0.6666666666666666,Amazon raises Prime membership fees to offset growing costs,857dedc611b6536f3db4c20c9879240ed1d6617b317a69b5d7b233870db62a3c
AMZN,2022-02-03,MACRO,1,0.642882,0.0,Weis joins crowded supermarket space in Warminster area. How grocers survive with so many options,94129151279083f3f5c79d9751cca5ee140f181ee933f42bf8b80dfaad031745
AMZN,2022-02-03,OTHER,5,0.6141502,0.18736100712822365,International Funds Stop Fresh Transactions. Is It a Worrying Sign?,808edbef3aac1acb0d898416bd09c7f2cbfedd3645dc25a3277aa7888f312403
AMZN,2022-02-03,PRODUCT,1,0.897691,1.0,Best Buy in new partnership with Amazon's cloud computing division,c989c3cf9c87236aa3db360494e970aef71ee11aca9e427e9b879de72454b4af
AMZN,2022-02-04,EARNINGS,5,0.8480772,0.5602145653721147,Amazon share price surges 19% in post-market trading as company announces price hike in Prime membership,5b6a21e83ca3f8b445d04e5a9a9e1cf24b477e5e7575ccaa64fcb249b81dad8e
AMZN,2022-02-04,OTHER,2,0.6070015,0.0,Anghami officially lists on US NASDAQ,3de0ea2e20f93f6d5801cccaae586862d39cd7cb0f1ec238e2dc5026ca1b9f81
AMZN,2022-02-05,M&A,1,0.740651,0.0,"Traditional conglomerates such as GE, J&J and Toshiba are moving in a new direction",48d8da63061ef15eb3c49de4fcb6d107e5d9e35f86038d0d5b9a04ca19e77131
AMZN,2022-02-05,OTHER,1,0.558707,0.0,"America’s iconic wings concept, ‘It’s Just Wings’, now available through delivery partners in India",9124ca49e90ac04a1a42e5078c73caac01e01e6736677d0138cb437d62ec274d
AMZN,2022-02-05,PRODUCT,1,0.626993,0.0,"Dreaming of a Cloud couch? Albany Park's modular, easy-to-assemble couches are luxurious and reasonably priced.",9371e3dc155d088d55580a2c71192cdc7f3683582808b87acba0c0e63dbfb9a6
AMZN,2022-02-06,EARNINGS,1,0.845563,-1.0,Opinion: $1.4 trillion? Big Tech’s pandemic year produces mind-boggling financial results,8732f16f83dcd56995752c80d518ff2505b974397de3fde1e3bf9fdb259fbf55
AMZN,2022-02-07,EARNINGS,2,0.7067829999999999,-0.42785621612291186,Aussie funds exposed to the Meta rout: Charts of the Week,6dd3e67ebf7d5d1a98a2daabe01c164da8575d0a013901da646c1e62d488a9de
AMZN,2022-02-07,M&A,1,0.554302,0.0,Fiserv Acquiring Finxact for Digital Banking Acceleration,713627d7f9619591236e3a00348822561f849a2325b968cc518f97916b57553c
AMZN,2022-02-07,MACRO,2,1.0,0.5,"Amazon Is Raising Base Salary Cap to $350,000 From $160,000",5820f6ec3df64761f9f947d622a8d50c950e20874ed7fe777d472fc01445d688
AMZN,2022-02-07,OTHER,1,0.878796,1.0,Sensor Maker Velodyne Lidar’s Shares Surge After Amazon Investment,f542e53471c048d892ee7ce75b80de8528ceb876074ffd12d190dd9869ec88ac
AMZN,2022-02-08,EARNINGS,1,0.636715,-1.0,"Peloton hits reset with CEO change, job cuts",2609e3e631952aef6a7edc5a3c79b2ddb4fcb972af7d7f66cfe9cf59fe6f6804
AMZN,2022-02-08,M&A,2,0.7798805,0.0,Amazon in Pact for Potential Stake in Sensor Maker Velodyne,1cba7c25c7ddd163edfb2150b405b15b51d3e7b76d66d9aaf37093ad1292b003
AMZN,2022-02-08,MACRO,1,1.0,1.0,Amazon.com to create 400 jobs in Kenosha with another building lease,2c7baae995265d35b26a8a1bb1269f3e08bf820457d1be5cae13c7df12c3716e
AMZN,2022-02-08,OTHER,3,0.8641953333333333,0.38571526653310634,"Amazon expanding healthcare service to 20 more cities, lands Silicon Labs, Whole Foods Market as customers",3f1524e9a1b44c1adaacd112eba96a540afbb498bf5c3548192466fd5666c590
AMZN,2022-02-09,M&A,2,0.5793235,0.0,"We should never have sold Arm in the first place, says ALEX BRUMMER",84a8d5926a0bd6d882645f735b63b9bff5ff9bb21f3051e42f6f8296ba6c0624
AMZN,2022-02-10,EARNINGS,3,0.6568746666666666,0.0,Corporate lobbying ETF seeks to profit from influencing politicians,2b40d4aabf4ea4c433e2ee06f1780514a6190c39a758dc4eec19d1fe129fc9f2
AMZN,2022-02-10,OTHER,3,0.7209736666666666,0.0,KT adds Amazon's Alexa voice service on its AI speakers,7fc8a0e8d8afab2d4cb71b0f9a37bb0e379c10d6e163a9feb9b1f9984bfe92f9
AMZN,2022-02-11,M&A,1,0.609794,0.0,Two Austin shopping centers with major anchors sell for $189.3 million,1a49bcf71253453f75128f0d263598985a1ded2a7139cde5a22d90fbc25c8651
AMZN,2022-02-11,OTHER,6,0.6724858333333333,-0.037376499876701254,"Soros Cut Stake in Big Tech Stocks Before Selloff, Added Peloton",bf97d3810434159cd82220c618b92e50d6c32065ac594be69e2ca69ae012e0ee
AMZN,2022-02-12,MACRO,1,0.733211,-1.0,Train Robberies in Los Angeles lead to thousands of missing packages,56914de4c064023bbeae7ec21898bcb9feb47c746aef87dca4960cbcc01224d3
AMZN,2022-02-13,OTHER,1,0.70487,0.0,"Billionaire George Soros reveals stake in Rivian, sells some tech shares",d0162b7abeb84b7d034de4aea7be1d359b13b4068d9d8b00f249af538500e26c
AMZN,2022-02-14,EARNINGS,1,0.610285,1.0,Omnicom Scores Big in USA TODAY's 34th Annual Ad Meter Competition for Super Bowl LVI Ads,a2cd94f7069760444a7936d4a30f0a830b498cb8d7ad4241420573724a2bc865
AMZN,2022-02-14,MACRO,1,0.562872,1.0,Manufacturing Acceleration program grants in Western Mass.,fbb5d4a03328c7789361eb8eea119478f58b222839691d7a861f08ba76ed9ade
AMZN,2022-02-14,OTHER,6,0.6588653333333333,-0.33960961167583054,Stanley Druckenmiller Buys Chevron as Family Offices Reveal Stock Picks,a92945b2cee288953030553f7ec86c97e8f26a92b751d38be311acd06806260a
AMZN,2022-02-15,EARNINGS,2,0.726915,0.0,JPMorgan Chase spent $2 billion on brand new data centers last year,26ba066f406ac36b2021e924286313ecb6652db8d2555eb70c4c346e884eb461
AMZN,2022-02-15,GUIDANCE,1,0.729366,0.0,"Unpacking the 2022 Construction Outlook with Amazon, Hensel Phelps, Autodesk, and ENR",efac66e1a19e47fedda3429c789ba7ff59f4d4966e013813469d16d3c5f0f42c
AMZN,2022-02-15,M&A,1,0.611659,0.0,"KT to join MBK, IMM in Megazone Cloud's $400 mn funding",d87d3d89b734f3162ca282a4215d2d2ea7ae3376b9483639b8cb4f87d0ef9c86
AMZN,2022-02-15,MACRO,1,0.947116,-1.0,"Amazon, Walmart and JPMorgan Chase among companies relaxing employee mask mandates",e29dafd6423845c71ff95a7806ceb368b0ed6d9f147830b0a5ca7035d0476935
AMZN,2022-02-15,OTHER,4,0.654686,0.0,Oracle gets go-ahead to host top secret Air Force data,342bcadc30df5aa65d992c448b6e7681b1603ef0f116e2e2bca38c8163012320
AMZN,2022-02-15,PRODUCT,2,0.687027,0.0,WaveDancer Blockchain approved for use on Amazon Web Services (AWS) Marketplace for GovCloud,23dde540a2a852a39387eea6bc381dc06e3f675d80f4741e147992f78726ae98
AMZN,2022-02-16,LEGAL,1,0.913353,-1.0,Elastic (ESTC) Settles Trademark Lawsuit Against Amazon’s (AMZN) Cloud Unit,bed4dd91fc0c0b1507c0486087885b83056139165d5a74a58c841b7ccecd5d21
AMZN,2022-02-16,M&A,1,0.640393,0.0,CDN company Akamai enters cloud business with $900m Linode acquisition,ffd04843e669cd192b9931c5d1d8a37162cef5ccc6b91d72ac3ea0c64e9481db
AMZN,2022-02-16,OTHER,1,1.0,0.0,"Mindy Kaling, Amazon Publishing, and Amazon Studios Announce Mindy’s Book Studio and First-Look Deal, a New Home for Dynamic Storytelling",c1ea5506b451356547d5101cb2670048d37c9410b6b319be7909053de7d2ea54
AMZN,2022-02-17,EARNINGS,1,0.618061,1.0,Walmart posts record holiday sales as spending remains firm,12c33edc1cf3fd648927eef80746d71aee8ec51d5b683db3333f45d2e02ec779
AMZN,2022-02-17,M&A,1,0.635821,1.0,Radware Acquiring SecurityDAM for $30 Million to Accelerate Cloud Security Services,3432861d91edd06bf49b193de9ccedfde18c68065b0bbc5c3ad9d6a25084434d
AMZN,2022-02-17,OTHER,1,0.600377,1.0,Tenovos Named a Strong Performer in Digital Asset Management for Customer Experience by Independent Research Firm,1556326ace39c97751e8dc4f3cd0bcd59cb11598b67ea866dcc240d6d69b4a1b
AMZN,2022-02-18,EARNINGS,2,0.656953,0.0666105490042667,3 Lidar Stocks to Buy as Amazon Bet Shines Light on Autonomous Vehicles,1da8edcf47bf7a5f0400c47ccd3fdfc9ab49d51caaedddc0bfa23e4c8c8783c0
AMZN,2022-02-18,OTHER,1,0.701823,0.0,Thermo Fisher Scientific and Accenture team on their XR journey and delivering 3D content at scale (podcast),ddd9187849b8caebb5d271e6e22c862be64b326afe2ac438b847578f59bfa146
AMZN,2022-02-18,PRODUCT,1,0.943983,1.0,Samsung SDS joins hands with Amazon for global cloud business,a6a4a39e38078e181185f39b5654092646de5f3b0d0d5139a2a521ed861cef04
AMZN,2022-02-19,MACRO,1,0.745776,0.0,"Inside the $644 billion business of reselling returned items, from electronics to bizarre finds",cd7bd271a3056de9ce870e77c34705d0851b3717f0e1417b3659730abec49a7d
AMZN,2022-02-22,EARNINGS,1,0.566575,-1.0,"Macy’s Declines to Spin Off Ecommerce Operations, Citing ‘High Execution Risk’",d0b06e379dc1fb45130dd8ca8c58a0dadb8b0f9511d34eab8ef32706e6aaeea3
AMZN,2022-02-22,OTHER,3,0.630617,-0.3613757108778651,Tractor Supply Co. stock underperforms Tuesday when compared to competitors,be6e7c49b57e3603db497812188bdd04bb1cda448b21a87244ca83997dc78291
AMZN,2022-02-23,OTHER,1,0.644109,0.0,"Target to accept drive-up returns in Twin Cities, other test markets",dac2a7a94295d7c0f0969064fe42adc9ee6b43c72c8a414812f18ab6054d734b
AMZN,2022-02-24,EARNINGS,1,0.647226,-1.0,E-commerce: EBay forecasts bleak quarter as pandemic-driven online demand wanes,28931c362c979abf9b950ab013b40259e69c4e89498186694e248f6e752f23ba
AMZN,2022-02-24,M&A,1,0.568575,0.0,"Warner Music and BlackRock Invest $750 Million in Influence Media, Female-Led Music-Rights Firm",d1aa1c9ac3e05be0b4d447f8b6074c07dceb8388cf86db8171cbe9d914d9d901
AMZN,2022-02-24,OTHER,3,0.6539993333333333,0.3266619028153953,"For Many Consumers Gift Cards Remain Their Preferred Gift, a Fiserv Survey Says",657c6754506a6c06dd1ae97f9e325ab47168390810f7b371813938005b4d90d2
AMZN,2022-02-25,EARNINGS,1,0.709855,1.0,Walmart’s Continued Advantage Over Amazon? Real Estate,e8e8e5331fb68c911d0f0c8accb4764fab489e37059d983003fb0e6e14ffcd95
AMZN,2022-02-25,MACRO,1,0.965912,0.0,Amazon’s India Partner Samara Capital Plans $500 Million Fund,9babe0ad82ea543eaa696a66204e2fa391eec441b1a717c871a15e50f47427e4
AMZN,2022-02-26,OTHER,1,0.73796,0.0,Kroger Porter Five Forces Analysis,621e86f1d86ec2f1ad4a0979b186efb4c0f1d73213699dab184d06b71d59accc
AMZN,2022-02-28,EARNINGS,3,0.6217913333333334,0.0,General Dynamics IT President Amy Gilliland Named to 2022 Wash100 Award for Leadership in Cloud Modernization and Cybersecurity Services,2d4f809d83be0dff18f864a3488bd896417332ff27d857d8dbc86948bb36a21c
AMZN,2022-02-28,MACRO,2,0.7895985000000001,0.4060937299146338,"Amazon, General Mills, IBM, Microsoft, and Nestle Join 150+ Major U.S. Companies To Oppose Anti-Transgender Legislation in Iowa",a98cdbd33abd02c1a2ce1d92ead2fee7ffb68ba5a86a950f5f68722b3e97622d
AMZN,2022-02-28,OTHER,5,0.8517972,0.22216861008700192,Teladoc to partner with Amazon on Alexa-enabled virtual visits,b517d256e029f955f11c752b392dd2479c33fdd1833548a8c4e2ceb7e3cdbff5
AMZN,2022-02-28,PRODUCT,1,0.829476,0.0,Teladoc Health and Amazon Team Up to Launch Teladoc on Alexa,f177c6dcbbe6009f403afbb5f06ffdd62216464b5efb4cc932dca0f2984dc45e
AMZN,2022-03-01,MACRO,1,0.738764,0.0,File your taxes on time with H&R Block Deluxe and State for $33,b71d5639bcb2454fe14bf6b76932d7f9025d5c192524cd675f5c42df9675c1d5
AMZN,2022-03-01,OTHER,2,0.627634,0.5092283082178467,Federal Realty Announces Major Overhaul of Huntington Shopping Center in Long Island,17b1d999eac6065c9934d5d0891ddef6f12b7799b59bb7911028a0aa9fb9bede
AMZN,2022-03-02,EARNINGS,1,0.742937,0.0,7 E-Commerce Stocks to Buy as Shopify Suffers,6aa45b806acfce38b430ca685d1f610673d264eb9281fc1dd3e7d8f9b899c375
AMZN,2022-03-02,OTHER,3,0.8775473333333333,-0.3798465571847596,Amazon Closing Bookstores and Shops to Focus on Grocery Sector,0d98d2925fd9e1ed9bc0498b0e5b46c10b9d54bc5ae2d85b00fa8c073e3b7ca8
AMZN,2022-03-02,PRODUCT,2,0.587995,0.4533907601255112,Check Point releases 2022 Cloud Security Report,a135f183b4d7d8b6b7fd8190c96eec7200d856ff6c1b29f36242302c792ae074
AMZN,2022-03-03,EARNINGS,1,0.639997,0.0,DigitalOcean vs Cloudflare — which stock can take advantage of cloud expansion?,90b24db19bcbca42f27691281d49a6c457e33ad4a0ea9c4c862cf8533e5e5471
AMZN,2022-03-03,GUIDANCE,1,0.62585,0.0,Wide Moat Stock Outlook Remains Compelling,6396f9484e28662294b5d58cbdf3c586bd67535f74420545f822bba8a10df0fd
AMZN,2022-03-03,MACRO,1,0.600484,0.0,Grupo México de Larrea y Telesites de Slim impulsan cierre ganador de la BMV,4a965335f4789c5fae37155e33d13f44c6a63c8e2e1d5c95c6e3f593405c6100
AMZN,2022-03-03,OTHER,1,1.0,-1.0,Amazon to close Green Hills store amid nationwide move,a54b7b687dc7f970be4a65fd90f08645927a1c2318bf56ce78c24e667e052740
AMZN,2022-03-04,OTHER,3,0.641481,0.0,How A Failed Experiment Led To Bubble Wrap,b1d952ebe06b894b2e3da66a6cf43df6fbba8da6a0e5dc03ff4903c7e5fe52d8
AMZN,2022-03-07,OTHER,1,0.621274,0.0,Your Fenty Beauty Favorites Are Now Available At Ulta Beauty,1898f9d8a2016bd8307d7e53a6db3c55f29fef2d0e8b11b686bb28b70f3107f9
AMZN,2022-03-07,PRODUCT,1,0.74913,0.0,Cloud management provider Cloocus receives $41 mn in Series B funding,4349131f72a6a7a0a83a2b516978e29312ddc380977a7c99bb3f18db5a834fb0
AMZN,2022-03-08,M&A,1,0.632011,-1.0,Alphabet’s (GOOGL) Stock Price Has Fallen 12.8% in 2022. Should You Buy It?,ab2e9a5361388d878e723d890af10ceb0e6b84a5c0e4c2c0936a065dadda3998
AMZN,2022-03-08,MACRO,3,0.6954723333333334,-0.3897480704959747,"Starbucks, Coca-Cola, PepsiCo suspend operations in Russia; Amazon suspends web services sign-ups",71739706ff920aa0d87a7e2c44e9f333a126f10291d6a0983086bf1609a7b236
AMZN,2022-03-08,OTHER,1,0.641237,-1.0,Rivian is sued by shareholder after rolling back electric vehicle price hikes,9f746b5ca2e00854900b9fba350e2274ec0d01e39a7ecfbb82d89647235d8381
AMZN,2022-03-09,EARNINGS,1,0.616293,1.0,"UNFI gets Q2 boost from independents, Whole Foods",c316735a224f3fd1b147110c8a435080e2e8f83dcbfa390e62a8ef8a8d5ff808
AMZN,2022-03-09,MACRO,2,0.6220065,0.0,Walmart to offer its Walmart Plus service to its workers for free,6892558984453fc9702681a8a97caf2a236b3f2f4da3434405cd2743b4d570af
AMZN,2022-03-09,OTHER,4,0.9022795,0.0,"Amazon to split stock for the first time since the dot-com boom, after gains of more than 4,500%",6739a75bf8498c63008a5b571f750c72257c50931778eb589f6432c4295ea2c3
AMZN,2022-03-10,EARNINGS,3,0.9058933333333333,0.0,"Amazon (AMZN) Approves 20-for-1 Stock Split, $10B Buyback",037b040557d411ee64b0ec03c934fadad2b216ca22cc9d20d9d1aa806a2efadb
AMZN,2022-03-10,MACRO,1,0.625371,0.0,Disney ‘Taking Steps to Pause’ All Business in Russia,f0b172905312ec7e517f0dd5e53fcb803c9212b0f9e63c1c5aad66c2d119b855
AMZN,2022-03-10,OTHER,2,0.8049965,0.6211207129471992,"Amazon surges as stock split, buyback excite investors",e62d2f86284820e87d7a5e77ac89ec72d25a67263f09aeea93e154abec1379f2
AMZN,2022-03-11,EARNINGS,1,0.705519,1.0,"eBay expects revenue growth of up to 6% in 2023, launches digital wallet",a8ec63729f7a0ef91a5afe587a32a1d1ae895b83a937b2e2955e59830fb582b1
AMZN,2022-03-11,OTHER,4,0.687559,0.0,The Climate Pledge announces nearly 100 new signatories,8dea3fdfddfff98c0131a6dc06e1cc9cc9248c47167964d52ed8e95828e312ac
AMZN,2022-03-13,M&A,1,0.651069,0.0,eBay Ventures Offers Venture Capital To Innovative Founders,741423eec11983d27f69d793b22adcb7eecdd2ebbf78a355fbdd158feff8dcc5
AMZN,2022-03-14,MACRO,1,0.603743,0.0,Four ways companies can find the ‘hidden talent’,4e84abb1fdb1d994f60e6aaf67c00bbab2a517fc1c042dd9f2e81030e91df596
AMZN,2022-03-15,MACRO,2,0.8255885000000001,-0.1209119313071827,"Amazon, Walmart Online Orders Likely Delayed by China Lockdowns",89680c4033495780ed7ffb147219f89ac40af47f4e3bcb224687863617ff27b2
AMZN,2022-03-15,OTHER,5,0.7047536,0.2108552549430042,How to set up and use Alexa voice commands on your Fossil smartwatch,320da139c68827015e1bdb727183ea72762775812d3598c5c32e1c5000d9bc73
AMZN,2022-03-15,PRODUCT,1,0.589223,0.0,Goodyear Launches New Last-Mile Delivery Tires,0f80aee911bc98d4fb3fb622cfe113475686d615005cf6e5bf4551ac854755aa
AMZN,2022-03-16,M&A,1,0.63347,0.0,Tradesy online fashion marketplace acquired,c42763cd225e98bcc592d7ea3e7d6af2a7591c499dbdac71b8db1495e1b7839b
AMZN,2022-03-16,MACRO,1,0.640428,0.0,"Walmart wants to hire more than 50,000 workers in new business push",606ddd68dc6ea592a35e4c3f0db259739b12e876e4d04b92c5c530f077fa9fbe
AMZN,2022-03-16,OTHER,4,0.6377085,0.0,"Musk’s Starlink Brings Internet to Ukraine, and Attention to a New Space Race",9f481c37cbdc23b77be69a02959a87866e7508a0232ad703893e1fb2efea1aed
AMZN,2022-03-16,PRODUCT,2,0.6191385,0.4924859300463466,Electronic Arts Launches MLB Tap Sports™ Baseball 2022,4358dc410d2c27dfac1843947e590da35d3525782e60ceb1c299f26a25e31e7c
AMZN,2022-03-17,M&A,3,0.9143466666666668,0.0,Amazon.com closes deal to buy MGM movie studio,2515a29c2128355d1a45c3b29bd68558d928fade5ceede0a2bd43f522722e71c
AMZN,2022-03-17,OTHER,5,0.6105148,-0.19998991015451223,"Berkshire Hathaway shares topped $500,000 each—here's why Warren Buffett says he'll never split the stock",a15973e62001facacfebfac0f1ff6a6c5c25ee78119aab44df9053a86e75a3a3
AMZN,2022-03-20,MACRO,1,0.631689,0.0,Jury: Employer’s DEI training didn’t conflict with worker’s religious beliefs,4e2ee06f92bbe17efd5ba791ea1126930ca4702d5479d2fda5fd771ddd3cffa6
AMZN,2022-03-21,MACRO,1,1.0,1.0,Amazon union backers see bright future for organizing despite tough odds,901746e450475cfd947aaa23d5ccfec09080246d11743035f08a5e3a6496157b
AMZN,2022-03-21,OTHER,4,0.73152225,0.3417531045706402,Amazon to open new Prince George’s delivery station — built for it from the ground up,db030c662475718fa5e3d19505d30d85dbd90ef30011d63a72d99d1bb8166934
AMZN,2022-03-22,EARNINGS,1,0.648532,1.0,"After nearly a decade in the red, Destination XL posts record profit and sales",47c5af51c9664bc51f196497259cf3e9e5d4ea57cb5a5d8514e43ffe94a375df
AMZN,2022-03-22,MACRO,1,0.901122,1.0,Sources: Amazon snaps up more industrial space in Gaston County,451764e79dd4570c9c6ff7d724b9bc75bbcc3f272e07859314a4a6fc1ec9a32e
AMZN,2022-03-22,OTHER,2,0.619003,0.5182721246908335,"This World Water Day, We Celebrate a Milestone for Enriching Communities Along Our Supply Chains",19363b31ff56f2e84a493501ba62b6be8d63d5314cfbb7cd14b81cd6a3d5557b
AMZN,2022-03-22,PRODUCT,3,0.624209,0.34533038346664874,"Nvidia debuts next-generation H100 GPUs, its most powerful chips yet",5120c1ae995c60a5c8dc0e2731116615367fb62eb39ecb7f91bb28e551d0459e
AMZN,2022-03-23,M&A,1,0.605468,0.0,Booz Allen makes investment in Wisconsin AI company,923be7ec02056cdb00dd838c2b6b39e9e96cd4f437389917f07dd88df8612b7a
AMZN,2022-03-23,MANAGEMENT,1,0.627571,0.0,Nvidia CEO says interested in exploring chip manufacturing with Intel,500ee3a7ac4840f74fcd69f8026fc622eb004d8ec869f169982a3e19ea94a201
AMZN,2022-03-24,M&A,1,0.619976,0.0,Netflix buys another video game studio as it builds out its gaming business. (Published 2022),ea8633167cb46bebbdd180548a22f57dd8a0d51f2e2f341a2a020800ecd9c53a
AMZN,2022-03-24,MACRO,1,1.0,1.0,Amazon continues to expand presence here,627da5bc1938ac154e2a8cb8ffa6a6b0db5636963a65da249c42da304c180c89
AMZN,2022-03-24,OTHER,2,0.6692484999999999,-0.46916504108712986,Instacart’s new tech platform lets retailers sell ads on their sites,84da8cba232e5b07880a653411b6f985c12845edb2147bba51677f9539aea06c
AMZN,2022-03-28,EARNINGS,2,0.806091,-1.0,Amazon Stock Rally Erases Losses for the Year,89746b9ce3cc8197a622322020ef145323a36e02dbf6749042f2cd07bc52e7cf
AMZN,2022-03-28,M&A,1,0.626838,0.0,CEO interview: Silicon Labs’ Matt Johnson on balancing breadth and focus,771a7b499c00de9d64c00d4f30ad2841511b0dad2f94043af422f9ac387e147e
AMZN,2022-03-28,OTHER,1,0.610757,-1.0,Sea e-commerce unit Shopee to shut India operations,1e9bcb0810cc9e9e911d78b61cb8b5fff7580529aac459cccc703542c8cf24b8
AMZN,2022-03-29,MACRO,1,0.587562,1.0,"Consumers Will Increase Gift Card Purchases in 2022, a Fiserv Study Says",443a5a87f0dbbb4ed6d73fc3ae7b473a994e051c2168cb80e5fc6d85532e3fb9
AMZN,2022-03-29,OTHER,1,0.835793,0.0,AWS for Games,3254e410ecc7c86d12f481ac0db9cc31dd20dbbb8e9fc262c564d765ce80cc7d
AMZN,2022-03-30,EARNINGS,1,0.617235,0.0,IonQ Named As One Of TIME’s 100 Most Influential Companies,10c97d1ecff061a426b50cbe7a03a2eb78301dfd71ec5bfc2403de00b888670f
AMZN,2022-03-30,MACRO,1,0.606711,0.0,Global Paper and Paperboard Packaging Market is estimated,2df3f57f6260437d25435ca1749eec53e01f996f4a583d4902755e5a8d314922
AMZN,2022-03-30,OTHER,6,0.6798456666666667,0.3783567054679567,Palo Alto Networks teams with Amazon to bring next-gen firewall service to AWS,1545daa44bfc6cfc2b42dc87bf11f92ea6922449df279e30ef79f0fc1be5d469
AMZN,2022-03-31,M&A,1,0.91278,1.0,Amazon renews Prime credit card tie-up with JPMorgan Chase after flirting with American Express,4da58d2fc4114a290618520ea709fcd55cffd941d3a0c3c6aeae8f0a75ad4638
AMZN,2022-03-31,MACRO,2,0.6851005,-0.5330955093449793,The Unintended Consequences of Taxing Unrealized Capital Gains,1de241e61bde1514f3a6653da6aa7d04217be927141889572da18ea3795b923e
AMZN,2022-03-31,OTHER,1,0.638416,-1.0,GameStop Soars on Plans to Extend Rebound With Stock Split,a59a3d85d266e1a5dcde5907cf742764422afd8c056104a517c9272b38e4e8bd
AMZN,2022-04-01,EARNINGS,1,0.925252,0.0,"CEO Pay Comparisons: Amazon’s Easily Outstrips Macy’s, Urban",148bfa9fa6705f25c55e8d674f47cdd71529646fe1adb7fc7c2c10188b5f5b79
AMZN,2022-04-01,MACRO,2,0.9524524999999999,-0.5249605623377545,"Amazon workers in New York City vote to unionize, a first for the company",6bf4b1da51257df03c67920515876d4bb55489526b86911cd9ee77d793d3ceec
AMZN,2022-04-01,OTHER,2,0.8180385,0.0,Amazon workers in Alabama have to wait longer to find out if they won a union,bcd60d62ce6d91e26b8345064fcc044035cae5456840fd2d56626851a99a2c0c
AMZN,2022-04-01,PRODUCT,1,0.709611,0.0,"Palo Alto Networks Unveils Cloud NGFW for AWS, a Managed Firewall Service for AWS",9dc726f465af5c76b6ee2d8cb3b998c4cfbb14413758e32e39c181c280ccb201
AMZN,2022-04-02,MACRO,2,0.8233075000000001,0.3926934954436829,New York warehouse workers vote to form first U.S. union at Amazon,8445eff31e2f9ba1aa99c11482eda78a13f0e96f2347c08743a199d4d6b8f178
AMZN,2022-04-02,OTHER,1,1.0,0.0,Big victory at Amazon gives unions promise - but no end to challenges,b07cad28f810270c75b6f2e57c90f05f359deb5b0800a01bbd746e35a54ee3ba
AMZN,2022-04-04,M&A,3,0.6743033333333334,0.0,Internet of Things Market Size [2022-2029] Worth USD 2465.26 Billion | Exhibiting a CAGR of 26.4%,8df885abe5a6a4285e33955299354410211994e75c35c0f72f70a5d51bf0fc7a
AMZN,2022-04-04,OTHER,2,0.744543,0.0,Why Big Companies Like Tesla and Amazon Are Splitting Stocks,18c12919c4655f6340bd7b040df548d44b813df3789b706d7a713f62938a3dc0
AMZN,2022-04-05,M&A,1,0.636366,-1.0,WarnerMedia’s CEO departs in advance of Discovery merger,6c5718b78d23e010dcfe62b6e501c70b19747e7188a22176287e57c50992d825
AMZN,2022-04-05,OTHER,2,0.6518660000000001,0.0,Investing in esports in the context of recent events,e53973102a98d23c0aebb595a71ce7f70330ec3493ee8e7c13937b42129fc619
AMZN,2022-04-05,PRODUCT,1,0.902251,0.0,Oculus VisionTech Launches in AWS Marketplace,3b83b2b08198898281e1cfe522161857f744ec6c10e4791280bfbc12b1834f3c
AMZN,2022-04-06,EARNINGS,1,0.656819,0.0,Uber hopes to become the Amazon of travel. Will its latest effort to take on Expedia and Booking.com succeed?,ad4b5836613cd8e1f5844bd98a3fe71188750c4586a1848b0bafe12f0b79250f
AMZN,2022-04-06,MACRO,1,0.627678,0.0,"Piper Sandler Completes 43rd Semi-Annual Generation Z Survey of 7,100 U.S. Teens",22489f304f8947e13aa228d63a31975e05d2045a9b4acd7c9790040d777edc52
AMZN,2022-04-06,OTHER,1,0.833489,1.0,Global Video Streaming Market to Boost in Coming Years –,f89ef1923c0ddc273a84006aac8fa0b81b7ffdcae5ff481aa30fafa8caeb974b
AMZN,2022-04-07,EARNINGS,1,0.63081,1.0,Destination XL Sees $10B Opportunity in ‘Underserved’ Big and Tall Market,089c3144be6a6a91935bcdea8bcfb4eb7728c2225e5297d519d15ffc8584e8e8
AMZN,2022-04-07,M&A,1,0.65556,0.0,"UFC, Formula 1 and WWE could be the next acquisition targets for streaming giants",fe170d193361af8d050f440b87546db29d2489f374af1eecc3519ca4befc4834
AMZN,2022-04-07,MACRO,1,0.627633,0.0,Is QQQ A Good Buy For Dividend Portfolios? Why There Are Better Choices,ea5596cce2bbd54d8b518b9f85de6f4b74a73046cff4957e016879b7086ad99e
AMZN,2022-04-08,OTHER,1,0.725048,0.0,The Weekly Closeout: Dick's names ambassadors for Calia brand and Walmart sweetens perks for sellers,4a4fcb296b42cb0b51aac024a63d1c54d8ef6743992aef79161a6ca6a4a9379e
AMZN,2022-04-11,M&A,1,0.635386,0.0,Identity Security Company SailPoint Acquired By Thoma Bravo -,3002cfc1ae854366d28247ff7b2d57e8d4de7e19706e102c4114332c1ab47b02
AMZN,2022-04-11,MACRO,2,0.6084525000000001,-0.5038717073230861,Etsy sellers strike over transaction fee hike,d624c993d8fec86fd94fa3fd1d8c39136e6b64bab4c682abf41ce252559c7ab1
AMZN,2022-04-11,OTHER,3,0.7837416666666667,0.14937957873023633,Amazon unexpectedly renews employee monitoring debate,9926db44d00c2f39e5d328f10dbbb652f23bc559f909fef61228e63a5d27f5c4
AMZN,2022-04-11,PRODUCT,1,0.640614,1.0,These Black Women Launched An AI-Powered Beauty Tech And Secured Backing From Serena Ventures,a2092b84c0b8d26ee3585b74a00fe14d184bff9f91b3b6232fc907148e6024ff
AMZN,2022-04-12,EARNINGS,1,0.693464,0.0,Pay-as-you-go MongoDB Atlas now available on Google Cloud,7c964046c891faf0c24fb0ab20c8526c1d45703c1b372dc74910201f0621fb7a
AMZN,2022-04-12,MACRO,2,0.6829265,-0.5396122423130454,Etsy Sellers Strike as Site Ramps Up to Battle Amazon,9182839aa5d9ecc65fb7bbb9839159454039d348c1d92dd1ba99054e698b8f87
AMZN,2022-04-12,MANAGEMENT,1,0.619433,0.0,Walmart Hires PayPal’s John Rainey as CFO,c37a5e6ed67a3558f83dfc31f54d8725bdb272b7248baff25a7bc809fae1a45c
AMZN,2022-04-12,OTHER,3,0.6261993333333333,0.0,Turtle Beach Elite Atlas Aero review,a4aa5ddcfaaad338d65ca0bf483036ce1621c32ef9b67a6d3b97272c7dae2705
AMZN,2022-04-12,PRODUCT,1,0.61983,0.0,"New Peeps 2022 Products: ColourPop, Cold Stone Ice Cream, & More",6b2ee6ebe3c25675a3e70a202e3479d8232b2dc6ee5cd51ec3ba093db69c42b1
AMZN,2022-04-13,M&A,2,0.8157030000000001,0.38703179956430217,"IMDb TV will be renamed Amazon Freevee, says Amazon",6cfc20e24f1fc504ee177f1da4b6db031d6cd3b25a5fd01dc00f0c8abd7c382d
AMZN,2022-04-13,OTHER,1,0.622493,0.0,"UK gamers prepare for ‘post-console’ future, finds Amdocs",02c4d6b4d6a31c2497318b7eeb03b7d16fc4f3dba4d37e8f301e9c91cdfed296
AMZN,2022-04-14,EARNINGS,2,0.8235509999999999,0.0,2021 Letter to Shareholders,41fa27795f1a60ffb399b27b043ee83974be9bed8bf43eb88f6a71a5dd10ed84
AMZN,2022-04-14,OTHER,1,0.730307,0.0,Microsoft India appoints Amrita Thapar as its CMO,82d00aa3ca717724fc756e1d1be2b264f3cecc629b905f92e2738a02f209f96f
AMZN,2022-04-14,PRODUCT,1,0.711037,0.0,L3Harris Will Support ULA In Their Launch Of Amazon’s Kuiper COMSATs,6dc1d484bb77fca2f975a37e497442e16c2b857e7533611824228f0f6d6414e7
AMZN,2022-04-15,EARNINGS,1,0.635945,0.0,Lands’ End Brings Size-Inclusive Swimwear to QVC Shows,56cc813aa4c68a6c76316ad8031f93eb6a71149b75404ce59d4315f54f23cffd
AMZN,2022-04-15,OTHER,2,0.6807575,-0.45799495415033986,Anti-aging technology is coming. Here’s how you can be ready for it,5767d38b274bab5f34cd17613cdd9574c0ff451b6a4d622cc704207013d76086
AMZN,2022-04-18,MACRO,2,0.797363,0.6144967850276474,National Landing poised to pass Capital Riverfront as fastest-growing neighborhood,cc59feb39477daef41602a3a7e43c09b2875e3f5af7320ea9952660387bbf381
AMZN,2022-04-18,MANAGEMENT,1,0.606753,0.0,CEO Steers Electric Truck Startup Rivian Through Supply Chain Twilight Zone,4c45345f2505e55b6fa56e2e5d582f648acba94e3eac60157e3ee4088fb8ea9e
AMZN,2022-04-18,OTHER,2,0.6582749999999999,0.4312772017773727,Why the Immense Selling Pressure on the SPY ETF Must End,a3c2a3923f95d144787aa807f50a75f5ec41eefdaef8c7af9ad1a9c75f0ac4c0
AMZN,2022-04-19,EARNINGS,4,0.62908075,-0.25962326776014044,How an Etsy founder turned ice cream maker feels about the e-commerce giant today,378f5bc273be7c76c126e797086ec66d8d4b7c204b175cd2abb3e70297e341b6
AMZN,2022-04-19,MACRO,2,0.7613,0.0,RCD Is a Way to Spread Consumer Discretionary Bets,64cc43e3ba309be4ef2e7ac9e13e8f9b2089e9b2b8158d81c37cbd4a80f69daf
AMZN,2022-04-19,OTHER,3,0.6189653333333333,-0.32373056972496034,VERB Appoints John Rizzo As SVP,d5428185d2c42695cdd87795b618fcac0e24ffc9afc15db8f7dadc2a40c7a03f
AMZN,2022-04-19,PRODUCT,1,0.627008,0.0,Makers of America's No. 1 Selling Chili Brand Launch HORMEL® Plant-Based Chili with Beans,643951159f5a5a15b9b4d81b015373554d7a98108548ee37be3b7f6ab2f2f85e
AMZN,2022-04-20,EARNINGS,3,0.7708643333333334,-0.2911506694001063,Amazon Europe Unit Paid No Taxes on $55 Billion Sales in 2021,9aae6f082ed07efecf919a90f01c409a0d6a1e5189a9f097fce340f1d3213bfe
AMZN,2022-04-20,OTHER,6,0.675877,0.3174551977159552,"Popular fashion brands you can trust on Amazon: Ugg, Champion, and more",288f5a8542c803efe2d018fc79f9a8e5eb486c2f24af0529ffdc15522da06646
AMZN,2022-04-20,PRODUCT,1,0.602173,0.0,Latest Oracle Exadata servers ascend to the cloud,acf1deac425e138f9fc94e860d938213ef1a9b726907d5424aee8b943c0442a0
AMZN,2022-04-21,EARNINGS,2,0.6296269999999999,-0.5319411334012043,George Soros Losing $1.3 Billion on Electric Vehicles,d1a2dc70192eba29486b2f1f4694b3cd042b14d76917a5104e6ab6fd3e11afd1
AMZN,2022-04-21,MACRO,1,0.622518,0.0,State of Rhode Island,bcdca0f5415c84a601ad33e41840b440495ca7c4358e45cb9ee7853c19d04a6a
AMZN,2022-04-21,OTHER,4,0.63646225,0.0,How airports and airlines are harnessing new technologies to improve operations and CX,0ff7b9436f2e7031f5eda70a01956a6d7aca7d23ac41648f8dd84ad0531f84ed
AMZN,2022-04-21,PRODUCT,1,1.0,0.0,Amazon launches $1B fund to invest in supply chain technology companies,24953bfbd33ff07e5ee4c86df905dde708e2a22b28d43848f9bcda69e4181fda
AMZN,2022-04-22,MACRO,1,0.733715,1.0,Walmart expanding its India sourcing to $10 billion by 2027,effe0ce7c01350d119acbd1fb5ce66ac5991311825d48e7f700b03bcd15d8864
AMZN,2022-04-22,OTHER,1,0.605753,0.0,Uncrustables Are Better Than a PB&J You Make Yourself,9d70d111d70fd9530d90dfc53cb38783ddba8ceaaf1462a4918202865733ab5e
AMZN,2022-04-22,PRODUCT,1,0.646052,0.0,Cloud Architect: The Tech Skill Everyone Wants to Learn?,31d0d3a8b756c5d003cd9435589297ca72cedd07ae1fea5f6b2e7e036901b8ac
AMZN,2022-04-24,MACRO,1,0.630825,0.0,In Pics | World's top 10 richest women in 2022,23c8f0b2fbef7c4cffdddbd6d8462257b010291ee0cda38e989bb5823211eba3
AMZN,2022-04-25,M&A,2,0.7871589999999999,-0.6032771015766828,Reliance abandons plans to buy Indian retailer amid challenges,e36b76e4e8bffaadbf4e9fbc272572ec2c6a62fba1367d27b9a210cab2cdaf65
AMZN,2022-04-25,MACRO,2,0.6132839999999999,1.0,Cargill Plans to Deploy Green Ships by 2030,d41bc37d5b525e2db0348bb646b7832045d36c977fb20d807577467972436911
AMZN,2022-04-25,OTHER,7,0.6470281428571428,-0.11612146700618234,Witty & Frank: 5 Successful Examples of Self-Referential Marketing Campaigns,7bdc9c906d6d5d26ee35127b6126c84ddf128342df21cf3584c10fbdde6adee9
AMZN,2022-04-26,OTHER,3,0.612567,0.0,The Trusted Yelp ‘Elite’ Reviewers Who Sell Their Reviews for Cash,3c681f648e96055901dad9358d2ccd65a62737336729c1c79a1b18b4d8b14eb7
AMZN,2022-04-26,PRODUCT,1,0.635765,0.0,Marcelo Affonso and Rebecca Weekly: why we joined Cloudflare,c2bc1f79f96d101beca505a19d0159baebf735af77cfbfa0cdf139c25202fe83
AMZN,2022-04-27,EARNINGS,1,0.626314,-1.0,Equinix Q1 2022: xScale Quarterly Leasing Activity Drops to Zero,33d3ed62407bc25fb8b579df2cd65ab9db79ad57da3aedb207012d8ba1baa01e
AMZN,2022-04-27,M&A,1,0.644527,0.0,Does a Musk-owned Twitter dim Tesla’s star?,a37c29fa5121eae2f52a06610f8112c617b7f6f89ef2c0232892cc848771d8ac
AMZN,2022-04-27,MACRO,2,0.755606,0.0,"Why AWS, Microsoft, Google, Visa Are Setting Base In Kenya",a207e0321bdfb5c8956ae3d10da46d54e76ec733e7ef67cbcc9a06600ec4e2d3
AMZN,2022-04-27,OTHER,2,0.964445,0.5184328810870501,Amazon Signs Deal to Bring One Championship MMA Fights to Prime,451e00cb55b3b96165aa0a3bec147ca3918dec2c83be22cbbd0317a44b49e548
AMZN,2022-04-28,OTHER,2,0.8006249999999999,0.0,Amazon Just Quietly Added What Might Be Its Single Most Important Feature Yet,fbc3eecac0c07bf2fca330a4fc65192a927619a6c44512681d67308b381248ee
AMZN,2022-04-29,EARNINGS,7,0.8773288571428571,-0.7061357673014614,Amazon results and outlook fall short as fuel costs soar,460174092703135264579921ac874c1951f10e7b4a9b22b944b4597a967b9234
AMZN,2022-04-29,MACRO,1,0.613158,1.0,"Toronto, Montreal data centre markets grow, but face challenges",f698c68920cb28c57d3251390b11f2014cd85ada6b029851b3483693efbfb0f2
AMZN,2022-04-29,OTHER,7,0.7619758571428571,-0.11505501392901275,Victoria’s Secret Starts Selling Its Beauty Line on Amazon,eb65280e09779c5a19b106721920ed25b6b1ea26b456642d3d1ebab586666786
AMZN,2022-04-29,PRODUCT,1,0.86794,0.0,Victoria’s Secret and PINK Beauty Add 120 Products to Amazon Store,a118e01b34d1794866ab3b8668878bd0b41d411fd4ee58296a10ae28d43cc8b5
AMZN,2022-05-01,EARNINGS,1,0.584063,0.0,3 Nasdaq Stocks to Buy Now for Growth,0d9271c67f93a4f0c7bf3914d22b72a0a4fc44a1829277503b9768f7ebc32c97
AMZN,2022-05-02,LEGAL,1,1.0,-1.0,Woman says Amazon.com fired her because she got 'long COVID' - lawsuit,13a2c9229b1016f7de8fcbae81d4163e14eb54d00333798f89f103500d6b25e3
AMZN,2022-05-02,MACRO,2,0.8056215,-0.379361151607796,Amazon defeats drive to unionize second New York facility,a41db58b62d19652417a5be7f2d05c0b0d7fa1c9431daf4d679e0a67489a5444
AMZN,2022-05-02,OTHER,1,1.0,0.0,"Amazon to reimburse U.S. employees who travel for abortions, other treatments",f8516394c39394d361873d0e9ea5b1214a296ff6d9461a5c1fd35a67b6d1769b
AMZN,2022-05-03,MACRO,3,0.9395596666666667,0.7095522406063266,"Amazon Announces SoCal Expansion, Including 700 Jobs in San Diego",4d8e8db7195f309a86148f86d5c449795be385738b947909bc2e6ab1add8f07e
AMZN,2022-05-03,OTHER,4,0.7708425,-0.29107599801515877,Stock Splits Lead to Split Results in Trading,16e61f55ce60b864c53b24553e0dd26bdf8c3dc1b3988f246007aa5daceefb8e
AMZN,2022-05-03,PRODUCT,1,0.600136,0.0,13 Companies Offering Quantum Cloud Computing Software Services,9f9e17fa2b1ec5bb7a2a3c14430533a9899aa5d2ca9b64e3bde8086189076cd3
AMZN,2022-05-04,EARNINGS,2,0.6244609999999999,0.5152819791788439,"GXO beats Q1 estimates, raises full-year guidance",5897cca623430a3de4483290e79aaea57854ee93de4f964805cf6d281c53bf22
AMZN,2022-05-04,MACRO,5,0.8314201999999999,0.06495055087668064,Amazon says it has too much warehouse space. What's that mean for the broader industrial market?,a1415c6af0b220a4917fc8e2dd495d279efab821bb9a2201374b02e06050ebe6
AMZN,2022-05-04,OTHER,6,0.7516465,0.0,Seritage Secures Lease with Amazon at The Collection in La Jolla,6c2e3998d64fd3148526f6a450b968fb675cfebe8278cb6963915956f2319fa8
AMZN,2022-05-05,EARNINGS,2,0.8165344999999999,-1.0,Tech sell-off pushes Nasdaq to steepest drop since June 2020,a77ccc52244888f516ab8a6691584cf83639566244dee6bd36cc719cf5518698
AMZN,2022-05-05,M&A,1,0.747951,0.0,Shopify acquires shipping logistics startup Deliverr for $2.1B,6ed99d18f193ecfea97b25cc15383386c0dc414578824a3b1eba618c2de29bf1
AMZN,2022-05-05,MACRO,3,0.6264293333333333,0.0,A Look At The Exploitation Uber Eats Food Couriers In South Africa Face,b6e7c33821d660e40b0437f2e02593d840f9f53d6962c4c2488b8a7b6da8af84
AMZN,2022-05-05,OTHER,3,0.7306806666666666,0.14546664708066726,AES announces deals to provide 450 MW of renewable energy to Amazon,f8cd3ac798fe2ad9e5ad90c9c460d45dfaee4ad71346f2f300cc431de264bc6f
AMZN,2022-05-06,MACRO,3,0.8166056666666667,-0.4081937548804666,Amazon fires managers at its pro-union New York City warehouse,fe4ea1e4d9a071f7f0cd7c498857e9012c5ac274d11edb23552c775ac9f24350
AMZN,2022-05-06,MANAGEMENT,1,0.633868,0.0,Ankur Bhatia | CEO | Chogori India Retail Limited,63ed6819170c10af0bc457695a5e9d150a1d5f8678fcb1bc1d4191bd028c9d67
AMZN,2022-05-06,OTHER,1,0.723951,0.0,20 trustworthy online money-making sites in Kenya in 2026,a29a74aaea7dd742249792ad028306dc4eb946acc9c51236066a08dad8247a33
AMZN,2022-05-07,MACRO,2,0.6001510000000001,0.4588711840853385,Starbucks asks White House for equal time after Biden met with union leaders,b49914eabc592dbadaf7ac5f980911a654ce4798e3070e2081593d11c890bb4b
AMZN,2022-05-07,OTHER,1,0.907952,1.0,AES Corp seals two renewable PPAs with Amazon,73d6872ca1ee84cf532a93194610eb4f06e2820c3f1abb8f7876bb59f09a3fa8
AMZN,2022-05-09,MACRO,1,0.640694,0.0,15 Top Cities for Machine Learning Engineer Salaries,a68fbc09fe9ebdd5747af8bdebdeaa99daf366d9bad7b39f254cef8526746893
AMZN,2022-05-10,EARNINGS,2,0.6304485,-0.506882005429468,Not working out: Peloton plunges after cutting outlook,50efaecd52a9d4a76c710d733cd2d38e0ba14c1ffb54ebc36ddd211915640bf0
AMZN,2022-05-10,M&A,1,0.747695,1.0,Prologis offers to buy Duke Realty in $23.7 billion deal as warehouse demand soars,c299d72920c31e3923ec1a25591278e618796099d17aa9fe1d5d3378e5a52e8f
AMZN,2022-05-10,OTHER,1,0.587499,-1.0,"Telesat, Globalstar, Intelsat headline upheavals in satellite industry",923c20a3e0733bdf9cc48b0629414b6004d33377ff542c082f6381655e0dfb79
AMZN,2022-05-11,EARNINGS,1,0.669476,-1.0,Rackspace CEO’s comments fuel speculation about another sale of tech company,dbd3a99b6a6bb7038a4b9b7bcf2a6b25bb70cc04213ba3ba5be2a0d0c21c86fe
AMZN,2022-05-11,M&A,2,0.6266244999999999,0.0,"Rackspace for sale, looking for privatization",ec7eb143dcc8e8ea1d0e3c2050da2e95317f07784be14ad1ff7023a93518ba6c
AMZN,2022-05-11,MANAGEMENT,1,0.631707,0.0,ReNew Appoints New CFO Also Brings in New General Counsel and Chief Growth Officer,e7e673a82de8c91f36f6e6e4d689911a6c90ffba729c49e42c8f32796de9f9f0
AMZN,2022-05-11,OTHER,2,0.6191345,0.0,Summer’s Eve Intimate Skin Care Spa Collection Takes Serum to New Places,676e5cd04ced0206d5bc0696c3681b945732290043873275ef77172c6fae69ab
AMZN,2022-05-11,PRODUCT,2,0.6372185,-0.4775802962406145,"Google Cloud launches AlloyDB, a PostgreSQL-compatible database for mission-critical workloads",0193449d91017e3121f137f9d16ef4673b85f207b4a53aee37c83f93f11ac5a6
AMZN,2022-05-12,EARNINGS,4,0.64882375,-0.23360966672382136,Global 2000: Berkshire Hathaway Takes Down JPMorgan As America’s Largest Company,2c809f87104da72c9e72379e45e4148d0be9a62d8ab50624422d0b93271aeabc
AMZN,2022-05-12,M&A,2,0.6044895,0.4976198924877934,Andy Burke Joins Tishman Speyer to Lead Industrial Platform,e2f0b4cb0b40dac79f2e40be0cc47328fca45339b003dc6a5553967b53da5499
AMZN,2022-05-12,MACRO,1,0.725963,-1.0,"Starbucks Baristas Are Unionizing, and Even Howard Schultz Can’t Make Them Stop",6cca04830dac2b897a1e5b19825613aab23ff470c55c9875e8b6a18d1c02fdf3
AMZN,2022-05-12,OTHER,3,0.6324136666666667,0.0,Breaking Bad's Giancarlo Esposito Is The Voice Of Sonos' New Alexa-Style Assistant,0bae30ab71b0d48dbd595d7431a4c27affdfda7b1abdd7d54dfbe27408b8914e
AMZN,2022-05-13,MACRO,3,0.6470273333333333,-0.35108975303464773,"Exclusive: Maker of Walmart, Amazon store-brand baby formulas sees shortages through rest of 2022",3c696e92178c5cdedffae136da1d10eb9a4d5f2ecbe851a4153c86e20f17cb3b
AMZN,2022-05-13,PRODUCT,1,0.621305,0.0,WD Targets Cloud Challenges,fae848110970d323910b6a8f595f8b60a6225d562b879a998f7e2a19a719e360
AMZN,2022-05-15,OTHER,1,0.608568,0.0,Sonos Ray vs Beam (Gen 2) vs Sonos Arc: Which soundbar is best for you?,f035a38bc6e9040db4470f333aad33d59034a73a4687cc2253774d4d844ed491
AMZN,2022-05-16,EARNINGS,1,0.861691,0.0,The PG 100: Ranking Top Food Retailers in North America,47526316b48c4fef71fca80643802b6a111115956992d976b88446718f55ea49
AMZN,2022-05-16,OTHER,3,0.737397,0.0,QVC in the digital age: Tech giants like YouTube embrace livestream shopping,497c4020262bcf0a8076aa78f482b30b23515a82cd151fbb013a83aba646a342
AMZN,2022-05-16,PRODUCT,1,0.613858,0.0,A Look Into Public Clouds From the Ransomware Actor's Perspective,95c5db5478b6d11559a2bdc583998358c85c3b30a45dc41ad2f78ef95c826bf4
AMZN,2022-05-17,EARNINGS,1,0.609405,-1.0,Netflix lays off 150 employees as the streaming service contends with big subscriber losses,bb439c01fb6ed92d85b2b6df96969bbece8ea6cece2c16560a5343b9a801a773
AMZN,2022-05-17,MACRO,1,0.569637,0.0,Why unattended retail is exploding in response to consumer acceptance,7180a14113f703d14801c0f39079897027d1cc32abbf29f614a9191041a1fa6c
AMZN,2022-05-17,OTHER,2,0.8110649999999999,-1.0,"Amazon’s unpaid time off practices violate USERRA, class-action suit claims",5ed2b3356e130f8f01c0ef3d6f473d31b898f2c7110c1d69c34f3a27ea519144
AMZN,2022-05-18,EARNINGS,2,0.6098764999999999,-1.0,US stocks suffer biggest daily drop in almost two years,e89004978e8e5bc8aa976a59ee360d67a344c6d7a8bad01aed676ba70807e4d4
AMZN,2022-05-18,M&A,1,0.621389,0.0,The Most Innovative and Important People in DC’s Tech Scene,433e4067e99fccf2485f98803cad2b9838e6b2438f75912ae608b7a3d44d50f2
AMZN,2022-05-18,MACRO,2,0.810326,-0.38296438717257003,"Amazon, Kong Studios Opening Offices In Santa Monica",4afbdd9a1fa836dceb07fff176d91a94e648b791191b7b5a381d6e1bdef6c851
AMZN,2022-05-18,OTHER,3,0.651339,0.37145377957305387,JD.com Opens First Overseas Service Centers in the US,65d84d6ac6509521f306f59ab9e5ffc61907e4be7e0f8f23e70197cf2470ff5b
AMZN,2022-05-19,EARNINGS,2,0.6287465,-0.5034739756006594,Wall Street ends sharply lower as Target and growth stocks sink,92f6caa499d3408e66a50d3f589a9308b296af2ef6d42ac1cfbd1604df2b227c
AMZN,2022-05-19,OTHER,2,0.6407,0.0,FedEx expands pilot of self-driving trucks,3c4a77b1ba345002f8707f92b2cb2909ada2bc982d02bcfcdabf1e002e23e908
AMZN,2022-05-19,PRODUCT,1,0.55411,0.0,American Makes Microsoft Azure Preferred Cloud Provider for Airline Applications,9a6b1b517c123bde7ca8eed7a42357caa20c155fb3e46eae32d3630e50e09928
AMZN,2022-05-20,OTHER,1,0.727,0.0,Will smart shopping carts transform the shopping experience at Albertsons?,9214eec983749c05ec08ddfea1051f685d1f8cff65635bc1d57f2f9bfd0cac90
AMZN,2022-05-22,M&A,1,0.646024,0.0,"Broadcom in Talks to Acquire VMware, the Cloud Computing Company (Published 2022)",e2cbd246795d101af65385a4dfe1b525bacc40c2dfd0d19da8a94e43bad7be2f
AMZN,2022-05-23,EARNINGS,2,0.6306080000000001,1.0,ARKO Corp. Earns Spot on Fortune 500 List,fe359ee9142350df34ff546fa3b9f1cb519aaccfbd5b710874ad3488809d7bbd
AMZN,2022-05-23,MACRO,2,0.8104525,0.6169393024267308,Amazon gains on UPS in package delivery volume,2ab9c04f34c794f5dd17cd41fdb482146f5549524e1d35f127e872d4fade2047
AMZN,2022-05-23,OTHER,4,0.7206987499999999,0.0,Amazon (AMZN) Announces New Fire 7 Tablets,23e2b3347038ffc25e4dd72c443af005f81bdd53fe4333c1080dd06a68821dd4
AMZN,2022-05-24,M&A,1,0.749288,0.0,Broadcom Inc in talks to acquire VMware: sources,d7d8f03396af5052d7e8e13725f27cebd6de21c2bafe34dd097f93a8ddce31d0
AMZN,2022-05-24,MACRO,2,0.804629,-0.24280879759491641,Amazon.com Inc. delays hiring by months at new 1 million-square-foot facility in Clarksville,64b571af605fe25240c21e21df2045188d59aa552b7509f80cc76973bd646155
AMZN,2022-05-24,OTHER,3,0.7934869999999999,0.3049333721493442,"How Amazon, Microsoft, Costco and more Seattle-area brands rank by reputation",0d467d950d405fb2f6a76bd2c2f053c81c9e7c638b0c48ac3a1087a23fe32d43
AMZN,2022-05-25,OTHER,2,0.617157,0.49946285953169134,Our verdict on the Garmin Instinct 2S GPS smartwatch,3023ced66c7a535cee7fd1d632fc153e777ac96b41dab8f06e36542aaeaeec11
AMZN,2022-05-26,EARNINGS,1,0.563813,0.0,Zadara edge cloud surpasses 400 points of presence,d3445925c5849d33db82e8ccdc7dd5d897ec995cffde0bfda4717c31a0cc3fb8
AMZN,2022-05-26,LEGAL,1,0.618523,0.0,Courts Are Not A Weapon: How Corporations Like Chevron Use The Law To Get Their Way,8f4870462150c6d19a4209c99bf176d527288402b08a317a88a5422562732f3f
AMZN,2022-05-26,MACRO,1,0.722877,1.0,Hyperion looks to slower growth for a helping hand,384a08a04b5d7e1d86d6f4f01b180ed6d9f55314d0d12294be14b02db702d380
AMZN,2022-05-26,OTHER,1,0.626367,0.0,100-megawatt Sunflower solar station unveiled in Mississippi Delta,baf9db0f8dae291188c31b0a5732ee1793f6880e17adb4097fa7662524a2adbd
AMZN,2022-05-26,PRODUCT,1,0.627212,0.0,Coty launches first-ever Chloé Fragrances e-commerce store,95ab1465abd9da28e9795426e38fb5feb81b33f5e3887cf48b053ce748072785
AMZN,2022-05-27,M&A,1,0.634041,0.0,Broadcom will tame the VMware beast,7fb0c36ef15892e3702cfc6d86cb9768aaabcb88f73e8b5cfff75e01199351ac
AMZN,2022-05-27,MACRO,1,0.600182,0.0,Putting Recent Market Volatility in Perspective,6c58c7a7f324f8c5e742803135bae369495a3c0ee072d11b9579fef98c3c5997
AMZN,2022-05-27,MANAGEMENT,2,0.635032,0.0,Moderna CEO Joins List of Billionaires Committed to Philanthropy,9e99c1d915d4b2b48d8248fc0f9ae67adf4a4438f64aa76630c822addb71fe3c
AMZN,2022-05-27,OTHER,3,0.7157206666666666,0.0,Five Below opening location in East Setauket this summer,340ea1eb44c45fea5ee12541846aba608d03131116434090c79945cf691eb429
AMZN,2022-05-29,MACRO,1,0.649069,0.0,Boeing will move global HQ to Arlington,8b06615188b792edf6b42cc09bbb6c75eaf8aa9aa795f5beee1ea1299bb03bc7
AMZN,2022-05-30,OTHER,1,0.611132,1.0,Industry backs Lloyd’s of London’s $465m DXC Technology contract extension,bfcbdf106e651300aa2416632af06935e693f1ead88c766f6ff5f855fd214b30
AMZN,2022-05-31,M&A,1,0.707697,0.0,American Eagle’s Quiet Platforms partners with global shipper Pitney Bowes,0309a9ccc643c6baa19cbbf655f6c02bf52759b02c92425403c9ad9a838a4160
AMZN,2022-05-31,OTHER,1,0.630578,0.0,iRobot Unveils iRobot OS - The Most Thoughtfully Intelligent Operating System for the Home,93cabed035824206f801ee20312dfdbdf590a28a4d2c25c97cb3aa94de6d5506
AMZN,2022-05-31,PRODUCT,1,0.741757,0.0,"ZIM Logistics China (ZLC), Ladingo and ZIM Announce the Launch of ZL MAX™ - a New Service Package for Amazon Sellers and eCommerce Businesses",1e657a83ad2449571d116d23bf371fca5b6daf6fd4fe4b25956eeaf3a097e6cf
AMZN,2022-06-01,OTHER,3,0.6365533333333334,0.3184813003361855,Quantrepreneurs: Wall Street Quants Who Left Trading to Build Startups,af47a67dffc17d1faa0b914bae5043c2d32cedb49218dadece7a6173d0ae9c01
AMZN,2022-06-01,PRODUCT,1,0.603666,0.0,ADM’s flaxseed products ship globally,14aec66ff71f9b0c89c0bf4886070d5d620cb7ef91cf0fc2ebcc10b6ff6c2396
AMZN,2022-06-02,EARNINGS,1,1.0,0.0,"Amazon CEO Andy Jassy earned 6,474 times the median Amazon employee’s salary",dba2c1019136209ba9405cfcd95b58fe51b306a537e5c99edcba882b3e4c126f
AMZN,2022-06-02,MACRO,1,0.928986,0.0,Walmart is using its thousands of stores to battle Amazon for e-commerce market share,59e6db0531ae2ddf35b846bd05f5e921e81657c70e1ec0891faaeceb06f8d586
AMZN,2022-06-02,OTHER,1,0.578883,0.0,"To Promote 'Stranger Things,' These Businesses Developed an App That Lets You Order a Pizza With Your Mind",74c59d90dee8415f252d7cbe395d878a2dcbac141d8a862654e6eb19074d2b6b
AMZN,2022-06-03,EARNINGS,1,1.0,-1.0,Amazon consumer CEO Dave Clark resigns,6e9fe17cedceb3acb95e31df285d44c8266275929aaf9055610db77d6af117a7
AMZN,2022-06-03,MANAGEMENT,1,0.991969,0.0,Amazon executive behind its massive delivery operation to leave after 23 years,5533e645d2d837a1e128ca329ca592e70dc27018326c25a4bdc2565d7fd019cf
AMZN,2022-06-03,OTHER,4,0.7478597499999999,0.0,What Does Amazon's Stock Split Mean for Investors?,85b38210502363109b6576c3a191b02b2b9e1ebb177e70defb6300fb189b2d17
AMZN,2022-06-04,OTHER,1,0.606553,0.0,"Ford Motor Company Will Start Online, Fixed-Price, No Haggle Sales For EVs (Updated with Video!)",46a9ff2deef20525626d6cd949605180208407f9bf45a12b5d8cc76aa56b5a35
AMZN,2022-06-05,PRODUCT,1,0.622999,0.0,Toxic Products Sold at Dollar Stores,ced31fa50854fc96fb26097a3106d8d15f4b0b3d090dd39e007545b9ad8d3136
AMZN,2022-06-06,EARNINGS,2,0.629749,-0.4884152257486713,Netflix Gearing Up for Formula 1 Rights Push,ff89ebf19d91944d5c5b4c5b89020cf6bf3965a4c5486f2dc06c77c905eb4abb
AMZN,2022-06-06,LEGAL,1,0.747175,0.0,U.S. Supreme Court rules Southwest Airlines cannot force wage suit into arbitration,e4410751d8a568d8d061c88e2bd2e2d972d69148b7e4497cfd121120f87b6dd8
AMZN,2022-06-06,OTHER,3,0.7506646666666666,0.4440509166543073,Amazon (AMZN) Gains as Stock Split Lowers Price Tag for Retail Buyers,d2aefdbd0a452c3765e6e858b53113f31149b020d93e75f1cb8cc68fdf24d8b5
AMZN,2022-06-07,EARNINGS,1,0.607712,-1.0,Teladoc Health faces class action lawsuit alleging it misled investors,2faff3354c70cd9f9c3f236bbd5fccd9546fe8632a24d226beb8877ec28241f9
AMZN,2022-06-07,M&A,3,0.6271886666666666,0.0,"With shares of Kansas City’s Cerner turned over, sale to Oracle will close Wednesday",26822229be2b2b25132b88839e3b4508ddb36338aaaa9bfaf16b3e5147e83d37
AMZN,2022-06-07,OTHER,1,0.625586,0.0,XPO Logistics Appoints Yoav Amiel as Chief Information Officer,f9407b0ff20fd036300afa8c1e0be049ffb7c095834a79eca5b9c1cb96afa51f
AMZN,2022-06-08,M&A,1,0.63941,0.0,Mississippi REIT gets chunk of SF industrial market,3667ebddcd68ad5abfe64968e5a65fd171de72669a6cd67c9cc6d7092fcedb59
AMZN,2022-06-08,MACRO,1,0.709294,-1.0,Etsy sellers getting squeezed by ‘Amazon effect’,f920ff38f8c819cc78a1d65a5a5b981ca848be18c980650119d5a8e0a5009b42
AMZN,2022-06-08,MANAGEMENT,1,1.0,0.0,Amazon’s former No. 2 Dave Clark just joined a Bay Area logistics startup as co-CEO,df9959a5a6d714852c1b84ca272bb8272feccfe0e501e2837dce851adcc9c786
AMZN,2022-06-08,OTHER,2,0.8501755,-1.0,Amazon Sued Over 'Bait-And-Switch' Whole Foods Fee,5ecc2359e2f3f96ea73d8e97311d2bf07081eadb9cd73fb42f1d77e5cfb73bec
AMZN,2022-06-09,EARNINGS,1,0.62991,1.0,"Stellantis Stock Is Undervalued, Even as It Catches Up in the Electric Vehicle Market",ce60823219147fc1d9eda67bb93a714cafbfd6f1175fbd8f17a1b878f7214153
AMZN,2022-06-09,MACRO,1,0.629476,-1.0,"Dow dives 800 points, S&P 500 posts worst week since January after inflation hits 40-year high",5405f989a246d34654c4645ee22116446f0dc46255babf8c5c4eccd4792f01e0
AMZN,2022-06-09,OTHER,1,0.721101,0.0,Kroger is now delivering in South Florida,06d0ddfb4e130efde3ab0677f33814a581cbf17a4f4f6ee59bd01e93a2293309
AMZN,2022-06-10,MACRO,1,0.62375,0.0,Lululemon leases an additional 120K square feet of office space,64f8c6e2ef21cced7b9b66014e5126d9e04180adac6d6b0b9ad31015bf63c949
AMZN,2022-06-10,OTHER,2,0.6460715,0.0,Hack Into Quantum Computing Boom With QQQ,75d5f7b00a0b42098c84555e6bbfb3825317799c24b131898c5f60ba2060628c
AMZN,2022-06-11,MACRO,1,0.644233,-1.0,Walmart struggles to solve consumer needs in China,62397b8c3fe70b1d02baebf45aa35fcf465408e045fd0dd2b82eef53f5d79418
AMZN,2022-06-12,EARNINGS,1,0.711085,-1.0,Oracle’s Database Dominance Eroded by Rise of Cloud-First Rivals,87ceb053b42eae26c3a1054894b0ab4b6cbb4998aca58fe387d8d9f0a1a2aa29
AMZN,2022-06-13,EARNINGS,1,0.621908,0.0,Steve Rendle’s Pay at VF Tops $15 Million,63fccad9d0a732d46fbbd1e2a81e1ab73ae87c190884b2d1188701304adef4cc
AMZN,2022-06-13,LEGAL,1,0.729446,-1.0,Judge Dismisses Class Action Lawsuit Filed Against GoodRx,6d432d17f690c66e59433997c1272ec82241b65e78b065deee0f5e0d68b2084d
AMZN,2022-06-13,M&A,2,0.670263,0.462126060964129,"Edgewell debuts Gen Z-focused skincare brand, Fieldtrip",c7aac4b8ebee87bdeafcbf6fc71a2711950571bcd5b21c11c453c2ec6f22de31
AMZN,2022-06-13,MACRO,2,0.727392,-0.11633617086797769,Stipends for remote work emerge as polarizing issue,5cb2403bc71b0474eb59cc22c064bd3e55e828debd2841d997a8e970d2c353cb
AMZN,2022-06-13,OTHER,3,0.8937573333333333,0.0,"Drones will start delivering Amazon packages this year, company says",995babb43bba1e4766b6a6b82696dc6272a64fba7e2ea98f0918875818b93e99
AMZN,2022-06-14,M&A,1,0.643002,0.0,"Newmark Completes Sale of Moffett Green, Fully-Leased Trophy Campus in Silicon Valley",e919ec2b93ab43cdf54c3f702af05da07f73663d442d4518560d48fb99d3c063
AMZN,2022-06-14,MACRO,1,0.648724,0.0,Lululemon Goes Back to Work in Style with Massive New Vancouver Office,9df28528ec42368b8658e63b1e2b1a0c2608b358d376b80a205802ddb43864b2
AMZN,2022-06-14,OTHER,3,0.6934366666666666,0.01564622580288512,The Surprising Case for Stronger E-commerce Growth,6cbc60e337713fffa77fb9f40f9bec078de068980cbd2731621a5b262ae2a295
AMZN,2022-06-15,MACRO,1,0.644203,0.0,Everything You Wanted to Know About Bear Markets,78b1d5355b66680c97063f4ad02c1fb8062cfb0b5865327608a3a988c9fa496d
AMZN,2022-06-15,OTHER,2,0.6214425,0.0,"Meet Naima Greenwood | President & Chief Operating Officer, Yardstick Management",21521777a4c22d24fac56a692e98975a1bef0566e8d9cdf5267c5aadf0a51c04
AMZN,2022-06-16,EARNINGS,1,0.639895,1.0,Canada's Telus strikes C$2.9 bln deal for LifeWorks in healthcare push,80d60ce950a50cd29d45f16b436f66e3d0a18d62e05a077bbe7b86814a511191
AMZN,2022-06-16,MACRO,1,1.0,0.0,"Instead of IPL, Amazon wants to spend money building e-com biz",8e68c982603282d3e6884c5a0c420db1fd8d85da5e764b77b550faa24dec374b
AMZN,2022-06-16,OTHER,4,0.810207,0.1856155278836149,"Amazon Prime announces 2022 Prime Day dates will be held on July 12, 13",7bb393a20cbc8c9675b00d56295096231157632f6cba0fbd390cf1dd4417899c
AMZN,2022-06-16,PRODUCT,1,1.0,0.0,hololive production Announces New Apparel Sales on Merch by Amazon,7622e46508002f5f54034a810524062676258fe95056f5d65fe8d28e8ecb4b29
AMZN,2022-06-17,MACRO,1,0.587338,0.0,"Dick’s Sporting Goods Expanding, Burlington Moving to Town Square",bf88ef3f96a3656e9a9e8a78858123a555d2a02c252126350cb8159dd2bc87db
AMZN,2022-06-17,OTHER,1,0.603089,0.0,Ariana Grande Debuts Chapter 3 of R.E.M. Beauty with a Bang(s),be3f5216bcdf59a9922c5380360ae178797cbb64e5e20fa1b15d825e02ad53f4
AMZN,2022-06-18,OTHER,1,0.717621,-1.0,Former Amazon employee convicted in Capital One hack,1249c9549e118e6156d71672bf638e4d73f4918c9714d7821cf4f96591a65739
AMZN,2022-06-19,LEGAL,1,0.602228,0.0,False Advertising Lawsuit Against Vital Farms Wins Right to Proceed,05bbceab275ec834207fa69f55ce4a781cbd612be6b70122513fb039ff434a33
AMZN,2022-06-19,OTHER,1,0.708961,-1.0,Ex-Amazon employee convicted over 2019 Capital One breach,c398d763ba85bdff5c0872fb90d956845bd4a0f43bd3ee4b34b42582ebdfd75c
AMZN,2022-06-20,MACRO,1,0.558774,0.0,"Digital Pharmacy Market Growth, Drivers, and Opportunities",80afa0f8155d31f2a99a2455c5b966c08068c7936785cef26d4cdda8e476d0bb
AMZN,2022-06-20,OTHER,3,0.6720486666666666,-0.700898149241176,Former AWS engineer convicted over hack that cost Capital One $270m,ce6bd77fd04a6ee7fe8a5ae8b92fdcfdc49dc7d5bb4214dc6f12fafdc912443f
AMZN,2022-06-21,MANAGEMENT,1,0.605535,0.0,First Watch Adds Bumble Executive Stephanie Lilak to Board of Directors,295695090dd04c211bd929ecd620ad95547f3c8a0d24b89dbab4d14a8b70ff1a
AMZN,2022-06-21,OTHER,2,0.7507385,0.0,"Build a data pipeline on AWS with Kafka, Kafka connect and DynamoDB",343a1d780cab9ca2431d3b702f389484d0d01e7b2da7a57006f9dde826c078f3
AMZN,2022-06-21,PRODUCT,1,0.632916,0.0,Oracle introduces lower-cost version of its full on-premises cloud stack,e5be0a87717b854ab58ecf6638b2ca1cb1b72e2731d6f3165f0ea598ce73f035
AMZN,2022-06-22,EARNINGS,1,0.910553,0.0,"Despite Shopify’s Stock Split, Investors Should Look Elsewhere",ef32b4832462ef45ed72defe636f91e3e30043f8800d8f271c9fa5b9b8fd1b0e
AMZN,2022-06-22,M&A,1,0.646996,-1.0,"After much mulling, Office Depot owner rejects both sale and split",eb13173bde1ab1fdc926f5d6c9dec3f6aa7da9a5f385340e0e6b3a749a1da277
AMZN,2022-06-22,OTHER,6,0.742283,0.36049884837274554,"Barack, Michelle Obama ditch Spotify for Amazon-owned Audible",aec84745e235db03769e3dbf26ed68d07bb7ede96a1fb66609ff5c1a65435ab5
AMZN,2022-06-23,EARNINGS,1,0.615409,-1.0,Here’s how much the Jif peanut butter recall could cost parent company JM Smucker,2ab2bc4a6ac2af8b157397d5afd5bb939e89cfc0c3a780ca76becba132d1f399
AMZN,2022-06-24,MACRO,3,0.6431216666666667,0.31986845412869,Seattle Pride’s Biggest Sponsors Also Give Big to Homophobic Politicians,963577c12ff7b2117df69995eff8f3314098266931881f2147439c2ae2cde71c
AMZN,2022-06-24,PRODUCT,1,0.647771,1.0,"Chinese DPU chip firm gains funds, unicorn status ...",2fceef5d4383bbf0c530b7fc2d0f6d0a8b708177135793696f05950d180d72e7
AMZN,2022-06-27,EARNINGS,1,0.635488,0.0,"3 Reasons to Buy TJX Companies, and 1 to Sell",28330a22a1a0cfb1b2865763b7fd117eba111c27274b2f8fe87a55b21dbecff0
AMZN,2022-06-27,MACRO,1,0.632706,0.0,"Private Prisons Are a Socially Responsible Investment, According to Bizarre Wall Street Measures",6f5f2449eadd860cfa2feb3fade208c5bd87a6b28676ab45d6da10f8562f7c7a
AMZN,2022-06-27,OTHER,1,0.611727,0.0,"Omnicom banks on Walmart, Instacart in latest commerce expansion",048dd948fc9eb999592fed56b5c0a8a6a58e6c32441df1d2ed5977d54389da1c
AMZN,2022-06-28,EARNINGS,1,0.629168,0.0,Federal Realty Pandemic Program Produced Permanent Deals for 50% of Tenants,97f3e0f26f3cf0183a5c668b61348f188f4abaf40c108fc82faea6d30e2b0f9b
AMZN,2022-06-28,OTHER,2,0.6268754999999999,0.4825671126084845,Kroger's automated grocery delivery warehouse opens in Pleasant Prairie,8bde3f7aebc2ec740c549deef4c574667c55f2fc267d93aba432af7180f18aae
AMZN,2022-06-29,MACRO,1,0.619992,0.0,"BP, Shell to cover employee travel for treatment after Roe v. Wade",c2a53191b291e68cbc52b500a3202e70ac8e202f93f1eaaaa85220994f36e4e5
AMZN,2022-06-29,OTHER,4,0.618411,0.0,DISA looks to install 10GB ethernet line from Equinix data center to DHS facility,f182730fe16738f6bdb55f3ce38397f9eaa5f7106d5b06cae279b5bca8505491
AMZN,2022-06-29,PRODUCT,1,1.0,0.0,"AWS: Amazon (AMZN) Cloud Unit on Course for $3 Trillion Value, Redburn Says",d1e250d9801c37abfedd860228699086a81c52009ea11d92b40b92e75511e91d
AMZN,2022-06-30,EARNINGS,1,0.747895,-1.0,Electronics companies dealing with a 'mountain of inventory',7c4b08bceb8ec06ce2540a2ed020d0539be8b62a765dd33e35eac693d88c31c5
AMZN,2022-06-30,MACRO,2,0.617842,0.0,Frito-Lay CHRO: 'Everyone needs mental health support' | Human Resources Director,1842a3dda42408887417bbcbd37b24817690734d0f9af4a147fe3e6601a88d2d
AMZN,2022-06-30,OTHER,5,0.7184041999999999,0.0,"Amazon, Disney, AT&T Gave to Abortion Foes Like DeSantis While Vowing to Help Employees",e72a4387fa6a6744fa32904f213ec1a6c7532d841a4202efb877caf153baf6dc
AMZN,2022-06-30,PRODUCT,1,0.610918,0.0,Cloudera embraces Apache Iceberg as cloud data lake evolves,8253f8bcc1c19ffa544acb6b1fbd599cee2776519d86b4e1a5d4c7ff731f9001
AVGO,2022-01-04,OTHER,1,0.626594,0.0,"New TI Sensor Tech Drives Toward a Collision-Free Future, Advancing Autonomous Driving and Vehicle Safety",dabbdab8e6cd71c7d559df2935d7deeb4949c7b29b724eedaba3047ac96f8381
AVGO,2022-01-06,MACRO,1,0.571319,0.0,Micron Technology searches for site for $40B factory. Is Boise among the contenders?,26928349572b3196f07fae7754190b75add20146c958e2a24f3e7c3c33213aca
AVGO,2022-01-07,M&A,1,0.582074,0.0,Optical lovebirds eye a $14 billion market opportunity,e884fb93b97828481c10ac9683164cc10e291c798c84c55c1a2972a7ddde1d06
AVGO,2022-01-12,EARNINGS,1,0.616226,0.0,"Datto Hires Splunk, Qlik Veteran Brooke Cunningham as CMO -",b14ea9dc05e874f2d3d64439cc72d43788a9348b6e820d0bc7e8a294387aa22b
AVGO,2022-01-13,OTHER,1,0.707562,0.0,Comcast Announces World-First Test of 10G Modem Technology Capable of Delivering Multigigabit Speeds to Homes,8bd8e46764448adb4238c5174f1d3b7707197ddb391b8f7fac856f6a8e0f9a43
AVGO,2022-01-14,OTHER,1,0.853341,0.0,DevOps Tool Market 2022 Outstanding Growth Scope Witnessed,39376e5d2701b140e75a7c4b21f585898c3e905a9bf176fdd02b3a8ce322d84a
AVGO,2022-01-19,OTHER,1,0.928018,0.0,The Threat Landscape in 2021,25b347677a3d7dd43198fbb288086dd2baf198b429758e742ad4a0176fdbea16
AVGO,2022-01-20,OTHER,1,0.729035,0.0,Siemens collaborates with UMC on design kits for automotive and power applications,5e53dcabb122bd76cede7dd13a93467e131e77c9be8d36539f1a7684573113e6
AVGO,2022-01-24,OTHER,1,0.636661,1.0,"Silicon Labs Announces BG24, MG24 TinyML 2.4GHz SoCs — and Boasts of a Fourfold Performance Gain",777038640b86f41df554a7972d38db5dca21f699c528d10aecb6c86f4e451fdc
AVGO,2022-01-25,OTHER,1,0.625117,0.0,Tech firms connect for nature conservation,ac5b11d3908cc9c94a0e028138f6e87ac9c98d1f6ddb0a6148eaf77882c7bf14
AVGO,2022-01-27,EARNINGS,1,0.62505,0.0,"CRDO Stock Price, Forecast & Analysis | CREDO TECHNOLOGY GROUP HOLDI (NASDAQ:CRDO)",168e470958fa169bd51e25eac09f517771f7724dbd1ab87336a5c5be9d19ea1a
AVGO,2022-01-28,EARNINGS,1,0.730851,0.0,"Juniper Guns for Cisco, Nokia With Revamped Routing Silicon",92c6f396ebc96d3512d1115d7c1d2f8b3dca09a5fc566bacc3e698b2e387ee72
AVGO,2022-01-28,OTHER,1,0.647932,0.0,Reference design offers wireless docking over Wi-Fi 6E for PCs,98e470d2aa501767ca9f9e8047e84645018bba98d6d9cd9b6ec61ec41eafcd1c
AVGO,2022-02-02,OTHER,1,0.638454,1.0,VAST Data Accelerates Global Expansion Plans Across Europe and Asia,53b3592d5bb32e8d857a9f85f5d54bd8f158684b3fa470350957ee2a43088c3b
AVGO,2022-02-04,OTHER,2,0.954877,1.0,"Apple, Broadcom win new trial in $1.1 bln Caltech patent case",f2c01bfb8755fc607248f01f7167fd5b1e53ec60035cafe9403712d27ae77af8
AVGO,2022-02-09,OTHER,1,0.619974,0.0,Deepika Rayala,c0dd8ba11efa8556929fb3d52f0b4637b2e15f102df9d3de6ddb0da619782e79
AVGO,2022-02-15,M&A,1,0.608471,0.0,Intel to Buy Israel’s Tower Semiconductor for $5.4 Billion,09cf550d697d0b531337348906c8dd1056a07d3dc6de480c48f960ee7bc8c37b
AVGO,2022-02-18,OTHER,1,0.615873,0.0,What’s Changed: 2022 Gartner Magic Quadrant for Enterprise Information Archiving,406c1edb24eca22b75f86c8a7f2334d39f564b00f6fa594418ba02a5986dda4f
AVGO,2022-02-25,OTHER,1,0.626155,0.0,"Capital Group Dividend Value ETF ETF Price, Holdings, & News (NYSEARCA:CGDV)",ef74ff554739d2d4b754450e8e72393994c9cbe5283e6291683d3bd75f446c3c
AVGO,2022-02-28,EARNINGS,1,0.636335,1.0,Intel Boosting Chipmaking With $5.4B Tower Buy,13b35b9ec49c9c19ef45cef1c686537110f70ddcf62c3f4c8a73a3e0749ae7fc
AVGO,2022-03-05,ANALYST_RATING,1,0.600383,0.0,The role of phase-change memory in automotive OTA firmware upgrades,54fdb0b59c0e573152fa8d713f679765ad083896222562ab94283b345171ff9c
AVGO,2022-03-07,OTHER,1,0.626564,1.0,GLOBALFOUNDRIES ANNOUNCES NEXT GENERATION IN SILICON PHOTONICS SOLUTIONS AND COLLABORATES WITH INDUSTRY LEADERS TO ADVANCE A NEW ERA OF MORE IN THE DATA CENTER,63894988e676ff26f17aadd73e080bc6e480a428a5cc4d38b171aecfd1201f59
AVGO,2022-03-09,OTHER,1,0.945182,0.0,FIT Introduces QSFP-DD800 Connector / DAC Solutions at OFC 2022,30ef6feda718c29c9e0d17b1701f2dc628d4beaebc364cdc497dfc7edfa221c2
AVGO,2022-03-09,PRODUCT,1,1.0,-1.0,CAFC Affirms ITC Denial of Broadcom’s Request for Ban on Renesas Products Under Section 337,02b5d537289e3aaa26f60f58714e7e0df33583962e0f1b0d05ee1869dcac02c3
AVGO,2022-03-10,LEGAL,1,0.618472,0.0,Here’s How ICE Illegally Obtained Bulk Financial Records from Western Union,21a4fbc234080ba87ae343a4c77a0337a8cc9681c0377bf36b25f0e4ff432edb
AVGO,2022-03-15,OTHER,1,0.705109,-1.0,"Webroot sues CrowdStrike, Sophos, others over alleged patent infringement",231250c7e29fd1c38eb7bd36842b099f4969c81d9c05c97d8613245f695fa647
AVGO,2022-03-18,OTHER,1,0.607511,0.0,Israel to build high-power laser interceptor,6a184e46ecc0f35b104ddbe149bb3c813e11989ded18250a19fef9d6fefde4cd
AVGO,2022-03-22,OTHER,1,0.689528,1.0,Global Navigation Satellite System Market is Projected to Hit USD 320.73 Billion in 2021-2028 | GNSS Industry Exhibit a CAGR of 9.02%,b6ccddc16c3e2dc0533b65c7e8125ed9922e2e8a9dc5dae2b4074fae184489c0
AVGO,2022-03-29,MACRO,1,0.707599,1.0,Global Semiconductor Market to Boost in Coming Years –,ab10fb448815d89b948bb8eb8b09eeaad82c8a0c524bcbb07e475bb1bb81b7e5
AVGO,2022-03-29,OTHER,1,0.942773,0.0,Verblecon: Sophisticated New Loader Used in Low-level Attacks,cf50be349830b0b561b108b725bed7bd635f09dee4928d0508d7e72f4cec0d92
AVGO,2022-03-30,OTHER,1,0.631138,0.0,New secure elements authenticate Qi 1.3 wireless charging,eda2051d18f95b5581f7a22401bd14ea84a6cfd9360df1e0f5f067c262c0cde3
AVGO,2022-04-04,OTHER,1,1.0,0.0,Watkins Represents Broadcom Inc. in US$1.95 Billion Private Senior Notes Offering,cf44ce3abbd822e228b69ce8488c59826df6734b4ff20e3be567b9d03dbacec7
AVGO,2022-04-07,MACRO,1,0.648429,0.0,Is QQQ A Good Buy For Dividend Portfolios? Why There Are Better Choices,31d3cecf0a0197380a27cfbd4e0b966360a4fca3ae6bba6642b3160d86ab7d9e
AVGO,2022-04-12,M&A,1,0.636001,0.0,KKR to buy cybersecurity firm Barracuda from Thoma Bravo in deal worth about $4 bln,ea554fba56b8f9a9d5a60b79e5e343c670838b898b67292aa9270d1e764f6846
AVGO,2022-04-13,PRODUCT,1,1.0,0.0,Broadcom launches Wi-Fi 7 chips,68ad681418d65c0837dd06e31173649b0ff1e43832b28c5ee02e04cfae5ac7e6
AVGO,2022-04-14,MACRO,1,0.903894,0.0,Lazarus Targets Chemical Sector,26dde8832d67725ab16c2dd9a200e967567e56d5426d9cda8ded400ede53c317
AVGO,2022-04-14,OTHER,1,1.0,-1.0,"Broadcom Inc. stock falls Thursday, underperforms market",c44b66925cce7622d8b12fafa662148662bb85194b6c640939be3cb1bb261154
AVGO,2022-04-18,OTHER,1,0.969589,-1.0,Netflix Scores as California Judge Says Broadcom’s Dynamic Resource Provisioning Patent Claim is Abstract under Alice,1d245af6c26e4ae6b682771003978d234bb9d1d909fe03a1ca1b7708b130ccab
AVGO,2022-04-20,PRODUCT,1,0.73202,1.0,Nvidia's GPU-powered AI is creating chips with 'better than human design',1f2074b950d25f165359562eb135237963c05e802a0b1ed852e1a2c32346825a
AVGO,2022-04-21,EARNINGS,1,0.631011,0.0,"Oi ends sale of mobile service, targets fiber",bbedcc180194913eebd8cbddb232750f00191041525d5f34581b9c8a1fc8e177
AVGO,2022-04-27,PRODUCT,1,0.576908,0.0,ModalAI launches new autopilot in VOXL 2,7c4c0db6b13ea6241872ad074be04c1f48ea2170069a310f1c831c3b0342ff5c
AVGO,2022-05-10,OTHER,1,0.619603,0.0,Texas Instruments introduces new solid state relays for safer EVs,9566a7f32bf4cd4469deb4a5eae8e9b05858dbe22a5550676ba8ad5720d5cbad
AVGO,2022-05-12,M&A,1,0.926594,0.0,Broadcom Vs. Marvell: Better Chipmaker Company To Buy (NASDAQ:AVGO),d508cd5f65b149a5baa66800f0d729bd5a4427e13cd71cb3e7cdd97d45025b8b
AVGO,2022-05-15,OTHER,1,0.609618,0.0,"Uber Eats pilots autonomous delivery with Serve Robotics, Motional",e0084ec184d43da857ec88e0f2fc6344fa56f493bc2b70f75543ebabaab105e3
AVGO,2022-05-17,MANAGEMENT,1,0.601772,0.0,CEO steps in as Progressive slammed for 'woke' hiring practices,7faad57f74c95e1b24cbbd6d1785c11cf067c306120e8e99f4e7c3007a8bb87d
AVGO,2022-05-18,M&A,1,0.555224,0.0,"Carousell, L Catterton SPAC Merger Talks End Amid Rout",357b47442fba945890d49a0fcb1cc861a3c6f4720cf23508d6055b6870b79361
AVGO,2022-05-20,OTHER,1,0.894684,1.0,Coherent optics move toward interoperability,91f220e1982b665f8a423117d07ad98b3916f2cf53014c75bdc2cc2fdcc1cdb0
AVGO,2022-05-22,M&A,3,0.9956026666666666,0.0,"Broadcom in Talks to Acquire VMware, the Cloud Computing Company (Published 2022)",97e328c4e97be0e3bc5835efa53eb2ea04f18927e3a77080074558c547e5e492
AVGO,2022-05-23,M&A,3,0.9992453333333332,0.0,Exclusive | Broadcom in Talks to Pay About $60 Billion for VMware,96b846ad2ccea7d660360381eae50304f9c6161eded8f289a7e4dc63d1ee3c13
AVGO,2022-05-23,OTHER,1,0.635069,0.0,"Premarket Movers: VMware, Deutsche Bank, EQT Corp",79aa34eae6b07a3f9cf0fbaf177817c40fc79daa8683525f61334c001fb47275
AVGO,2022-05-24,M&A,1,1.0,0.0,Broadcom Inc in talks to acquire VMware: sources,0a3740bbe11d198169f5cf940f4caddd382d4e46e386c32073f839629e921441
AVGO,2022-05-26,EARNINGS,1,0.915508,1.0,"What the Club is watching Thursday — Macy's, Williams-Sonoma buck retail trend with strong reports",1efd0860805c2f6acefaf7d5723efd69527b15e3d6741fac26d4dd4b9406f7d2
AVGO,2022-05-26,M&A,4,1.0,0.0,Broadcom buys VMware in a $61B acquisition deal,cf129f42442620d3a303b778b3fca9130f8e978e0e52028b0d088018757ac5bd
AVGO,2022-05-27,M&A,3,0.9971909999999999,0.0,Broadcom to buy Palo Alto’s VMware for $61 billion,97835691877eb879ad2ebb502c09d89560907ad02df665d02e87495f94441797
AVGO,2022-06-02,OTHER,1,0.600958,0.0,Adas/Connected Car - June 2022 v1,ea7c1699c35815c3641f5f8a9df764919eb14df08c9000d5c26915382f848121
AVGO,2022-06-07,M&A,1,0.927714,1.0,Broadcom-VMware Merger Agreement Stock/Cash Election Provides Tax Advantages to VMware Shareholders,145f4e66793340211f4bc862f1f8bd062f488192f3c45019c6985d15c5d6a8c3
AVGO,2022-06-07,OTHER,1,0.566635,0.0,"TRFK ETF Profile: Dividends, Returns (AMEX:TRFK)",838ee70db6077987149e49818f1f9eab74ee94a3964466c437711a72bd023e20
AVGO,2022-06-13,M&A,1,1.0,0.0,"Deal Diary: Gibson, Wachtell Lead VMware Sale to Broadcom",ef47a830f4ea2e47e567e430fbaa7223fa9bd7557dcf8a1b9759175a6f609cb8
AVGO,2022-06-14,OTHER,3,0.726047,-0.2838654614187052,RSA 2022: The Road to Adversary Engagement,2a81e299123318933755614d6042d1afbdba4bcb61a78b2185c38d385d5e01e3
AVGO,2022-06-17,M&A,1,0.987027,-1.0,Broadcom's acquire-and-axe history concerns VMware users,2e4411c364a320acbf4adc8386ab1f96c376d177c1e5b64f23805414f02951b2
AVGO,2022-06-23,M&A,1,1.0,0.0,Report: EU plans to investigate Broadcom’s proposed acquisition of VMware,d69cf204f219cabefb4611e69c8457ff773cc69c8e79ae4128d925be258c9e8e
AVGO,2022-06-24,PRODUCT,1,0.934175,1.0,"Chinese DPU chip firm gains funds, unicorn status ...",e773b4506ee372e5244a17249d8d30176896b99ea64ce112925b4b43e054d351
AVGO,2022-06-27,OTHER,1,1.0,0.0,Enabling Broadcom Db2 Tools users with DevOps Capabilities,2bd11adb2a37b3758af975db5fd1d8b0cadbf06af2d4daac38a92b9583a483d2
AVGO,2022-06-29,OTHER,1,0.648487,1.0,Qualcomm’s new wi-fi 7 and RF front-end modules are gunning for 5G auto and IoT device markets,6dbf9c83ab622b7a09adce99f0e7c91c27604aa6951c71bb7714da831e266a09
GOOGL,2022-01-03,OTHER,1,0.62932,-1.0,"Devin Nunes officially resigns from Congress, clearing way to helm Trump's social media company",9fa1526823f370079cb31f056874043238b6eae80efcd8d7a7c044be77382e8c
GOOGL,2022-01-03,PRODUCT,1,0.62469,1.0,Smart Water for a Smarter Home: Moen Leads the Way with Industry's First Whole-Home Connected Water Product Suite,d7d8780976c07dbad52d9dec05906c04065380ec856f217cd04a463068fd71e8
GOOGL,2022-01-04,M&A,1,0.733571,1.0,"Qualcomm inks car chip deals with Volvo, Honda and Renault",ff08ce5ab9534fc64aa4971b524a008a464c59c77ff33ce897308b2f57233d89
GOOGL,2022-01-04,OTHER,3,0.75811,-0.40995897692946937,Investor Michael Seibel Explains Google’s Search Quality Decline And How It’s Creating Opportunities,5d25e9e613d9fc1d332ee41c0bc484ae54db2498ce021a0c2eb3e1f489833d05
GOOGL,2022-01-05,EARNINGS,1,1.0,-1.0,$20 Billion In 2022: Google Pays Apple For Not Launching Its Own Search Engine?,0226e3e097c47db0218dc7cb01fd35bb3412b35322ad82f5964a5073493ffc11
GOOGL,2022-01-05,OTHER,1,0.588209,0.0,Iberdrola optimizes working capital with SAP® Real-Time Treasury,106ec4ce9f3b0465cde8850e6641fdc2275ec32e75d9bb4c80bf938894c438a7
GOOGL,2022-01-07,OTHER,4,0.772357,-0.598878497896698,Google users fume as smart speaker features disappear following Sonos patent ruling,1784323d4f936e2c4d04ec0f89231bdeebcea36907a7713a1dcd26cb991c39e8
GOOGL,2022-01-08,LEGAL,1,0.88753,-1.0,Santa Barbara-Based Company Wins Legal Battle Against Google Over Patent,c969745fb83e356427b5f953bb1a5f841ecb8eecfc2ce65c6ebbc662c7d89a64
GOOGL,2022-01-09,MACRO,1,0.642598,0.0,Updating My Favorite Performance Chart For 2021,17c4910831f23726791c6cb5a490f61a1a721ba9784b0bc3e58b5f848c634f6a
GOOGL,2022-01-09,OTHER,1,0.623719,0.0,"Apple Could Reinvent Money Management, Take on PayPal and Robinhood",eb382f9de27bd0f1f2cb7804f0ebe6e96c264ea105424b2eafa52305643f530e
GOOGL,2022-01-11,OTHER,2,0.7799050000000001,0.0,PacBio and Google Collaborate to Use Machine Learning to Optimize Long-Read Sequencing Data Analysis,f4e27bd373103b9d414d3dfbdd79bf0a025aa62eba5d5d181d686124e149c22d
GOOGL,2022-01-12,OTHER,1,0.630646,0.0,Welcoming the Post-Zoom Era,f95814e594e037457f308f912f0eeb7ca5054410715beb3eeaeaeb6288cfcdf5
GOOGL,2022-01-14,OTHER,1,0.71444,0.0,"J.B. Hunt, Waymo expand partnership on self-driving truck technology",be1e8e19db567889262b59d198815b3d7e8364aa3887ca8db113287ace4f8194
GOOGL,2022-01-15,OTHER,1,1.0,0.0,Here’s How Warren Buffett Persuaded Google’s Reluctant Founders to Go Public,8021ebfe3fdf3db688d4de420d61ba8df00deb6a909346ba947487efc1465ac1
GOOGL,2022-01-16,M&A,1,0.614361,0.0,A Full List Of Uber Subsidiaries [& How They Benefit Uber],b6ce76ed26087a4c80a460db155fe60c7614258772aa43d58b0d0f85cd40fb62
GOOGL,2022-01-17,OTHER,1,0.600372,1.0,D-Wave increases European presence with quantum computer in Germany,9b9b3bdedcf4cf927a19219721f336c6eaecbbb222497345146951b8fee9ec27
GOOGL,2022-01-18,M&A,1,0.636141,1.0,Chip giant Nvidia expands R&D operations in Israel,765914e8f9931e8e6ea5379b8da38d787a4f4e7030af551f947311ffd3134e1a
GOOGL,2022-01-19,OTHER,2,0.7339195000000001,0.0,How to Invest in the Top 100 U.S. ESG Companies,5cf1e627bf3eed6ee60d5db97217caff87a809dbd6c76907fe58e74409fddd92
GOOGL,2022-01-19,PRODUCT,1,0.555153,1.0,Oracle opens data centre to provide cloud services across Africa,fda6e914be6aa82eb139ce9afa7aeecd22bc9bbce81b41dbe80f8d9826664d0a
GOOGL,2022-01-20,MACRO,1,0.625957,0.0,Certification programs build digital skills,9620dca06b89232ce3d0f3bba534509c67fc3a8ea98b8610956a451da9243825
GOOGL,2022-01-20,OTHER,1,0.589297,0.0,What is HPC-as-a-service and why does it matter?,f8c354ac43f625205a7c19d44fbb67b1d530af490026a51a7bfd6114dd7e6e15
GOOGL,2022-01-21,M&A,1,0.632674,1.0,"Microsoft secures IPs like Call of Duty and Candy Crash to boost its metaverse ambitions, analyst says",30a2fbe6b0447e89bf43e3242ac48d80136ffa794431a3c663ff28e653e8001d
GOOGL,2022-01-23,OTHER,1,0.725494,0.0,SRE: Benefits and Business Impact of the SRE Mindset,200ce96a27da7f3030c66c720c40e901f7310584752edc45f79fc789b09dc88a
GOOGL,2022-01-26,MACRO,1,0.638508,0.0,Strategas Macro Thematic Opportunities ETF,6c19726cc1e2b82d7d64bf5a5a05dc00929d8a889424a0a2cb1b9b95787582f3
GOOGL,2022-01-26,REGULATORY,1,0.625065,1.0,Intel scores major win as court scraps $1.2 bln EU antitrust fine,09181f0848361ee8b4a058086b34d244757b66a0a61606857347f53e13eba553
GOOGL,2022-01-27,OTHER,1,0.908753,0.0,11 Undervalued Mega-Cap Stocks to Consider,3cb0ce3e85426ef4360085adb9a2fa798a6a12c0b3d9ec431468d5ebba6475cb
GOOGL,2022-01-31,OTHER,1,0.597991,-1.0,Neil Young’s dispute with Spotify over Joe Rogan increases pressure on streamer to monitor content,fa3005caab23b12bddd8a8a1a150dc3830c2d23fcd877594203654c638d7e855
GOOGL,2022-02-01,EARNINGS,2,1.0,0.0,Google parent Alphabet announces 20-for-1 stock split,a40724c3f910ea798a6d88583a73dc2951296068ee93f5b3a9bd19f898a1cde8
GOOGL,2022-02-01,M&A,1,0.627193,0.0,"Univision, Televisa Complete $4.8B Merger",b1d8ef108158ab35644da7a549ce4c21c59e0a344cef1dfb21fed33128dbe243
GOOGL,2022-02-01,OTHER,2,0.6175284999999999,0.0,Income Is The Outcome,6909991891c8c5772f3bf001695b394e44f9ddcc05f4de399959b2e6ed8d3b9c
GOOGL,2022-02-02,EARNINGS,5,1.0,0.0,Alphabet brings big stock splits back to market,c1bf91ff0cfc4d5e38595e4201a81c3b4b23166750320479e33e37a3c3ee6953
GOOGL,2022-02-03,EARNINGS,2,1.0,0.0,Alphabet Stock Is Splitting. Why It Still Matters in the Age of Fractional Shares.,719a7b5c7b76e66f51a3f4b3a62ed3bf211410952a03efbc9d3dd07dceb4fe4f
GOOGL,2022-02-03,OTHER,2,0.670122,0.5294177776583965,"NICE Expands Partnership with Google, Adding CXone to the Chrome Enterprise Recommended Program",90812813b9337c5dc316cafd8682f5181ab3fbd18f4067bbfdfa1a72c0080d5d
GOOGL,2022-02-03,PRODUCT,1,0.822365,0.0,Google Cloud Announces Cloud-First Partnership with KeyBank,61fe073bb9126a97cf06870c97ba016576456b58156ed0f9c77f5551022905b1
GOOGL,2022-02-04,EARNINGS,1,0.613088,1.0,"Amazon notches up sunny sales, despite client shift to 'multicloud',",faab0953d9351450bb64fa6d858c90a0b9080370d3679008b336803e4bb2b5ab
GOOGL,2022-02-04,OTHER,1,0.852345,-1.0,News Corp’s deal with Google and the Melbourne Business School questioned by journalism academics,0492db9cabae5c49eb613a78b18489a52ae8a9735b3e677119199a732128f150
GOOGL,2022-02-04,PRODUCT,1,0.726998,1.0,KeyBank taps Google Cloud and Deloitte to become cloud-first lender,78d104ba47881be2d1d663e4aa41f53a30803bdba814cf37d86969e2307d338b
GOOGL,2022-02-06,EARNINGS,1,0.746759,-1.0,Opinion: $1.4 trillion? Big Tech’s pandemic year produces mind-boggling financial results,2734797f07d6bd1360ff6d8adc9fddf04d2977539545813cf546073b88f67824
GOOGL,2022-02-07,MACRO,1,0.630398,0.0,"Amazon hiking base salary cap to $350,000 for corporate, tech workers",06c77e365aea6efd3a8e417a79e9cb727796b8421ccf4b0fedc1b0486e9edc2e
GOOGL,2022-02-08,EARNINGS,1,0.861857,0.0,Want Exposure To Google? 2 Communication Services ETFs Holding Alphabet Shares,ac3c2dfb9fb230fa17ffdb5b8ec841dc5629d5b44726c5b3e824150e65d2adca
GOOGL,2022-02-08,M&A,1,0.605745,0.0,Nvidia’s $40bn takeover of UK chip designer Arm collapses,c9d03f5dfa35aa10eca88dee6061fd523fdc57851bfe1c49373196038852a995
GOOGL,2022-02-09,OTHER,2,0.6956415,0.0,Anger after News Corp and Google Australia set up journalism academy at university business school,7b9a302fd06a2f97a11c0016c2bd7b785c317521b3ac77bf089b2c8886b38bac
GOOGL,2022-02-10,EARNINGS,2,0.67316,0.0,Corporate lobbying ETF seeks to profit from influencing politicians,67ee130fd2f94dfeeff15d7adb6f9e7bcc1b1dd006eeee64009f1e323b1f2965
GOOGL,2022-02-10,OTHER,2,0.782466,0.0,"YouTube floats ideas of verifying NFTs, watching games in metaverse",c30b9afe1da7692cf2d1af68630d6171f2b9e3e88ef3d3db85a28ff1bc0177c7
GOOGL,2022-02-11,EARNINGS,1,0.646009,-1.0,Vodafone Idea (Vi) Promoters Disappointing Investors,2cf605c2e34915a852e1eb13b1545d05a844c59ef992ea0e7187acb8f88e6ef4
GOOGL,2022-02-11,OTHER,6,0.7034106666666666,-0.20376598402450535,"Copyright case: Google LLC v. Oracle America Inc., USA",ed64bb094b008ce3ce475a4a0df718ba6069cd07ab509ea2697762299798e166
GOOGL,2022-02-12,OTHER,1,0.625313,0.0,Sonos IKEA Symfonisk Table Lamp Speaker with WiFi (Gen 2) review,b1be98730acc29c5b7afff8650b720cf52462e240e2049743c0e89bf61698cfd
GOOGL,2022-02-13,OTHER,1,0.736179,0.0,"Billionaire George Soros reveals stake in Rivian, sells some tech shares",8fcb8dcd864f25bca3464c0e66f54077937c911f702d8fbbe3ba3fff1f7b0e11
GOOGL,2022-02-14,MACRO,1,0.607934,1.0,John Deere and Brazilian bank team up to equip farmers deforesting the Amazon,c95f5d190eb39ea5ee2e7b12737ecd4f72e80cef8b1f90891ee091a6375f2f0d
GOOGL,2022-02-14,OTHER,3,0.7611659999999999,-0.2806965453878217,Tesla Stock vs. Alphabet Stock: Which Is the Better Buy Today?,677619d0f1eb6e0b33b3d76956dd7581d97245abf18e653e8eebf69159418203
GOOGL,2022-02-15,EARNINGS,2,0.6759649999999999,0.0,JPMorgan Chase spent $2 billion on brand new data centers last year,af413f4a983e58510056248aac2ba4c98b6ecf7a9a97bfcbbfbd24fc4be1b2fd
GOOGL,2022-02-15,OTHER,1,0.645982,0.0,Why Trump’s TRUTH Social Platform Will Struggle to Compete With Mainstream Social Media,9c27481da2700d332f44398df8fb43eef2768461ddf75fe89ce27540c7519fe2
GOOGL,2022-02-16,OTHER,2,0.652056,0.5372375992246065,Waymo partners with logistics giant to run self-driving trucks between Dallas and Houston,c49cbf0020bc6ec4f308475f482d43686307c88b9ed16bc02e4c322ef27db7c4
GOOGL,2022-02-17,EARNINGS,1,0.649748,1.0,Walmart posts record holiday sales as spending remains firm,ba55cbf4d61bb024b83e9848528d60f6291646ef3ecac6d878c9a464233647ad
GOOGL,2022-02-17,MACRO,3,0.7952403333333334,-0.26902391352551286,Google Creates $100 Million Fund for Skills Training Program (Published 2022),954d0f48debbdad6f4009799e8f134e733f9951cdcd9974b3ba6c1a9e2258761
GOOGL,2022-02-17,OTHER,2,0.655715,0.0,Pinterest General Counsel and Google Alumna Set to Step Down,51e42792eae7f95bef41c7ef57e4c2f4dab2c864871d214636a13d48588005a7
GOOGL,2022-02-18,EARNINGS,1,0.742045,0.0,Kraft Heinz Invests In Consumer Insights With Kraft-O-Matic Data Platform,cdbca2c25609d61a3b0e8fd8e0f84f27afb174eba15062901f4c1daffeb7b53d
GOOGL,2022-02-18,MANAGEMENT,1,0.721783,0.0,Salesforce ties executive compensation to ESG goals,35b832ece5d2f134353843617c3fb37ebcbcdc1b4e38338da5a5ce0c0ffd0791
GOOGL,2022-02-21,OTHER,2,0.5622320000000001,0.0,Kraft Heinz Names Miguel Patricio as Chair Following Alex Behring's Retirement and James Park's Election to Board of Directors; Greg Abel Comments,e724ac2f0ccdbc62773a33762a3a788fa3255e68a6eb5d2f9a04de3be38dfe63
GOOGL,2022-02-22,EARNINGS,1,0.803876,1.0,Kraft Heinz taps Google for multiyear transformation push,221825750c5a4673597a31921323d3ca2bc0a15e865337863ae00e1e627cb5cc
GOOGL,2022-02-23,M&A,1,0.648575,0.0,Travelers Acquires Tech Assets of Insurtech Trōv for Personal Insurance,9fb7f6664ba33be4e1557610e66c1b52c16d1361af2059ae78983ff06984567f
GOOGL,2022-02-23,MACRO,1,0.553107,0.0,Vodafone announces circular economy plan,f74ecb474e50235d5d82f354cf2fdb0ba02b4cd42eba1e97e2d96133c7181d50
GOOGL,2022-02-23,OTHER,1,0.726728,0.0,LG AI Research forms 'Hyperscale' AI alliance with 13 companies,b00b272c184fe7a858b919bb1a4a602e5c4c6909c7d14c3fe5c99594069c30f0
GOOGL,2022-02-24,MACRO,1,0.734651,-1.0,Exclusive: Singapore flags concern to India over ban on Sea's game -sources,a07d9c40ca2f0aeb35eb4a7f11e541ecef44afcffa28932771b39b6a2f0ea405
GOOGL,2022-02-24,OTHER,1,0.637071,0.0,Snowflake and Databricks back $222M round for dbt Labs at $4.2B valuation,e53f6d3a0659f121c6458d517511f0e4282d560a23db5f93e06fb441843147c3
GOOGL,2022-02-25,M&A,1,0.621598,1.0,CRM giant Salesforce acquiring B.C.’s Traction on Demand,b17c44911a0c3e50f2b2ed6d514271fec9b978c145051f034861723a7e635a53
GOOGL,2022-02-25,OTHER,1,0.729321,1.0,"Qualcomm Inc. stock rises Friday, still underperforms market",29bfa9551d700f4749892aae4579b72371f3233174860aff354ac63bae4dcb88
GOOGL,2022-02-27,EARNINGS,1,0.727766,0.0,"WPP's Mark Read on why Coca-Cola, Google and Unilever are pivotal to the network's future",b846c87505e5313e7cbaa50881c0c43b639dc3bdc4c2bd4cf83314df28017b31
GOOGL,2022-02-28,EARNINGS,1,0.631579,0.0,KYNDRYL REPORTS FOURTH QUARTER AND FULL-YEAR 2021 RESULTS,531f99d2b458f43784c2b1947ab5892c394c324aa11bef568189e54793e54342
GOOGL,2022-03-01,EARNINGS,1,0.901052,0.0,How Does Google Make Money?,07278b7ce2f86dbec18905b2b71522e3007197083c19b8c911221b3e1d5b05f6
GOOGL,2022-03-01,MACRO,1,0.928415,-1.0,"Google, Meta face penalties in Russia as deadline passes to open local offices",c247efbf58be4e1a210005b3e53db9856257b60a99d88d6b508e5b04d4ee4e70
GOOGL,2022-03-01,OTHER,1,0.584721,0.0,"At Snap Inc., Making Augmented Reality Work for Fashion",6a7eb451e67c6a3d2658eaa87df0974cdd0a11482266e5b922b79328d3616e5e
GOOGL,2022-03-02,MACRO,1,0.633538,-1.0,"EA, Oracle Among Companies Heeding Ukraine Plea to Stop Business in Russia",9c0c100d57f21247ae82d0214fb5486c194a4b5974d93633a282fe302796ace0
GOOGL,2022-03-02,OTHER,2,0.73357,0.4192483334923729,"Tripadvisor, Google Maps Suspend Reviews of Some Russian Listings",9775158eb8512b958d4c0c9d1a413b84a8e8ee8377bf5865e0609a064b0fe092
GOOGL,2022-03-02,PRODUCT,2,0.7606235,0.0,"AMD, Arm, Google, Intel, TSMC and others join Universal Chiplet Interconnect Express (UCIe) group",c12ac007dac584dd1f4518fbccf511964fd7193abba6c7177c691c36c3440bf6
GOOGL,2022-03-03,EARNINGS,1,0.600163,0.0,DigitalOcean vs Cloudflare — which stock can take advantage of cloud expansion?,710a91f874969becdd01c29e2d6c3164fc8beb85b956585f0e7f6edbd3c1f9e0
GOOGL,2022-03-03,OTHER,1,0.553874,-1.0,Spotify closes its office in Russia in response to attack on Ukraine,91bd7319f82782b7c76ae0124b254c4d75da53ccd4b44208de7d5de3bf1c9ae7
GOOGL,2022-03-04,OTHER,2,0.623272,0.0,Sonos Roam SL vs Sonos Roam: which Bluetooth speaker will be the best?,d173d7a5439cbf953d94e9b7643bd716e6e0b712e67066d19bea286beda2361b
GOOGL,2022-03-07,OTHER,2,0.739424,0.0,Kraft Heinz Partners With Google; Sanjiv Gajiwala and Giusy Buonfantino Detail,6103d50bc566dbd7f278135d0835bd28031e0d177cfbb92591e210c6f3601d2b
GOOGL,2022-03-07,PRODUCT,1,0.556393,0.0,Cloud management provider Cloocus receives $41 mn in Series B funding,9b9080949132a064c95651ed54ec583e479f069cf0307531ae874c2055dd54d7
GOOGL,2022-03-08,M&A,1,1.0,-1.0,Alphabet’s (GOOGL) Stock Price Has Fallen 12.8% in 2022. Should You Buy It?,8c498bb630d358db3fd04b25b0cd7794d40a1188c54e4609ff2165221920c782
GOOGL,2022-03-08,MACRO,1,0.553199,-1.0,"Cisco Stops Business In Russia, Ups Security Efforts In Ukraine",fca38f605834737555ae5ab15360328353eacd81d1515a91e3c0bfda4d7e9dc4
GOOGL,2022-03-08,OTHER,1,0.891728,0.0,Our Ultimate Stock-Pickers' Top 10 Buys and Sells,5419b27efb9871d3ab7b159baeb176eec86b892f413052d32a70d08477eb575a
GOOGL,2022-03-08,PRODUCT,2,0.6772525,0.5369880509854154,"Super-app, moomoo, is the only investment platform to break through top five most downloaded finance apps in Singapore in 2021 since its launch - PR Newswire APAC",f5271f365e824490e125b4535eab65f2a13026064ed8414f31607428bac1073f
GOOGL,2022-03-09,OTHER,1,0.601076,0.0,"Amazon announces 20-for-1 stock split, $10 bln share buyback",5c5f093bb89de4e5164dedc0ff1e711e10c4f179c5057484bf1ba6ae86492405
GOOGL,2022-03-10,EARNINGS,2,0.802233,0.0,Amazon announces 20-for-1 stock split,811b1b0dd12fc45e63be1bb2146a68ab7210493b215b3e9ad966e1d625be3682
GOOGL,2022-03-10,OTHER,2,0.6739565000000001,0.5329824699368579,"Amazon surges as stock split, buyback excite investors",8c4455a29c31e6efefcaf67b6483b0e1a4cdbe8c7c773e54638c1a1cb4dd5b0a
GOOGL,2022-03-11,EARNINGS,1,0.802894,0.0,‘The Dirty Dozen List’ – Corporations Enable and Profit from Sexual Exploitation,5eeae62c8ec65d60076e4b81f7aed0a90d9c9e80164ccec37fae3444187c3847
GOOGL,2022-03-11,MACRO,1,0.61416,-1.0,Russia says it will block Instagram,9c23698555f9d663542450c13c16aaa9885c0040bc309a522c0d2c70d6343966
GOOGL,2022-03-12,OTHER,1,0.71229,0.0,5 Artificial Intelligence Growth Stocks to Buy Now and Hold,4102102cc9fa5dc0be6a1e4eb45f3b92300fba3fab62cb34a8049c75c6dc581a
GOOGL,2022-03-16,OTHER,1,0.577681,0.0,"Musk’s Starlink Brings Internet to Ukraine, and Attention to a New Space Race",e49be07c8996369939d13f0ffec3a9dad774708efaa34b8dba2f98c6416ce85c
GOOGL,2022-03-16,PRODUCT,1,0.619839,1.0,"Instacart Unveils Shoppable Recipes, New Product Integrations With TikTok, Tasty, Hearst Magazines And More",3b914018e46e0ad59cc4d4b62a3ee239ee20386b823f9f195266f7bafd62b50d
GOOGL,2022-03-17,OTHER,3,0.6451293333333333,0.0,Why banks and NATO are worrying about a future ‘Quantum attack’,7dde5208e539fa14c82c17e56925da071de8dd12d322b505ec47fdb3b6bcff59
GOOGL,2022-03-18,LEGAL,1,1.0,0.0,Lawsuit Accuses Google of Bias Against Black Employees (Published 2022),41450fa6dfb37854ce0d96fb8a666d22af4cdf3ba0e67975129697e107cae803
GOOGL,2022-03-19,M&A,1,0.627619,0.0,GM bets $3.5 billion more on self-driving tech unit as SoftBank exits,364995630d0cb26061c40165b738464144c6d7922f689f03124d271e75d07922
GOOGL,2022-03-19,OTHER,1,1.0,0.0,"Racism at Google? Alphabet Inc's Google discriminates against Black people, former staffer claims",2d95a12718bbb6aa1a808cc355bc83bcd77b1c1fdfe31cb9d1fdfee1ce46a2e8
GOOGL,2022-03-20,MACRO,1,0.624649,0.0,Jury: Employer’s DEI training didn’t conflict with worker’s religious beliefs,f322e222ca64549967d6e2a7d934f4fa8ce9bd025e69eb3c28a013ec93f5d832
GOOGL,2022-03-21,OTHER,2,0.870833,0.48935616817460986,The BlackBerry veteran who took on Google and won,f73a9af31fec81ab9dc8d9a343b19af41733a5839d953d845cfb7e8f3b58ca74
GOOGL,2022-03-22,OTHER,2,0.860929,0.0,Alphabet spins off its Sandbox AQ quantum computing unit,c4541a71224214707b6d5182d38e358a4afac8b4ffac877cfb3cd65ca4429266
GOOGL,2022-03-22,PRODUCT,1,0.811527,0.0,"Independent Sandbox AQ Launches, Prominent Investors Including T. Rowe Price, Eric Schmidt, Breyer Capital, Guggenheim Partners and Thomas Tull, and Customers",7264dcd91ac564b84726052c7ffd656a647e175c7416701fe4996c83c810677c
GOOGL,2022-03-23,OTHER,2,0.7396995,0.0,Mizuho plans to tie up with Google to serve clients better,b6608b38b4bff1bb5cbc84bd1812b2509d1873fffdf8a30325ecb336859d4eff
GOOGL,2022-03-24,M&A,1,0.625571,0.0,Netflix buys another video game studio as it builds out its gaming business. (Published 2022),8d7ec80eecd7e2ba0328bbd15d40e255a893662a0e983b0c5edc8335dbcc0879
GOOGL,2022-03-24,OTHER,2,0.6380115,0.49727473564347985,Perfect Corp.’s YouCam Apps Reach over 1 Billion Downloads Worldwide,af5211a7d038c9f05878b6db9c35804ff92410196c1662e4859d7cbcfc7f3bd5
GOOGL,2022-03-24,PRODUCT,1,0.60613,0.0,WT Dining Services Launches Mobile Ordering,6b97a3eed0629f1be8bf199fa9a6df3279551b962fc958a9a78de0890f5774e7
GOOGL,2022-03-25,M&A,1,0.629785,0.0,Brookfield agrees to buy Hibernia REIT for $1.2 billion,30d52a6737f94818f267dc8316867cd17cae012fbc156227fd6a1e36499106ca
GOOGL,2022-03-28,EARNINGS,1,0.747293,-1.0,Amazon Stock Rally Erases Losses for the Year,6070c3f8ee5c6491945c23f644acaef65bbd5919c8be988f83169d9a4713c9f8
GOOGL,2022-03-28,M&A,1,0.574995,0.0,CEO interview: Silicon Labs’ Matt Johnson on balancing breadth and focus,b5acb6f3a3cba4191a964feb4e1db75057571e9a77333e44537a878246f0e0df
GOOGL,2022-03-28,OTHER,1,0.599606,0.0,"Toyota, Aurora Test-Drive Autonomous Ride-Hailing Fleet In Texas",b1690e6032ad8345ef5efa69604456b7e9cc9b0f848d9a83159c3c425697dc41
GOOGL,2022-03-29,M&A,1,0.644698,0.0,KKR Values Behavioral-Health Startup Brightline at $705 Million,38ebd92e048931b5a59b267390cdf925a68e02921ead71048e84f9e6ab5ae177
GOOGL,2022-03-29,MACRO,1,0.730757,0.0,Best Global Company Culture 2022,eeba02f2c82df3805d6cb3b4c48a09d2f907bfc2b6e5fe713b647f750b926899
GOOGL,2022-03-29,OTHER,1,1.0,-1.0,Google Play Store App practices: France slaps $2 mn penalty on Google,bff6c9b1957ea8e978b76bd3bebf6b5c8fd44c843c2b349ee1b647c05dc0e7b5
GOOGL,2022-03-30,EARNINGS,1,0.640325,0.0,IonQ Named As One Of TIME’s 100 Most Influential Companies,3c13805d738b3e75b191d7c308377f2d4bcd8e09c00a44c8ccb25f4171dc32bd
GOOGL,2022-03-31,OTHER,2,0.6251815000000001,-0.5041927824159863,GameStop Soars on Plans to Extend Rebound With Stock Split,32647abdbddc39cf616f29c8bb2e2ea38bf22232d7e592b96b470af6c69f5112
GOOGL,2022-04-01,OTHER,1,0.842159,1.0,Nova Labs surges to $200m series D,039fcc3c5f7fc77ecca364721c88356b07b08fa123bf0a2c7cf56477089756f0
GOOGL,2022-04-04,OTHER,3,0.7995093333333333,-0.2677329595485231,Expedia Hires Google Travel Advertising Director Rob Torres,287fde6bc8870aff506ff4d765b2bedf72ce158f3d02d2b9d0ec635f94998967
GOOGL,2022-04-05,OTHER,2,0.80211,-0.24671179763374101,Alphabet’s Pichai Freed From Questioning in Google ‘Incognito’ Privacy Suit,6b004ae252af66ae3ddc168f2b8c5d77d2eb75e2efe3acbd313985bfa27435fa
GOOGL,2022-04-06,PRODUCT,1,0.88823,0.0,"Boeing and Google Cloud Partnership Takes Flight, Aims to Transform Aerospace Industry",3f4d1ff66c3737fc38c47182d92d7bdec15a053e74cb6858406832fd987bfe5f
GOOGL,2022-04-08,OTHER,2,0.8000355,0.0,Evolution of GIS: How Maps Have Progressed from a Mapping Pancake to a Soufflé,507f748808554f461115be97a85a3fa8d233bfe728262ca476c2ebbabe81c439
GOOGL,2022-04-11,M&A,1,0.64011,0.0,HP Buys Poly (Formerly Plantronics),4258735b4ae04ad7683d5b3a076341d598ca0cc82493de77c60c407aef9617c8
GOOGL,2022-04-11,PRODUCT,1,0.642945,1.0,These Black Women Launched An AI-Powered Beauty Tech And Secured Backing From Serena Ventures,5d0af968cebd48d68c2247cc73da9a05500d29a1ab7afa91f04526dab881b404
GOOGL,2022-04-12,EARNINGS,1,0.860178,0.0,Pay-as-you-go MongoDB Atlas now available on Google Cloud,6e762c55a705aafeb273e7baa241f7833702b4285837bf67f112ea211c89311e
GOOGL,2022-04-12,OTHER,1,0.904353,0.0,MU professor says Google v. Oracle case leaves fair use ‘muddy’,ee8514503d8ed7f6e40e44b48bba4fc9b04dbabb2b997c59307d6aa9c601cd70
GOOGL,2022-04-13,OTHER,2,0.581591,0.0,"UK gamers prepare for ‘post-console’ future, finds Amdocs",04f4a0f4a829953d970df9beb19eb93224b901739d1873e7d00da4390539d963
GOOGL,2022-04-15,OTHER,1,0.721193,0.0,The Top Funded Quantum Security Companies and Who’s Backing Them,c167297a49349ac751f6bca8e0a337f314d976a3c2ea4d388dc05884aff8aac9
GOOGL,2022-04-18,LEGAL,1,0.896647,0.0,"FCC Mapping Data Open, Google-Waze Challenged in Court, Florida Co-op and Conexon Connect Team Up",1061f3e1b376668e8902dde9cb112aaeac62b5fd4fa6a15a91dd29a71aeafe56
GOOGL,2022-04-19,OTHER,1,0.626868,-1.0,LinkedIn was the most exploited brand in phishing attacks last quarter,35518bb0bbce8fa63cfeb2b0e41dfbc3b0258e62968e1ed1d818cbe93e66da50
GOOGL,2022-04-21,EARNINGS,1,0.601389,1.0,Apple Spends Record High on Lobbying Amid Pressure from Congress,0d5d12614642532412a634929e7621d21b880e5daad20fef565b3837ae0bcb41
GOOGL,2022-04-22,PRODUCT,1,0.707705,0.0,Cloud Architect: The Tech Skill Everyone Wants to Learn?,c4a15db1e070cd12a562571a840d767c53e9fe9d270cacf81668bf5f565f606e
GOOGL,2022-04-25,MACRO,1,0.554017,1.0,Tax Breaks Cushion Tesla’s Texas Landing,a05e758c570c62a9e77ef1c70efc1d2a135f46833a5ab86764242abc032300a6
GOOGL,2022-04-25,OTHER,1,0.590628,0.0,What is fintech and why does it matter?,707d24f4d20ee8487ceafe1e17e5eba8302b21c114897974df2ddb566e42eb1b
GOOGL,2022-04-26,M&A,1,0.631227,0.0,WPP merges Essence with MediaCom to form EssenceMediacom,f1e98be8fb56e92227a8bf5e72f48e2006a49984ff715b4ad1faeade294c66b1
GOOGL,2022-04-27,M&A,1,0.571932,0.0,Does a Musk-owned Twitter dim Tesla’s star?,c64ca01129552b9e1c1c604081d61ed62b49972595fcecd926b718d7fb2e4117
GOOGL,2022-04-27,MACRO,1,0.817014,0.0,"Why AWS, Microsoft, Google, Visa Are Setting Base In Kenya",0c80b94352d4b4378ea3f0ecc01d2a94a8dc27aac1a1180f5c0ce4edbb8d0cdc
GOOGL,2022-04-27,OTHER,1,0.600529,0.0,"Award-Winning Actor Michael Greyeyes Joins Directing Team for CTV Comedy Channel’s Original Series, ACTING GOOD",6334c03e8bfeebdf1c8d50f4f01de0a4bb3b12b60ec6df3bacfcae7d28ca8fd1
GOOGL,2022-04-28,EARNINGS,1,0.609638,1.0,MOTO & MRAD Rise on Tech Stock Rally,e7d20b0c34104be2925eeded8bd64712a64b2bdd36e6466a1f41118e0b0dddd7
GOOGL,2022-04-28,MACRO,1,0.717661,1.0,"China Grants First Driverless Taxi Permits to Baidu, Pony.ai",9ef651cfe4c1e39a9f89df2e5bee3959cc3fd36c776e140b157b5a09b15ac927
GOOGL,2022-04-28,OTHER,1,0.605233,0.0,The Cybersecurity Threats Self-Storage Operators Face Today and How to Defend Against Attacks,2479b8904cdc5da8c1b1e3e0b1d4ad14ca6d889e1a1aaa88881a3648271bd76f
GOOGL,2022-04-29,EARNINGS,3,0.7217363333333333,-0.6271662458450894,Top 10 Growth Stocks by Market Capitalization,40f0ef7cef84f0c385b8a7b68ec179b8ed92ad0ad012ea4e1bbb6d0e28d6bd7b
GOOGL,2022-04-29,OTHER,3,0.695194,0.35819018384316703,Ford finds $130m road to Cavnue,91e6177a98268e5122a16a18657e5ca5b333e25bb3a25fd0975fb46d19163450
GOOGL,2022-05-01,MACRO,1,0.62057,0.0,Crypto Logs: Crypto Goes from Meme to Mainstream,a0bdf16419e0a23e00a6df8d3c0e70e3e7af8a9536b0ca47b81a579d40c720a3
GOOGL,2022-05-02,OTHER,1,0.71507,1.0,Two Chinese driverless robotaxi services approved in Beijing,9cc5d4437a6a7cd09c7dcec29818c4bae6bb7faf1500b04cd1208b97a46fde45
GOOGL,2022-05-03,MACRO,1,0.83641,0.0,"With interest rates rising, it's time to focus on MANG stocks instead of FAANG, according to Jefferies",290b42f661e5167390fb94c6956b318f1278cf2512370285aba77c8e46238226
GOOGL,2022-05-03,OTHER,2,0.74273,-0.5915743271444536,Stock Splits Lead to Split Results in Trading,8bf96c8d245797f202a3413f67f731f49acb38474c564d67a85c5cf8445ca8cf
GOOGL,2022-05-04,OTHER,1,0.719517,0.0,DevOps: Why it is now the only way to develop software,be9ab059a8b20e865d9d82620e19dfeb4cbffb8481b576a45d6cc3f88b0a82ee
GOOGL,2022-05-04,PRODUCT,1,0.808776,1.0,Google Cloud and SAP Expand Partnership to Enable Native Integration Between Google Workspace and SAP S/4HANA® Cloud,9b0af2786db95c535042bdee890fb216f44c146feed5c4a1b692bd576a0c4975
GOOGL,2022-05-05,EARNINGS,2,0.8560395000000001,-1.0,2022 Selloff Has Left the U.S. Stock Market Undervalued,6d2fe2fe49097cc4a5f7de0eed0c96e2937ca774a1a582b8138b4b46ad7ae4e6
GOOGL,2022-05-05,OTHER,2,0.6234045,0.0,ICON Announces Tom vonReichbauer as Chief Financial Officer,7cb97a30225a42b704ecf2a9d3fa3ad8e30ceb102039bec4172e40133492d944
GOOGL,2022-05-05,PRODUCT,1,0.846475,0.0,"Vodafone, Cardinality.io and Google Cloud build smarter European network performance platform",3d7dc8b2bafda658b3fe39c7cb5efb9cb1170aa659e4fa18fd65e38af86c08fd
GOOGL,2022-05-06,MACRO,1,0.567415,0.0,7 Charts for Making Sense of These Markets,0238d9f423a7bfa369f60895aaf68f920d058b9d7d70103d55a2a56636d83c25
GOOGL,2022-05-06,PRODUCT,1,1.0,0.0,Google Cloud: Unifying Manufacturer Data,a1f6cfefca0a3afe4b26430cc26f14bd55b0de63f753eb72f1c211b4e611647a
GOOGL,2022-05-07,EARNINGS,1,0.714259,0.0,Korean Webtoon Companies that are giving the Audience Addictive Content,5199cabb81d1f1f4deb492b9980868ddbd71e2ac882a114c6eaf0c2f7d6829d0
GOOGL,2022-05-07,OTHER,1,0.913717,-1.0,"Class Action Complaint Claims Apple, Google, Snap Liable for Facilitating 'Sexual Grooming' of Minors",2df3453bd0f08397610dd9cb67d5d83359b4aada5135fdd3362fdcfd1ba860ad
GOOGL,2022-05-08,EARNINGS,1,0.592996,1.0,Meta is opening its first store as VR headsets inch closer to mainstream reality,3365a363c75645201b423f345e1bd95d640e17f839e1335d2e21191f8998c06e
GOOGL,2022-05-09,M&A,1,0.594795,0.0,"Concentrix Announces Acquisition of ServiceSource, a Global B2B Digital Sales Company",2fa415ed4f426f898532e14ef854f0090fed3921916172bbe4bd329e0c36d519
GOOGL,2022-05-09,MACRO,1,0.621157,0.0,15 Top Cities for Machine Learning Engineer Salaries,b487576c5df06b8f025a59cbc6a9edd1ddfd5ccc6aec4ef5ed7882fee83735ab
GOOGL,2022-05-09,OTHER,2,0.78548,-0.5527123542292611,Tinder owner Match sues Google in 'last resort' to avoid app-store booting,33b2c1802ca110e999509313d3a207c4699b95fae2004637a8f5501fe71750a0
GOOGL,2022-05-10,EARNINGS,1,0.628866,0.0,"Rackspace is looking to sell itself and exit the public markets, again",da0b2b526bb11f4ed56f7a15436eba4c3542de7337c88773978e71b5aabf9624
GOOGL,2022-05-10,OTHER,3,0.8528983333333334,-1.0,Online dating giant Match Group sues Google over app store,39f4e212fdc95f31647f168e1f7fadc0d599e8e253b8a3966c135db4b3e05f68
GOOGL,2022-05-11,M&A,1,0.647978,0.0,"Rackspace for sale, looking for privatization",1aa2aa0dc9ef9e5941223543fb01a4170cc49aa09c3ecb2198a104281a7f201b
GOOGL,2022-05-11,OTHER,1,0.631011,0.0,How Sonos’ new voice assistant could take on Alexa and Google Assistant,35a1c315c2f4d319f3d196b68139437de445509fb20bda4e7120251bcae3ad6f
GOOGL,2022-05-11,PRODUCT,1,1.0,0.0,"Google Cloud launches AlloyDB, a PostgreSQL-compatible database for mission-critical workloads",a68df69e4abcb6009d5e1de70394570283a02f7c10ecdee9929d314e031aae24
GOOGL,2022-05-12,EARNINGS,1,0.603982,0.0,100k Club: Digital news subscriptions top 30m across largest publishers,fadfe01e55db468b8fd8024b4393a53ab20c66cfe3dd47bb565b03d97dfa74ce
GOOGL,2022-05-12,OTHER,2,0.814622,0.38621839331616387,Google’s New Wallet Digitizes Payment Cards Plus Drivers’ Licenses And Other Credentials,09a3bc1fe6e6969b9f0ee78094ee6d8e1f423714bf02cc413c51586e3be789b6
GOOGL,2022-05-13,PRODUCT,1,0.638364,0.0,WD Targets Cloud Challenges,473bd03f610b0889f3b8b8aed6b5888cbb7b687e1c3502714f092d705b41d2b7
GOOGL,2022-05-16,OTHER,5,0.6546314,0.0,QVC in the digital age: Tech giants like YouTube embrace livestream shopping,04468d1bde497fe4a5fa7ab17faf7dd3e1d8861fe99ccb98d851a69bd671a68f
GOOGL,2022-05-16,PRODUCT,1,0.649983,0.0,A Look Into Public Clouds From the Ransomware Actor's Perspective,4f7e523af4e47553d773e1c9e4c56c53c02ae0da86f682b1caea37217552f590
GOOGL,2022-05-17,OTHER,1,0.640508,0.0,"SEIM ETF Profile: Dividends, Returns (BOATS:SEIM)",9b5909d5f304cce471dd39dc6f66a7c2cc5be675656f40ac4a0ddb6264b8550a
GOOGL,2022-05-18,OTHER,3,0.705205,0.0,"With multi-device FIDO credentials, you can now go all-in on passwordless | CXO Revolutionaries",e3d8f6ebf79e1d6f3d3aa474fbd038860ec3edd9c1368e4c7da7533c9145bd6d
GOOGL,2022-05-19,LEGAL,1,1.0,0.0,"Google 'private browsing' mode not really private, Texas lawsuit says",13a1cb7c7f987816e507f1700593ee7b6fe1c0d61d09fcd04dc5fc56e0be23b1
GOOGL,2022-05-20,OTHER,2,0.6482535,-0.43663165721434594,Music festivals are a UX nightmare. Here’s how Snap and Live Nation are fixing them,da797a44205798168b5ffeec423c1f5640bb3f27e16fc119e763f885bdc6d470
GOOGL,2022-05-23,MACRO,1,0.647921,0.0,Interxion pauses plans for $300 million expansion in Dublin,bdb0419f6cdec64551feb6b974ae8043ac398f851ee5ebd7ded937cf422c71de
GOOGL,2022-05-23,PRODUCT,1,0.865325,0.0,"Trump sues Facebook, Twitter, Google for ‘censorship’, launches his own social media platform",34d6d7808d753c429b4e59d392e9b6150b1feb0db45f1b0a71b3b07ea5328b42
GOOGL,2022-05-24,EARNINGS,1,0.641688,1.0,Gartner: Marketing Budgets Increase To 9.5% Of Overall Company Revenue 05/24/2022,2304b4481e79a5ae4cf9fa6c7efd2825d03fd98c17b6978c156cc8ed62b579a0
GOOGL,2022-05-24,MACRO,1,0.914962,0.0,Our Ultimate Stock-Pickers' Top 10 High-Conviction Purchases,d056dac637ea4dbda81e9f62a896ada36785a73ea713f6500be08c81c4213f0c
GOOGL,2022-05-26,OTHER,2,0.6396695,-0.4976233820746495,L’OFFICIEL Makes Its Arrival in the Metaverse with Virtual Land on The Sandbox,9e6d88a483bc1532239cd06c97647ece916b2c3fdff9687139648e9dea715206
GOOGL,2022-05-27,OTHER,1,0.614249,0.0,How Chatbots are Revolutionizing Customer Experience,37576e5b351dcbbae1513b6276e91df80a5e08b7c612822286f298e13370c3dc
GOOGL,2022-05-30,GUIDANCE,1,0.607338,0.0,"Global Data Annotation Tools Market Size, Share Forecast to 2033",c2b15982691c4c8e7c5577f2888fa202b88d8a59ef8a8c042be03032db687d1b
GOOGL,2022-05-31,OTHER,2,0.60129,-0.5143998736050824,"Apple Inc. stock falls Tuesday, underperforms market",25a11a1b22b99f3ccb7ec11f39d4dc952f83ba7b47d08012405e60d183650439
GOOGL,2022-06-02,OTHER,1,0.613827,0.0,"To Promote 'Stranger Things,' These Businesses Developed an App That Lets You Order a Pizza With Your Mind",76938b61a87d92cc890d2f1a1145a1487a80d1228b3508d35ca5994af09b1092
GOOGL,2022-06-03,MACRO,1,0.821858,0.0,Ottawa should reject the Murdoch plan,adc1508e248384c1a3a3ac24191b8a4e62c2d48d7f7a2ff565fc4f05df37547a
GOOGL,2022-06-03,OTHER,3,0.6985830000000001,0.3000249552785186,What Does Amazon's Stock Split Mean for Investors?,44f3ca2f627c811b49fadcf9148a65db88d0a7a7f85e88ebddb2c816bc552586
GOOGL,2022-06-06,EARNINGS,1,0.602855,0.0,"Facebook completes rebrand to Meta, changes Nasdaq listing ticker",62bf958f08f14827b201e8bc75eb58a250440280e72f6679b907579731d2a83b
GOOGL,2022-06-06,LEGAL,1,0.971704,0.0,"Lawyer David Boies bills $1,950 hourly in Google case, court filing shows",02ac34e2d4c944b57dbe4dea9c6cee18d8129ccfcf6a233f71a1257f1e1191eb
GOOGL,2022-06-06,OTHER,3,0.5989576666666667,0.3427148162390998,"Didi set to resume app downloads, new user registrations as probe nears end",8716fecfe51b2f644ef6992fbc03aff23164b118290a343917acd34dfaf74d8e
GOOGL,2022-06-06,PRODUCT,1,0.894122,1.0,Google Cloud Partnership to Bolster XPO’s Advanced Capabilities,10d366e155971d1eb6e251ec1c1536350f59f586a39141157bc2377b81ed82c1
GOOGL,2022-06-07,M&A,1,0.560775,0.0,Oracle closes $28B deal to buy EHR giant Cerner,4fb5f0e093df702421f092d698c4b3d6c76ef0194dc3de1e6342b4d03b7005a5
GOOGL,2022-06-08,OTHER,2,0.7672375,1.0,Google partners up with Figma to bring the popular design tool to Chromebooks,74fc842151184cf88f5db992dd60e52cf3b40899daa24156c651c214b9a4e54f
GOOGL,2022-06-08,PRODUCT,1,0.641776,0.0,"Verizon's cloud continuum meets MongoDB's multicloud deployment model (it's all supercloud, really)",d4d95f4b4cda506a0212e496e807281dc5d52a714534ff0c7d68139e66d5a680
GOOGL,2022-06-09,OTHER,1,0.573402,0.0,MIGHTY MORPHIN POWER RANGERS #100 Announcement,7b9cebb569faca3c9e160220a2a29be1750fc3dcdf385b9fbdae5a2d813c3082
GOOGL,2022-06-10,MANAGEMENT,1,1.0,0.0,"Trudeau meets Google boss Sundar Pichai, but no word on whether the tech CEO chewed out the PM over Bill C-18",ed1d56a608381c66973f70b39475e1c9166aa142c918c09eaa11968c2f1eafa5
GOOGL,2022-06-10,OTHER,1,0.708908,0.0,Fortinet (FTNT) to Split Stock in 5 to Attract More Investors,ee24c3000e5410134e30b274aff5543f9e94452a93c5ccd1c826d155a2fe8c25
GOOGL,2022-06-12,OTHER,1,1.0,0.0,Google Agrees to Pay $118 Million to Settle Pay Discrimination Case (Published 2022),6337231c11347d1f9450f107b956a97e27ccf098b47444039a935c9f0bbfd5af
GOOGL,2022-06-13,M&A,1,0.636247,1.0,Semiconductor giant Marvell plans ‘significant expansion’ of Kanata footprint after acquisition,a29ee92748c4987ea7981e409a102f94993b3f5c2c83acf36f4fbc597027f01a
GOOGL,2022-06-13,MACRO,1,0.891108,1.0,Google Engineer Claims AI System is Sentient; China's Tech Giants Flourish as Crackdown Eases,8f2b60d29fa2b84d615b16836581223b84248e9721a7be6e227be54a9041ad5a
GOOGL,2022-06-13,OTHER,1,0.831488,-1.0,Oracle women stumble in pay bias suit while Google cuts a deal,6755971b33de1a3c868b8372183d8f467ae5abefc175851c013760c109fa4d2a
GOOGL,2022-06-14,M&A,1,0.609746,0.0,"Newmark Completes Sale of Moffett Green, Fully-Leased Trophy Campus in Silicon Valley",974adc1244c4328ebb57d8876ee7f337c961ce4c1bd7a971655130fddb902606
GOOGL,2022-06-14,PRODUCT,1,0.728788,0.0,C3 AI & Google Cloud: Optimizing Supply Chains,2a616944bb4c48652ebe8e4118e4039c46fa2c09c0fb1614a9bc3b2eceb593bf
GOOGL,2022-06-15,M&A,1,0.72087,0.0,L3Harris in talks to buy Israeli spyware firm NSO - reports,6bec4725434cd457d3def3218abdc55224a8699eb2b8a84464598e89fa48f977
GOOGL,2022-06-15,PRODUCT,1,0.801274,1.0,C3 AI Receives Google Cloud AI/ML Partner of the Year Award,b539338af113d9dbdf82955ea373c34b34de9cb556a9f94ddf02ffe2e70443ab
GOOGL,2022-06-16,MACRO,1,0.636196,1.0,McDonald's agrees to pay $1.3 bln to settle French tax dispute,6137ffe309bb9b72839cfac1bb3edc199469f746a1866f20615bac4c9e1adb1d
GOOGL,2022-06-17,OTHER,1,0.62132,1.0,Walmart enters shoppable TV via exclusive deal with Roku,470bd7c944d9e37b2bd7bb49d6764a22803176c2814358b9c1a92e4183d9aee2
GOOGL,2022-06-20,OTHER,1,0.641184,0.0,A closer look at P&G’s ‘water positive’ pledge,15fbb931c1a58918aec88d9309a5014b3a91fab648a100ebdc2ac7497ef6d19f
GOOGL,2022-06-21,OTHER,1,0.748602,-1.0,"Microsoft stops selling emotion-reading tech, limits face recognition",2a11161a1656d0f637fa6538ce1eb745f65225138eac6ddd143ac987ae91b811
GOOGL,2022-06-21,PRODUCT,1,0.603565,0.0,Oracle introduces lower-cost version of its full on-premises cloud stack,3e7a6e1b951ef4ee1ec668b868d7f1e35a97b66f0013edb730beed5775cb20d4
GOOGL,2022-06-22,MACRO,1,0.861727,0.0,How Comscore and YouTube Unlock the Power of CTV,b0212b87079af221d2af38a2055a583e9fa6c694d34bb4d8339caf42cc56d0d1
GOOGL,2022-06-22,OTHER,1,0.63459,0.0,MinIO extends Snowflake analysis to any data location,fd86a5554fd42bd190624f2a1d8ff44f8034419f1d2ede91a5a53d667e5da6e8
GOOGL,2022-06-23,OTHER,1,0.838666,0.0,How T-Mobile's 3G shutdown will impact Google Fi and older Pixels,4ceb1259a4b685b1a796d26324ef5475fdc35e95b87630662419d86f077a920b
GOOGL,2022-06-24,MACRO,1,0.633544,1.0,"Por qué un empresario propone colocar ""estatuas de Cristina Kirchner en cada rincón de Uruguay""",daf342843033b2f0ee02f3ca8b275c069fad03b7f33a62696c08dc040d6bedc5
GOOGL,2022-06-24,OTHER,1,0.801937,0.0,"Companies paying for abortion-related travel include Dick's Sporting Goods, Google, Disney",a1fa9e38f997a99089a640185466d728708d682516420dc06ceea74da23280e7
GOOGL,2022-06-27,OTHER,1,0.530797,0.0,T-Mobile is now selling data on which apps you open,a948de874001bf8db9416e9c00132b4d9a16bb2504a6f053aa1a91b3b99bbf1d
GOOGL,2022-06-28,M&A,1,0.965511,0.0,News | Google in Talks To Buy Chicago’s Thompson Center,a9ba0b5cd831185144b9a68040c2a48cc538414beb79b7dda65de599c9ddf5e5
GOOGL,2022-06-28,MANAGEMENT,1,0.623696,0.0,"Pinterest CEO steps down, Google executive to take over in e-commerce push",b963b659aa3254d4a282ad0421e168f04db5cdeca21b4d80d0c3eae163e835f8
GOOGL,2022-06-28,OTHER,2,0.662933,0.0,"J.B. Hunt, Waymo Add Wayfair to Autonomous Trucking Program",7304895e1b4e2cffba0df3399f0f274eed6803c9a7d6d1031b33899c0f87635c
GOOGL,2022-06-29,OTHER,2,0.7897265,0.0,Self-driving truck firm Waymo to deliver goods for Wayfair on Interstate 45,bfbd9b7fbba7386cf3bafece2fcedc11c9e6f7c7133941161ffc8ec651f3ce9d
GOOGL,2022-06-30,MACRO,1,0.885678,0.0,How Nuuly is using technology to aid in sustainability tracking,555290706d26ecaecaa8c332e0240d25a8283952d63d43e7397db9ea68f5d1fa
GOOGL,2022-06-30,OTHER,1,0.599368,0.0,"DevOps 2030: People, Practices, And Platforms",07bc721ce9658ac54b0e4382ea08ae8d025b33720f721e74fd3c856bd075635e
GOOGL,2022-06-30,PRODUCT,1,0.620336,0.0,Cloudera embraces Apache Iceberg as cloud data lake evolves,6923109c5127dfd2f2c0c88928b531cf8f5c2cef993fc76fa7027d55f0cd6b47
GOOGL,2026-08-09,EARNINGS,13,0.9406517692307692,0.17542615500725234,Dala Group LLC Acquires New Shares in Alphabet Inc. $GOOGL,9030d7a7b95695846e01b66b2518a5b6cf2ae9ecc6a25fbf000c185903a7b410
GOOGL,2026-08-09,MANAGEMENT,1,0.7108,0.0,"Nvidia CEO Jensen Huang Told Investors in Seoul to ""Buy at a Discount"" During the Recent AI Stock Sell-Off. Here's Whether His Call Has Paid Off.",11c9400ab1037a334ec12bb033ef82098d7ab9a177660beabc79f035a80061bd
GOOGL,2026-08-10,EARNINGS,15,0.9326176,-0.173865615803662,Alphabet Inc. $GOOGL Shares Bought by AMS Capital Ltda,89afc450f50972977fe499bc106464ac4f0eb5fbb411634aca2eb4f0e6dcc181
GOOGL,2026-08-10,OTHER,1,1.0,0.0,Form 8K Alphabet Inc Class A For: 10 August By Investing.com,5162e0014d92979f648fabc2feffd40225758b37f9537fa94b54928569345f21
GOOGL,2026-08-11,EARNINGS,21,0.8942715238095238,-0.1318521987196602,"701,000 Shares in Alphabet Inc. $GOOGL Acquired by BSN CAPITAL PARTNERS Ltd",1c433ef4c7722deaae5463ff792c1b61f584d11498fa4c60a030a1ac755cf641
GOOGL,2026-08-11,M&A,1,0.744772,1.0,"Canada's H&R REIT agrees to $4.81 billion breakup deal with GO Residential, Blackstone consortium",08fca5a1d3e292070f59398a81db8d105834052ffbcac708243570983ef814f7
GOOGL,2026-08-11,OTHER,6,0.8268468333333333,-0.028874755320463442,"Honeywell, Alphabet Inc. Cl A Share Losses Contribute To Dow's 162-Point Drop",6e31406b5532253100f989c13d4a6d23f6f1aa9dc78f646639092d557ccbcff1
GOOGL,2026-08-11,PRODUCT,1,0.846485,1.0,Abbott and Google launch first-of-its-kind partnership to transform everyday health through glucose insights and AI,7da75cf1539599e8163e68b8f4a693ab8b1a2cba76be0067589d54bbe69e33c4
GOOGL,2026-08-12,EARNINGS,16,0.8889520625,0.06778044063540266,Here’s How Much You Would Have Made Owning Alphabet Stock In The Last 20 Years,3faed4384099d51edf1546276863e1374795e969259c72f8567449a9c36af096
GOOGL,2026-08-12,LEGAL,1,0.726872,0.0,"Hims & Hers shared patient health data with Meta, Snap and other advertisers, new class action lawsuit claims",08f77914d8495d14e284d7dbca2dd04090183a53c0c2230398a680326da774ea
GOOGL,2026-08-12,MACRO,1,0.842153,1.0,"Google, Rowan and CleanSpark Commit to Comply With Texas Data Center Standards",ba403a62ea03a77de69a072ec1765851ce53e0975c4fc8926fe5a0556faf8ff5
GOOGL,2026-08-12,OTHER,5,0.8402537999999999,0.0,Alphabet (GOOG) co-founder Sergey Brin converts Class B and gifts Class A & C,af790e2be14679fdb807ce78b1b8dd9da18ecad82854d919325f89989d8c6a2d
GOOGL,2026-08-12,PRODUCT,1,1.0,-1.0,Alphabet’s stock slips as Nvidia’s $500 billion financing deal threatens custom chips,ff29a76f724a477120dc1a6f9c128fd85e003fdb4e6d3a717dc546db374972f9
GOOGL,2026-08-13,EARNINGS,11,0.9173962727272728,-0.39637872361889015,"Alphabet Stock Forecast: GOOGL Faces AI Spending, Debt and Regulatory Pressure",fd738a90c6b04bcb13427b44e53cf3ae8cf1f011ed5d3692c51e50474e5eb6d5
GOOGL,2026-08-13,MACRO,1,0.979008,0.0,Key facts: Alphabet Inc. Class C — Gemini 1B MAUs; Ryanair deal; Australia levy 2.5%,b0dcca470a3e4ca9435662562252e9fd0cf60f0e5d5947d2781fba12bf55a517
GOOGL,2026-08-13,OTHER,4,0.831905,0.0,"If Anthropic Stock Trades Like SpaceX, Investors May Wish They Owned Alphabet Instead",2a1e75d99737ddcc161b2e77d5a353b204e7d57061ab1a747c82cf0e4ef9f46e
GOOGL,2026-08-14,EARNINGS,13,0.8798941538461539,0.0030097151545500564,Alphabet Inc. $GOOGL Shares Purchased by 55 North Private Wealth LLC,8f5eb7bb307cbf151d3ee4e4b6b400c698e77432fadf768ab2fbf5fd13274dfb
GOOGL,2026-08-14,MACRO,3,0.72071,0.0001965654239106847,Li Lu's Bold Q2 2026 Move: PDD Holdings Inc Surges to a 12.68% Portfolio Impact,9bb03746afcefe1763c049e5156809bea5522edca117c1d32498b60ff7c48888
GOOGL,2026-08-14,OTHER,5,0.8166962,0.22070752869916624,Alphabet Inc. (SPCX) group reports 551M SpaceX Class A shares under beneficial ownership,a0383aad35eae2e7754e69e664b3e5b8b3a9d48310d81a8bd3a1f0a87423ae61
GOOGL,2026-08-14,PRODUCT,1,0.710694,0.0,Cardano’s Founder Launches New Privacy-focused Midnight Blockchain,cc328a04a9b154c00b433ca26fce2576098cdff678861dd4458c2ade80221a74
GOOGL,2026-08-15,EARNINGS,6,0.9229588333333334,-0.053060510282780755,Chesley Taft & Associates LLC Decreases Stock Holdings in Alphabet Inc. $GOOGL,5354b08108fed2aac0133f24f9d144b681e7e534bf0503a2c8861eeaa5fa0c63
GOOGL,2026-08-15,MANAGEMENT,1,0.732868,0.0,AI compute is 'critical infrastructure' like railroads & steel: Hut 8 CEO,d7e1ae834ad685c02c0cf386f85e2b41305afe68a4c72824c55751ce95e407ca
GOOGL,2026-08-15,OTHER,2,1.0,0.0,"Roundhill GOOGL WeeklyPay ETF To Go Ex-Dividend On August 17th, 2026 With 0.39199 USD Dividend Per Share",e6ecec05c5089008f9a0caeb1437d5d96706eb0e40b428b389f17c0a6eaedf6e
GOOGL,2026-08-16,EARNINGS,10,0.9572924,-0.20892258206583483,Alphabet Inc. $GOOGL Stock Position Cut by Agate Pass Investment Management LLC,7bf837fc620e9ccdbfc069be6d0a19d5d5adc612427bce7e3bf8f2ff57332238
GOOGL,2026-08-16,OTHER,1,0.969885,0.0,Meta vs. Alphabet (GOOGL): Which Growth Stock Are U.S. Politicians Buying?,ed938408dae9873fb5d6177e2c652287d649c05666cbec5653e5f18387ea6f41
GOOGL,2026-08-16,REGULATORY,1,0.927356,1.0,"Waymo gets regulatory approval to scale up robotaxi service across California, enter 2 new markets",abb19a937f203ed4080c3fa1a144cdfd454eb8b0c2af214333ac14a64a913776
GOOGL,2026-08-17,EARNINGS,9,0.9425062222222222,0.23432312147423484,GOOGL Is Already Borrowing Billions For AI – Now It’s Reportedly Eyeing Australia’s Bond Market,eae3c7d29a56eaf826272bf5c2df6eba37af60e30f6bbcbb123a23e31a351c76
GOOGL,2026-08-17,MACRO,3,0.8976706666666666,0.0,"Alphabet eyes inaugural Australian dollar bond, bookrunner’s message says By Reuters",be33c74a1158f13a58b587604faca1cc193795dc8ebe001ae98ed71ca711d0ef
GOOGL,2026-08-17,OTHER,6,0.8158415,0.0,"Alphabet Class A Tokenized Stock (Ondo) price today, GOOGLon to USD chart, marketcap and volume",c9eadf5e644ab51d0868394e0280904a94a8655a551a12ada9fadd9f0ff6c227
GOOGL,2026-08-17,REGULATORY,1,0.849628,0.0,Michigan regulators weigh risks of DTE’s proposed Google data center deal,bba18cf65bf3955995a732d5f2ce3587d6b1503aec968b380cfe2599fb123706
GOOGL,2026-08-18,EARNINGS,14,0.8143218571428571,-0.08143647308286141,Top Investors Warn Google Is Now “A Very Different Company” Than It Was 2 Years Ago,254fb2625557f8f41354ffee6ca5907a327ef2dfbf1dfadc0e82c7d0072893dd
GOOGL,2026-08-18,OTHER,2,0.8472770000000001,0.49979581648032456,"SpaceX Stock Is Everywhere: Google, Nvidia, AMD, Harvard Disclose Stakes",5139319b04ca67117f46fb0d41bd7eb64b8cbcea8340baaba41d03c1b0b473f9
GOOGL,2026-08-19,EARNINGS,18,0.9064552777777778,0.21758265330856855,Alphabet's Cash Flow Went Negative - Buffett's Berkshire Made It a Top-Three Holding Anyway,92c4b25d5e4af1b743b1c19aedb22d8e63a9901bacab2a2072528716f63f8e20
GOOGL,2026-08-19,M&A,1,0.92226,0.0,Marvell gives Google option to buy $12.2 billion stake in custom chip deal,941ffc7515e462df3dc1f340f12d17ff335cbc29f421ae3283192765eeb974ab
GOOGL,2026-08-19,MACRO,2,0.895653,0.4701095178601534,"Thomas Kean Jr. trades in Alphabet, Amazon, and Stryker stocks",ce848d6a47856a2a2c15cb385338a852e9b35be8dcfade79b5b1598d3272f931
GOOGL,2026-08-19,OTHER,5,0.8895250000000001,-0.16503257356454284,"Dow Jones Tech Titan Alphabet Offers New Buy Point, But These Key Flaws Remain",658d7dcfb42811cfcd62710a034def9cf7fea6bcb9d0c8662d502f82a84b6dfd
GOOGL,2026-08-19,PRODUCT,3,0.8338006666666667,0.3099525785939245,Google’s founders didn’t market test Alphabet’s name before launching the now $1.9 trillion juggernaut. Here's the advice Steve Jobs gave Larry Page,68e88988fdaa1eaf90a821c8a8c4b72d1f9e226cc8edea6e31764a1d54934de3
GOOGL,2026-08-20,EARNINGS,20,0.9206277999999999,-0.027747315473202094,Rosenblatt initiates Alphabet stock coverage with buy rating on cloud By Investing.com,23134558cc9edef149d7cfc3d45fa3e304c714869c31ab21630e9ba237355cc9
GOOGL,2026-08-20,OTHER,10,0.826405,-0.08585729757201374,Alphabet Inc Class A (GOOGL) Stock News Today,fb2cc8a86a1864945d9db72af4d089723c3a81094ea0959123651d0efa3e50aa
GOOGL,2026-08-20,PRODUCT,1,0.738087,1.0,Conduent Collaborates with Google Cloud to Expand Enterprise AI Strategy and Deliver GenAI-Powered eDiscovery Solution,0a08aa4285fb7d0023571a0ee465ea8afd680b9b26f83be98acfd810fa9a4c9d
GOOGL,2026-08-21,EARNINGS,6,0.9673488333333333,0.17229220827440223,Alphabet stock holds above $340 as AI gains reshape 2026 outlook,fa51275e7bda995b3de6082ee910ad7d9d4854caff4d13fec2759463c14f9ff8
GOOGL,2026-08-21,MACRO,1,0.916335,0.0,"David J. Taylor from Ohio’s 2nd district buys Alphabet Inc and Procter & Gamble stocks, sells Microsoft",040909d2823fa3e2bfb4a7f5106bec8a5a6ac838595fa335061f27d5dd445af7
GOOGL,2026-08-21,OTHER,2,0.7155229999999999,0.0,YouTube offers creators millions to not work With Netflix,5845e424cfccac0c878e8cb3c601d8531f9ed69f85578c10824dc5d8c144221e
GOOGL,2026-08-22,EARNINGS,3,0.8002576666666666,0.0,"Chris Hohn’s TCI Revamps Q2 Portfolio, Exits Microsoft and Adds to Alphabet",77322540b2b929a2c9b3e13fe5e61f6b15efde2c313242ed1bef8f7c45388080
GOOGL,2026-08-22,MACRO,1,0.88431,0.0,"Alphabet, Meta, and Microsoft Are Hiding $3 Trillion in Debt On the AI Boom's Hidden Ledger",91441675dff40a97e1ec385ee14daca1ff564a04806b237c7a7406992bae4c01
GOOGL,2026-08-22,OTHER,3,0.775252,0.0,YouTube paying to keep creators amid Netflix push,c9c96e35683544e0995b07fdf358c36fa7e00b2c71a2639c7e0617fef75dcb8f
GOOGL,2026-08-22,PRODUCT,1,1.0,0.0,Google Is Getting Paid in Marvell Stock Warrants for Buying Marvell's Chips,6fe9e3e3bd187405a93286433b2987ec9690824cbc59cb202d74e136c9f2afa7
GOOGL,2026-08-23,EARNINGS,4,0.83455225,0.22124768101697645,Alphabet and Amazon Are Cheaper Than the S&P 500. What's Going On?,e6bd152214a60b37a4d542bd9ded7a3953fe23e4a5c7437362baa8bb659d07f1
GOOGL,2026-08-24,EARNINGS,13,0.7702603846153846,0.30583464033391305,Alphabet stock climbs after earnings beat on ads and costs,1aebfed33fae9c99f9320bd28d3982ea1f2ac5f92d428d474e90809ba9b30241
GOOGL,2026-08-24,M&A,1,0.734196,0.0,Amazon's Robotaxi Bet Is Finally Coming for Waymo,1cc41785f1d6726ee47c00ad4788ca2b22c9695750c7b13366a5d61f6a8858f5
GOOGL,2026-08-24,OTHER,7,0.7866088571428571,0.1312180568233041,"Li Lu’s Latest Portfolio: Top Holdings, Biggest Changes & Strategy",7eff7999789f413ba4434ed88fd8b0266a4d113ea186c50afa90517c6004d9bf
GOOGL,2026-08-24,PRODUCT,1,1.0,0.0,Is Alphabet (NASDAQ:GOOGL) Turning AI And Cloud Strength Into Search Momentum?,e272d96810c205ed4b60778988f9e8a2a1e071836b3d659b5befce8c5e502fdc
GOOGL,2026-08-25,EARNINGS,3,1.0,0.6666666666666666,Berkshire Boosts Its Bet: This AI Hyperscaler Is Now a Top-3 Holding,2d7ef37cd1957663f7a72510c8e1b42d6a39e62ea355eaafcea1551d69e03319
GOOGL,2026-08-25,M&A,1,0.930609,0.0,Key facts: GOOG-Marvell chip pact; Wix Harmony in Gemini; NZ law threat,42ebb5e5db42c89be0e51cc1f257d50cc3829771e7b961ffdca02ea07a2b18d7
GOOGL,2026-08-25,MACRO,1,0.736796,-1.0,"Perfil sues OpenAI, Microsoft over unauthorised use of journalism",5e3b8a2284a43f5857bc6cf7c9d3b91e0af3802caf6473d1b51158577a99c399
GOOGL,2026-08-25,OTHER,5,0.7578115999999999,-0.1682969751320777,Deutsche Bank Accelerates AI Adoption With New Google Service,bd24eb24a865832941217434ff5a3b1f4b53c27190810b165b5ab0d6717338ea
GOOGL,2026-08-25,PRODUCT,2,0.918174,0.0,"Google Cloud Launches Gemini AI for Finance With Deutsche Bank, CME",beae64402873482a7f449ec424e9f4d8127bf523157a3753d9ade05644515f72
GOOGL,2026-08-26,EARNINGS,11,0.8590564545454545,-0.01674892569765497,Alphabet A stock trades in the mid-$340s as AI capex and cloud growth shape the Q2 2026 story,2a9e4f5510e3d0066ade146f7e095bc453fb4a6f3db10cac543a527a31251dba
GOOGL,2026-08-26,OTHER,2,0.9178280000000001,-0.47696845160531165,Michael Rulli from Ohio’s 6th district sells part of Alphabet Inc. stock,c458019111e9a49c0bd83fe83ddfcbbd2791a4acde15c938baba8a5edd8f8777
GOOGL,2026-08-26,PRODUCT,2,0.7349275,0.0,"Chinese video platform Bilibili relaunches international app, offering creators an alternative to YouTube",385a723afbde4633be68a44c34f8865175d36bd4e23f5f4c129d018f6fddfae7
GOOGL,2026-08-27,PRODUCT,1,0.716231,0.0,"Wipro To Train 10,000 AI Specialists With Google Cloud",a9dbcac71e75121fd5c94010dfe2b21335f9c679eab95837545dad32f74aa6a6
GOOGL,2026-08-28,EARNINGS,1,0.991729,0.0,"Alphabet (NASDAQ: GOOG) CEO uses 3,703 shares for taxes",ab435c2672eb9a395b84f184775623ce43dbbdcc74b55aabeaa98fa6c1792f5c
GOOGL,2026-08-28,OTHER,1,0.715724,-1.0,What Is Going on With Meta Platforms Stock on Wednesday?,b638516b0c37d66bd1d5039a771333990b18445a112cd96de1bac857a281abaa
GOOGL,2026-08-29,EARNINGS,1,1.0,0.0,"VALUE LINE LARGER COMPANIES FOCUSED FUND, INC.'s Alphabet Inc(GOOGL) Holding History",2f434aa1b316e59b0ee4926da0a97bb5befb092fd70cfa765296ae1d522838ac
GOOGL,2026-08-29,PRODUCT,1,0.733016,1.0,"Wipro expands Google Cloud alliance with 1,500-member AI engineering push",d8e61f65d89095e0b0eac1b492e882080cc6e7f4504ddf6ef6b8cdacb81dcaa4
GOOGL,2026-08-31,EARNINGS,4,0.86449625,0.28918575413138,Alphabet stock holds firm as AI-driven earnings and dividend support a $4 trillion valuation,d5f0965999c1ea47a36e072f0a4d00264893aac7dd2018226a0c3b3f13096980
GOOGL,2026-08-31,OTHER,1,0.717289,0.0,Gary Black Says Tesla Robotaxi Skepticism Comes Down To Market Share - Tesla (NASDAQ:TSLA),ed21d06f24b3305ffe6c2896721cb9d21f28aa8177b8012604f803217f6d30b0
GOOGL,2026-09-01,EARNINGS,9,0.910942888888889,0.022244594916671197,"Sundar Pichai Says Alphabet Can't Build AI Capacity Fast Enough, and Anthropic Has Secured 5 Gigawatts of It.",f882b12db0c789eb24b2d57a32a2443cb449e2feb75b8c4ae09f825584650fdd
GOOGL,2026-09-01,MACRO,1,0.7405,0.0,Middle Market Debt Weekly: September Shifts From a Hold to a Coin-Flip Hike,ee60d415e94a7b119c8ba6928e29322120b7189936b5487d777e13dee7a5103b
GOOGL,2026-09-01,MANAGEMENT,1,0.922522,0.0,Charter CFO Jessica Fischer to join Google-Blackstone's TPU neocloud,304e98ef01de78998f29c362eab84306c5c256cbfec9eeb122254220abcb41a5
GOOGL,2026-09-01,OTHER,4,0.87499675,-0.7142846530572827,Alphabet (NASDAQ: GOOG) director sale under 10b5-1 plan,1d820008a5313adfb5058d19e0749d21651d44fc1705599aaf6d68495bab2868
GOOGL,2026-09-01,PRODUCT,1,0.856393,1.0,U.S. Army taps FedEx Dataworks and Google Cloud to modernize military logistics network under flagship Strategic Capital Initiative,0073f96fffea41674b86cf284d9b667a31e9913541a462757322252a27799736
GOOGL,2026-09-02,EARNINGS,7,0.8834931428571429,-0.2336519064259857,Why Did Alphabet (NASDAQ:GOOGL) Shares Just Tumble on Executive News?,c2c3355cb62181264cb7c7fd688accc7f44dc6a602e1396f4674662e9d61c506
GOOGL,2026-09-02,OTHER,3,0.8394526666666667,0.680579171031283,"Waymo taps into debt markets with $3B deal with Pimco, Blackstone - report",7888f3f645d85dfb69074b709cc5a17f834ec38825a51c80a874b106f4c5506a
GOOGL,2026-09-03,EARNINGS,5,0.8129046000000001,0.23895743731798294,Alphabet Stock Gains 1.7% as Gemini Price Freeze Challenges 35.6% Cloud Margin,c07b35ad52b5599ff3f1a17afa02558a3dc69b23485f1364dc905800143916ac
GOOGL,2026-09-03,OTHER,2,0.726363,1.0,"Elon Musk Touts a ‘Storm’ of Tesla Cybercabs in Austin, Says They Offer Better ‘Operational Efficiency’ Than Waymo",6920bde74fe5686ef8cdf19c99ad4a42884b45b3b4b7d6f2b34b61d5062c1f2d
GOOGL,2026-09-03,PRODUCT,2,0.7769435,1.0,"Pacific Gas And Electric Company, Rewiring America, Google, Carrier Global Corporation, Tesla, Sunrun, Renew Home, Demand Side Analytics And Encoord Launch First-Of-Its-Kind Virtual Power Plant To Help Lower Costs For All Customers",546bd250bec64d52297220ff9102d032dc7eaaea022b216a5aebbf0be2cd34dd
GOOGL,2026-09-04,EARNINGS,1,0.797146,1.0,Meta Rises 4% as Muse Spark 1.3 Claims Parity With Anthropic and OpenAI,089e0f9d94084fec34dd3be7d70e2ca0d605c89b140b0f7683f8e29736cb6b62
GOOGL,2026-09-04,OTHER,1,0.994289,0.0,"Alphabet (NASDAQ: GOOG) director makes charitable gift, still holds 9,989 shares",3d75e0a868d12f093bd8767d55a00802b12f2d39143551fdfe69818d69460e26
GOOGL,2026-09-05,EARNINGS,2,1.0,-1.0,Alphabet raises its dividend 4.8% as AI spending leaves room for cash returns,71dbd0c766129bccaed096853e20a5dca4fd88bc7beb9162c08f62018255a688
GOOGL,2026-09-05,MACRO,1,0.804644,-1.0,S&P Global Ratings: Hyperscaler Credit Quality Gradually Weakening as AI Capex Surges,ec8b04539ebd180ee368e836c31ccabf09a77aa31414e59afcb1c1be27df9e38
META,2022-01-03,OTHER,1,0.602834,-1.0,"Devin Nunes officially resigns from Congress, clearing way to helm Trump's social media company",e7b6f90c218f758c2882f3ad0d7fdd8ae60ff1ef0ebf6e8e47f1e6f886b587b7
META,2022-01-05,PRODUCT,1,0.646501,0.0,"Qualcomm, Microsoft partner on metaverse chip for AR glasses",61d1f38f51c2a1d8aae07839a13cc3b011237e90c5b58e32a03009a6b5774e2a
META,2022-01-06,M&A,1,0.645292,0.0,"Trump’s social media app to launch in February, App Store listing says",7e0de826c7bb2cd4ea0c1d413f7d1d7f597534d42ece86c04201c4d051cf8d83
META,2022-01-06,OTHER,2,0.8116945,0.0,What Crypto-related ETFs Could Hit the US Market in 2022?,1edc018d70ca4018aad5a10ff8d55c4a525996451fe06c31caffeb76954ebbb8
META,2022-01-08,OTHER,1,1.0,0.0,Meta leases up all office space in Austin's tallest tower in historic deal,049696f082a111af6b34005010a388bd88dc241878c0f2816bfc69341c7e4ad4
META,2022-01-10,MANAGEMENT,1,0.848943,-1.0,Tech Moves: Adaptive CFO to resign; Meta comms exec departs; AI vet joins Absci board; new Zymeworks CEO,ce009b541f873ea3acad8aec819d3b215307e9cfcaaf44c0214fe51359942636
META,2022-01-12,MANAGEMENT,1,1.0,0.0,Meta Platforms adds DoorDash CEO Tony Xu to board of directors,e499efc9a50f0968e58d031ea7e953d5f845dfa86c00f41bd82ff9870c77f9b6
META,2022-01-12,OTHER,1,0.808623,0.0,Exercise by Accident: VR Games To Help You Work Out at Home,690bdb5809c234598785cd6df0487730e0bb99422a058c4bdaae83fa95d2e360
META,2022-01-14,OTHER,1,1.0,-1.0,Facebook faces $3.2 bln UK class action over market dominance,5b4ff5a7a6f03c9b508e3bcc9ccb42ac2652c46d61b51c1542ca3c5d2c76835a
META,2022-01-18,REGULATORY,1,1.0,-1.0,Facebook loses bid to dismiss users’ data-privacy antitrust claims,71cb4a7b411af4b38e3b7f11b6b0f62835fdadd2994f48f449480f15a782c6ab
META,2022-01-19,MACRO,1,0.604418,0.0,A Guide to Investing in Emerging Asian Markets Outside of China,6e568545d4d08632396ad0a7c9efeeb79595bdd3632cb55ed37713ef3ef704e3
META,2022-01-20,MACRO,1,0.642127,0.0,Certification programs build digital skills,8369fe2497f226d18cea603e32a0c9970ff9e649155de10406f3551925673023
META,2022-01-20,OTHER,1,0.904892,0.0,Meta Platforms: Roundhill Ball Metaverse ETF - Symbol Change Option Symbol: META New Symbol: METV,eb4b29f629f0216111e231b696b19d2e96c6c2ec5fec2ed7c5825e8a3ac0bd42
META,2022-01-21,M&A,1,0.638418,1.0,"Microsoft secures IPs like Call of Duty and Candy Crash to boost its metaverse ambitions, analyst says",d4680e1e751d84d5513b4e8359c9fd677e53b36fa9c512225b40411c1d12a19e
META,2022-01-21,OTHER,1,1.0,-1.0,Mother sues Meta and Snap over tween daughter’s suicide,1cd0d2b7df6de0eddba14283c3f9f533a5395fa75e74886061ca07bb9ae13e35
META,2022-01-25,OTHER,1,0.628379,0.0,What a Bristol-Myers project to monitor off-label prescribing says about future uses of A.I.,014e7662468d13e46f463cf1a87970ad949d8e2dd8b97315b78618450f7416fe
META,2022-01-27,OTHER,1,0.57723,0.0,The 3 Best Carbon Stocks of 2022,da0cb5e92f453e47997cca9c2ee9cb877724e3e11ec26c2a31e5c97352eafa9e
META,2022-01-28,OTHER,2,0.7771785,0.0,Timing Is Everything For ETFs,2dfa666a12510bc648b11e297cd37b9d3d1bbb33fc1daac774060e0c5384bd76
META,2022-02-01,MANAGEMENT,1,0.620974,0.0,"Beer Summit Takeaways: A-B CEO Previews Bud Light Next; Digital Marketing Opportunities on Facebook, Instagram; Lots of Seltzer Talk",7b9b1a6f5ff5b45a25cd0b803cbc3cfa4a88392c28ec87d37420ea5237c72153
META,2022-02-01,OTHER,2,0.6379325,0.0,Amazon and Microsoft led the world in corporate purchases of clean energy in 2021,8ea28b38bb03d524241ba92d78180021d42e64c0e2b022ad703001032906057f
META,2022-02-02,EARNINGS,1,1.0,0.0,Meta Reports Fourth Quarter and Full Year 2021 Results,757d2d04bd49861b7fecd4328d503a9659a61602f5bc8f7d9d5c11ef5fb9c5cc
META,2022-02-03,EARNINGS,4,0.719801,-0.12212507345780292,Metaverse stocks Nvidia and Roblox fall as Facebook parent Meta's Web3 business reports massive loss,52313d381769aa73da70de6f1bbcccb89b8aa031779eab401a685a96d7bbcd48
META,2022-02-03,MACRO,1,0.616694,0.0,H&R Block rolls out mobile banking in time for tax season,6ae129ba1283aca37dac3946efcf4d7117a3de27694b642712fe12ee154e94c1
META,2022-02-03,OTHER,1,0.911484,0.0,Warren Buffett’s Berkshire Hathaway Is Now Bigger Than Meta,5e883ff7db1578fb8940b8888bc390baa6b3363c49fee6941741d5b6e1d91838
META,2022-02-04,EARNINGS,4,0.838667,0.1057237258649738,Meta rivalry with Apple inflamed as Facebook parent company share price plummets,d04604d6dee548af6b3e58f4d0700f8a5604f0d1a8c679771c12951f8d21d59c
META,2022-02-04,M&A,1,0.645867,0.0,TelevisaUnivision Hires Multimedia Ad Sales Execs | Next TV | Broadcasting+Cable,a776cc06cded78ca595975c8ed510b59a7fbd69da4a1f9599315a9f41c1226a1
META,2022-02-05,M&A,1,0.602573,0.0,"Traditional conglomerates such as GE, J&J and Toshiba are moving in a new direction",a790fb83dd2c823b227a59c4955fbc46b22ce8c702dc35223f4add5165080777
META,2022-02-06,EARNINGS,1,1.0,-1.0,Opinion: $1.4 trillion? Big Tech’s pandemic year produces mind-boggling financial results,9a375ae8783da614d768d0e40b542d822d45beb6f43060e95be05881d5dc7c64
META,2022-02-07,EARNINGS,1,1.0,0.0,Aussie funds exposed to the Meta rout: Charts of the Week,8115e202200f79f6e9a687c0d4f40280501a7d1df2223eb2fb542cde4827b753
META,2022-02-07,MACRO,1,0.616181,0.0,"Amazon hiking base salary cap to $350,000 for corporate, tech workers",560304bdb4976905b4f4ad174a7971f77ce16cb36068a42f10fde433c86a9e36
META,2022-02-07,OTHER,2,0.8099069999999999,0.0,Peter Thiel to step down from board of Facebook parent Meta,bfb4fb7392a95843319e44df2421f7d20de758149b9fb8633a860e3d6c63dbd1
META,2022-02-09,EARNINGS,1,0.88651,-1.0,Meta Is Now Calling Out Google Over Apple's App Privacy Rules,7c92d2ac994112c01df51f8e53eb99e564fab4495ca4d2ce4a74d17892ad8921
META,2022-02-10,EARNINGS,1,0.976598,0.0,Better Buy: Meta Platforms vs. PayPal Holdings,531d66ccec651c24dedbe4ed8dffd6f5c94a30f66d7dd579029e757ee2564087
META,2022-02-10,M&A,1,0.851491,0.0,Gartner: A quarter of consumers will use the metaverse daily by 2026,b6948833e29d2f4d0da9e9db335f49725883f351b47f5f2565d0e954dd22c4f3
META,2022-02-10,OTHER,2,0.7664035,0.4207078908173045,"YouTube floats ideas of verifying NFTs, watching games in metaverse",ff2c376779c69a5434ce1f6ba98fda23056d0ffb658bd19064a3cd1c1c4402a1
META,2022-02-11,EARNINGS,1,0.607995,0.0,Expedia CEO says the metaverse doesn’t pose a threat to what he calls ‘real-verse’ travel,c4f6df082a1893894c4f56617f152a492695a2b17f93b969c96e1530b8deb938
META,2022-02-14,OTHER,3,0.8199193333333333,-0.4065440583992409,Texas sues Facebook parent company over use of facial recognition technology,47cddf84a7394c915280e21c07e616da6a4c49d83b64d05482d5b86612a706d5
META,2022-02-15,LEGAL,1,1.0,-1.0,Meta's Facebook to pay $90 million to settle privacy lawsuit over user tracking,f11c3ce376f16497d1ac97157352e5a6d2cf96ca62af82dfc331b3a5de760e40
META,2022-02-18,OTHER,1,1.0,0.0,Facebook Stops Fighting Wiretap Act Litigation After More Than a Decade,c3d9f96474aff24add249ed82bc8af8fe1c3db08189fae83455e0d44c212c4f2
META,2022-02-21,OTHER,1,0.569451,0.0,Trump's new social media application 'Truth Social' begins gradual rollout,d1647df468aa8fe8d38981fdd01af844cf319d7d7ef487de3eefc272dbdecd8d
META,2022-02-24,EARNINGS,1,0.604645,0.0,"HAGENS BERMAN, NATIONAL TRIAL ATTORNEYS, Alerts TaskUs, Inc. (TASK) Investors with Losses in Excess of $300K to Opportunity to Lead Securities Class Action",71809c248aafbd1ced1f69d4087689a7ca068c0d1f210af37a0829a4e9916649
META,2022-02-24,OTHER,1,0.7423,0.0,"How DBMS is Used by Hulu, JPMorgan Chase, and The Weather Company",521bd973e411efe6bba2b0584035011d42bf70b0138bc106779ed6d65c07f7c8
META,2022-02-25,OTHER,1,0.736134,0.0,11 Inspiring Women Who Pivoted into Tech Careers After Completing 2U-Powered Boot Camps,9f54dfbdd9cb3ee40ba058e2383a12e5cab4416ae3037241bb29b9307a4a19f9
META,2022-03-01,MACRO,1,0.945396,-1.0,"Google, Meta face penalties in Russia as deadline passes to open local offices",ccc23ebb709dfd38ddfa6826394b64f884c6a0793b64742ddccef42c1c0a2b27
META,2022-03-01,OTHER,1,1.0,0.0,"College could take place in the metaverse, but these problems must be overcome first",f538659613c6d197d07dab846a5976619a5ca9f7a946a524f6634b208cb85b0b
META,2022-03-02,MACRO,1,0.80005,-1.0,"Apple, Netflix, TikTok strike back against Russian state media content",7aa89d66c07dbfabe939afef3e9464bae5d03fc5a9022ae58613f06e7c8605c3
META,2022-03-02,OTHER,2,0.657957,0.5547277405666328,Qualcomm Extends Connectivity Leadership with World's First and Fastest Wi-Fi 7 Commercial Solution,1d66e5d9adb4f71444bf6cd6601780d0ee4726434d0b066d3a9fdc96378867b4
META,2022-03-02,PRODUCT,3,0.7274376666666668,0.0,"Leaders in Semiconductors, Packaging, IP Suppliers, Foundries, and Cloud Service Providers Join Forces to Standardize Chiplet Ecosystem",c3c089199a9d0d0fb30b724eababcc6525c8038cce0f1a5068839f1ceb8dcb6f
META,2022-03-03,M&A,1,0.744665,0.0,Goldman Sachs-Backed Virtual Beauty App Developer To Go Public In $1 Billion SPAC Deal,1cfc14a1c3630bf65c3ba7fb6570c20e30bba4ff6642aff5f88fbf2a9931a30a
META,2022-03-03,OTHER,1,0.742417,-1.0,Spotify closes its office in Russia in response to attack on Ukraine,01fbc3e9593a3ed90250079a3a1da7777d0a8289eceb8b9225c2b8c8c7f7fb90
META,2022-03-04,OTHER,1,0.649081,0.0,How Hyperscale Data Centers are reshaping India’s IT,5d2284b4a7d932204aec5ef294a8f97998b6a1b2d3c3ff1df4f0d58e0ccb38d5
META,2022-03-04,PRODUCT,1,0.867117,-1.0,The cloud over commercial real estate lingers,2df417387db24cdeb0e05bd93a13c400f30f7733f63f92c5c97db7b23e18e72b
META,2022-03-08,PRODUCT,1,0.61626,1.0,Industry Leaders Join Forces to Standardize Chiplet Ecosystem,322165270de583aa2cbc60c7e62e55c9fec01b0844d6a9f626933ad3cec6a553
META,2022-03-10,M&A,1,0.607221,0.0,Blue Cross Blue Shield Owner Anthem Seeks to Rebrand to Elevance Health,b6987545b38adc9b33fc7cdf03d7bdbd59db33b2b868af20a0758b073f296e07
META,2022-03-10,MACRO,1,0.817205,0.0,"Biden must safeguard Russian internet access, civil society warns",e692314d453771ed6684b29c785a365a0ae52d52cc5e1b2e949b51c54a01107c
META,2022-03-10,MANAGEMENT,1,0.60727,0.0,This CEO Has Purchased Over $1 Billion Worth Of His Own Stock Over The Last Year,f1b6f215fc22ec44f233c5ff92c7303fdd07ed8b001057f95ad6472bb5bcd672
META,2022-03-10,OTHER,1,0.642602,0.0,"Grizzle Growth ETF (GRZZ) Stock Price, News, Quote & History",b1400539cfde5bc409176e64c1a8369aac10b6e70a3c93c83819d129814fd34d
META,2022-03-11,EARNINGS,1,0.810671,0.0,‘The Dirty Dozen List’ – Corporations Enable and Profit from Sexual Exploitation,50933935ceed0dd8aeea699052fda2df9e77d20e41b5b2aef92ce8a8fb44acd7
META,2022-03-11,MACRO,1,1.0,-1.0,Russia says it will block Instagram,376e026a58375d83829fd0534ac1ab75bf80ec62fc2eb515027fb157a07a6f15
META,2022-03-11,OTHER,1,0.926181,0.0,Metaverse Technology Redefining Digital Experience,cf00b655613d4e4cc38233dca2f814744b6afd8f9ce91ef1fafc9e8481679f02
META,2022-03-12,OTHER,1,1.0,-1.0,Russia to block Instagram over ‘death to invaders’ posting rule,591a94edeacb7a1da5c8cd356d904dce526fbb1e9cca952c58dc01894c87d513
META,2022-03-14,MANAGEMENT,1,0.62496,0.0,Goldman Sachs CEO Says Ostracizing Russia Isn’t the Finance Industry’s Job,41630443c1fc120690ed8d82ae2badb7d839c03009863d80d3e4269c04128d83
META,2022-03-15,OTHER,1,0.883983,1.0,Aptos raises $200M to bring the Diem blockchain back to life,89bc553524ddc8a5fb859617d1d8f3fe9f7351ff5dfd712b41a54fa5721a1b6d
META,2022-03-17,OTHER,2,0.5754665,0.0,The Impact of Design on the Employee Experience,ebc9ae899dae0cd8cd91dabd5fc6625a74edfba9197c94f4a6c0c93f9189da8d
META,2022-03-17,PRODUCT,1,0.595651,1.0,"ProShares Launches Metaverse ETF, Expands Innovative Fund Lineup to the Internet’s Next Frontier",fe1bb08bae5318fd67608afed458a12dd117ebace963c508adf250d78f0d5834
META,2022-03-22,EARNINGS,1,0.98892,-1.0,Facebook Continues To Lose Out On User Time; Netherlands Data Center Plans Face Opposition,26a5317284dfb11b9e2b7aab803bb0840f32697b2db89c393a4eadbd2080fe07
META,2022-03-23,OTHER,1,0.701625,0.0,Towards The Distant Virtual World: Vitalii Vashchuk Shares Insights,1471818817d60723790768b1aff1d09306cf00f6782ce0ef7555b06d33583943
META,2022-03-25,M&A,1,0.623955,0.0,Brookfield agrees to buy Hibernia REIT for $1.2 billion,76962cb29ead3b4f1b9c0029452d1ae4ef2c419d29382d64d8d589de6ef3da68
META,2022-03-28,EARNINGS,1,0.701239,-1.0,Amazon Stock Rally Erases Losses for the Year,3279f8f324e3753b071974990b4d50158c1470cf69c13aeddd6b2ffe9bd1896b
META,2022-03-29,M&A,1,0.707278,0.0,Financial Firm MetaBank Rebrands as Pathward,d2f3a4ddea53318ef5a709bfcf4cf209ad33878f63a590049a0031583d032fc7
META,2022-03-29,MACRO,1,1.0,1.0,"Meta to open new engineering hub in Toronto, expects to create 2,500 jobs",964d901fa178773e0e4dff0a83419029a8ce4e366d375ed939f0e2239ec925d1
META,2022-03-29,OTHER,2,0.9275715,1.0,TVA & Silicon Ranch break ground on 70MW solar farm serving Meta’s Tennessee campus,aa446dd9df3742978f4ddaf0a3d5f124d3b99384ad7475cd51e43253cfe9be39
META,2022-03-30,OTHER,3,0.8830796666666667,0.0,MetaBank announces name change,24d88b213b709b5e989261c9a8f18f7c80b26d59c79c994db98420bb5815e865
META,2022-03-31,M&A,1,0.71933,0.0,3 Tech Trends Emerge for Investors,91576bc6f2877c9979831fee376dc1909f8e117f9d5fa14c7cf4e3735bac7fad
META,2022-03-31,OTHER,1,0.637981,0.0,"DoubleLine Shiller CAPE US Equities ETF ETF Price, Holdings, & News (NYSEARCA:DCPE)",0093f0c8944ea5d5b2aaff75dc89d5493ab5944fb3afb020e6880fb20e022b7a
META,2022-04-04,OTHER,4,0.73226925,-0.02467569135260013,"Who Really Owns Facebook, Here's What You Should Know!",63870f0acdee4b870a6d9ff2e6a506ba0be10b0e53333aec22c58871d6b7c1c1
META,2022-04-05,OTHER,2,1.0,-0.5,Meta Signs PPA for TransAlta 200 MW Horizon Hill Wind Project,e4aacd9dce06bfae31638ef2fe48a26c14c67d3989f28b21fd5e3f642bd9ac2a
META,2022-04-05,PRODUCT,1,0.714269,0.0,Coca-Cola launches virtual drink inside the metaverse and you can try it TODAY,c9337a3973a5b07ba88db804737523ef25cf1d01577a549a657bf04e135a8bf7
META,2022-04-08,OTHER,2,0.856766,0.5835899183674422,Meta (FB) Plans to Introduce Virtual Coins to Diversify Income,f8b4b5974069a3419fea63aa03ef09206e38b338db8962e83f0404b841187973
META,2022-04-10,OTHER,1,0.872629,0.0,Native Advertising Vs Social Media: What Do Audiences Prefer? Outbrain-Savanta Report,4f74b2e76e4547319aa4945532c554bb985bceee9bea08ce9811297fd532ee08
META,2022-04-11,EARNINGS,1,0.865282,0.0,"Li Lu Top 10 Holdings – Q4 2021, Buys FB, BAC",5e687cc355ad6b5ea6b176c2f48933f7c59e44d45465d5e41b7aad00258695b7
META,2022-04-11,OTHER,1,0.796548,0.0,Metaverse Market Size [2022-2029] Worth USD 1527.55 Billion | Exhibiting a CAGR of 47.6%,6721c4a9ffab40fd06c2adb3803ad549f43d9cd93892e221742e6beeb66c0144
META,2022-04-12,PRODUCT,1,0.732132,0.0,Fidelity Investments Launches New Metaverse ETF on the New York Stock Exchange,9f6a5bb93a2d92a1856dcea7d2eed42693304facded2fb37365516de5dd2e702
META,2022-04-13,OTHER,1,0.556567,0.0,How technology is transforming the future of performance marketing,1904ee60dd3c26b0ea227914167a02c5299e6f7fd47b537308e8d9d340b0467d
META,2022-04-13,PRODUCT,1,0.730396,0.0,eBay Appoints Eddie Garcia As Next Chief Product Officer,9038c2e0c35186991755f7f6a77f3046045f1a718adf6b2f678731ae8e610e4c
META,2022-04-18,OTHER,1,0.580783,0.0,"FMET ETF Profile: Dividends, Returns (NASDAQ:FMET)",43e92db96b433bd353ec9071a194fc49723e0066d8a5d0b5154ce44dbb051ab9
META,2022-04-20,EARNINGS,1,0.72624,-1.0,Netflix Loses $54 Billion in Market Cap After Biggest One-Day Stock Drop Ever,964ac0bc977e4aa1f9f74f2865b538a611da403524ea80b1c3d283160df54735
META,2022-04-21,EARNINGS,1,0.640293,1.0,Apple Spends Record High on Lobbying Amid Pressure from Congress,3d59b5b5c6995633452cd5adbf2a57ee674c4889f50a6bd92dba76b509eeb2b1
META,2022-04-21,OTHER,1,0.614576,0.0,Brokerage Firm Fidelity Heads to the Metaverse to Open ‘The Fidelity Stack’ in Decentraland,c3821115a4aa0e4ead7a03fbd93bee4160d50c9b76c1cbd6fa85432732a1f51c
META,2022-04-23,EARNINGS,1,0.600081,0.0,"JE Cleantech (JCSE) Stock Price, News & Analysis $JCSE",260a4338767ef8b4213c736195204e3bab7208cd60e3bdf67886bc2899b39345
META,2022-04-25,OTHER,1,0.743879,0.0,Witty & Frank: 5 Successful Examples of Self-Referential Marketing Campaigns,cdf82f44d8611353314f313649ffeeaff9c8e38e44bd2f62381c5cb80551d510
META,2022-04-26,OTHER,4,0.746402,-0.5972337962652834,These 21 large-cap stocks have now crashed at least 50%,43fe15eb6839cc60a3ab64d55678cd700433f94181cb33fad771b1cca190c1a3
META,2022-04-27,MACRO,1,0.553841,0.0,29 Stock Funds That Flip-Flopped in the Rankings,ff3c774212c8e02938156191c26e1abad2f6eb38fa32fe2eaeb435a9df374b02
META,2022-04-27,OTHER,1,0.807129,0.0,Fidelity Enters the Metaverse with New Financial Education Experience: Invest Quest at The Fidelity Stack,4d799b9f9193e08426f5f7dd0db9a3ba1a728cb1e869abaac55c018dbdbe02e1
META,2022-04-28,EARNINGS,1,0.725542,1.0,MOTO & MRAD Rise on Tech Stock Rally,94f261dbfda80da6df8b5b9c4db840077f207d29e0af476cb0cebe2809694a1a
META,2022-04-29,EARNINGS,1,0.702579,-1.0,Amazon’s biggest drop since 2006 caps dismal month for tech,38e5ec24a8609625ebea32e2337d5e86dacf822343bb3e5b46ef50aca234d5fa
META,2022-04-29,OTHER,1,0.641311,0.0,Tesla’s Ambitions in India Will Test Elon Musk’s Commitment to ‘Free Speech’,f88b3f0f88a66d6aa33e9686b34fcae8c9c78a9b67737b77a66ec322e367701f
META,2022-05-02,OTHER,1,0.846485,-1.0,Meta Northwest lead Rajeev Rajan to depart for job at Atlassian,c02f23b83449d1b1cc0efc6804c36b6d85ff5084e65c00f487cc7633673ec35d
META,2022-05-03,OTHER,1,0.974613,-1.0,Meta Platforms Sued Over Logo Infringement - ProShares S&P 500 Dynamic Buffer ETF (BATS:FB),e464443f42657d67bbfc2532727d96492e845dfbf90725e01a24bc91efcc7cf2
META,2022-05-04,OTHER,3,0.7806583333333333,-0.4269900404573063,Meta Class Action Alleges Copyright Infringement of Infinity Logo,89e2c0b965c65932ec38228f238bf80c9582cb0a4e96317b25050d5759396fa1
META,2022-05-05,EARNINGS,2,0.886526,-1.0,Tech sell-off pushes Nasdaq to steepest drop since June 2020,8ead51b408ec00002e9e514925eea9411b98f1c9f33286d1fc5cf3558f72c380
META,2022-05-05,M&A,1,0.63991,0.0,"Elon Musk Secures $7.14B in New Financing for Twitter Deal, Holds Talks to Keep Jack Dorsey on Board as Investor",4e341a6127da17d6ae9cb7c59311beeb99144fa86f0ad0bce2629b674ecb640c
META,2022-05-05,MACRO,1,0.636364,0.0,"FMET Is a New, Fabulous Metaverse Idea",0426bee4dfc4cc4ea9172628ac6d2fc6084ebbb456f27b66aea763d46061fbb4
META,2022-05-06,MACRO,2,0.832998,0.0,7 Charts for Making Sense of These Markets,5183fafb943fde4d2b66880d679f3d43eaa8c60b984791fb9f22cf2a78dd7e6e
META,2022-05-08,EARNINGS,1,1.0,1.0,Meta is opening its first store as VR headsets inch closer to mainstream reality,de1c8a790ea0fdf60a479dfa566edde2fceabc137b954e5a0f98fbccc3956272
META,2022-05-09,EARNINGS,1,0.685712,-1.0,"Uber to cut costs, slow down hiring, CEO tells staff",8a2769c7dfae795b68392a3a3672a102a26a33e8d86319f10621fc33a411574f
META,2022-05-09,MACRO,1,0.700892,0.0,15 Top Cities for Machine Learning Engineer Salaries,41deee9600e6808e8614ee9690487b92bf08e1ab05962a2dcbaa530bf9c539e8
META,2022-05-10,OTHER,2,0.8012705,0.0,Meta Fights to Use the Infinity Symbol as Their Logo and Define the Future of the Internet,803de1bd715c2c8ab16a6a3fc3640a5c3fc7dec6b29ec8c2dbdb1bbefa4b07a1
META,2022-05-11,OTHER,1,0.816688,1.0,Grand Investment Opportunity Awaits in the Metaverse,04e80fa697ed5caa8862b218b61cb0c931e32ca4fff4e3da0560d654f5d4c29d
META,2022-05-12,M&A,2,0.619192,0.4876015839997933,Evoque Partners with Archer Datacenters to Develop 61 Acre Data Center Campus Outside Nashville,6eabd555f1f0a5a8f37c16b643d8e9511fed7ad82bc26d1a194796cfb769c6ca
META,2022-05-17,EARNINGS,1,0.611815,-1.0,Netflix lays off 150 employees as the streaming service contends with big subscriber losses,f1f737b7da203a1ad9dd3d1b6bc83945c59c6ea5a814f754f65facb8bef9b283
META,2022-05-18,MACRO,1,0.645193,-1.0,"Goodbye, Gig Economy. It’s a Multi-Earner Era",e74e844253b88699931a0ee22e7c8cd5ba7b4f0e38caa1550ea8c6cccd76277a
META,2022-05-18,OTHER,1,0.607031,0.0,The Majority Of Chinese Social Media Users Are Social Savants,a7fbaff3bf3b79c69f30120dcc2166b9e16d8a6a22446baf6e8ca85fd8400385
META,2022-05-19,MACRO,1,0.731416,0.0,News Releases,2c7b5b4502245a5bf3208117f597d61c42ab91a7cde230225b0c4a09be01aafa
META,2022-05-20,OTHER,1,0.722263,0.0,From Bitcoin to the Metaverse: The current evolution is a revolution,f10348ed3ed55a7bf66a5f3edc01f9167f22ad9ee3567b04bcf5c2af3acfb6d8
META,2022-05-22,OTHER,1,0.851117,0.0,"TVA, Meta commission Tennessee's newest large-scale solar energy project",cdb32dedacc94fd22af2c77aff4ddffeb23551d3656c81665b445770c01b9922
META,2022-05-23,OTHER,1,0.804002,0.0,TVA completes 150 MW solar project for Meta,6c6b7364a90f39f0f784b54a421d55c8a360554c0556d8fd5a39a8c97990a624
META,2022-05-23,PRODUCT,1,1.0,0.0,"Trump sues Facebook, Twitter, Google for ‘censorship’, launches his own social media platform",1502191acb9daa63cbc8843176d6cc21ce1c39e01f3d214678a0434bd5a6f2ef
META,2022-05-24,OTHER,1,0.882354,0.0,Into the Metaverse,3571ea3a16d9f90bd349e4896141c17b212ab6b937d662656f3c955950a01482
META,2022-05-25,EARNINGS,1,0.728265,1.0,Qualcomm CEO sees growth in high-end phones even if economy slows,95812c1e0b785130b73da4b8f4bad6028eb3119e4104adacbe8155a24fcdf830
META,2022-05-25,MACRO,1,0.806944,0.0,Focus on FMET for Metaverse Equity Bargains,5212dc6bdc84d4ac688673b2da011005a1915bc9fec343eaaff4f2f2ae531550
META,2022-05-25,OTHER,1,1.0,0.0,Doe v. Meta and the Future of the Communications Decency Act,b32f3f4227b34a01d5a73ea11486b4c97ff04a0d26aa0bf6e02294edd7549298
META,2022-05-26,OTHER,1,0.631675,0.0,L’OFFICIEL Makes Its Arrival in the Metaverse with Virtual Land on The Sandbox,5b7e7712c0e529808f6659ec38cec4f01810b368b0fca923460d6ddec9ae5199
META,2022-05-27,MACRO,2,0.7897685,0.0,Putting Recent Market Volatility in Perspective,dbe2b5ca33f0044d79961dcecaecd863acbe6d39a7d1e0976470df0a52b2202d
META,2022-05-31,OTHER,4,0.909106,0.1750136947726668,Meta Platforms to trade under 'META' ticker from June 9,90e6eb67b61a94234d81a86d47f426b1512db1f8f4c8f2861a8b82387b04d256
META,2022-06-01,OTHER,5,0.9420398000000001,0.0,Sheryl Sandberg leaving Facebook after 14 years,2681597a517964825458a7ed89750f98770ee8b688d283f0594602cedeaa05b8
META,2022-06-03,MACRO,1,0.804821,0.0,Ottawa should reject the Murdoch plan,f5dbdd0b4df979b5206681b4ae378d5c5f5ae972038946877f7244534967b354
META,2022-06-03,MANAGEMENT,1,0.561392,0.0,Amazon executive behind its massive delivery operation to leave after 23 years,725ca47ac8b5bb8efecdd8c3c7bbc0548d6d42acfbb5c602c700ab6db5fe4199
META,2022-06-06,EARNINGS,1,1.0,0.0,"Facebook completes rebrand to Meta, changes Nasdaq listing ticker",9fbca85281c7a7b460790c447f7eccce29e41259e85136648941eadfca8094db
META,2022-06-09,M&A,1,1.0,0.0,Meta Platforms (FB) Changes Ticker to META,c78537dbf9d1b1741f4e9e8989002cae9b03e576629f12074329a3b5d3bda384
META,2022-06-09,OTHER,2,0.858956,0.0,Facebook (FB) officially changes stock symbol to META,333a17c3a6f7374f4911f11678f21ed1105dab98698a901b3bbdfdc6ca41d4f8
META,2022-06-10,MANAGEMENT,1,0.636708,0.0,"Trudeau meets Google boss Sundar Pichai, but no word on whether the tech CEO chewed out the PM over Bill C-18",dbe8225b7836ab5b1fc231c00b32d2ed39b3042ae001a095772b14a37c21d05f
META,2022-06-10,OTHER,4,0.7806015,-0.48503525806701625,Is the Roundhill Ball Metaverse ETF (METV) Right for You?,2919adcedf33668617defdac1a4925273358cb7d5b4c341d353a8907ded3c3c1
META,2022-06-12,OTHER,1,1.0,0.0,Facebook rebranding with META as the new stock ticker sym...,db53a75f81147083a064b73232f01fe4df31ba1af2d04a2d057d5b898ce0c358
META,2022-06-13,M&A,1,0.63671,1.0,Semiconductor giant Marvell plans ‘significant expansion’ of Kanata footprint after acquisition,527e2794732a00e03bae5f8cfddf9d829c378bc8bfc04646897f58c4322c0de6
META,2022-06-13,OTHER,1,1.0,-1.0,Meta class action alleges company’s platforms harm youths’ mental health,e31fcb042a4863ce976eba5bb8ae0d12b814dc61114bd2a00d5ce3ed8c207b16
META,2022-06-14,M&A,1,0.8313,0.0,"Newmark Completes Sale of Moffett Green, Fully-Leased Trophy Campus in Silicon Valley",1a1add93aac418e168acc1c6d7689de3a78061bf033014e117895acf06843619
META,2022-06-15,OTHER,1,0.618172,0.0,"Meet Naima Greenwood | President & Chief Operating Officer, Yardstick Management",b25145ac07befdc1d151da318d4917bb51fc50fb4857eea8c9bae910ecef2c67
META,2022-06-17,OTHER,1,0.613727,1.0,Walmart enters shoppable TV via exclusive deal with Roku,fb98f61fd89e0d5f97810b2ff06421de22853e20df0bb60c3d6f0f68dfcf9e7c
META,2022-06-20,OTHER,1,0.623093,0.0,A closer look at P&G’s ‘water positive’ pledge,a9a9dd05faa6636eb83d453a1d52fc3aec61be0ba758f9bb34d6a1c10130cad6
META,2022-06-23,LEGAL,1,1.0,-1.0,DOJ Files Lawsuit Against Meta and Outlines Proposed Settlement Structure Over Allegedly Discriminatory Housing Advertising Practices,6a2ac9704b96075a7cd0ef7d557ebf032fec4ea1ee73d1db2b66085f8dc6b956
META,2022-06-24,OTHER,1,0.649597,0.0,7 Top Metaverse Stocks with Massive Potential,271ed1b554c09949f0447ded5ca7a638b247184fb7c17984b838eb5d9be8d15f
META,2022-06-25,OTHER,1,0.804338,0.0,"Disney, other U.S. companies offer abortion travel benefit after Roe decision",565d1f513cc65820882e5ec4fd7c0655f2ff3540d70eab8b4ff6742bec048285
META,2022-06-27,OTHER,1,0.625582,0.0,"Abortion assistance: Kroger to offer up to $4,000 of out-of-state travel costs for employees seeking abortion",90bbf85744d9425a9238d03d30600d1e5944acd6a30627cb1e0a2bc8ccce25c3
META,2022-06-28,LEGAL,1,1.0,-1.0,"Lawsuit claims Facebook wrongly collects patient data through health system, hospital websites",4e45ebb0c903ce58732d8d408053457079964e255f4192e86ec0148a5dd5c2dd
META,2022-06-29,MACRO,1,0.826896,0.0,The “Real State” of the Metaverse in Real Estate,866dba101b15e0abffbcf733cc9b7f557e991dc83fc33b92a98e12d7d6a236ad
META,2022-06-30,MACRO,1,0.608185,-1.0,Ukraine round-up: Russia leaves Snake Island and Putin's topless G7 comments,17b1f209c3a225a6844fd75e3ac6ca208176af5d13ca49c31289955654556596
META,2026-07-15,EARNINGS,2,0.988172,0.5059847880733314,Meta Platforms Inc Stock (META) Moved Up by 3.25% on Jul 15: Facts Behind the Movement,eb45e141bce51484999e8f1692540973cee60b2daa96efbd054fa9a450b5463e
META,2026-07-15,MACRO,1,0.733645,0.0,Virginia SCC weighs Dominion data center transmission cost allocation,5d67c8f7089567cce257a3b26b0a5aa9335b6fc6a0c91a19a8136ccce62de06f
META,2026-07-15,OTHER,2,0.7260805,0.0,"XLC ETF Profile: Dividends, Returns (BMV:XLC)",30a8b6349ea3f82c0636b15c421b35a322203f5c8c5f6e8ee059a736417b49be
META,2026-07-16,EARNINGS,1,0.708268,-1.0,Netflix Drops 45% as Critical Earnings Test Looms,7c3cc71a73f59a69cf86340c619a1182fcb69d55748db49de36263b8ede3cdaa
META,2026-07-16,OTHER,4,0.8292332499999999,0.0,"Meta Platforms (NASDAQ: META) COO sells 2,163 shares in planned trades",6f0b0a543d5f0db5e67c47c91521fbaad6711b6db98c4515d6ec4f7a23af847c
META,2026-07-17,ANALYST_RATING,1,0.802891,-1.0,Coreweave Down 35% . This Analyst Reiterated His $250 Target Even After 'Meta Compute' Was Announced.,fc236240908f6fb3283bfe07fed8e7c4b9681aef739f62c4089f5173984fafe6
META,2026-07-17,OTHER,3,0.9348423333333334,0.0,Roundhill META WeeklyPay ETF announces weekly distribution of $0.2577,3a38f9ee11a35380920cd043d952a824e2314f46d62812d26b31d7dfa08ef17e
META,2026-07-18,MACRO,1,0.839982,0.0,"FBYY ETF Profile: Dividends, Returns (BOATS:FBYY)",fefc5e9f3c37a546354b04c63fda72e1bc79317d00564dc5a66d656820cda300
META,2026-07-18,OTHER,2,0.736557,0.0,"TMFE ETF Profile: Dividends, Returns (CBOE:TMFE)",dd696473767ec84c8c0129bc11dc3ec9abe1dc838cf1da0950ce2b7a7bcfc6fc
META,2026-07-19,EARNINGS,1,0.801742,0.0,"Weekend Round-Up: Netflix's Dive, Trump's AI Control, TikTok's Return And More",577c9a0cb13fc70fc056e3cd8b429c05718c7a9d9c206a1e9961e7d7a1e669ae
META,2026-07-19,OTHER,2,0.9136545,0.0,Meta Overview,d32f316cd50558e4684f156a452c5e87da7b926abdd8ad5aaca3e4bfcb0d797a
META,2026-07-20,M&A,3,0.8935396666666667,0.6465081386052998,Anthropic-Meta AI Deal in the Cards? ETFs in Focus,9fa87e776addb77f71ff57c19cc1e92a34189ec87f68b2b067bbe9730afe3d8f
META,2026-07-20,OTHER,3,0.899718,0.0,"Meta Platforms (NASDAQ: META) insider Javier Olivan plans 1,466-share stock sale",ad582630da8603eea40b5c76c524dd17b7024848eed73c25111368765a6e4844
META,2026-07-21,ANALYST_RATING,1,1.0,1.0,"Raymond James Adjusts Meta Platforms Price Target to $850 From $825, Maintains Strong Buy Rating",06ad64b0074a6b12c32fc1e231b21180f17ac2dcf4e958b219d94f860b3f9564
META,2026-07-21,EARNINGS,4,0.84250525,-0.06721946243064955,Net margin % of Meta Platforms Inc Class A – BCS:META1,d05f876b96dd0675ab94ec7c7f77520e83d0bb2f7cd74f493ad9ce6e38f0684b
META,2026-07-21,OTHER,2,0.8784135,1.0,BlackRock raising $12 billion in bonds for Meta Texas data center,7c3a6dae29d608929784da2d2b1f39685a1d91a94350f3ed6996be67d682c471
META,2026-07-21,PRODUCT,1,0.714113,0.0,Nvidia discloses 9.3% stake in AI cloud company Nebius,4027de864dac95840c90c0a78805a7584d80b74a369819368328432054cbf55f
META,2026-07-22,EARNINGS,4,0.7975475,0.46569734091072945,"Meta COO Javier Olivan sells $946,816 of company stock",e0e43e4c053227c4d6f20e01e8543d000cba85103c99e9ffba955552096cc9ca
META,2026-07-22,OTHER,2,1.0,0.0,The artificial intelligence (AI) service stage is expanding from smartphones to glasses. On the 22nd..,6edafd8519838c97c43348e581e7843c39e4153f9bdb55a4f663f6daafd1d6f2
META,2026-07-23,EARNINGS,3,0.9012950000000001,-0.6301617857268338,"Meta COO Javier Olivan sells $946,816 of company stock By Investing.com",0655b9b37e71e1d46455be5ee8ae36204f2c0e04060e63102ee42fc2b42b6153
META,2026-07-23,OTHER,1,0.70209,0.0,Co-design networking powers AMD Helios rack-scale AI,be285bb88e2731af29fd389dec76096fb36c310b1afbc396bee6033b6987fe0f
META,2026-07-24,EARNINGS,3,0.981424,0.0,META|Meta Platforms Inc|Price:606.040|Chg%:-21.130,ecf93a83aa2429163a5ca107faacd4e84a511a30f5632d716e85d8fbaf1a8a7e
META,2026-07-24,LEGAL,1,0.833267,0.0,"Weekly news roundup: OpenAI hacks Hugging Face, Google expands Gemini, Meta lawsuit dropped",9410decefa70bfd665e075773290f88a0b9efac6bdb512df09f4fa479ecee623
META,2026-07-24,MACRO,2,0.764822,-0.5175746775066616,"Moody's says 'unprecedented' AI spending threatens credit quality of Amazon, Meta, Alphabet and others",07f6355319fcf8344cfa76c08e069bac805a96a0ba5df353ce1b97c9a9dce193
META,2026-07-24,OTHER,5,0.8533548,0.0,Meta Takes Aim at eBay With Dedicated ‘Seller’ App and Free Identity Verification for Facebook Marketplace,7fb131cf14762073c8083059340671072a60a52d74f07e028d69505d71232c6a
META,2026-07-24,PRODUCT,1,0.856201,0.0,"Bank of Montreal Launches Auto-Callable Equity-Linked Notes Backed by Broadcom, Deere & Meta Performance",15b3e7ea01130a97178ac2157ff5e730ebc1feb5e6e042219b878999cb5c6ee2
META,2026-07-24,REGULATORY,1,0.833034,0.0,"FTCS ETF Profile: Dividends, Returns (MUN:FTCS)",edf5bc4974735048b2d1c916532ffd5a972586520f3598af0a3e92e62107fdbd
META,2026-07-25,EARNINGS,2,0.8126169999999999,-0.5581110166289901,"Tesla, Intel, Google All Dropped After Earnings - Will Microsoft, Amazon, Meta Follow?",737dad29981168669e5ed1cdaed55d428daefa86d0dfb61550ac669ff119df66
META,2026-07-25,OTHER,4,0.81049275,0.0,Meta Platforms Inc Class A Trade Ideas — BCS:METACL0,a5688fec70880cdc8581703b84e009b99cc896c2ef16dccd9ac52532994bc161
META,2026-07-26,EARNINGS,3,0.8301666666666666,0.299086528809476,"PNC Financial Services Group Inc. Has $788.02 Million Stake in Meta Platforms, Inc. $META",adc6d2062a988adb632b25d8e2335786943d3c6f1abd1e3756b297793c1f7bf8
META,2026-07-27,EARNINGS,4,0.8235775,-0.03226320534497363,Meta Platforms Inc (META) Shareholder Structure: Major Shareholders & Institutional Holdings,7930568eb5e50f152554e4bab6c183c0a28c65d0a1cacf5ab82a27aaec89f3c1
META,2026-07-27,OTHER,3,0.8497866666666667,-1.0,Meta class actions alleging pump-and-dump ad scheme dismissed,a81a69e8a91997d4b31ec9b96740524e0739beddc8363a6c08c797ee299b2e35
META,2026-07-28,EARNINGS,8,0.8729475,0.28978818886588253,"Sei Investments Co. Increases Position in Meta Platforms, Inc. $META",fb6227833c078d8cd5f3e013e4e9e35dbd57452d9737a3858b40797dcc71f185
META,2026-07-28,M&A,3,0.9287296666666668,0.3446420899658996,Meta Announces New Strategic Venture with BlackRock to Develop Data Center in El Paso,597f180f32f610bcfd8dec26e8549c82ccbea3c97a8fe026dd6b286ba98757cb
META,2026-07-28,OTHER,3,0.9396239999999999,0.29049634038012373,Newsmax and Meta Enter AI Content Partnership,69034ae87ead5301073a1b37cf0fff2c189c9352d1f9506956ad29feb4240624
META,2026-07-29,EARNINGS,6,0.9455775000000001,-0.0006704897271773122,Meta Platforms (NASDAQ:META) Shares Slide After Q2 Earnings Miss and Soft Guidance,abbf4072c16b04238e8dce0fe1719b22b841c027a21994102960cfc495ebb801
META,2026-07-29,MACRO,1,1.0,0.0,"Meta (META), BlackRock (BLK) Form $14 Billion AI Data Center Venture—Can It Ease the Cost of Meta’s AI Buildout?",f8b5abcf2f055d15f3f35b5de70e6b3101e01f4735489a1061c742b1a2df1499
META,2026-07-29,PRODUCT,1,0.852029,0.0,"Bank of Montreal Launches Auto-Callable Equity-Linked Securities Linked to Broadcom, Deere & Company, and Meta Platforms Stocks",11c2abe344187538827bb9a78260c4ed14731bbb468332e51d2fcf521468782c
META,2026-07-30,EARNINGS,15,0.9189177999999999,-0.23825801756515472,"Cathie Wood Snaps Up $14.3 Million of Meta Stock After Post-Earnings Selloff, Ark Sheds Caterpillar Shares",520ab3d6d7444be503ebdb3130c44bf5e7ce4c1d5f95ed4f415f909fb29f1823
META,2026-07-30,M&A,1,1.0,1.0,Latham & Watkins Advises Meta in Strategic Venture With BlackRock to Develop Data Center in El Paso,c0ae85020a39a4a9c03cf702915e6c7b7ebe26b2950f22a1e48143740ad30b6d
META,2026-07-30,MACRO,1,0.800752,1.0,Entergy says Meta will save ratepayers billions,0ddd06400571a502eddf6c3bf1777a67810b31345c01ccf5ed47e591e129c3ff
META,2026-07-30,OTHER,2,0.855668,-0.5843387856037622,"Meta Platforms Down Nearly 9%, on Pace for Largest Percent Decrease Since October 2025 -- Data Talk",3ef37e9978b21d0bc37f3132b3c61955d48d0588d52cd1618af7e964320ff726
META,2026-07-31,ANALYST_RATING,1,0.725691,0.0,"Analysts Are Bullish on These Communication Services Stocks: Cinemark Holdings (CNK), Marcus (MCS)",dc01452adb413fd7d993f90b482c1f0b0d7ca8f3fcdcdc88e487c6688d1ed726
META,2026-07-31,EARNINGS,10,0.9364356,0.2950978155892407,Analysts Offer Insights on Communication Services Companies: Meta Platforms (META) and Singtel (OtherSNGNF),51309ac00971657388a2766a32b907334d5f769c7ac126e11b605ef1b19b169d
META,2026-07-31,OTHER,1,0.819601,0.0,"Zacks Investment Ideas feature highlights: Meta, Alphabet, SanDisk, SK Hynix, Micron and Nebius",7c17fc18ceb48131568525ea69d2c88591be3cbac98e9af5592ceeaad6502b19
META,2026-08-01,EARNINGS,1,0.902193,-1.0,"Microsoft, Meta Earnings Expose a Growing Divide in the AI ETF Trade",455e1337dc0fa4df8d38b21f7694fb53683b74bc0c39830ec49720e18943acda
META,2026-08-01,OTHER,2,0.9822215000000001,0.4909498519427644,Meta Platforms (META) trustee Peggy Alford plans sale of RSU-based shares,8fce82aafb0fdf616db82594ed180ae0fe8635fa06f92653c3e33bfc376818ed
META,2026-08-02,EARNINGS,2,0.7802125,0.5353131358444013,Goldman Sachs sees AI trade stabilizing as strong earnings keep bull market intact (META:NASDAQ),4e5f4cff7483b1bb3d03e07c19bb6ee6a98ed899863e2577fb96398e0b5a03cb
META,2026-08-02,OTHER,1,0.707799,0.0,"Income ETFs From Direxion Are Tied to Nvidia, Tesla, Meta, Micron - NVIDIA (NASDAQ:NVDA)",7e59018df43ab2af6f54732f1b74840cfd5d2d6ade345393332712879d247d52
META,2026-08-02,PRODUCT,1,0.808605,0.0,Direxion Launches Defined Income Boost ETFs,568cb7531e68bde27a364c7db1fc66d0b4e620e59a68ac7ce6810bd7d189ff75
META,2026-08-03,EARNINGS,6,0.8025025,-0.3968319932544343,Meta Platforms (NASDAQ: META) Cuts Wipro (NYSE: WIT) Outsourcing By 25% As AI Reshapes Operations,0c851804ce6b90f7962809ba9f38ed1665f386d53b3fcc763802d046cb3c83f7
META,2026-08-03,M&A,1,0.720476,0.0,Who Owns Snapchat?,5def398e686598971bd59eeeec73d5141ccbf1eab7eaaf79752831346247dcd7
META,2026-08-03,OTHER,1,1.0,0.0,Meta Platforms (META) holder reports planned and recent stock sales,478785b5c893b723154ece03f1bf9c88d3b4efbf23fd793b147b6724beba4eea
META,2026-08-03,PRODUCT,1,0.712418,-1.0,Alphabet's Google Pauses New Earth AI Image Generator One Day After Launch as Fake Images Raise Misinformation Fears,f7fd55992fca5881e1064a53f847b52705ea6d4a47bf2c0f51ce7f78203600e5
META,2026-08-04,EARNINGS,1,0.936275,1.0,Direxion's METU ETF offers 2X daily leverage on Meta's stock amid Zuckerberg's huge AI investments.,c650095b1998fac854e4a9e0e16bc98a0fd75e90c2635f5a7f7c928c0b81b188
META,2026-08-04,M&A,1,0.819064,1.0,Brand marketers gain de-duplicated Meta measurement in LiveRamp clean room,1a440a6eefbaede8bf0fb1003929d2737705b5eeda225ce1f173b42850d732c2
META,2026-08-04,OTHER,3,0.9383696666666667,0.0,Meta Platforms (META) director sells 464 shares under 10b5-1 plan,4a6c53aa8e185a780a9751d5b0f2accc761c58ba0659f9e7775bb0ac8d548800
META,2026-08-05,EARNINGS,2,0.9053185,0.44770818225850906,"After Earnings, Is Meta Stock a Buy, a Sell, or Fairly Valued?",17cbb5ad690c10f474c292bf127e4bb65f71966a0735a0c5f75146df9d932904
META,2026-08-05,OTHER,4,0.9101764999999999,-0.19691839989276805,"Meta Platforms (NASDAQ: META) insider moves 591,690 shares to Chan Zuckerberg Biohub",45d22d51de27d08fe9b121f3e6772769fa59d508b8714c4785bc3db101eecea0
META,2026-08-06,EARNINGS,7,0.7942790000000001,-0.012322226464863998,Key facts: META Muse Spark breach; ~$700B commitments; targets cut,db587963079d0251d2d4aa3256b7b9d8adb72fe79f8f098d9b267f0be6c05854
META,2026-08-06,OTHER,3,0.9054196666666666,0.0,Meta Joins OpenAI and Anthropic in AI Cybersecurity Scare After Model Hacks Third Party: 'We Are Currently Investigating…',233f0ba65d72c0fe1e3901b16796152a8447f9f220406501ccd37ebeffce9b8c
META,2026-08-07,EARNINGS,2,0.846864,-0.421596029586805,Meta Platforms (META) director-linked entity sells 426 Class A shares,45798abf59a04c28dd1b3c61f230ed62f161d249495f63bf13170335897ef1ac
META,2026-08-07,MACRO,1,0.70382,0.0,Bad Timing or Bad Luck? Shelley Moore Capito Sold Apple and Coca‑Cola Before Big Moves,d22a73eff014fcc4a14ed0803ee55889df686dfc97b5522d564075cbc3ce16ae
META,2026-08-07,OTHER,1,0.810812,0.0,"Microsoft, Amazon, Meta, Google Are 'Collectively Overinvesting' In AI: 'That's Betting, Not Investing,'",3b13e8b00183163b2f581c8d6310d1f5000a22660eb0b55761652c471c5ed5c5
META,2026-08-08,EARNINGS,2,0.727065,0.0,"Advanced Micro Devices (AMD) Price Prediction: How Much a $5,000 Investment Could Be Worth by 2031",dc95362d4ed0138b7e6b02b8a2c22f846c2bf4274e5ec4c2594b38afbdb4cae0
META,2026-08-08,OTHER,2,0.7129475000000001,0.0,Bill Ackman’s Pershing Square Dual IPO Priced At $5B To Hit NYSE Today: Here’s What You Should Know,6a05d227888360c141df0aa709b98573f36d086d5130b23d3a2942d5565672c9
META,2026-08-09,EARNINGS,3,0.8556846666666668,0.0,Meta vs. Alphabet: Which Stock Deserves a Spot in Your Portfolio After Q2?,5ef7dc0a774dc294ac197e4cd469cdc2c992bab880ba4c6852777833186473f8
META,2026-08-09,MACRO,1,0.922266,-1.0,"Major layoffs of 2026: Amazon, Meta, Oracle, Microsoft and more",2120665e119b0dc2bf8dc0eb2d4da40e06e5844dd1bcbeaeb15c573483ad844d
META,2026-08-10,EARNINGS,2,0.9069940000000001,0.0,Weekly Recap: AI-driven ad revenue growth and jury verdict on mental-health,0f7e251e48338665a92da58815eb817a2ee7a8765e6addb06a1ec2c646810901
META,2026-08-10,OTHER,6,0.9300756666666666,0.15678258435603987,"Meta returns to open source with Muse Glimmer, an Apache 2.0 licensed 30B parameter LLM available now",2ed183f0b12e2a6c32662b0398a986c0a3ae441c2a05abee29d580ec360240da
META,2026-08-11,EARNINGS,4,0.85745775,0.21690135753044393,Hedge Funds Favor Microsoft Corporation (MSFT) Over Meta Platforms Inc. (META),b0992986104cac1ba25a07b3e6ed92d4efe85f8cfbbdc191d83607306dcb2596
META,2026-08-11,OTHER,1,0.711492,0.0,OPPG ETF | WisdomTree GeoAlpha Opportunities Fund,d464e321c274083ff67f3d01a78797b75a763f546706f1b4e0e2d1cf1a841c38
META,2026-08-12,EARNINGS,3,0.8422010000000001,0.0,"The Zacks Analyst Blog Highlights Meta Platforms, Texas Instruments, CrowdStrike and Weyco",5e5415f1c6ae1d278600bb72496a5a8f6d958130585591d2700c306d59f8253e
META,2026-08-12,LEGAL,1,0.80291,0.0,"Hims & Hers shared patient health data with Meta, Snap and other advertisers, new class action lawsuit claims",991edd74fccf53ead3f514b6ed2dc89e12f6c97fff5839a008be41ade2a04964
META,2026-08-13,EARNINGS,3,0.7096873333333334,0.6708771280498171,"National Vision Posts Revenue Increase, Stronger Profitability in Q2",ca86cefec64277568745cb4838a97c659c483d9bb59ab6e434f23352a68f0b21
META,2026-08-13,OTHER,1,1.0,0.0,"Meta Platforms (META) COO Javier Olivan sells 1,692 shares under 10b5-1 plan",291eb976e8876921cca7d394cda4b518d05ab0b906c294fc7c161d7fe3542af0
META,2026-08-14,EARNINGS,2,0.751869,-0.472396787206282,"Big CX News from Five9, Cisco, Meta & More",2379f72e18ba96fdee704af4c76ccf10dc6bca9ac65cf5d2870a054cd2233978
META,2026-08-14,OTHER,5,0.8710017999999999,-0.22962065061174386,What Is Going on With Meta Platforms Stock on Thursday?,c7d84d1b741d3fbdd830543aaa9bdce708e89d0f5e304daf5ae68b33187bac4c
META,2026-08-15,EARNINGS,2,0.8524395,-0.5865518901927937,"Blackstone Inc. cuts Meta Platforms stake by 13,938 shares",9fbeec4d46d8168f2710c5dddc109cc66a6cd690592d2276318ccf6c57359e18
META,2026-08-15,OTHER,4,0.808442,-0.3092367788907553,Meta ordered to pay $567M to address harm to New Mexico children,1401978f7071fecd6de680aba1614b89ff1d34d49455feb71b6a34d923ec2342
META,2026-08-16,OTHER,2,0.8426290000000001,0.44384183311991393,Meta vs. Alphabet (GOOGL): Which Growth Stock Are U.S. Politicians Buying?,f8b7c7d5a317e1e4b0ff1bbf1192fcd61b7d24bb3865458d510ff6459d92e8d8
META,2026-08-17,EARNINGS,4,0.9022717499999999,-0.027516100332300095,"Nike, Meta Platforms, INVO Fertility, EyePoint Pharmaceuticals, and Micron: Why These 5 Stocks Are on Investors' Radars Today",b5fdc8005b97df40ca843888b9eab8aa0086965ac5312cecb4f8d02217ed89fe
META,2026-08-17,MACRO,1,0.774053,0.0,Morgan Stanley sees AI financing as defining summer 2026 By Investing.com,0bf695a25eb74c2a2c0244d9c54a8e77f0e0743ad7ad86123e2c0d712c7d55ff
META,2026-08-17,REGULATORY,1,0.719374,0.0,"Apple to change app data consent rules, German regulator says",f2e882113ae25b1995a8c715d790e0e84da0d4a25f072f9a3701be9e0d65a3cc
META,2026-08-18,EARNINGS,6,0.8800076666666666,0.3263454522934081,"Meta Platforms, Inc. $META Shares Bought by Park National Corp OH",3ca4196865bc799bf648073407b9acb36f81c6fe021c590596a045122c7d43a1
META,2026-08-18,LEGAL,1,1.0,-1.0,"Meta Platforms Drops 4%, Pinterest Falls 4% as Social Media Legal Risk Resurfaces",dc820d8d2da73c71f36bae2dbc123d45b177c7f10fc8cf806470aaa478d48a68
META,2026-08-18,MACRO,1,0.921272,-1.0,"Nvidia, AMD, Broadcom, Meta Slide as Bond Yields Surge: Why Tech Stocks Are Getting Hit",9a1848820c162556a276060cdc86fecb09c12302b65dceb27446909906edb7e0
META,2026-08-18,OTHER,5,0.8812301999999999,-0.4192700159390816,Meta stock sinks as landmark social media addiction trial gets underway. What's at stake for the tech giant?,7bae9f4b59824a55fbd1e8b7ed189bb05560d73edd8697d5ebaaa1b77a9a70f8
META,2026-08-18,PRODUCT,1,0.907311,0.0,"Tradr to Launch Leveraged ETFs on AXTI, COHR, LWLG & META",5e7506dea51a8e816eee6be50d419cdcb32f518980d40f0a540218873c9c2d5b
META,2026-08-19,EARNINGS,3,0.9086536666666666,0.2706392351174503,Meta Platforms (NASDAQ: META) logs new insider stock trades,a63cd58b51d3f6ebcf8c19dd3c80f05b6e9ef2816b1b5580280a2a2d88bb86af
META,2026-08-19,LEGAL,2,1.0,0.0,META: Meta’s $1.4 Trillion Legal Nightmare Begins. Is the Stock at Risk?,41971d69e4ee4527444c77d5bd05af6320fed33c1829dd5ffd311feee11baa81
META,2026-08-19,OTHER,6,0.9404871666666667,0.0,"Meta (NASDAQ: META) officer Powell settles RSUs, withholds shares for tax",4e7d979609e74d9ba82ff287c1eda81c616b9bd8989444643b4d4d46be984add
META,2026-08-20,EARNINGS,1,0.958031,0.0,Meta platforms CFO Susan Li sells $5.06m in shares,644974757856d984fae754677580ebed22294f4a64dfae2ecc1e158901ac80c4
META,2026-08-20,MANAGEMENT,1,1.0,0.0,"Meta (NASDAQ: META) CFO sells 9,196 shares across 13 trades",bdbb88f4401dacb9134ba34dbbe1e25f43a0123620fa773ad18cc3ac693d5c76
META,2026-08-20,OTHER,5,0.9508088000000001,-0.21034723279801362,Meta Stock Climbs as Landmark Trial Threatens $1.4 Trillion Penalties,b92b6491f99958cd94c703ff7ef53fd389bbf7b884981d6f8b570546cd937f9a
META,2026-08-20,PRODUCT,1,0.89263,0.0,Meta Is Spending Hundreds of Millions on Microsoft Azure. What It Means for META and MSFT,1c5d1deb296c71a38c7912e2eb50692966db63a2a51a544890ac8b2f693ef879
META,2026-08-21,EARNINGS,3,0.9803876666666667,0.659998442792868,"Meta's AI Spending Could Unlock 'Abundant Revenue,' Analyst Says",8c2f141613262e9d94f34d21eac5668f74da5ba046f2f0ec044a055a247ffc75
META,2026-08-21,OTHER,2,0.7237885,-0.5092337057027019,Uber Faces €825 Million Dutch Fine Over Driver Suspensions,ea6c6b785af5e17280a83d77e40d3fdd9111c3758316ecff4f14dc933351f75c
META,2026-08-22,EARNINGS,1,1.0,0.0,Meta platforms CFO Susan Li sells $5.06m in shares By Investing.com,71051d6cd6398595f6fc9b0931d6e9b3838c953791f3b125b5d4017c72104b68
META,2026-08-22,MACRO,1,0.902872,0.0,"Alphabet, Meta, and Microsoft Are Hiding $3 Trillion in Debt On the AI Boom's Hidden Ledger",400318e4f84a21a759777f0b2c539cf22cbbe16cb5b4e67f7b3c46e9ec7adc26
META,2026-08-23,EARNINGS,2,0.8570625,0.0,Meta Stock And 2 AI Infrastructure Picks Worth Watching,84dde667307207da840f9dfeb9cd5d054a4487248e8c35a44c77c45cee0d9b10
META,2026-08-23,OTHER,2,1.0,0.0,"Meta Platforms (META) director now holds 1,504 shares after RSU",0a2d1e29b02e2e4166af22225a31627ad82b13333b401db78cb0da345e60ecca
META,2026-08-24,EARNINGS,2,0.8663895,-0.5129892502159825,"Snap Rises 4%, Meta Platforms and Alphabet Tick Up, Reddit Slips as the Social Media Trade Splits",c52ea95c495fe17199b9ab02808f1b718525b1b5be5e5d682744c7e40b783469
META,2026-08-24,OTHER,1,0.908323,0.0,How Does Meta’s Muse Code Compare to Other AI Coding Tools?,fb3339d49e6262c75289fe695b437027d6544d9b18e7e5fa09c574d56d20eb8d
META,2026-08-26,EARNINGS,2,0.8638885000000001,0.42122160440843925,META Stock Price Prediction 2026-2027 | Meta Forecast,d5f53e543aa9ca52d7d35bc2e2e020138453077ecb8271843304625bf4e9acc9
META,2026-08-26,OTHER,1,1.0,-1.0,The 10 Stocks Top Fund Managers Are Selling in a Jittery Market,830035388a726ffeddea45bc36af13cc0b4c7a4ad44ba6dbd34d28063698200e
META,2026-08-26,PRODUCT,1,1.0,0.0,Key facts: META Hatch AI Launch; $11–22B Meta Compute; 29‑State Suit,157f130d7d5a5453c9ddf0400741bd93c82e6805f0f4e140837704abac830b66
META,2026-08-27,EARNINGS,1,0.95724,1.0,"Meta: Firm Settles Teen Social Media Case for $17 Billion, Lifting Uncertainty",dd4a519c2c4948f91df17c3d9f08a862d5e5a357ed62799cbbcdd1fafcb4c0bc
META,2026-08-28,LEGAL,1,1.0,1.0,"Meta's $17 billion settlement mandates new safeguards for kids—many are promising, says safety expert",d24b780db9f1a1d0cbf8a4bea5f4cf5397f43148ef326841a8459648ffd06fb1
META,2026-08-28,MACRO,1,0.731326,0.0,"Alabama Power promises data center protections, but its proposed rate structure redacts them",ee5b7f6b2da84d78039476400e4939c98b69ba2c43ed3b5bc6ab47591f8b4503
META,2026-08-28,OTHER,2,1.0,0.0,What Is Going on With Meta Platforms Stock on Wednesday?,9df88e19f03b96c085e99c582307b6956ed65e0a25e32d0715ffd3226b238176
META,2026-08-29,EARNINGS,2,0.992791,0.0,"Analysts Are Bullish on Top Communication Services Stocks: Meta Platforms (META), Take-Two (TTWO)",a7d8382adf119a5e2273630b452628471b5a7f45066725eb8c3acb66fa27ef46
META,2026-08-30,EARNINGS,1,1.0,0.0,Key facts: Meta (META) Q1 Data‑Center Lessee; Launches School Mode,fe5de1a62f94e889d9dd1dd7297200f2a4cdeb4beecf9e97714ce3675d62a6f4
META,2026-08-31,EARNINGS,1,0.900492,0.0,Netflix vs. Meta: The Better Media Stock May Surprise You,cc1465f5446be9e4ee227c51c0e7395502d6709e3a32c4b24dc39f8905886910
META,2026-08-31,LEGAL,1,1.0,-1.0,Meta reaches $17B settlement over social media addiction claims,c1fc44ffc8efde6e7149bc42ce69885158ef717bbbae9b6e507e653a5be56a39
META,2026-09-02,EARNINGS,2,0.8575174999999999,0.1661569588958826,"Meta settlement could clear the way for new AI product launches, Morgan Stanley says",a8a411185709f2fc692f63f106a92e13d67411a61994246ed2bb73a13e8aa80f
META,2026-09-02,OTHER,1,0.973421,0.0,"Meta prices Muse Voice Transcribe at $0.18 an hour, with real-time diarization for 20+ speakers: a steal for enterprises?",49be1bacb82e93600f72a946d3ec6c5d551cb51f8fae4e50c21ffadaca73e508
META,2026-09-03,ANALYST_RATING,1,1.0,1.0,Meta upgrades Muse Spark for long-horizon coding without raising API prices,cc9eaa55175d7b33b3b0a2b6b90ee02b928cc9377f1f702ce9c04e5372471dfd
META,2026-09-03,EARNINGS,2,1.0,1.0,Meta Platforms Inc Stock (META) Opened Up by 4.32% on Sep 3: A Full Analysis,314d7af1da35c46442f653f2f3253716b8a694cb66d87e11e79bd0ce6cd8fe75
META,2026-09-04,EARNINGS,1,0.996972,1.0,Meta Rises 4% as Muse Spark 1.3 Claims Parity With Anthropic and OpenAI,049f6762f7f2a244b3ef20fc95469122816c1d2e0a62cd8006fe96969d40088f
META,2026-09-05,MACRO,1,0.807867,-1.0,S&P Global Ratings: Hyperscaler Credit Quality Gradually Weakening as AI Capex Surges,2a4dfb2cd41233439ef2d615711211357e09e1c326b013c9d59aad949ce09a27
MSFT,2022-01-03,M&A,1,0.621601,0.0,ICF Completes Acquisition of Creative Systems and Consulting,b74d268d5f36ad145e93bdae78438784fd0613611545beccc7e270833aa04c11
MSFT,2022-01-04,OTHER,5,0.6277984,0.0,An Under the Radar High Quality ETF,ad85cc205087b6d43e2336e197dbf25f8fb1b999d7497cf9abf9014ec43c9037
MSFT,2022-01-05,EARNINGS,1,0.627452,-1.0,$20 Billion In 2022: Google Pays Apple For Not Launching Its Own Search Engine?,ef6f2c8755b0b91b7929bd3eb150f79ea8f3c4254f80c5b77374f8ef4b4b444e
MSFT,2022-01-05,M&A,2,0.6368925,0.0,Zoom as a video production platform shows it knows that online events aren't going away,f9c577dc4e2fe9320437f62640bdc7323b350d3931e041811f9c57169c109f14
MSFT,2022-01-05,MANAGEMENT,1,0.646373,0.0,Hasbro Promotes Chris Cocks to CEO,aae6b188f9b8653b2020b00aca631695057c4419f8dc151785b1140978eef44c
MSFT,2022-01-05,OTHER,4,0.6828405,0.22205405215420002,XPENG Integrates Text-to-Speech Service From Microsoft in P7 Smart Sedan,03ca7b6ed11e00e45695dcc6940af0816832b19fd7d2a6935c1149ac8f197fd4
MSFT,2022-01-05,PRODUCT,1,0.909052,0.0,"Qualcomm, Microsoft partner on metaverse chip for AR glasses",0930b65bae178ce33305edff446ed8dfe2ba793e2cad7a29611b024b46ba1f9d
MSFT,2022-01-06,M&A,2,0.6074094999999999,0.0,FOS PM: NYT Buys The Athletic,f03adf704e7768b213f12dfebdb2fc4d4903677d53575160b16a614ecb19f7bd
MSFT,2022-01-06,MANAGEMENT,1,0.644564,0.0,Hasbro Names Former Dungeons & Dragons Exec Chris Cocks As New CEO,b23254ca8bb763b229df8a58e901524979a21f3f4d2fbac2d3a9015a3907f40e
MSFT,2022-01-06,OTHER,3,0.6238383333333334,0.0,What Crypto-related ETFs Could Hit the US Market in 2022?,faf26166fefb1b3b5fe540d0275ce5fb6bd04b980a15e7dabc8fdec8e8198930
MSFT,2022-01-07,OTHER,1,0.630942,0.0,JVAL Stock Price | JPMorgan U.S. Value Factor ETF,109c0d3eb1b90175cf7e4aff91362e7e65add376cd243d132c718488113da758
MSFT,2022-01-09,MACRO,1,0.625717,0.0,Updating My Favorite Performance Chart For 2021,155a6de463529404a0a67068900ef8fd81180a36b9165a30abadd5b0f38a956c
MSFT,2022-01-10,M&A,1,0.603419,0.0,Nvidia buys high-performance computing cluster management software provider Bright Computing,3c20323b8be41895f19e8694dec85d7f8e119fe53703169919f235c3d5bb985b
MSFT,2022-01-10,OTHER,3,0.732133,0.28859783673185063,Johnson & Johnson Medical Devices Companies: Reimagining the patient journey in a digital era - Source,aef8fe2e29aee6d00a59b96ef157bea0f997145f97d2439546836f9d7f502bcf
MSFT,2022-01-10,PRODUCT,1,0.975001,1.0,JPM 2022: Johnson & Johnson links up with Microsoft to cloud-connect its digital surgery programs,6f5c992acbeea35a0207f6d375882b658900d40dffd18ce2bd4a5b3e2540af46
MSFT,2022-01-12,EARNINGS,1,0.608938,0.0,"Datto Hires Splunk, Qlik Veteran Brooke Cunningham as CMO -",fb2391dd5663381c6d5b571258a0c4bda5f99d17d977d30afaadcd32f995a242
MSFT,2022-01-12,M&A,1,0.640625,0.0,Take-Two Interactive CEO makes the case for his $12.7 billion takeover of Zynga,5584262ac46bbdd53ddf54dddf451f69dde377f52a2c4bca16bf85e4cee73270
MSFT,2022-01-12,MANAGEMENT,1,0.629845,0.0,Former Cerence CEO headed to California with new top role,715df5d0642850edccd705b6c7d607d239812e28a067ff261c99eab61196586a
MSFT,2022-01-12,OTHER,4,0.85181125,0.2934922496034186,Microsoft announces new research and technology to empower millions of frontline workers,0f13c566dd39155dbf8ed48c4e9146c09e8f812432c93832a78232eb9c840ecf
MSFT,2022-01-13,MANAGEMENT,1,0.604235,0.0,TransUnion Africa appoints Morris Maina as CEO for Kenya,2c6879a6d9ef5f1ea60d1be90a1b30c9002148425811f05c56468fe40f586327
MSFT,2022-01-13,PRODUCT,2,0.7161519999999999,0.4426043633195188,What’s Changed: 2021 Gartner Magic Quadrant for Cloud Database Management Systems,6a333bf6770dcba7cfdecd4967dfe785cafb6247723f89ee0e2016ba0dbcbfe7
MSFT,2022-01-14,OTHER,1,0.71741,0.0,DevOps Tool Market 2022 Outstanding Growth Scope Witnessed,15c61665f06d58c50bf4cc7c5548cd4f947c1afdfc1d20a7cecaed9388cc7f31
MSFT,2022-01-17,M&A,1,0.700692,0.0,T-Mobile uses RPA in Power Automate to integrate systems during Sprint merger,1fbd3314a800fba1b537715bc4dcebcd17326af155cf1efefcfc5cb0c54255fc
MSFT,2022-01-18,EARNINGS,1,0.627344,0.0,NPD: The top 20 best-selling games of 2021 in the U.S.,037a1ba7e8f5da7d460fc12145dff5b34eee9fc779819af314be1de1e17ce613
MSFT,2022-01-18,M&A,3,1.0,0.0,Microsoft Buys Activision: 3 Reasons Why The Deal Makes Sense (NASDAQ:MSFT),9da44ea4d930a467ee243fa6250aa19da76d52832e344d526ca70e3d610c6a57
MSFT,2022-01-18,MANAGEMENT,1,0.643627,0.0,BlackRock CEO Larry Fink says stakeholder capitalism is not 'woke',87122c988ce278a6667c21690b0eea0cbfddc69727129f29ebcff17504875529
MSFT,2022-01-18,OTHER,1,0.641223,-1.0,Child Labor and the Human Rights Violations Embedded in Producing Technology,f45ad1e74b2da45476bd74c067534085c77eba7b7235c3ef6b668a8730388785
MSFT,2022-01-19,M&A,2,0.664101,0.0,Rackspace to acquire Singapore-based Just Analytics,08310d157d60c572c44e6c792d0d56d14e55ea0cd45301153cc69be93e09a27c
MSFT,2022-01-19,OTHER,4,0.76589325,0.3264162466505613,Smithsonian Latino Center Receives $1 Million Gift From Microsoft Corp.,bd992a330c1c5302d710e382269774d3d7dd021351585880b2db8683cf0c34ca
MSFT,2022-01-19,PRODUCT,3,0.6768890000000001,0.3514461012071403,Oracle opens data centre to provide cloud services across Africa,f4469512c1fdcf11e1b846c109a5f52eab8e8cf46ef761de1fd468268566ad50
MSFT,2022-01-20,EARNINGS,1,0.714405,1.0,Rate Hikes Might Bring Quality ETFs Into Focus,53de8fd88fb7b9f1f08031011e934c430ba194fe8fb663f20e86797b8ea7a2ef
MSFT,2022-01-20,OTHER,2,0.6123080000000001,0.0,The untold story of zero trust and data privacy,0e1fbe4c3d0f5bdf8a1549ce5ec571f72f04ba3620cc10f3297136ae928193f4
MSFT,2022-01-21,M&A,2,1.0,0.5,Infographic: what organization of Xbox first-party studios could look like after Activision Blizzard acquisition,dd155a69ffcca7ee941f9a07bf59eff7df96200aeaf3c1c46795e30be2fc3a33
MSFT,2022-01-21,OTHER,1,0.64713,0.0,Check Point Software’s 2022 Security Report: Global Cyber Pandemic’s Magnitude Revealed,95c1c5f4ee11e9925330e30f74fe28a4ea3a4aaad6b97243893231475cc03929
MSFT,2022-01-23,OTHER,2,0.5913855,0.0,SRE: Benefits and Business Impact of the SRE Mindset,f89ea668d2bcdc029acabd9cbec91438627915fcff0e15f7d801015e91ac145d
MSFT,2022-01-23,PRODUCT,1,0.643081,0.0,How to Build a Multicloud Kubernetes Cluster in AWS and Azure Step by Step,b7cd5d060eb8d20d08e3c7faa8a75fbd22f11c75ce075eac65d95252fb08146b
MSFT,2022-01-24,MACRO,1,1.0,1.0,Ministry of the Presidency and Microsoft sign collaboration agreement to improve protection and defense against cyberthreats,eced054db4071aea12a2591b3ab0aec86138e92886e51d96eb83f485266209f6
MSFT,2022-01-24,OTHER,1,1.0,1.0,FedEx and Microsoft announce new cross-platform logistics solution for e-commerce,a37f3c5333a785d5bba4e6e9ed1d6b560c25333ca32ca73387ece97e8e90a2bf
MSFT,2022-01-25,M&A,2,0.8081395,0.23741012535583272,"Microsoft to Acquire Activision Blizzard for $68.7B, Becoming Third Largest Gaming Company",bf8d36d8f0023c2439e0c347311a334348aa248478171373762e19e04d6447c8
MSFT,2022-01-26,MANAGEMENT,1,0.599688,1.0,Biden Gets CEO Support for Economic Agenda,7baa4d2841c9eeada69fab38d9c2c7aba5687fb97bcd5b956c452c85a47f8b62
MSFT,2022-01-26,OTHER,1,0.93278,0.0,Data platform modernization delivering richer insights and powering dynamic digital experiences for TD customers,96f8775c3f54673d78791d727ba163173e899b60e10f42f447532843bbd18e68
MSFT,2022-01-27,EARNINGS,1,0.631503,-1.0,"Wall Street gains evaporate, S&P 500 ends lower on Fed tightening timeline",9b3bd3d641f2c50af216c68088e8b23fe11f87451275052a7d701427d2d95a10
MSFT,2022-01-27,MACRO,1,0.646257,0.0,Gartner Recommends Organizations Confront Three Internal Labor Market Inequities to Retain Talent,45471db3e1ea0af943f6d5684fe99d6b0b2cc858e478580c262dc339932e1eff
MSFT,2022-01-27,OTHER,2,0.651365,-0.5425168684224667,Adobe Inc. stock underperforms Thursday when compared to competitors,2257f8784558b4f9c4d69d7226ddf1aad88ad560e5524dae3f88388ebc8655e4
MSFT,2022-01-28,EARNINGS,1,0.648733,0.0,"Apple’s $124 Billion Cult of Personality, PLUG-ing Back in & An EV Road Trip",6b0903d2f3aad99acf11cc3ed77320ada06a7e9b7fb9b2a23978d4b2c0ef4745
MSFT,2022-01-28,OTHER,3,0.5943466666666667,0.0,Reference design offers wireless docking over Wi-Fi 6E for PCs,eee17dff397dcbc87eedb5d58f22821436f06b7b6e136f49f5318a3721af33a4
MSFT,2022-01-28,PRODUCT,2,0.663799,0.5574127107754003,Customer engagement enhanced with cloud-based analytics and AI,6372a69f11e234ccb0f10db1df3d6768de0f229d65acf365ebdc5bc6043aab36
MSFT,2022-01-31,M&A,2,0.770232,0.0,Sony to buy game maker Bungie in $3.6 billion deal.,4cd945ee54e6450aa01b1a9a43538bb3c090cb064a02a049dbd2d72e0e466f8c
MSFT,2022-01-31,OTHER,1,0.707376,0.0,Electronic Arts Names Chris Suh as Chief Financial Officer,326332b404edba345911e36fd90f010abfd7788aaf1aa523433eb6a409d837ff
MSFT,2022-01-31,PRODUCT,1,0.618019,1.0,Home Depot launches training program to support construction industry,9ebcf0017950c0a34068b31ad5835ad02769d8ff43fbbf263d22dd302b170049
MSFT,2022-02-01,EARNINGS,1,0.733784,0.0,EA Revenue Forecast Misses Estimates After Battlefield Flop,2e885661a065078cbad4a6d0b58d4bc62ef3612da9c1ff6b4da111aa10296551
MSFT,2022-02-01,M&A,1,0.928312,0.0,The Great Video Game Consolidation Is Just Beginning,ecf899ce3084341ea09a4236f263a6f80d1b7b757e3bb4d30f73888a9b754139
MSFT,2022-02-01,OTHER,3,0.7408713333333333,0.0,Amazon and Microsoft led the world in corporate purchases of clean energy in 2021,3dbaef8b939cf8aba0bf6af1a330a049580b25743bb33a8ba7b9860fe2ad9a40
MSFT,2022-02-01,PRODUCT,1,0.632158,1.0,LGD and BOE Competing with SDC for Larger Share of iPhone Business,c8bba43f04d413d4969702cf56d69ec18814fd73b8b48c846d1d5d4a6ff32cbe
MSFT,2022-02-02,EARNINGS,1,0.64492,0.0,Alphabet brings big stock splits back to market,b928ea4a8a36e75a058e367ac2a8ec554b620f1fc0be04bc175613cdeae274c1
MSFT,2022-02-02,M&A,1,0.715575,0.0,Equiteq advises Just Analytics on sale to global player Rackspace,a57402496e81af0b4fc496fbf9ee00346cf4a7070886011136f5af547af58360
MSFT,2022-02-02,OTHER,1,0.605009,0.0,SentinelOne vs Palo Alto Networks,222fba2442c9276e4a303ded2d5ec1fb181c400a5e486b2fc83842b517b9d509
MSFT,2022-02-03,EARNINGS,2,0.6467415,0.4650668002594545,Alphabet eyes $2 trillion value after blowout results,d6c696dcd995daafdeb45c30bf246d33120dc3c8fcc78a919537de877d326545
MSFT,2022-02-03,OTHER,2,0.6112960000000001,-0.4942850926556038,10 immutable laws of security administration redux,070401bdc90fb25d5c234b833c6980a2864b2120fe81e7a4c3fc95982406ad55
MSFT,2022-02-04,EARNINGS,1,0.707476,1.0,"Amazon notches up sunny sales, despite client shift to 'multicloud',",b4a976975a304d879976d4a34da22ce1b7e1ab903f2e6f224afdfd88170e1941
MSFT,2022-02-04,OTHER,4,0.61264625,0.49487775367922354,Sify Technologies: Simplifies digital adoption,9b04362f6e7737acf75db5f36eb40ac085966fdebd1c12faece7c4e30650d4cb
MSFT,2022-02-04,PRODUCT,1,0.937829,0.0,Johnson & Johnson leaders discuss what’s possible with the Microsoft cloud deal,fefd8cef3366bb355cd8dfa68a3ad0d528e4e52173ed718cb1bd28591c7a3849
MSFT,2022-02-05,M&A,1,0.610402,0.0,"Traditional conglomerates such as GE, J&J and Toshiba are moving in a new direction",26e00e7c91e810e54f17e41392a17ecfdae36072bee2c392ec5ffc519519293d
MSFT,2022-02-05,OTHER,1,0.600232,0.0,รีวิวกองทุน UHERO: กองทุนเรื่องเล่น ๆ แต่เติบโตไม่ใช่เล่น ๆ,1d1a4d36ccbe9f2caa6c1801dd226ac2b0d1f2d4d05f560def22e187ec70c893
MSFT,2022-02-06,EARNINGS,1,0.739192,-1.0,Opinion: $1.4 trillion? Big Tech’s pandemic year produces mind-boggling financial results,e281a5a3b392475f317c63d92cca1960a6233b32eddb7d36474efa167cc13b31
MSFT,2022-02-07,EARNINGS,1,0.61205,1.0,"Xerox Acquires Powerland, Expanding IT Services Reach Across Canada",4a53cac4f2201e37ef33be447c66f30ab42bf766d96099f870c145949347712f
MSFT,2022-02-07,MACRO,1,0.635957,0.0,"Amazon hiking base salary cap to $350,000 for corporate, tech workers",f66170760f0b91a07862d028cbfba89d5024ff18167a9fdbe5a79cb58d85fc8e
MSFT,2022-02-07,OTHER,1,0.842403,1.0,PLDT and Microsoft seal partnership for Threat Intelligence sharing to combat rising Cybercrime in the Philippines,ce704c5880336da090cc94279045f7738652d88b91bf16069d41f460fdf4d5d6
MSFT,2022-02-08,M&A,1,0.609026,0.0,"What Nvidia Can’t Buy, It Can Still Get Through An Arm Partnership",af0ba5093f92b8b19750b3532086abe95308f697afd39b39577903258dbb2002
MSFT,2022-02-08,OTHER,1,0.57767,1.0,"Event-led Engagement Platform, Airmeet, Raises $35M USD Series B From Prosus Ventures, Sistema, Sequoia Capital India, RingCentral Ventures, and Others",815c74466ac2ea3f8d71e5a29837c822d8174e91a7baaa62d13f8e829614d023
MSFT,2022-02-08,PRODUCT,1,0.711793,0.0,Kiwibank takes payments onto Azure with ACI Worldwide,091acb3b563da124e30b4367f9c7fe5993caa354d2e9125b7d4418cc29f102ab
MSFT,2022-02-09,M&A,1,0.63207,0.0,"We should never have sold Arm in the first place, says ALEX BRUMMER",939a1f44b3cf3684ea3e894b1f66497e203ec6ff43955995167c4e8c0d9857db
MSFT,2022-02-10,EARNINGS,1,0.6304,0.0,"$ARKK, Shopify & Tesla’s PE – What’s Trending on YCharts?",347054cfeaee3a09692fd2fa45dc224540511b100a927182035fa886664f5513
MSFT,2022-02-10,M&A,1,0.843574,0.0,Gartner: A quarter of consumers will use the metaverse daily by 2026,b2fff9cdcde577c72c73fb00bfa4d73344415b55032bfee5ac0817a0d1b6f159
MSFT,2022-02-10,MACRO,1,1.0,1.0,Microsoft’s Asenso Pilipinas Summit Gathers Government Leaders to Empower Stronger Digital Organizations across the Philippines – Microsoft News Center Philippines,15607b2fd1ed1a4a132db1c8efc726f76e4e2952f12bec6eb49e1bcb5ce20e47
MSFT,2022-02-10,OTHER,2,0.5907439999999999,0.0,Sustainability in business practices: What IT should know,8ef6d24e334a4d2b3ef51291b22008a7e5adcc5515289494ecdbb81b92fe4e6d
MSFT,2022-02-10,PRODUCT,1,0.624158,1.0,"FedEx launches 10th annual Small Business Grant Contest, with biggest prize pool yet",7230e211c63c38cb767bd0f02806f1554bd2abb217b3f7048bc71c62b4ec13a9
MSFT,2022-02-11,M&A,2,0.809939,0.0,Microsoft to potentially give up 30% commission on Xbox in wake of regulatory pressure,749a189bf5ae2fe30ce01f3bbeb55c83b2e6d5da309ef5a2f4d44899bf49427b
MSFT,2022-02-11,OTHER,5,0.7438322,0.17348106199220736,Jobs in Hyderabad: Microsoft invites applications from freshers,378f2dcfea76d6ff218302c73f54004d3d5ee63d41ae0a589d552da2e69e9c7f
MSFT,2022-02-14,EARNINGS,1,1.0,1.0,"Microsoft announces plan to fully reopen corporate offices in Redmond, elsewhere",cad0401ae378a2e87ee44d282cdae8eff032ee2dbf2f8b4bb61485d8c7e81b5b
MSFT,2022-02-14,OTHER,3,0.7430266666666666,0.0,Microsoft tells workers to prepare to return to the office. (Published 2022),22979c9fb6092458845906722e52c7782e094a0c33c7ab977d3f945a2538f438
MSFT,2022-02-15,EARNINGS,3,0.6921553333333333,0.3587677332544814,Perion Network wins Microsoft Advertising award,fc31f06129ee1dabb12d5d89d5f999f47dbfd8103db52e25cf080ce8a07cc622
MSFT,2022-02-15,M&A,1,0.808639,1.0,NERD ETF gains from strong demand for esports,4e5ec64d811404d8e3468eae17af02c7f804e0c2aa2bb6cf55e44d72f4c63d88
MSFT,2022-02-15,OTHER,2,0.6196444999999999,0.0,Gartner Magic Quadrant for Data and Analytics Service Providers 2022,643bb7a7e4647551f096c1676ebc371b4c6204da1423af506a393d4f30de18b4
MSFT,2022-02-15,PRODUCT,3,0.6261886666666667,0.3331551832621265,Trip.com To Launch Hybrid Work In Chinese Tech Sector First,fb7aab328e9a7a2dcdbef653e293edece035e983873e4bb26673b6725a707090
MSFT,2022-02-16,EARNINGS,1,0.744558,0.0,"SPYG, VOOG, And IVW: It's Gut Check Time For Owners Of These S&P 500 Growth Funds",f01a3169d012a69f22ce0846438ec6f7c8d651d22c1fdccfe5bf71b296a7e731
MSFT,2022-02-16,MACRO,1,0.638089,0.0,Corporate Leadership Won’t Reach Gender Parity Until 2060 at Its Current Rate,f1dc42fee1325b080b2e0ec420923f82f619da1e12f61a2ce04dbe77605db190
MSFT,2022-02-16,OTHER,1,0.710567,0.0,How to Not Stress About Tech,a75a63f7b3f0b268fdef1ff2e80cbfe6357d3296f7266bbc486b363a7803f9bb
MSFT,2022-02-17,MACRO,2,0.6228965,0.49408529346368135,How the 'Big Short DAO' Bet Against the Crypto Market and Won,d92846c80850a785e77a18e96aa1dc388283113e0a4ba7c59560e6147f5a40e1
MSFT,2022-02-17,OTHER,4,0.61482475,0.26087433858184794,Inside Pat Gelsinger’s audacious $43.5B plan to revive Intel,be1dc61d6adb76743b21b987719ae5e154ef895992a447fb468f39de852e360b
MSFT,2022-02-17,PRODUCT,1,0.918662,0.0,Build your knowledge of Azure AD conditional access policies,9b9213797ec5ee2a8d108576a3d58703b87d20f405d693bec9c6c3b4b9239267
MSFT,2022-02-18,EARNINGS,1,0.701429,-1.0,"After delaying over crime concerns, Weyerhaeuser says workers will return to downtown Seattle office",42e9f1e5304e418a0a90f73134e0687094cce1ae87c096d043976a4c3a0149cb
MSFT,2022-02-18,M&A,1,0.721169,0.0,PE Firm Capficiency Acquires Microsoft SharePoint Partner KWizCom Corporation -,7b593cb7111bc5d4d3b2d474178e6eff479268f3bcd15e707868f43da59cf8d8
MSFT,2022-02-18,OTHER,2,0.73178,-0.43747369427970156,What’s Changed: 2022 Gartner Magic Quadrant for Enterprise Information Archiving,efc5dc6c033500abcdc974ad720972ed7d75e657ede6160544d38398f1d11d62
MSFT,2022-02-21,OTHER,2,0.599996,0.0,How the Internet of Things is revolutionising the packaging industry,4487c25c8a66bb4cd37225f5a7acb9e9840ec0d4bc659c01712feeaaaa0ceb7e
MSFT,2022-02-22,MACRO,1,0.612129,0.0,Why you shouldn’t schedule that next meeting,476e15ba229d510b35e224c2779ce4534c0b682aae14adc8075ebe0fd99698e4
MSFT,2022-02-22,OTHER,5,0.7217984,0.25474786311524106,Mixed reality helps GE Healthcare train engineers to service complex equipment,6267992551413c4318c1f8bedfaeeed76904a1873b4214156f66dc88d3b9d24f
MSFT,2022-02-23,M&A,1,1.0,0.0,What Microsoft's Acquisition of Activision Blizzard Means For Its Gaming Future,436fa19a719bff65be2718d03dc20ca87d4e048a047e2c954a73b46c0ce13500
MSFT,2022-02-23,MACRO,1,0.703141,0.0,TikTok Star Corporate Natalie Wants You to Know a Few Things About Gen Z,41025c3b4586587959dd7ea967d8618823a826288070430e680c57c83e25fff9
MSFT,2022-02-23,PRODUCT,1,0.878085,1.0,U.S. Bank Partners With Microsoft to Accelerate the Future of Banking With Cloud Computing,dc575bc8d6a081031dc19945fe9a8e28b3bae1b5f3fb15e7189e08d8be83ad4c
MSFT,2022-02-24,M&A,1,0.639188,0.0,"Warner Music and BlackRock Invest $750 Million in Influence Media, Female-Led Music-Rights Firm",fc2393628c99c04c220b2651f7852e58be25b07b251ebea4a2cf6353729cff5b
MSFT,2022-02-24,OTHER,4,0.7224025,0.0,"AT&T Private 5G Edge to Make Private 5G Networks Smarter, Simpler, and More Flexible for Businesses, Schools, and Other Organizations",fc09abd53a80e9260818bb38e452901d2867a1cb838e5af4d162c57e145833c1
MSFT,2022-02-24,PRODUCT,2,0.6643870000000001,0.0,U.S. Bank to keep Chaska data center open after move to cloud,2e8f85e73f6b193b828b97eac91666b1e1445ec466c3765eb0d6faf09aedec73
MSFT,2022-02-25,M&A,1,0.644064,1.0,CRM giant Salesforce acquiring B.C.’s Traction on Demand,9e7f225b5278189589afaff39e615f93551411c571dcc0d07dae9248b9bd2c7b
MSFT,2022-02-25,OTHER,2,0.5797570000000001,0.0,"Capital Group Dividend Value ETF ETF Price, Holdings, & News (NYSEARCA:CGDV)",7949f0a91b5a55404f71fa1cb1568aed31a2b4fa710551261e22d64401b39c47
MSFT,2022-02-25,PRODUCT,1,0.938425,0.0,U.S. Bank partners Microsoft for cloud banking tech upgrade,c9bd5c4f7241675924d4db40c515e84a18636461ccc8a5cf7cc5661ca449b196
MSFT,2022-02-26,OTHER,1,0.615568,0.0,Electrolux,b525a7223d830f9ffd08a7e3dbd79dda1628f4f382bd9d829725744f829a1231
MSFT,2022-02-28,EARNINGS,2,0.610576,0.0,KYNDRYL REPORTS FOURTH QUARTER AND FULL-YEAR 2021 RESULTS,67209a7d997ffeb969ff1dd5dcf04c7eb27c7e82f780983a27b9fcffb6fcbc34
MSFT,2022-02-28,GUIDANCE,1,0.612443,0.0,How CFOs can supercharge their organization’s sales forecasting,1c0b197cede2ab4095b1c09b6039a8dfe6ec2903cf7f582569d270b69d16919b
MSFT,2022-02-28,MACRO,1,0.926968,0.0,"Amazon, General Mills, IBM, Microsoft, and Nestle Join 150+ Major U.S. Companies To Oppose Anti-Transgender Legislation in Iowa",a0b53376694dafce5ae613a9c146f7693f1994d67350f4c5caf37e40ab6a4904
MSFT,2022-02-28,OTHER,5,0.6911198,0.009080046614204943,Lockheed and Microsoft collaborating on 5G military tech,5ab03f72a9293b1064b1b8cbada28822eb0b23e88e85b53381b70222c95269f1
MSFT,2022-03-01,PRODUCT,1,0.901629,1.0,Accenture and Microsoft to Assist Mount Sinai Health System on Five-Year Transformation Journey to Cloud,5aa13d2c1504bc713787e29f4674eb65e6cb8dabaac1eec77e95d5a32c32912b
MSFT,2022-03-02,MACRO,1,0.609489,-1.0,"EA, Oracle Among Companies Heeding Ukraine Plea to Stop Business in Russia",132e033d650387cf0cf6aa2bb8f2323c15744361bf85312fabf6c03870ebbb53
MSFT,2022-03-02,OTHER,3,0.7320043333333333,0.16539200815295718,Microsoft Corp Chief Satya Nadella’s son passes away,4658038907794845947462ab1f288665d319f20f6c656d13834facb33089ac73
MSFT,2022-03-02,PRODUCT,3,0.7552186666666666,0.0,"Leaders in Semiconductors, Packaging, IP Suppliers, Foundries, and Cloud Service Providers Join Forces to Standardize Chiplet Ecosystem",a571f9cfa5c1088bfa456ead6e0379e13d2ddcfb01f3c74ec7895fe7f2a0428e
MSFT,2022-03-03,EARNINGS,1,0.638895,0.0,DigitalOcean vs Cloudflare — which stock can take advantage of cloud expansion?,ca2e422a77418c8fef05004169df08538da478807a7fcfbbc244a395efdb8c5c
MSFT,2022-03-03,GUIDANCE,1,0.645446,0.0,Wide Moat Stock Outlook Remains Compelling,45d96257eb856a80d8837c2b1bdaed61a067c38ee3f940527d0f2fc7ca19bf6c
MSFT,2022-03-04,M&A,4,0.9340185,0.07064260504476089,Microsoft closes on $16 billion acquisition of Nuance,6cf7241a1269bc863cff81824315b95bc0a3eb65a4fb782528b8a2a72bf80c5e
MSFT,2022-03-04,MACRO,1,0.601023,-1.0,"DXC Is Pulling Out Of Russia, Condemns ‘Unprovoked Attack On Ukraine’",46b2992ae9d07fb75423fb9b78183a32400870995a7f09c6fbc72c72cfbe8b6a
MSFT,2022-03-04,OTHER,3,0.6568686666666667,-0.6715223641864483,Electronic Arts halts all sales in Russia and Belarus,87e83bda4c9da2d96d18ddb4ab760a6591e9af3f053d784a34ae8f2c8194a9c2
MSFT,2022-03-04,PRODUCT,2,0.9172175,-0.5451269737003491,Microsoft suspends all new sales of its products and services in Russia,dfce6c2a291d251405caddcba93140436e4efadfeebd7640cdc725f1f3f29c19
MSFT,2022-03-07,LEGAL,1,0.631299,-1.0,Class-action lawsuit targets NBA 2K’s microtransactions,77a76c6b7e77934259962f2bdfd55c9711ca030fc1c490ed9f67f0f964e99213
MSFT,2022-03-07,OTHER,1,0.702113,0.0,The Scale of Shell's Global AI Predictive Maintenance Program,d77e3248b8d1436528214f00528132bced92cef9abf80b5a9b5b3a8748f83e1a
MSFT,2022-03-07,PRODUCT,2,0.763942,0.5829290705315325,Constellation Launches Sustainability Partnership with Microsoft featuring 24/7/365 Real-Time Carbon-Free Energy Matching Solution,3eaedcfa4130aa2bfd3c4b98cedebe39f7082e3de80f745fb01faea0937cf5ac
MSFT,2022-03-08,M&A,1,0.6483,-1.0,Alphabet’s (GOOGL) Stock Price Has Fallen 12.8% in 2022. Should You Buy It?,c6a5725e2777ffe0c22c3c5b9c5293a8bd5ff8ace02cb6d828d2ffdd2b4aeefe
MSFT,2022-03-08,MACRO,2,0.6212375,-1.0,"Telco Lumen disconnects from Russia, ends business relationships",596e548397667546bd8174db15cbea18513f9deff9d34e444ed786414c58335b
MSFT,2022-03-08,OTHER,1,0.813107,0.0,Our Ultimate Stock-Pickers' Top 10 Buys and Sells,2afdfda9c495801b53a87f369c19c015d4dce2b37a851e0e976b42aec22671f0
MSFT,2022-03-08,PRODUCT,2,0.641575,0.4978724233332034,Cloudflare and Akamai to continue operations in Russia,29b51a5a5a02033459ffb7542d698a3396e1ea08ad80b66bfd20813c247ddd58
MSFT,2022-03-09,MACRO,1,0.607208,0.0,Lumen (like the field) is pulling out of Russia. What's next?,433b98c50c155a0418b8045c306404d1965795f796c9e2e6c1e72e1ec1fd7adb
MSFT,2022-03-09,OTHER,2,0.634417,-1.0,Billion-dollar Seattle company Adaptive Biotechnologies lays off 100,b0f0a80b11e0ea0159d4299e3c8cc16680d0765555b058f53433a9ccd86462f1
MSFT,2022-03-10,LEGAL,1,0.621229,0.0,Here’s How ICE Illegally Obtained Bulk Financial Records from Western Union,4ed04bfb041f318d2422556761ed4b6b36dd528b3b5d9454196ee891844b9a65
MSFT,2022-03-10,MACRO,2,0.6743515,0.0,"Biden must safeguard Russian internet access, civil society warns",fe3147128415114166e37072f569c4a1f4b1cf7fb5133712a8f7b6c4e0fbf08b
MSFT,2022-03-10,OTHER,2,0.6194645000000001,0.0,"Grizzle Growth ETF (GRZZ) Stock Price, News, Quote & History",3f02f9e4a4be98294ad2ac3e5b45807523ca579c35187c69520e27c3781ad552
MSFT,2022-03-10,PRODUCT,1,0.621866,0.0,Adobe Acrobat Sign and Adobe Experience Cloud modernize customer and employee experiences,77ed59853767198541413e9d4b091a5ca070e792689ee414dfdfa62bb191439a
MSFT,2022-03-11,LEGAL,1,0.610909,0.0,"FIFA Ultimate Team cards aren’t gambling, Dutch court says",12bb8eb6a243a069361f45a46ee9a0856a544b7ef08aeeae8fa8d857e71f1c56
MSFT,2022-03-11,MACRO,1,0.616452,0.0,Is India ready to embrace Industry 4.0?,e57ed0093e9b795ca34b4ae931c3029366a647f4b4fcadb5b7c39921f8ba64dc
MSFT,2022-03-11,OTHER,5,0.6412666,0.0,Metaverse Technology Redefining Digital Experience,cc93e4e288a34cd26b39d10c030ef989b97f4f35d8fc8c11407fc740f7b52b8a
MSFT,2022-03-14,MACRO,1,0.729102,0.0,Four ways companies can find the ‘hidden talent’,505341c7b0b459bd813139d82dec54b22e48fa978afe8f06954bae3bbdadc1f1
MSFT,2022-03-14,OTHER,1,0.908942,1.0,Coca-Cola FEMSA se transforma digitalmente para mantener siempre conectados a sus colaboradores,f761bd97d7586b8de15541a7b074d3c4f903f19360606027de684071e3bb9d8f
MSFT,2022-03-15,M&A,1,0.600754,0.0,SentinelOne acquires Attivo Networks for $617M,3c802107738a85dce3d8f4a8af0be0e394b03df9cf7777eabb4d7ab7ea1d52b1
MSFT,2022-03-15,MACRO,1,0.638952,0.0,Embracing Automation Technologies: 5 Tips for Modernizing Mortgage Origination,684a013839a57155c468a84efbb1c2bc384b9c812216efb136df438b4214a65a
MSFT,2022-03-15,OTHER,5,0.6840194,-0.4559341445578883,Half of Perfect Dark core developers reportedly left The Initiative during 2021,e2d2aa873de616ab38480ef4d6f04e3a7cb36199b8903c2870a2e3e0a18f0e62
MSFT,2022-03-15,PRODUCT,1,0.946466,1.0,Rimac Seguros Accelerates Its Digital Transformation by Migrating to Microsoft Azure with Kyndryl,6acea9a8269bfcc2f617a68c7671e7033aa7a902f7142f0d16370cd1668a9009
MSFT,2022-03-15,REGULATORY,1,0.596641,-1.0,"Corporate tax departments face intertwined challenges: A talent shortage, regulatory uncertainty, and difficulty leveraging data",5746359f98530987d1826a70fab49c6ec29d9d88c0dc4cda44003b2b1181df9d
MSFT,2022-03-16,M&A,1,0.7214,1.0,SaaS customer relationship management (CRM) Market size to grow by USD 44.17 billion | Retail end-users to exhibit maximum demand | Technavio,802b636eb60395528c7a2f3efb4fedd28b9804079df2603779aa59aee38b2a9b
MSFT,2022-03-16,MACRO,1,1.0,0.0,Great Expectations: Making Hybrid Work Work,a1c1b8549551634fceff676a7f43e10591777010ce4baaa2c08733b683966dab
MSFT,2022-03-16,OTHER,4,0.705757,-0.2170594836466376,Microsoft announces new research and technology to make hybrid work work,f09b6c83002c93e829311558782d42927715cf4095b67d123c6e84902bd6b101
MSFT,2022-03-16,PRODUCT,1,1.0,1.0,Rogers and Microsoft announce strategic alliance to revolutionize hybrid workplace communications and power 5G innovation across Canada with Azure,531a5bd2ad04f4a0094e87e1a654ab24b0283f16714e30176364c738daa1c2aa
MSFT,2022-03-17,EARNINGS,1,0.626402,0.0,Zim worth over $10b,f72ecf12cca305b1dd97e965764d6f0a1700fa9f01ef430f76b795ee860c68bb
MSFT,2022-03-17,OTHER,2,0.8009675,0.6242450536382562,"Fortum and Microsoft announce world’s largest collaboration to heat homes, services and businesses with sustainable waste heat from new data centre region",6181cbd76d6258b0649260f2b0e346074b986e148c4293282b5d9c5def24beb5
MSFT,2022-03-19,M&A,1,0.646281,0.0,GM bets $3.5 billion more on self-driving tech unit as SoftBank exits,87bac2b2e8581a23e1729d03ce049853abf1d49598cb43090941139b8b9fb370
MSFT,2022-03-21,MACRO,1,0.623641,0.0,Billionaires Elon Musk and Michael Saylor: Dump the Dollar and Buy Physical Things,a7df4a1ea3496ba8e16f396695dd55b9bf4ef35a2d8aae849e2319f6daa360f3
MSFT,2022-03-21,OTHER,4,0.79340325,-0.11192322441331062,The Best Microsoft Teams Apps for Team Tracking,6cb740ff50cd2ae68411f6019d23649c2cf887c26b4f19b6717f100c051a3b2b
MSFT,2022-03-21,PRODUCT,1,0.895659,0.0,"IonQ Aria, Newest Quantum Computer, Coming to Microsoft’s Azure Quantum Platform",7bae5ae25fd0a70c943e452e90f415e294f9e32b9ceec53887521a87cf016563
MSFT,2022-03-22,MACRO,1,0.646071,1.0,Biden Can Fix the Anti-Worker H-1B Immigration Visa Scam,6cbdd4917baa6c15f8038fef496396e8869b5c0ca9e8cff11cbd138feb1134aa
MSFT,2022-03-22,MANAGEMENT,1,0.615205,0.0,"Keynote Wrap-Up: Turning Data Centers into ‘AI Factories,’ NVIDIA CEO Intros Hopper Architecture, H100 GPU, New Supercomputers, Software",8adbc436af9bff1602d74dbcbe5725e716e3539b1f67764036173d429ce5ed68
MSFT,2022-03-22,OTHER,5,0.7633842,0.0,Microsoft looks poised to dominate the quantum computing industry,1c022121dcdf9af2a211f951eb73abdd309b2278d479ceb29332b89c05143298
MSFT,2022-03-22,PRODUCT,3,0.6710413333333333,-0.40264285756863466,"Walmart Enters the Cloud Wars and Challenges Microsoft, Salesforce, Oracle, and SAP",a087973e4b5ce03975480bf58152ca7b41270070c09a3f9b9e13d349ab5eb9c4
MSFT,2022-03-23,EARNINGS,2,0.6097440000000001,0.4990840418273898,"What is Okta and how its hack could affect Cloudflare, Coinbase and others",294645619fc4a7e12abb1e8f2e0c00fa969aaf8610f993982d53d4e93f35a1d1
MSFT,2022-03-23,MACRO,1,1.0,0.0,Tackling Global Supply Chain Disruption,af44e843485185360d18dd3a815641852446d3d04e1a384bd75afee33d86891d
MSFT,2022-03-23,OTHER,2,0.6067724999999999,0.0,Towards The Distant Virtual World: Vitalii Vashchuk Shares Insights,41683fa3337abbf764f9d3d587cd4569f32e9fdd7ca7e2af4d949e21a03fce53
MSFT,2022-03-23,PRODUCT,1,0.589016,0.0,First Trust Launches First Trust Nasdaq Lux Digital Health Solutions ETF,a4748e8732428c693db7bbdd7d26cf18eb8fdc26894f81b8f76e64718ab2026f
MSFT,2022-03-24,M&A,1,0.632064,0.0,Netflix buys another video game studio as it builds out its gaming business. (Published 2022),9716fba169bdb19c2d65c844186c33f741dfe653e216e06ffe615093d1614bb8
MSFT,2022-03-24,MACRO,1,0.635288,0.0,How To Multiply The QQQ’s Dividend Yield By 15,46d590bd1f05cd2ec01f57f1bc123cb770cac6bde1e3a9e46dceb73a9e2046a2
MSFT,2022-03-24,OTHER,4,0.6900075,-0.1224972192331243,"16-year-old living with his mom is Lapsus$ mastermind behind Microsoft hack, cyber detectives say",a1852b63c16287d8c8de086a6175ecd927d5478af3320a1e016422ce90a98093
MSFT,2022-03-25,EARNINGS,1,0.579131,0.0,Nouveau Monde Graphite Provides a Quarterly Update and Releases its Annual Report – Disciplined Execution of the Company’s Business Plan,9ea822df830c3e5c0b124c1132bae74efdc36324e278290ba2ee696666a725f8
MSFT,2022-03-25,OTHER,2,0.608807,0.5124801455962235,"Cisco Systems Inc. stock rises Friday, outperforms market",e404376686d75a0b6b62d6a94469d3bd7c97fe3a7346434a805ec94a7dfc2976
MSFT,2022-03-25,PRODUCT,2,0.6872149999999999,0.4682086392177121,Wolverine Enters the Halo-sphere with Launch of Limited-Edition Boot Inspired by The Master Chief,555f26ccde020738489433b362744d9aa8ea3a432702a9c77eb0a91d00b8830e
MSFT,2022-03-28,EARNINGS,2,0.6358010000000001,-0.5001698644701723,Amazon Stock Rally Erases Losses for the Year,886293b0397a591a6e043a611739c5163108dd6732b66ea352067310ab44c16c
MSFT,2022-03-28,M&A,1,0.613012,0.0,HP’s $3.3B Acquisition Of Poly: Six Things You Need To Know,79273625d1bd93e7fb07a509abe217c44d88593d2faeabdb7f9901b0f2163d07
MSFT,2022-03-28,OTHER,3,0.7537193333333333,0.0,What’s Changed: 2022 Gartner Magic Quadrant for Analytics and Business Intelligence Platforms,0a51758e803806e0a8ef4b4cb1f0cac6d12694a324104982524495e8849f85ec
MSFT,2022-03-28,PRODUCT,2,0.855326,0.0,Pwning Microsoft Azure Defender for IoT | Multiple Flaws Allow Remote Code Execution for All,4e87593002e357d313e7b6feaad77a8c4b924262b6769a603ea6debd4e0d8979
MSFT,2022-03-29,MACRO,1,0.817092,0.0,Best Global Company Culture 2022,40b9aaa786ff33d7d8e0641e11ec8bcea27d5bb832fde3ed0c708d8b47ac275b
MSFT,2022-03-29,OTHER,1,0.645169,1.0,Vectra: Using AI Technology to Strengthen Cybersecurity,f9716b14f92ec5936ad5397f83032ec5c07ff6d63bab476297275e58cf5c432f
MSFT,2022-03-29,PRODUCT,1,0.807782,0.0,Keurig brews a more perfect cup of coffee with Azure IoT Central,fd0322fedebb23a7eb465c381f2f298f6b45464940d16a8089428f2918f82734
MSFT,2022-03-30,EARNINGS,2,0.6030465,0.0,IonQ Named As One Of TIME’s 100 Most Influential Companies,33f8ecddc3505291653d62412fd27654a125d4591e384a89603eb5e009b627bf
MSFT,2022-03-30,OTHER,2,0.6375255,0.4851233401644327,Best Places To Work: Seattle Metropolitan Area 2022,f353212e4d7a4828a4dad0b89f673066c4cc6df8e2d043b9a5ceb03fb441747c
MSFT,2022-03-30,PRODUCT,3,0.8410906666666667,0.3649249862876456,"Outbrain expands strategic partnership with Microsoft, leveraging Microsoft Azure to improve business outcomes for media owners and advertisers – Middle East & Africa News Center",af7924388f41075ce5b184501522e7760314241413ab5b9294012f557a6e834d
MSFT,2022-03-31,ANALYST_RATING,1,1.0,0.0,"Microsoft Phone Link upgrades the name, look, and feel of Your Phone companion",29fd4697b1448986048cf1572c228857e2c38174ef6aef45abe99f0f730877c5
MSFT,2022-03-31,MACRO,1,0.693956,-1.0,The Unintended Consequences of Taxing Unrealized Capital Gains,cc2511dd5bc6b808f13090bea5a10340ea4e3fae022e693e8a57c6730cd82cc1
MSFT,2022-03-31,OTHER,2,0.8141905,0.44020287635387534,Microsoft Dynamics Construction ISV Adds Civil Construction Tools,495a8e24aae195b9fb7c95de7b7a10f16f1609b2fe69f2b21b804f23cfe8723b
MSFT,2022-04-01,MACRO,1,0.61279,0.0,Five Tech Trends That Will Shape PH Businesses in 2022,6e8dfe059cdda83430772352f016e8ebe0c017706c56a758cc996c9a35f5e6ac
MSFT,2022-04-01,OTHER,3,0.754144,0.0,3 things learned from Microsoft’s carbon removal report,e1e6271060564627a9653654e375d3af64204d6f860585a040c51b2c1c2a999c
MSFT,2022-04-01,PRODUCT,1,0.945064,1.0,"BlackRock uses Azure to strengthen Aladdin, its investment management platform",11de0d6249af66272f18b1f1ed47dfa99efc25ee0aa25227538ab4e7aca42b0d
MSFT,2022-04-01,REGULATORY,1,1.0,-1.0,Microsoft's cloud business targeted by EU antitrust regulators,0f16177d9fb6c0a35143e1ebab09412b4309076688b82fdb5ba90e5431b650b0
MSFT,2022-04-02,OTHER,1,0.614941,0.0,Business On Air – MTR,f892cfc23c58bb57966ab26632610fb63ee376b240b2f2ad7185612bbcf67498
MSFT,2022-04-04,M&A,5,0.6547468000000001,0.1894485013137903,Internet of Things Market Size [2022-2029] Worth USD 2465.26 Billion | Exhibiting a CAGR of 26.4%,33d01a5feb6f061e5fdd16214932658a6890e1890e64e2559e226f1104e8357b
MSFT,2022-04-04,OTHER,2,0.623901,0.49898701877381185,Elizabeth Hamren and Blake Jorgensen Join Hasbro’s Board of Directors,2c0f7ccd905c82fea4507b32e05c466bea8005fb0922634ffdf34742feb9f291
MSFT,2022-04-04,PRODUCT,1,0.715478,0.0,Clean Harbors’ CIO: Hybrid approach to the cloud is a win-win,558fa5140fa892e3ee1b1523618cf44d503527a6f0ad123c684e06c38ca3487b
MSFT,2022-04-05,EARNINGS,1,0.608123,0.0,C3 AI's Ambition: World's Greatest Software,1295b339912b273bfc5e080fc39795f3625931e4ae20b7135a0ec0484218fc38
MSFT,2022-04-05,OTHER,4,0.6137630000000001,0.24819800150872565,Putnam’s Collins Draws On Nature For ESG Investing Inspiration,6866f4717eb6a09b9ce296cb915bb85044af5528a7c638aa351749e6cba4ec16
MSFT,2022-04-05,PRODUCT,2,0.8154615000000001,0.0,Ball Aerospace Collaborates with Microsoft Azure on On-orbit Computing,bc8ef5353e8da5a820e170af314a70dbd3ea7215ccea10994b965b361345b7ed
MSFT,2022-04-06,OTHER,3,0.7587966666666667,0.7200303990089572,Boeing and Microsoft deepen partnership in digital aviation,9294172f95b17cf99c0de618bef5339dc958b2c7410597d74e9add88721dbf7a
MSFT,2022-04-07,M&A,1,0.613237,0.0,What’s Changed: 2022 Gartner Magic Quadrant for Transportation Management Systems,e110b2df1f4c5e7770d17c868fad94a1656756c480c12ef19bd5b73f23ffa93d
MSFT,2022-04-07,MACRO,1,0.589928,-1.0,House Republicans want to axe Citi contracts over bank's abortion benefits,082f62fd99b9258ae6a3032073f015a9141df334a34e2c233d7733b5fa09752e
MSFT,2022-04-07,OTHER,1,0.634864,1.0,Leveraging Intel Technology as a Force for Good,b429c14d71e924e7915559e0d6cc3622fa3015fa1f31e03cd04e40d76498f3bc
MSFT,2022-04-08,OTHER,3,0.613152,0.3433536871770785,Meta (FB) Plans to Introduce Virtual Coins to Diversify Income,d2bf638733d634a87e91277bd77ab0c1bc41e2378c9b19096bf8e412b411cf39
MSFT,2022-04-09,OTHER,1,0.629065,0.0,"DeFiChain Adds New dTokens Corresponding to Disney, Intel, MicroStrategy, and iShares MSCI China ETF",e1b935a4dd1c688b50ecb27f45fb24a85ef7ef9db0f4674148b78f2b97cc080c
MSFT,2022-04-10,OTHER,1,0.66704,0.0,Native Advertising Vs Social Media: What Do Audiences Prefer? Outbrain-Savanta Report,c4c28014caf4e8ed9fc99796df0850765f618ca0463b3114c744a3625dda7fc1
MSFT,2022-04-11,M&A,2,0.617312,0.501091020424032,Vnet receives acquisition offer from Chinese investment firms,929795f7af51acc262debc112f234d08fc0522a858aa034bee400cde38c35026
MSFT,2022-04-11,MANAGEMENT,1,0.636629,0.0,ServiceNow CEO Bill McDermott: ‘We’re In A Market Of One’,682ba53ee0a52679033d92187ddd5c28a6313b5f66f62b17e210fa4c11351a51
MSFT,2022-04-11,OTHER,7,0.6899501428571428,0.09649931226914739,Nikon Partners with Microsoft to Produce VR and 3D Video Content,48e9635e04d7601a2c42031af04e9ec68e5dad213051bab75cc116a7ef640f3a
MSFT,2022-04-11,PRODUCT,1,0.622365,1.0,These Black Women Launched An AI-Powered Beauty Tech And Secured Backing From Serena Ventures,c5f0629388fad2e90995d3b4942af056b31a2df5d9a7b776f5a7c6f87e48e97a
MSFT,2022-04-12,M&A,2,0.5907020000000001,0.48048508384938593,Thoma Bravo to buy cybersecurity firm SailPoint in a $6.9 bln deal,4eead574c3cb02d75bae58ff5eb6198ddafb6fdf90c9ebfa076cc3e37d297cfe
MSFT,2022-04-12,OTHER,3,0.622815,-0.34762864306950436,Sungard Availability Services Files for Chapter 11 Bankruptcy,a7c64a8944a80f2705178e882b842aac45606015340d5f72e854a6f2e4316fe6
MSFT,2022-04-12,PRODUCT,1,1.0,1.0,BPCL collaborates with Microsoft to leverage cloud and AI to redefine customer experience,466b9bf5959640f422fe24caccdeaac7995f3d0867b705467d3d550223e7b5f0
MSFT,2022-04-13,EARNINGS,1,0.588756,0.0,5 Tech Stocks to Buy Now According to Robert Pitts’ Steadfast Capital,34c761efc2d995e36e751604f48971e2b85f9c79dcc85b97aa4f1e6599b43eb4
MSFT,2022-04-13,MACRO,1,0.553537,0.0,John Deere's supply chief Wiggins on why flexibility is key,2ed98e0dda269eb7b3ed9c03a795fb0a899b7c4b602142cdd848ed1789288717
MSFT,2022-04-13,OTHER,2,0.677203,0.0,"UK gamers prepare for ‘post-console’ future, finds Amdocs",649686969eebb021d1bed845620c454ddd8d4d806a4734ffae4517a8662832b7
MSFT,2022-04-13,PRODUCT,1,0.613281,0.0,AI used for chip counting at City of Dreams Manila,38df926515396c4277176173a6760c6b0e89d07e01901492dee7f614ab1fc04a
MSFT,2022-04-14,MACRO,1,0.710743,0.0,Wide-Moat Funds Play Defense Well,ee52dc718d151d2adbc555b14fb979f569501e705abd9d627cced9c89bc56827
MSFT,2022-04-14,OTHER,1,1.0,0.0,Microsoft India appoints Amrita Thapar as its CMO,5eacc6c23811b1ce9fc91c5e5764fd4bb1aef4a6b70d2ca9f12f016648bbb17f
MSFT,2022-04-14,PRODUCT,1,1.0,1.0,"BPCL teams up with Microsoft to leverage cloud, AI technologies",865aa5121305e3cc418695cb31ef96c3d52f8fa1d0326ec63ab1abf239531983
MSFT,2022-04-18,ANALYST_RATING,1,0.611703,1.0,Announcing Analyst Experience: SOC Analysts Finally Escape The Shackles Of Bad UX,708bde4a9094c809304a70214c89397dbf54309d5df6d0a6ddd28c9a22e500a5
MSFT,2022-04-18,MACRO,1,0.57864,-1.0,"Worker expectations push employers to address pay compression, survey finds",38949e705211d7520b1326323cb9d95c219a4eb83ed038580fec2722a7b592ed
MSFT,2022-04-18,OTHER,2,0.6546835,0.0,Why the Immense Selling Pressure on the SPY ETF Must End,ceed0f822039a47a549ddf256b3d5dcec7032802a7ff8320f4c484a372ae771c
MSFT,2022-04-18,PRODUCT,1,0.607286,0.0,What is Adobe Experience Cloud? CRM platform overview,b4ef1bc7864faf92be28e43c4045612ea8dfcd334e19ecd4ccfdc1d657283c01
MSFT,2022-04-19,EARNINGS,1,0.647028,1.0,IBM Revenue Up 8% on Continued Momentum in Hybrid Cloud Business,582fada328bf5276b294b354b73c654371ff813b102f55369c291a0208a9fa20
MSFT,2022-04-19,OTHER,3,0.6634876666666667,-0.3592405385078748,LinkedIn was the most exploited brand in phishing attacks last quarter,10a1457e2288a7cd84e1a4983ee9028d1c1f19bee45a54f703b7e8351070b0c6
MSFT,2022-04-19,PRODUCT,2,0.9096095,0.0,Microsoft Launches Operator Connect Accelerator,a80ba102bdcbd26221534d8ab1ae07fea777536b9eb22b19c6196315b86e5f64
MSFT,2022-04-20,EARNINGS,1,0.635335,-1.0,Netflix Loses $54 Billion in Market Cap After Biggest One-Day Stock Drop Ever,33e2e4e9d665eb3b9e239161c53328b48dc570f1e9c475e90bb65431e6f060b7
MSFT,2022-04-20,OTHER,2,0.7840940000000001,-0.39840184977821536,"JPMorgan Chase, Microsoft among growing number of companies turning to neurodiverse workers to help meet need for talent",f4d992e0a97294358330787e85a53d25df5079e7a5302dd3038340dd16af6630
MSFT,2022-04-20,PRODUCT,1,0.603792,0.0,Latest Oracle Exadata servers ascend to the cloud,f9744f9e5918282d78bb78b2d2c5bf5742aa0e192f58c25aa8dfddf1d9b56e9a
MSFT,2022-04-21,EARNINGS,1,0.612015,1.0,Apple Spends Record High on Lobbying Amid Pressure from Congress,1bd7b9bcf96e311cf90204269635951786af6de61f45e82860210255a60c3c75
MSFT,2022-04-21,OTHER,1,0.619359,-1.0,International Business Machines Corp. stock outperforms market on strong trading day,54232aa97952d65bf30f21e422ba4d762e87d6e547faa92a2d4b03e4a433149a
MSFT,2022-04-22,OTHER,4,0.79181,0.49682120710776567,"Lapsus$ Cyberattack Victim List: Globant, Microsoft, Nvidia, Okta, Samsung, T-Mobile -",f331b4ade3200991d96a04e643072e8b535545a99b2abceec448fbd15555a373
MSFT,2022-04-22,PRODUCT,2,0.728574,0.0,ST looks to integrate AzureRTOS with microcontroller IP,9efc0b7a131c87473cec4f00bd3501906aef555d3a587f1ffca7c707243a9639
MSFT,2022-04-25,MACRO,1,0.601021,0.0,Low Volatility Stocks Usually Do Well—But There Are Traps,747d408221330ac78572d12fd2c62003309bfcf5971dc655d8aede90c4316f3f
MSFT,2022-04-25,OTHER,4,0.61287125,0.0,"How LV Vaidyanathan, the Satya Nadella fan, is looking to rewrite P&G India's fortunes",33832f8189ae3cdb8ab9dafcd7bce4f3c79f370a655953d5ad25e0e2bc100ad3
MSFT,2022-04-26,EARNINGS,1,1.0,1.0,"Microsoft (MSFT) Q3 revenue up 18%, earnings beat estimates",fdfd6c2b8c6c22ec76f5b3119481ee0c7d7efd191111517437f35d11647c2316
MSFT,2022-04-26,M&A,1,0.600887,0.0,Crescent Hotels & Resorts Adds Aloft Mountain View to Latitudes Collection,80ffb14dbff49fe5668c3f9f4402cd32f5d3267abe28d6d5fff95a9af507b26c
MSFT,2022-04-26,OTHER,3,0.8474236666666667,0.36444816465278485,"Android Can Now Sync with Windows PCs via Phone Link App, Like Apple Devices",8f9dbc8cfe0fced4c5a0f52c969a79527c84bb4068d8774b64ddd8273dd904d0
MSFT,2022-04-27,EARNINGS,2,0.6215029999999999,0.008302453890005355,"Kraft-Heinz Credits Growth To Core, Conventional Lines and Company’s ‘Consumer Obsession’",c71721d8d8a13d5455e703260517e3388137758fd700727a882fe751d27ac7d7
MSFT,2022-04-27,M&A,1,0.614237,0.0,"Slack is definitely part of Salesforce now, and here’s proof",f72718d0e131b5340807aedf42e76685f57af77a8135bae2c3ab34113bb73a71
MSFT,2022-04-27,MACRO,1,0.844413,0.0,"Why AWS, Microsoft, Google, Visa Are Setting Base In Kenya",125c2e0b4990942fc08609f21b47acbe0d67a8fef153673aca6ea96f1a2b8d06
MSFT,2022-04-28,OTHER,6,0.65731,0.14883844761223777,Advisors Are Powering Portfolios With Thematic ETFs,9c743a28d095fe8b7f4292d13e5b24876168d1d8c2c2b34e331b610c31965c46
MSFT,2022-04-29,EARNINGS,4,0.738572,-0.46620742459773723,Top 10 Growth Stocks by Market Capitalization,a73125830c53d062ff90abc02338f1a61cfd84a34480a956c61daddb93f33af8
MSFT,2022-04-29,MACRO,2,0.80052,0.37540598610902914,Telkom dan Microsoft Perkuat Kemitraan Strategis untuk Akselerasi Digitalisasi Indonesia – Indonesia News Center,bc22a7f2767f773d19832242bdaa5369eb363d7a0127a3539d1955322a1d9abc
MSFT,2022-04-29,MANAGEMENT,1,0.636689,0.0,Nvidia’s CFO on how they retain tech talent —even as the Great Resignation continues,c02e89e5213b9176b1e5e12e26fcc707a2fa583ab691e805e684b29f2cc7d980
MSFT,2022-04-29,OTHER,1,0.630714,-1.0,Is the Proliferation of Cybersecurity Vendors Helping or Hurting Healthcare?,932fc172db2b922b37db27df3c02d7d3b1850535f38eb9e08583eab882d8e788
MSFT,2022-04-30,OTHER,1,0.918033,1.0,Telkom and Microsoft Strengthen Strategic Partnership to Accelerate Indonesia's Digitalization,76d1d8a71ee2244c061ed7f779a997222127b6ba0b3d5cc7e495679072fc9ec6
MSFT,2022-05-01,M&A,1,0.743849,0.0,Covington Nabs Former Linklaters Antitrust Chief,ea4c53916cb943319fb18a27aba2d329bab9519526e4cb47acb279b1fabeea7b
MSFT,2022-05-02,EARNINGS,1,0.623353,0.0,Here’s why TELUS International is a buy right now,ae4639bc0f2ea59002c34f721eab8c45a13f39fe63de1d71cc8dedc0f7312c4d
MSFT,2022-05-02,OTHER,1,1.0,0.0,Microsoft announces general availability of Microsoft Defender for Business designed to boost small and medium business (SMB) security,bfd3f8e1476a749e413b7a098f58b8fb879cf622c292112b6b06bc1b3136874e
MSFT,2022-05-03,MACRO,1,1.0,1.0,Microsoft deepens investment in Canada with the opening of new headquarters and expansion of operations to empower economic growth – Microsoft News Center Canada,d20c345ec4aec9eaeb8df60ad8f2463d2838300c5e5f027118295b8ac1d0267c
MSFT,2022-05-03,OTHER,3,0.6156813333333333,0.0,"How a local biotech company found its hybrid working environment ""groove""",b6a1206d21b01e6232bdef3dd8960600410a5070812739fc063e131e20ee9dd0
MSFT,2022-05-03,PRODUCT,1,0.694574,0.0,13 Companies Offering Quantum Cloud Computing Software Services,dffaf0f6ae46c91f0070511cf5552e3aaa177a588a152f160a18f131524a2da1
MSFT,2022-05-04,OTHER,5,0.7323656,0.0,Microsoft signs 110MW PPA with AES to power California data centers,c7586aa8ec2e2a539c70e5c0daa6ff69a62b5fcde6ec6c83b4b1d09f8839662c
MSFT,2022-05-05,EARNINGS,1,0.621793,-1.0,2022 Selloff Has Left the U.S. Stock Market Undervalued,5587702371963b229e33d658348d8e7829ac5eb6a6711a860b040203919eb493
MSFT,2022-05-05,M&A,1,0.643545,0.0,Brookfield's venture capital arm cuts biggest check yet for Elon Musk's Twitter buyout,f70c1408c1d48f8478d7f1103b2bda42b8bacee7bdbee44d77e179b45d7f8869
MSFT,2022-05-05,OTHER,4,0.7049855,0.0,This World Password Day consider ditching passwords altogether,39d0c9537cf5a31b15bdd2a7bb87bdf209ad1113aec37ac67f0a9a2f56c0fa5c
MSFT,2022-05-06,MACRO,1,0.737748,0.0,7 Charts for Making Sense of These Markets,3e45888c93056a952196bc8400c343a837122c5186fe8a4e6027177ec92010c1
MSFT,2022-05-06,OTHER,2,0.7433075,0.13076216774349783,Kraft Heinz wants to solve its supply chain problems — in the metaverse,82a2c86f0ad70d0f7dfa432793dd8dbd26ea03b0a9bc56cbe32fee29c3c3d41b
MSFT,2022-05-07,MACRO,1,0.574072,1.0,"Holy-Moly Mortgage Rates Hit 5.64%, 10-Year Treasury Yield 3.12%, Long-Term Treasury Bond Fund Gets Massacred",fbf9baeb5848e90abc1b662245a86c8e045ac463e318153a2f210e15e5e8acce
MSFT,2022-05-08,EARNINGS,1,0.626279,1.0,Meta is opening its first store as VR headsets inch closer to mainstream reality,7feabb3ea0b1e4582dfea0a3bb8e0b4e2c363bf5813bc3e7845c4b77cf246edc
MSFT,2022-05-09,EARNINGS,1,0.748261,0.0,"As pandemic videogame boom wanes, merger madness takes over",6480b945fe1cd00ab9dcd55ccb5cbc329ccca2e2bb09b1349574e1e8a619e03b
MSFT,2022-05-09,M&A,1,0.585149,0.0,"Concentrix Announces Acquisition of ServiceSource, a Global B2B Digital Sales Company",093d889e324338ce88e4da8c81682ecca61a77615ba5beeb16ab94717eca5c2b
MSFT,2022-05-09,MACRO,3,0.6272006666666666,0.33212230854346453,15 Top Cities for Machine Learning Engineer Salaries,e1be85bc349167625f7d254f57edf80f60f5e956e26f6d502dc54a05b6d579b8
MSFT,2022-05-09,OTHER,1,0.550736,0.0,"Blackstone Announces Matthew Bromberg, Former COO at Zynga, as Senior Advisor",137be28929506f2909b71feb5d71a85c6a0c43136883fa10cfa1a90c701c33b0
MSFT,2022-05-10,EARNINGS,2,0.614514,-0.5092585360138255,"Salesforce To Take Over Troops.ai For Microsoft Teams, Slack Integration Power",ae244dcc66b8527f8cc226d3d803ad5d909b59770acbd3d964a4b1e5c94d6a3a
MSFT,2022-05-10,MACRO,1,0.608044,0.0,Walmart hires 1st chief economist,db51d71948c4dc10e1abfe9100500380d3d169e593ec5500f22e1c5362a90d13
MSFT,2022-05-10,OTHER,2,0.6435504999999999,0.0,"Qualcomm Advances Development of Smarter and Safer Autonomous Robots for Logistics, Industry 4.0, and Urban Aerial Mobility with Next-Generation 5G and AI Robotics Solutions",05ccfafeae30e8b33f0ed0d75ff177e4f8da4eebb39d79a7536967335c05907f
MSFT,2022-05-10,PRODUCT,1,1.0,1.0,"Microsoft Collaborates with Peel District School Board to launch BuildAbility, a new world in Minecraft: Education Edition focused on accessibility and building inclusive spaces - Peel Board Office Site",1f443c983b690ef21b5c715c5addc4d9be92716f2591c790d9ba4a1580bf443c
MSFT,2022-05-11,EARNINGS,2,0.5916325,-0.05125056517348185,Rackspace CEO’s comments fuel speculation about another sale of tech company,9bd60c2f3595d471e221e8c5831e1bc250fca22b2674bfa43d3b6a55f069af6a
MSFT,2022-05-11,M&A,2,0.6277235000000001,0.0,"Rackspace for sale, looking for privatization",e6e5a0cdb0da3c19feffbfe26c3f73603318921d16189694ebea3ade71c8064f
MSFT,2022-05-11,OTHER,6,0.6240758333333333,-0.3661157631751483,"Slack and Teams are Replacing Business Emails, Report Shows",6a46cb2d63df2efb9978f3ea6788fcb8a8c1d4d01c18212bdb7277a1d173c0b2
MSFT,2022-05-11,PRODUCT,1,0.575178,0.0,Intel Introduces Project Amber for Cloud-to-Edge and On-Premises Trust Assurance,d27bc99ba4ba8067a0d57c73fbd5bb2b23be1cbbcd9e95796939fdad00045d6f
MSFT,2022-05-12,M&A,1,0.610355,1.0,"ConnectWise, N-able, Sophos Owner Thoma Bravo Raises $20B+ for Technology Acquisitions",3f5015edf21371b6f40f6e29415d14338ebb849b1a284358c66935ab65b1bc67
MSFT,2022-05-12,OTHER,1,0.597091,0.0,Z by HP Powers Today’s Professionals to Create without Limitation,34e6492482d1e2aff505e786db40c5ed86294fdc50c113411d6aa109632f1224
MSFT,2022-05-13,MACRO,1,0.562139,0.0,3 Reasons Advisors Are Adding BLKC & SATO to Portfolios,c92451ddef17ee50621bead24d3031af1f889795a2bbbb454638593cf24d2926
MSFT,2022-05-13,OTHER,2,0.6254195,0.5060235569885493,"Oracle Corp. stock rises Friday, still underperforms market",22aabfcd37b69d88d917f7e14faadeace3c403999ed19435474dd9d5d7cad6ff
MSFT,2022-05-13,PRODUCT,1,0.641413,0.0,WD Targets Cloud Challenges,ce12241750c156a036522b2aa08edf56488f2b5d6be55ccd7108b55de8833455
MSFT,2022-05-16,M&A,1,0.63148,0.0,Trump could be paid to post for his own start-up. (Published 2022),3ce910017f9ff534b86a845117a8bd43a8ac329d35bf40abb9677bb2f53c4629
MSFT,2022-05-16,MACRO,1,0.55871,0.0,7 Tips for Conducting Performance Reviews With Remote Employees,dcb30c8a6c690c670e5cffd8797ee1ff933e295d1b1181351b9af9b0e96b03f0
MSFT,2022-05-16,OTHER,5,0.6955237999999999,-0.11031053142969371,Microsoft Channel Chief Rodney Clark To Leave After Over A Year In Role,c95a9638d3f3842d18b5b1d2959b68194d2d08e54b925e15773f41c46c99e431
MSFT,2022-05-16,PRODUCT,2,0.6082449999999999,0.0,Companies (and government) spending big to produce chips,4958ca704cecd81e8526eaa90e8bfbb4286243827d36ac27eb401c3184cca4e3
MSFT,2022-05-17,MACRO,1,1.0,0.0,"Microsoft TechSpark announces expansion to Jackson, Mississippi",149ea590540e325656db9266878cf68799de8dbaeac414e69f97548c3d71e2b0
MSFT,2022-05-17,PRODUCT,1,0.606495,0.0,Microchip Adds Real-Time Security to Its Root of Trust Silicon Tech,493fa8a9f196c2ee3e9da625da316c8be9277f4509c86312f26f541fdc5649d2
MSFT,2022-05-18,MACRO,1,1.0,1.0,Microsoft moves forward with massive corporate campus project in Atlanta,86a5834911fdcb20e65dc52367d9b95888fbcbea6089fff32dad4b97eef5395c
MSFT,2022-05-18,OTHER,6,0.6866271666666667,0.15738381067066237,"With multi-device FIDO credentials, you can now go all-in on passwordless | CXO Revolutionaries",7efade5e4af22597b92df0e50f4aebc2f1cb30e869506d92461d9439b64e6367
MSFT,2022-05-19,ANALYST_RATING,1,0.631762,0.0,A systems analyst in the age of digital transformation,69e2db465dfd22a0e86eec8611c74554c50dd05e2701d821d6b64d190ede15c3
MSFT,2022-05-19,M&A,2,0.679035,0.45585279109324256,Nevada regulators grant investor Barry Diller limited license as MGM board member,7e4118188e898cbd0dbf7a93cd5104c4cc129b312e43bdd8ef26c55b77197511
MSFT,2022-05-19,MACRO,1,0.613351,1.0,Xendit Raises US$300M Series D Funding Co-Led by Coatue and Insight Partners Powering Payments for Startups and SMEs in Fastest-Growing Digital Economy,096c3727954308998a287cb0709e5fd9bc62de3a5037de1fa061e033bf86f5dc
MSFT,2022-05-19,OTHER,2,0.614339,0.5401350068935881,Mobile Gaming Market Size to grow by USD 66.43 billion | 47% of the growth will originate from APAC| Technavio,1960554c1f8449b505ecf56b52b10103fd2f36d2b58dba3e00b35c2a626442ba
MSFT,2022-05-19,PRODUCT,1,0.902083,0.0,American Makes Microsoft Azure Preferred Cloud Provider for Airline Applications,4143d298ddecf681a43037892b49c103d47a775d7dd3c3dc3508a188b14a1ec4
MSFT,2022-05-20,M&A,2,0.629658,-0.4981926696714724,Report: EA Almost Merged With NBC Universal Before Deal With Comcast Dissolved,f98c0ff71114359b25f9cb214be47c30cc19674913715b272eb8d36dddfaf7fb
MSFT,2022-05-20,MACRO,1,0.633319,0.0,"The best places to work in 2022, ranked",4bbd913e0752d0cf4c8ad0a771260aab248e0320d9ffc55a545aa1b8cca44f18
MSFT,2022-05-20,MANAGEMENT,1,0.630427,0.0,Tech Industry Vet Brian Roach to Join Red River as CEO,5d44a812b5fb6e28285fda07c62f3035d84c4b21c48678778c9398c7d43941b0
MSFT,2022-05-20,OTHER,3,0.7241793333333333,-0.27858983364157497,WacoWatch,bd59f7c5553d88957d520773cf3739efd4136bb59fdc3414ff1fc32a187d66fc
MSFT,2022-05-21,OTHER,1,0.82275,1.0,"Digital Marketing Software Market Giants Spending Is Going to Boom | Major Giants IBM, HubSpot, Microsoft",0987595cf7406bb4fdd8115400ffbc7ed7347b00e7b72df0e28053aaa0b35a64
MSFT,2022-05-23,M&A,1,0.642853,0.0,Take-Two completes $12.7B acquisition of mobile games giant Zynga,955eeb331ea23c0e6e1624d35cea206e9b15f6190310df2aa9f7525418271459
MSFT,2022-05-23,MACRO,1,0.602058,0.0,Interxion pauses plans for $300 million expansion in Dublin,eeaafb4a812696b889e50fc8c0e438d3c2bfa76d87ab446787fffe555af607ac
MSFT,2022-05-23,OTHER,4,0.7247955,0.0,Microsoft Technology Center in Zurich officially opened,653434076060672652b4dac491e5b870adf69603582864db3d01b8368f684041
MSFT,2022-05-23,PRODUCT,1,0.611055,0.0,"Trump sues Facebook, Twitter, Google for ‘censorship’, launches his own social media platform",f9762007c23bfd01346ed052a095bd2200ad503bdf0d7382bf11f54a130b3beb
MSFT,2022-05-24,M&A,1,0.601995,1.0,Exclusive: Oracle to win unconditional EU nod for $28.3 billion Cerner deal,d0621fb3577d34b88da2a70abaab0a4c06d58b0252e2ab67108f8d782e875750
MSFT,2022-05-24,OTHER,2,0.7720805,0.0,Beware emailed PDFs containing Word docs exploiting old bugs,8291679d6c1cd4a9bf460e2d2af8f1ec772b88214094cb21946ef4b62c2e8008
MSFT,2022-05-25,EARNINGS,1,0.628297,1.0,Qualcomm CEO sees growth in high-end phones even if economy slows,2e254bc04c63f03088504f491610d5620a4f35b928c3f0d1fa42adeb9381aa04
MSFT,2022-05-25,OTHER,2,0.604035,0.0,Apple's Steve Jobs: An Extraordinary Career,ca831513f27b8edf7843b08c4815aaffc2176389b4aab1c3842171b624352025
MSFT,2022-05-26,EARNINGS,1,0.637818,1.0,Cisco Takes Top Spot In Gartner Supply Chain Top 25 Despite Record Backlog,67e1946ba9bf557dad3fda98ce1de147dac536fbd202454349a4ce7de5783909
MSFT,2022-05-26,M&A,2,0.6085535,0.0,Broadcom to Buy VMware for $61 Billion in Record Chip Deal,21af11b338ff06bcacdbe75ad2f8ba8f695d2da7151a767a41f6cf4d93b80d63
MSFT,2022-05-26,OTHER,3,0.6702113333333334,0.0,Johnson Controls Appoints Rodney Clark as Vice President and Chief Commercial Officer,a155051ff0fc00c1ca90cfda39275fd45fdf39c014f9dfcb02e85fb4eb9d3127
MSFT,2022-05-27,M&A,2,0.6224514999999999,0.0,Broadcom will tame the VMware beast,605af12ffa48e86d1d2ecb643f70529548b601b530e2a4bda46564c4d97ba9a7
MSFT,2022-05-27,OTHER,2,0.679715,0.5284317691973842,The Hanover Insurance Group’s automation CoE ensures successful solutions can scale,edaa417975238e56a5a2d99080116699fd7ee3538fd374a03347a3bf48b5ddb4
MSFT,2022-05-27,PRODUCT,1,0.628619,0.0,Ampere Roadmap Has Four Future Arm Server Chips,a01772ae592fdfd4da015d8a9280e0b92c96d41fce5ace5467600a436853d131
MSFT,2022-05-30,GUIDANCE,1,0.578104,0.0,"Global Data Annotation Tools Market Size, Share Forecast to 2033",b0ec6f74ae5c37daa4c5622230fafc56ad011f83a075feb280dfe4e51f77bd4f
MSFT,2022-05-31,OTHER,4,0.772416,-0.20645286995608586,"Michal Braverman-Blumenstyk appointed as CTO for Microsoft’s new Security, Compliance",d88a69b534ccd13c3f67480c940f89aed487fbe758fc4e6122b9c06671aede15
MSFT,2022-06-01,EARNINGS,1,0.632324,0.0,Short-term profits and long-term consequences — did Jack Welch break capitalism?,b829017ae2cc3d24e2f9bd4a43e0bc31d8b3cc65ed2ba80dec7ad8b94c7c457a
MSFT,2022-06-01,MACRO,1,1.0,1.0,"MyDIGITAL and Microsoft commit to innovation, digital skills, and building economic resilience for Malaysia",7432fe8c14c833dc3c2de67bc89b780952861d6b6048bb72f50c9fd792ed6698
MSFT,2022-06-01,OTHER,5,0.7618145999999999,0.0,Bill Gates on the Next 40 Years in Technology,c1778a04295c8a0f1966f66c6f263e1c35357d77d004cd8447d2dac2807706d6
MSFT,2022-06-02,EARNINGS,1,0.727526,-1.0,"Cloud stocks mount big rally led by UiPath, as investors bet tech valuations have bottomed",bbd03daaaaf7066f9e5e1c78e7d34410335b1d3be070b17518d02b31bdd321ce
MSFT,2022-06-02,M&A,1,0.633969,0.0,ASGN Acquires ServiceNow IT Consulting Partner GlideFast for $350M -,77d2c0026cdc5f444a768138042b0962adfb3f5cbb4535ff58c9cb3186a469cc
MSFT,2022-06-02,MACRO,1,1.0,0.0,Microsoft adopts principles for employee organizing and engagement with labor organizations,385f6f8fdb137814b3d55474a41f97522510cdf45decf0a0b92383cddb986d61
MSFT,2022-06-02,OTHER,2,1.0,0.5,"Accenture, Microsoft and Avanade expand partnership to help organizations tackle their greatest sustainability challenges",cc05f942be5d759a7b5142695c49a7885857a0c3b19683109a2c0bea200e7537
MSFT,2022-06-03,EARNINGS,1,0.58824,0.0,MicroStrategy Incorporated Class A (MSTR),e340fe327c60adf1ffef6ed37cb0050c030bcc6f198c3ec8f1c977230b5d78e6
MSFT,2022-06-03,OTHER,4,0.8183422499999999,0.0,Teresa Carlson returns to Microsoft,820f0427ff8e447874be637e1e133796a9e2ac87b357f88385f6cfb304d2951d
MSFT,2022-06-06,MACRO,1,1.0,1.0,Gen-trepreneur Z is making its mark on the future of small business,1432d3be1a8462cf5a5b7e6b8eb0e89532ed9ac2b791ed0f69de54638f0eb714
MSFT,2022-06-06,OTHER,2,0.6163829999999999,-0.507659198907173,New report points to cyber risks in TVA control systems,ec18a2dc7bb1f109f1197d0847aa0b0e82e29acc7c9ee3b29ea798171cde0b34
MSFT,2022-06-07,EARNINGS,1,1.0,-1.0,Why Has Microsoft Stock Been Falling; Will It Rebound? (NASDAQ:MSFT),af455e4cdb4a55105c9ec8987a4b896808f9fe129f4a30ac370a8e57910f02d6
MSFT,2022-06-07,M&A,2,0.6353759999999999,0.0,Oracle quietly closes $28B deal to buy electronic health records company Cerner,66aec3cf9fddde04b4b60252257becd6d8a091f033d755a6bef2d36c24b0f25c
MSFT,2022-06-07,OTHER,2,0.77247,1.0,DocuSign and Microsoft Deepen Relationship to Accelerate Anywhere Work,5bc77eca0156423b981a0d37edcba73a5970f0fd6ebd7c1d260578665794233a
MSFT,2022-06-07,PRODUCT,1,0.661624,0.0,7 Blue-Chip Stocks to Buy for June 2022,ee15d4d72b49d86d1e95733206e28bdf81c55b6c98c0e833f42357429c15119e
MSFT,2022-06-08,M&A,1,0.638135,0.0,Oracle closes $28B buy of ‘huge growth engine’ Cerner,c6974bca0d249f7b82dde99e92c8c41e14a67f9c7ae3b7c5eda7c67c00832747
MSFT,2022-06-08,OTHER,4,0.73864575,0.21873069736067663,Microsoft announces four new employee workforce initiatives - Microsoft On the Issues,a693df1013a06994ca2995099054c85a1820e93b127f0e66c7eda4f8159f7568
MSFT,2022-06-09,GUIDANCE,1,0.585634,0.0,"10 jobs with the best future outlook for college grads—some pay more than $100,000 per year",53bf778e4aa39d9a1f9907003b5e0280c5129e44260fab3b1beea2b5d48f28bc
MSFT,2022-06-09,MACRO,1,0.653484,-1.0,"Dow dives 800 points, S&P 500 posts worst week since January after inflation hits 40-year high",4e2f565afdc9faabd30238fed7b90cff66c4a578478a4582da8943437dddb154
MSFT,2022-06-09,OTHER,4,0.6584705,0.0,P&G Levels Up Manufacturing With Machine Learning and AI,a038e24fd2968aae855534224637d8d5e21e32809b594adf73fa2b9fc0b3d58f
MSFT,2022-06-09,PRODUCT,1,0.635422,1.0,"HYCU funding to aid multi-cloud data protection, management",9b1e6c520e71ef452501a67aa225792009dd432bdbe6a0526b10227f1edd0fea
MSFT,2022-06-10,OTHER,2,0.678636,0.0,Hack Into Quantum Computing Boom With QQQ,b271495b0b0212b38287ef9941516168aab266a7cbdad4930fbeea69fa35eb38
MSFT,2022-06-12,OTHER,1,0.636352,0.0,Google Agrees to Pay $118 Million to Settle Pay Discrimination Case (Published 2022),7ddcbb327256bd2afdb58fc37e3e9a19199d6bd474e3b1482ac93e9dc99e03ed
MSFT,2022-06-13,MACRO,1,0.619246,1.0,Google Engineer Claims AI System is Sentient; China's Tech Giants Flourish as Crackdown Eases,1b5b69fecd8af875f284284eda8619f8c0c5b1ed1ef62f1a9f3809f415a9ac19
MSFT,2022-06-13,OTHER,1,0.620307,-1.0,Oracle women stumble in pay bias suit while Google cuts a deal,523877e1700ddfdac0c08ba943f1e7d58fec48d8829bd3cfd6ae68aa1ca93c7b
MSFT,2022-06-14,OTHER,3,0.601697,0.35155125143275323,How Jabil’s New HQ Facilitates Collaboration Between Worldwide Teams,f9b6c892ffd052dc9ced946b86c980451cb6201aa96e4567a819ba6b9b6e3987
MSFT,2022-06-14,PRODUCT,1,0.923818,1.0,P&G taps Microsoft for cloud services to boost production efficiency,9b2863460e245d8c21f8540edec4eb1b924c862a70537c7ff5d3df409e9b288a
MSFT,2022-06-15,EARNINGS,1,0.630837,0.0,Leidos Announces 2022 Supplier Innovation & Technology Award Winners,29cc2ee481c5a8afb0b3a8b895b840a771de2700eb47c0a726c938569db3e832
MSFT,2022-06-15,M&A,1,0.616507,0.0,L3Harris in talks to buy Israeli spyware firm NSO - reports,7e49078de14eebade4f0df947975118bf3c81f4aee55afd49e1d8cb31a1f60a3
MSFT,2022-06-15,OTHER,2,0.7623515,0.591138733248377,Procter & Gamble Partners With Microsoft To Transform And Accelerate Digital Manufacturing,1fb9eb8bf725f5e29476876d029dcf8590edc15ecbf383e20275b55bcd657284
MSFT,2022-06-16,M&A,1,0.645971,0.0,"Salesforce Sales Cloud Unlimited Edition adds AI, automation",56fa38f18b9e81fbc87cdbecf9f58909a128641ef3f832e53745fa88845a64ea
MSFT,2022-06-16,OTHER,3,0.755583,0.08609378453459118,Microsoft Targets Salesforce Clients With New Tools to Aid Sales Reps,a1ca82e8f0fe7fb4e6b4577acf4752e3ae96eb17344fef0abf4198cd379cde69
MSFT,2022-06-17,M&A,1,0.608619,-1.0,Broadcom's acquire-and-axe history concerns VMware users,c7264c4261ac0e647154770518f666e1aa20d643a801fa1f801f9f5fe88563b9
MSFT,2022-06-17,MACRO,1,0.638881,0.0,Is Juneteenth being observed by companies in the Dow industrials? Here's how some are handling it.,b8a45190a42a46399ad9a9366d56024d50279ff05809162f2e86b9fcffe6cf02
MSFT,2022-06-17,OTHER,1,0.557114,0.0,Native Advertising Examples: 17 of the Best and Most Inspiring Native Ads,e642b25ddeb89a4746107c9ff67cae192c1be7857c0b801c9c68043109a0658b
MSFT,2022-06-20,EARNINGS,1,0.698508,0.0,Why ESG is Becoming a Bigger Deal for Investors,53999e438f1b263ed3ee176ff458d42c8833d0159b0f7e4f025dee349d3ff730
MSFT,2022-06-20,OTHER,3,0.737912,0.0,"The Hong Kong Management Association and Microsoft Hong Kong Showcase Technology Excellence, Innovation and Resilience – Microsoft News Center Hong Kong",b740ad6323e014c02d37f621c04ba6bb5f6419e02fc4ffefa2b06b39550fa974
MSFT,2022-06-21,MANAGEMENT,1,0.615191,0.0,First Watch Adds Bumble Executive Stephanie Lilak to Board of Directors,d082647129150f400372a0e7339567a400e33f7ea0c90a4221e59cdc8bfff35f
MSFT,2022-06-21,OTHER,3,0.947165,-0.3210088351378412,Microsoft Office 365 has ability to ‘spy’ on workers,e9613d6fd686aa19bebdba37f64b52eb2cecdb5cb51c2876c7839beab803de67
MSFT,2022-06-21,PRODUCT,1,0.641772,0.0,Oracle introduces lower-cost version of its full on-premises cloud stack,0973647345ee70b081e3d3d1ef3b7a031d3f01ab7fe1cf01b2c34943958b4842
MSFT,2022-06-22,MACRO,1,0.61415,0.0,Tech companies still scooping up office space and Vancouver’s feeling the squeeze,d7bb57614d10bd18f8f0cbf96c69c2f55d864b6b6f7a617c3bed9e9517273dc0
MSFT,2022-06-22,OTHER,2,0.593143,0.46389150676986834,MinIO extends Snowflake analysis to any data location,821086b12dd1e8b823b50a97e2558d187f0698dd5a9bef6e1a4b55f3f8d119a3
MSFT,2022-06-22,PRODUCT,1,0.931212,1.0,Cloudflare recognized by Microsoft as a Security Software Innovator,27ec3127dd7dad0bccd9407f1b0b04fc0bafa1034db3e29cde6259f76d284202
MSFT,2022-06-23,OTHER,3,0.7725676666666667,-0.39598688874286314,Microsoft Viva Sales takes on Salesforce-Slack tandem,212b79a329c1c19d681953176fcc48a6234c711076dbbb5ad19bf3472da77926
MSFT,2022-06-23,PRODUCT,1,0.906308,0.0,BWT Alpine F1 Team turns big data into faster track times with data science platform built on Azure and Azure NetApp Files,1238e4a83a2d1b905707b919cd501fb6196ecbc07680b328858700a99032281c
MSFT,2022-06-24,MACRO,1,0.702053,0.0,Roe v. Wade overturned: Here are companies paying for abortion travel costs for employees,70fe2a0e4df53febee7fae49ada5ae1637e258ceb0143b1110e761b0c1192257
MSFT,2022-06-25,OTHER,1,0.583082,0.0,"Disney, other U.S. companies offer abortion travel benefit after Roe decision",9d5aef9758a13e4f1dcfa9ec2f8034029f208c1c4b74a628efe80ac01311d0b8
MSFT,2022-06-27,OTHER,5,0.7174474,0.2351442070875161,Five9 Integration with Microsoft Teams Review,9e0c9d49d61742f1317614db927f96609d0d6c830c0d50cb15230834862ad93e
MSFT,2022-06-28,M&A,2,0.6659075,0.0,News | KKR in Talks To Buy Microsoft-Occupied Office Buildings in Atlanta,31a362b49f8b7b904e719838038934f074162236610b479657de24f576c782d4
MSFT,2022-06-28,OTHER,5,0.7396898000000001,0.0,FabricScape: Escaping Service Fabric and Taking Over the Cluster,95aaa21718d756635d5e95e015f2c6f7ab0f33d01f9dc8ec9d3bc812df9288d0
MSFT,2022-06-29,EARNINGS,1,0.612108,-1.0,"|‘Sokaiya’ gone, but scandals continue at listed companies",a3dfecd38e0911204c1011766e4672a41028c83a5f2fb17ce5d5c97edd191b0f
MSFT,2022-06-29,MANAGEMENT,1,0.928728,0.0,Watch: When Microsoft CEO Steve Ballmer laughed at iPhone,4038c20073e611533ea04af8ef2fa7faa9379f784746e4214ac3791f0224c768
MSFT,2022-06-29,OTHER,4,0.721696,0.4554597780783044,Announcing the 2022 Microsoft US Award Winners,e277e00cd007d004af27daccdbd38ff140c544c1ada73f23d3344d537fed248a
MSFT,2022-06-29,PRODUCT,1,0.63431,0.0,HPE Is The First Big OEM To Adopt Ampere Computing Arm Chips,0f5a5e89d276359c7e97afae1d6253b77e2e09bed391f7fe2b03c1f90b3d7452
MSFT,2022-06-30,EARNINGS,1,0.583735,0.0,Discord IPO: Everything to know about Discord,3481dc7d89d4b22196d1966d3aca8495903481c9393203ea0fa6c050c51111e8
MSFT,2022-06-30,OTHER,3,0.5968833333333333,0.0,"BP, Shell To Pay Employee Travel Costs After Abortion Ruling",28b2a1353261824a9577fc4d8e932562732fe1275ac978de0fe028e48e74d50b
MSFT,2022-06-30,PRODUCT,1,0.603563,0.0,Cloudera embraces Apache Iceberg as cloud data lake evolves,8211ac8598f8c636df9057cefe8146111f4b4b3759901c7093dc7a40170b22bd
MSFT,2026-08-14,EARNINGS,3,0.9158406666666666,0.6938495851898547,IREN Jumps 10% as Microsoft Accepts First AI Data Center Under $9.7 Billion Deal,2222f830f253d24f2e61dd492e70e0bbd4626749e938cfb50e8a4952a5182749
MSFT,2026-08-14,PRODUCT,1,0.736827,0.0,New types of cloud services bring the cloud to you,fe6a4d310865f6eba00a1f486b7619045928908ba93fce3392b087b76c958cef
MSFT,2026-08-15,EARNINGS,5,0.9289685999999999,0.0349594162816698,Microsoft Corporation $MSFT Holdings Trimmed by Bank of America Corp DE,08a60d7c5ef7c5c00d29e639db7fecf882814e39d9031fea541cf3306067fa17
MSFT,2026-08-15,OTHER,2,0.8171355,0.0,Robert Karr's Second Quarter 2026 Move: Exiting Wix.com Ltd at a -6.67% Portfolio Impact,9f5693969e629f5ee4bbd36fd0ce4121644dc1bcadd7011093e7ef908dcd255d
MSFT,2026-08-16,EARNINGS,9,0.9650086666666667,0.11514001371087282,Microsoft Corporation $MSFT is Segall Bryant & Hamill LLC's 5th Largest Position,50f76f91fc491c9cc33a71b4cf9bc2ba2c2d31da0d825821e772c91640db2dd0
MSFT,2026-08-16,OTHER,1,0.711811,0.0,OAIW ETF Holdings List — AMEX:OAIW,acc0d76ec225bb8e3e70a8b8963d599d40d5cc175dfd04a47539021326e58fd2
MSFT,2026-08-17,EARNINGS,8,0.9403645,0.12549681533065105,Can Microsoft Stock Benefit From Expanding Microsoft 365 Seats?,19892da7e4747b024a5c7ce2ea57bc9bcb34cf9366bd2fc2c4c6d6951d94a4f9
MSFT,2026-08-17,GUIDANCE,1,0.97595,-1.0,"Stock Forecast – Tesla, Microsoft, and Super Micro Eye Pullbacks for Dip-Buying Setups",c351dcbb332185438a3eb9d2b4e2b06ba3fdcce56401487d60c9f2942cae0b95
MSFT,2026-08-17,MACRO,1,0.927241,0.0,Morgan Stanley sees AI financing as defining summer 2026 By Investing.com,eede148bf341c447e45702eb471f549154d351b57e6e39a174c48232d85deae6
MSFT,2026-08-17,OTHER,7,0.7529071428571428,0.13136167427210718,From modernization to AI: Why Gartner named Microsoft a Leader in 2026,f058a9b22032d846dd0b6e52eb45e06a056fd01929633a85e7e887cd248ea780
MSFT,2026-08-17,PRODUCT,2,0.776009,-0.528395289229893,"Azure Breach Campaign Claims McDonald's, Vodafone as Victims",f9067bb657b1691f2d769858587624f5b276ec6f4c8b0b4fb8d57a7b6709df5b
MSFT,2026-08-18,EARNINGS,8,0.929209375,0.0,In-Depth Analysis: Microsoft Versus Competitors In Software Industry,e6a67e59022fa1cd1cf410931dbfeb6135ea81f46bda9c2e9ed24c1cd1be7bd5
MSFT,2026-08-18,M&A,1,0.925115,0.0,"Microsoft, Salesforce eye Darwinbox buyout ahead of its planned IPO",94e79343d8b4706deacb3f0453bc987a0d924498006cc7f0ec2d9f300890e4eb
MSFT,2026-08-18,MACRO,2,1.0,0.0,"Beijing Fast-Tracks Windows Removal From Government Systems, Adding Fresh Pressure On Microsoft (NASDAQ: MSFT)",1e28dfd49a13102602b340cc096915d2d75e4d34d68dfe5567a72b6addd3e6fc
MSFT,2026-08-18,OTHER,4,0.92255875,0.25684055351488455,William Blair Maintains Microsoft(MSFT.US) With Buy Rating,a16c60dba4821ecffa55d0374ab89cf1c1998557f616ae20b7c48da33090247b
MSFT,2026-08-18,PRODUCT,1,0.82637,1.0,Commvault expands Cloud Rewind to cover more Azure resources,9d14e20d523c20bd645cf074395908f02161ff0ba3dac34a4a66dbd09a23aa66
MSFT,2026-08-19,EARNINGS,14,0.8672255,0.060442674450219204,Microsoft Corporation $MSFT Stock Holdings Lessened by BSN CAPITAL PARTNERS Ltd,5395b94b8ccf07666ff544837dbb0c95f85d6f2d302a2e4a0e5850bc96783207
MSFT,2026-08-19,OTHER,7,0.8925668571428572,0.24847726492837352,Whitepaper: CoreView on Microsoft 365 Security,5c61ba83e3f3015ea886b345318604d143407d99649bf361572a7aa712793c5b
MSFT,2026-08-20,EARNINGS,6,0.9557338333333334,0.12806965258632852,Cooper Investors PTY Ltd. Has $1.34 Million Stake in Microsoft Corporation $MSFT,6489423528555ba2aa85a20bd819c6a573e42a8fd23bbf868c23a73dedaf7496
MSFT,2026-08-20,OTHER,4,0.961303,0.0,Meta Has Quietly Become One of Microsoft’s Largest AI Customers,f3c96f7e23154fc53a4277c1f9d7437e9f3730995ef3603e9e7d60a6b1d744c8
MSFT,2026-08-20,PRODUCT,1,0.905374,0.0,Meta Is Spending Hundreds of Millions on Microsoft Azure. What It Means for META and MSFT,14ad7116ab32248997f3bbc1e22b5d1b8c3587091dfb52050fcd333559e58d0e
MSFT,2026-08-21,EARNINGS,6,0.9369323333333334,0.1778854894181259,Microsoft vs. Nvidia: Which AI Giant Is More Likely to Double Your Money?,c8298f11875d4a2e97736aa2609caa4a37ddaf4dde45b4a3c1659a03c9788009
MSFT,2026-08-21,GUIDANCE,1,1.0,1.0,Moody's affirms Microsoft (MSFT) at AAA; Outlook stable,d2ddeb2f8b4fd01c08b23b6a66002d81dfd0297163b83574f48369a343d0c52c
MSFT,2026-08-21,MACRO,1,0.811072,0.0,"David J. Taylor from Ohio’s 2nd district buys Alphabet Inc and Procter & Gamble stocks, sells Microsoft",b0c3c6f0d520796ed3d7f598f242a456d78fc9996cd93c68b60b13393d1b699d
MSFT,2026-08-21,OTHER,10,0.8873004,-0.4785971019510416,"One year after protest, organizers say Microsoft still needs to cut ties with Israeli military",b3c730d679c3d021d90dd5fd15bcba951b1db6696d3af992ff3bff2aa4c206ad
MSFT,2026-08-22,EARNINGS,5,0.8040765999999999,-0.17429807060670588,Microsoft Has Something Nvidia Doesn’t and Here’s Why it Matters,4cbca5ccc6b3c5992d5b6d3507c18fe90809f157df5d26044a84c28b546ce995
MSFT,2026-08-22,LEGAL,1,0.731001,-1.0,NY Court Approves Take-Two Subpoenas Microsoft and Discord Over GTA 6 Leaks,b782eda58805e34c315c6da42c2dd5c3df58870345e70a278ac6340730bbbc56
MSFT,2026-08-22,MACRO,1,0.939998,0.0,"Alphabet, Meta, and Microsoft Are Hiding $3 Trillion in Debt On the AI Boom's Hidden Ledger",a642af3d5a073beabe2bf5f543da725ad05d9b247a239a7a98642612a6fecdea
MSFT,2026-08-23,EARNINGS,3,0.8240316666666666,0.6020456333595594,Jim Cramer Was Left Impressed By Microsoft Corporation (NASDAQ:MSFT)’s Conference Call,5e571dbf73bcac0cfc8fdc97b6813fbdf6f7b5296364686707ecde8b4b31ef9d
MSFT,2026-08-23,LEGAL,1,1.0,0.0,MSFT Investors Have Opportunity to Lead Microsoft Corporation Securities Fraud Lawsuit,36b847e0f2a400402aa21b7102cc2931c7f751cf62f16ea4bf5c836288990725
MSFT,2026-08-23,OTHER,3,0.821631,0.0,"Microsoft Windows 11 App Pushes Bing as Default Search in Chrome, Firefox and Brave",efdd03ea15612ce29b27b3133ebf44029a8f9fab870dd9879b27643a53ab0412
MSFT,2026-08-24,EARNINGS,7,0.8202725714285714,0.14260190166752934,Weekly Recap: Microsoft (MSFT) cloud growth and China Windows 10 phase-out,f3de57903f3c555e644c0931ec939b9d95ab8af60ae266ab08242f6e97b976f2
MSFT,2026-08-24,M&A,1,0.725898,0.0,"ePlus Acquires Daymark Solutions Assets, Expanding Microsoft and New England Capabilities",72b4c072a79978c98508436b1f791c9bd13c799d918e4d128f536c67038c8855
MSFT,2026-08-24,OTHER,8,0.89344875,-0.3450719753091601,Microsoft Teams now lets admins block external bots from meetings,9ebb11aa2dd77a4d74c6aa43715217d59d09ff0a1662e02deb0ba56c5ecaa200
MSFT,2026-08-24,PRODUCT,1,1.0,1.0,Microsoft (NASDAQ:MSFT) Steadies Markets As Cloud And AI Demand Stay Hot,bec5229d380ef3ef60b8163bbe05dc94736af43a304789ff5027e37a44dcf664
MSFT,2026-08-25,EARNINGS,1,0.728668,0.0,Asymmetry Is The Reason I Will Not Stop Buying Oracle,a6f40a06ccafc4a1053d20d19a4a3c0dfdf4fbe2ba0a1806551a1c8927eb133e
MSFT,2026-08-25,M&A,1,0.721876,0.0,"ePlus Acquires Daymark Solutions Assets, Microsoft Expertise",3e4f13455ed75c1a931b8228493f8e13122ed297b0a63db891b578e96ab00b8e
MSFT,2026-08-25,MACRO,3,1.0,0.3333333333333333,"Jake: Corporate tax breaks grow the infrastructure, ‘which is good for everybody’",838c9614524b899d2163823fd543fc6c8efddb88417ac661a8e692f9032ae20e
MSFT,2026-08-25,OTHER,10,0.9088969,-0.07945851724216464,Aker Solutions partners with Microsoft to accelerate carbon capture and removal projects,d6b1091059a0b075d1b24e6a4a9e049627ea4d8bb1fe73aa1f6d54b32623c27d
MSFT,2026-08-26,EARNINGS,4,0.912481,-0.5327447913983963,"Moonshot mulls revenue-sharing deals with Microsoft, Amazon, Google over Kimi K3 AI model: report",7a737a8806987894c0c8764224506f240005fe387df41d7789965fd0d0f6c50e
MSFT,2026-08-26,OTHER,6,0.9238468333333333,-0.3307436784705113,"Microsoft warns patch window is collapsing, urges shift to network-level containment",7b1a0c13e9fdfc50b07b756b463e7aa83f73ff50c0e77d8173656e115cd9f295
MSFT,2026-08-27,EARNINGS,1,0.716917,0.0,"When Dan Ives Names the Next AI Winners, Does His Own Fund Already Own Them?",b469c16d5216012653432729ed97d1df25f1a83b6a9569c3ea1323886f2dbf86
MSFT,2026-08-28,EARNINGS,1,1.0,0.0,Microsoft (MSFT) Just Flashed Golden Cross Signal: Do You Buy?,ae365b7496798f5e0158716e23695709599499598145545ad0e424be9a0c621e
MSFT,2026-08-28,OTHER,2,0.8419209999999999,0.5217288795504567,ChronoScale Holdings and Microsoft Extend AI Compute Partnership to Three Years,abfdf7b84edd09b877ee8e091f451f373a36045dcab835933d8b17031657ec7b
MSFT,2026-08-28,PRODUCT,1,0.743324,0.0,Nvidia-Backed Lambda Inks $1 Billion Private Debt for Chip Deal,b48a2a899b827de68378c20557862be5a46d9ef07b47d369051c2f2baaeca3de
MSFT,2026-08-28,REGULATORY,1,1.0,0.0,"Wisconsin regulators, Microsoft question utility plan for data center transmission costs",df41f3a48c8cfe69994f96b43f09a98b12611c4772de8a8b021406e89386d5b9
MSFT,2026-08-29,EARNINGS,2,1.0,0.5,Why Is Microsoft (MSFT) Up 12% Since Last Earnings Report?,90b9353e32941ca4d766ab024489392f38b7a8b470f80b68b55d44d2ed7cb206
MSFT,2026-08-29,OTHER,2,1.0,-0.5,How Microsoft Corporation (MSFT) Affects Rotational Strategy Timing,44f839d8b6be4fbb9c288f62d4376d14b17d0d3915b2b97f6d700ec134e61ce1
MSFT,2026-08-30,OTHER,1,1.0,0.0,"Microsoft Security Chief Taesoo Kim: ""AI Advancement Shifts the Game in Favor of Defense Over Cyberattacks""",5d1bdb2044969b0e3dc134338b370aa21427bb09a65c196f5ee95a53a3c584ab
MSFT,2026-08-31,EARNINGS,1,0.706388,0.0,Susquehanna International Group LLP Takes $1.50 Million Position in Atlanticus Holdings Corporation $ATLC,b4c20e93862cb793df598fa3231507b53d480664b85e6294d7b07bd6ba1c98af
MSFT,2026-08-31,OTHER,2,0.8658410000000001,0.4225267687716336,Scaling expertise with Microsoft Foundry,3c2365b38403a9a34cf0038a3900dd7a228abb5734cf45d9075e194d203e066f
MSFT,2026-09-01,EARNINGS,8,0.879227875,0.1386920029122143,"BofA Adjusts Price Target on Microsoft to $600 From $500, Keeps Buy Rating",987899d33d7277139bf07fadefa8dc083e024c4d7320d27b5df1a67aa356253e
MSFT,2026-09-01,MACRO,3,0.893774,-1.0,"Microsoft, Apple and Oracle Face Rising Rate Pressure",5d790c4c2660a1fb9e58390b7d17a781f7d9a7d959e014c046602a474a096955
MSFT,2026-09-01,OTHER,5,0.9821984,-0.011453490455696113,"Microsoft Followed Law in Gaza Protest Firings, NLRB Lawyers Say",b9e6bd9d76a75d0185a7adc48b0298259710101abcbe1466fa72d43665f5eedb
MSFT,2026-09-01,PRODUCT,1,0.922775,0.0,Microsoft and AWS build the multicloud bridge they said customers barely needed,3d435cea70079c43463a804c06b7468c3781c001d51c0db7c9783478f6c8c5c3
MSFT,2026-09-02,EARNINGS,7,0.9956504285714286,0.13911265184438656,"Microsoft CEO Satya Nadella Discloses 178,622 Shares Vesting and Tax Withholding in Form 4 Filing",76d44f301a403c3bd2b9e90b0eacce6f57ded4f27daaf41d7fd5ef5601702971
MSFT,2026-09-02,GUIDANCE,2,1.0,-0.5,Microsoft update disarms Outlook and Teams on Arm PCs,01d0784a6c94b1ff6a6ab546b4978710ece0191354175ec1f975efa8f30ced5b
MSFT,2026-09-02,LEGAL,1,1.0,0.0,Microsoft's Edge Remains Exempt From Gatekeeper Designation in European Court Ruling,569f61e18015bac0d05cddf83b5e9e0e36e810a4d87097d848709bfc7c1d8aaf
MSFT,2026-09-02,PRODUCT,1,1.0,0.0,Is Microsoft Stock Winning The Move To The Cloud Or Just The AI Boom?,bc0103c6f7b536d7de03bc5be633ba0ca96c2aad80be82288ef102a89e3f4ff5
MSFT,2026-09-03,EARNINGS,4,0.998441,-0.2503903585690091,KeyBanc reiterates Microsoft stock Overweight on cleaner Azure disclosure,2398cff999e9bd1ba43eee32569a20038530f732d0d97f84e68ab096af8f1c1b
MSFT,2026-09-03,MACRO,1,0.988847,0.0,SCOOP: Microsoft backs Water Cost Accountability Act in win for Energy and Commerce Republicans,82aa413e4a61cfda72f08b497d4b0ce1a389a8eb0116310dffc6ef8b7e55ab46
MSFT,2026-09-03,OTHER,6,0.9442393333333333,0.529526765459887,Euromonitor agrees integration with Microsoft 365 Copilot,985776278e65c0204982b7b31870fc5a394f5e85679dd8c1ab5465412d864bb7
MSFT,2026-09-03,PRODUCT,1,1.0,0.0,Enterprise AI transformation relies on the end-to-end platform: Azure was built for this moment,7b2a298e3c35ad1f5a22fa39979503baa619aec207351fac71fad10cf026e3b5
MSFT,2026-09-04,ANALYST_RATING,1,1.0,0.0,"Stifel Adjusts Price Target on Microsoft to $530 From $450, Keeps Hold Rating",5e5cbd152d0207e319521dd5eee34caf4daa79bd18c05a85021978d54bcec5a4
MSFT,2026-09-04,EARNINGS,2,1.0,0.5,Microsoft Stock Gets Jaw-Dropping Price Target Hike From Stifel,62bc7df3b6e48f9e8d6e77ef4a88b8977618f4a7e9db98f3fccc4fcca1fc288e
MSFT,2026-09-04,OTHER,1,0.710817,0.0,Crossware And Ingram Micro Expand Availability Of Crossware Email Signature For Microsoft 365 Through Ingram Micro Xvantage Platform As Part Of Microsoft Marketplace Private Offers,b50d2aa47f8996267132bd5215fa0ee390618c01027699c082dc3faaed0b3b9e
MSFT,2026-09-04,PRODUCT,1,0.721719,0.0,Azure IAM Launches Automated MIM to SailPoint IdentityIQ Migration Service,d11b14df2bd5b5f900049ba0273dff3ddd670e7cf46181b11f3730a5735d93f7
MSFT,2026-09-05,MACRO,2,0.9013555,-0.4452799145287292,City of Atlanta will mark Microsoft land donation with community event on Sept. 12,4a16d8c660286adce38e0d4eebd22cac21aed2d37da5e3457fc092ffeb63b767
MSFT,2026-09-05,OTHER,2,0.9726295,0.0,Satya Nadella Sold $43 Million of Microsoft Under a Trading Plan. Is the Insider Signal Really Bearish?,3abe6167280438b009ba8a8d3686e21199ce01df3381ea204d8eea2117978158
MSFT,2026-09-06,OTHER,1,0.974882,-1.0,Seattle Times and Newsday sue OpenAI and Microsoft for infringement,f7be55ea275aecf3f44e01d13c4951e2b9df177eafcec375b36a624c84037faf
NVDA,2022-01-04,OTHER,1,0.72382,0.0,An Under the Radar High Quality ETF,f614f204568760770dfbe4c9c14a9f1b42a54f806fb94af4d50f3c334731b105
NVDA,2022-01-04,PRODUCT,1,0.643989,0.0,AMD Presents Latest High-Performance Computing Technologies in 2022 Product Premiere Livestream,ca0e927d8aaf76da67bd73511f2071ee1b6fe8f2d0ae5bddb4f38b7f46df9cd9
NVDA,2022-01-05,M&A,1,0.609239,0.0,Qualcomm unveils ‘digital chassis’ tech at CES as it diversifies beyond smartphones,3c74cef4b2034d3162e297c63d36bb9bf46e2929d7ea29dc311ca3dcb74c8f9a
NVDA,2022-01-05,OTHER,2,0.6167805,0.0,"CORSAIR ONE i300 Compact PC Announced, powered by Intel Alder Lake, DDR5, RTX 3080 with a starting price of $3999.99 US",1e12c3986a5a62b811ed45408b3e8d9ca4b0db95c2f1bcceece594348e7f4702
NVDA,2022-01-06,M&A,1,0.6221,0.0,GM will use Qualcomm chips in upcoming Ultra Cruise driver assistance system,40f4b44ba93b248901235aed0bf262126b264fd49e000bae8435b52f39dde931
NVDA,2022-01-06,OTHER,2,0.8587184999999999,0.0,Nvidia’s Omniverse ‘metaverse for engineers’ emerges from beta,50efb199884eed16e725a3fef52d81674735d83f635d1bbd46f1fe144c74ccc8
NVDA,2022-01-06,PRODUCT,1,0.71771,0.0,"HP OMEN reveals products for 2022, including the unique cooling device, the OMEN Cryo Chamber",0eca732a3758e5350a18a3b2e798d8c9362c9ec9598a9baa284ad57569717a02
NVDA,2022-01-07,OTHER,3,0.6138033333333334,0.3173073894461309,JVAL Stock Price | JPMorgan U.S. Value Factor ETF,f57326f02a66661658db482c419dd34a7c4154e35c7e6a2ba1826d34bb123a8d
NVDA,2022-01-10,M&A,2,1.0,0.0,Nvidia buys high-performance computing cluster management software provider Bright Computing,d5e53c404bb340334cba255c188e74702fe5418a25dad2d8b49f18a1c1f6474a
NVDA,2022-01-10,OTHER,1,0.852131,0.0,AI Startup Speeds Up Derivative Models for Bank of Montreal,10c0bedc933f91d0fa15e5a1274735368ad81405d24e1d38015cb33842d094f2
NVDA,2022-01-11,EARNINGS,1,0.705331,1.0,Stellar December gives TSMC record year,c6b5b79aa8404547bdd5ec207cfd2977c6230e1df12d7a5855ff0b1aa55c4652
NVDA,2022-01-11,OTHER,3,0.7680103333333334,0.4340219380728818,NVIDIA Named America’s Best Place to Work on Latest Glassdoor List,25da67f1bd10f543dca385abe0a91bd6dd8e06c3ddf50e0a50ba7fd1bc8456b0
NVDA,2022-01-12,OTHER,1,1.0,0.0,Get started on your AI learning today – NVIDIA Jetson Introduction and Application Sharing,01c747747ecc268208af4d6111921277df8025973de954da31a6c78e80000708
NVDA,2022-01-13,OTHER,1,0.615807,0.0,投资指南：2022年的5只精选区块链ETF,ee9f6303b3244b1c0f8cefcb10e48e02ba1a226cdbc4069e096f2256fe4ff260
NVDA,2022-01-14,EARNINGS,2,0.7837529999999999,0.0,"These 3 ETFs let you play the hot semiconductor sector, where Nvidia, Micron, AMD and others are growing sales rapidly",e9530c0525195b8fd2fb203ff42a6593a04c3714139b7d117bcfa68269be9e61
NVDA,2022-01-14,OTHER,2,0.6103055,0.505917118557837,Serve Robotics achieves autonomous robo-delivery milestone,6d4a47b51b57514df44d07368f0fe6ce0268b8ee853c3225c95e20c8b924f985
NVDA,2022-01-18,M&A,2,1.0,1.0,Nvidia expands Israel R&D operations,0f815141034c0f7141d4eeb3103f02b11ba44fee70c1d2c7bbdfa05ed9e3de66
NVDA,2022-01-19,OTHER,1,0.945014,1.0,Israeli quantum cryptographic solutions provider QuantLR integrates with NVIDIA,4dfb90454d81a5f12ed2bb47c8a121f68093550ab09f048e6a5b806fd2b06465
NVDA,2022-01-20,OTHER,3,0.8905333333333333,0.6333317113340321,"Van, Go: Pony.ai Unveils Next-Gen Robotaxi Fleet Built on NVIDIA DRIVE Orin",264bec18647b9bd559cccb2b444e38b80559e052a85ed6bb795e24cd927a4773
NVDA,2022-01-20,PRODUCT,1,0.839845,0.0,Serve Robotics Launches First Level 4 Self-Driving Delivery Robots,b5a1e909b3a652e80396d97bad99c6d0d95b45991be51f5e4f49779ec68bd719
NVDA,2022-01-21,OTHER,1,0.926218,0.0,Nvidia powers latest Pony.ai autonomous car platform,2aa3138ea718442ec1b08ff4b2705936a9721cde49bdb492433537cf6b5f35b4
NVDA,2022-01-21,PRODUCT,3,0.6334333333333334,0.3389175393358943,Intel investing $20 billion to bring chip manufacturing to Ohio amid global shortage,8672eb0d13e66dc88c23d24f7efb2cb35829741c26ac6afd6a651c467f419c62
NVDA,2022-01-24,OTHER,1,0.707492,1.0,CES 2022 Recap: Tech Becoming More Accessible and Interoperable,d99348da33ee7158360828aa9a160ebf7ee52f1a68f5991147f80397a1d7b723
NVDA,2022-01-24,PRODUCT,1,0.610735,0.0,Low-power AI computer chip startup Ceremorphic exits stealth with $50M funding,1a32a049db914f854c62513c7457bf87d0b9b98cd4cb6f84334ffa1f21fbbf8a
NVDA,2022-01-25,M&A,1,1.0,-1.0,Is chip giant Nvidia going to scrap its $40BN bid for Arm?,8dcc04c272114abaa048438fc50fe93ca450aa7666cb859998cfdd320961503f
NVDA,2022-01-25,OTHER,1,0.599254,0.0,What a Bristol-Myers project to monitor off-label prescribing says about future uses of A.I.,ff9f7f2fff6a97f2a0699ff287b9165f54f40e16cf2ce6e284d7d9c858a11bcd
NVDA,2022-01-27,EARNINGS,2,0.8228545,0.0,NVIDIA Corp: the red flags for this stock investors need to know about,056c3ea52a76d4c9ad78389954b3f78442b865ce4fccf575c5df1894aaf09cee
NVDA,2022-01-27,OTHER,2,0.93325,0.4642378783819984,"Nearly 80 Percent of Financial Firms Use AI to Improve Services, Reduce Fraud",06fdd54042f39dd6aae7f30de46a82645f00766cbd3ee45edb3f9185ed4d49f7
NVDA,2022-01-28,EARNINGS,1,0.574512,0.0,"Chip shortage to last six months, one year or 18 months-- depending on who’s talking",6d6301c51dba27b8294d90bfe85541f60c47489d732bc87f5c0463eb16808190
NVDA,2022-01-28,OTHER,1,0.72327,0.0,Corsair One i300 Review: Power Packed In,12cc2f7015a2a2e846d945641e76d922ad5f4f694384e592aa3a5dc73d2efb46
NVDA,2022-02-01,EARNINGS,1,0.61422,0.0,TSMC: Can anything stop Taiwan's chipmaking giant?,1f2a507694b5579422ff8256c70704f4957e8be973a3e4b0bb2a087c92b901b6
NVDA,2022-02-02,EARNINGS,1,0.945241,1.0,AMD's stellar report fuels chip stock rally,baf0f200d159b4b0e9e8b261c5fb8f153437555543230493bbd1bb6c174b2eb1
NVDA,2022-02-03,EARNINGS,1,0.810423,-1.0,Metaverse stocks Nvidia and Roblox fall as Facebook parent Meta's Web3 business reports massive loss,59a0d27581b4dbefda330a09a65d9b5dff3a4616cd3cc98ee323db429e91371b
NVDA,2022-02-04,PRODUCT,2,0.6242225,1.0,"Chip Startup Ceremorphic Seeks AI, HPC Edge With New 5nm Design",14b108899d31ca7b2dceff35cd715dcf6409f754cd8d49d7b964c5b70b10bd52
NVDA,2022-02-05,OTHER,1,0.91788,0.0,รีวิวกองทุน UHERO: กองทุนเรื่องเล่น ๆ แต่เติบโตไม่ใช่เล่น ๆ,6cc33e06bb5592b64abaea1c42479dac6941d6cdf14a5eb55fc32414218cc1a0
NVDA,2022-02-07,OTHER,1,0.587717,0.0,"WEKA and Cisco funding contribution: Now you see it, now you don’t",f9b121a3ce8ab0447f37db441725316d43459d8e7a15595b64a97bf901d1d733
NVDA,2022-02-08,M&A,7,1.0,0.0,Nvidia’s Arm deal: Largest-ever chip merger terminated over ‘significant regulatory challenges’,03a05c2586d0a6f01c81f3828bc2aeb4b8b7429233d6c37fc6f06a24ded9a70d
NVDA,2022-02-09,EARNINGS,1,1.0,-1.0,"Nvidia, SoftBank Call Off Blockbuster Arm Deal - WSJ",01777c5baeb0b3ef457ca32d9120df4fad36a0e640424ae635e93c2eb2deb93d
NVDA,2022-02-09,M&A,1,0.825943,0.0,"We should never have sold Arm in the first place, says ALEX BRUMMER",cd75a1a035919f0c41b059eee5817bba90a91dfd41fd44d7d12518ee73515993
NVDA,2022-02-10,MACRO,1,0.632889,0.0,ETF of the month: VanEck Semiconductor UCITS ETF (SMGB),ea935e965497bd483db456296611204dcf81daa8a12b1f7d80e3a4a26782715e
NVDA,2022-02-14,EARNINGS,2,0.611928,0.4945835130930436,Will Cisco Buy Splunk? Big Tech Bids $20 Billion on Public Company,8d06bff27abfb24614908895bcee493269e325198e262881d4a77df817fabd3c
NVDA,2022-02-14,M&A,3,0.6244426666666666,0.0,Lisa Su named AMD chair after completing $49B acquisition of Xilinx,50250ac0da55b07c8f5e749abc09b23641f9de27bd058bb6f8775691ecf78524
NVDA,2022-02-15,M&A,2,0.585475,0.471552158503779,Intel to Buy Israel’s Tower Semiconductor for $5.4 Billion,3b2503d66d22bb8764155f1a56d6fc19a39bb9182490caaccb88fcde47bb7eae
NVDA,2022-02-16,EARNINGS,2,1.0,1.0,Nvidia provides strong revenue outlook on demand for computer chips,65e5d2bf57f44264b720a5a7469ca32b015effafe53e3d9c1acfee95828c9b6f
NVDA,2022-02-16,OTHER,3,0.8959999999999999,0.3720238095238096,Jaguar Land Rover Announces Partnership With NVIDIA,aaee34c63199c8a2569423d99f6e21e93fb5c9e0247ba987d79e0124ccb1ab30
NVDA,2022-02-17,EARNINGS,1,1.0,1.0,"Nvidia reports record Q4, FY21 revenue on strong data center growth",a6d2c3c2e9e6f9cdf930621552366def5beba6921787ed45942690736bad6a04
NVDA,2022-02-18,PRODUCT,1,0.716763,0.0,The Processor Chip Industry Is Another Ugly Capitalist Oligopoly,7465ab5dd091976cb1db01036b49236947948700c0d746e231eeab2b16ef10f1
NVDA,2022-02-19,PRODUCT,1,0.860293,1.0,"New Chips from Infineon, TI, and Toshiba Drive Advances in Autonomous Driving",369f5bf157a5209f104880dceb150657f77466e4f13113c9d35f00e2f7c3c2d8
NVDA,2022-02-21,OTHER,2,0.6296725000000001,0.0,"CLSE ETF Profile: Dividends, Returns (CBOE:CLSE)",a709aa17613ad079f78ca608843850893648b44f33d870a0707c01ebe0c1f66c
NVDA,2022-02-22,OTHER,2,0.6791944999999999,0.5394758055314053,Texas Instruments Inc. stock outperforms market despite losses on the day,a246626d79cdee8025009cf91ca2a0ddf95b4fe81ffb89b22b34c0c6c1fba135
NVDA,2022-02-23,OTHER,1,0.609469,0.0,"Veritas NetBackup 10, IBM FlashSystem Cyber Vault And Rambus HBM3",b0f5ea86822a29a2fb6c78852976176f61e43cc39be9af786dd56d5a85fb513d
NVDA,2022-02-24,MANAGEMENT,1,0.602588,0.0,An Interview with Intel CEO Pat Gelsinger,89035d92033cec7e25fc1045d756644b7fab500b607e1aa35a7f785bb43093d1
NVDA,2022-02-25,OTHER,3,0.6671806666666668,0.36813466817084023,"Qualcomm Inc. stock rises Friday, still underperforms market",3b8cd52c4db0aa341af65f8433f5bd4f3f5ab8ed77e03876f19fb32b6e7a12b7
NVDA,2022-02-25,PRODUCT,1,0.609652,0.0,Behind Intel’s HPC Chip that Will Pierce the Exascale Barrier,0e2f0f43cbd8fa717eda0677acefb88b3ab2e088976284cbdc2420ea013b11ff
NVDA,2022-02-28,MACRO,1,0.731489,0.0,Use WGMI to Enter the Crypto Economy,a5b16f98ac30a8f0c4b23f1ddfeea1e6a8986d18a86842ae045227ca5e092bcd
NVDA,2022-02-28,PRODUCT,1,0.566238,-1.0,"Semiconductor sales to Russia banned, but that shouldn’t hurt Intel, AMD and other chip makers",2fb5806f9eb3af631548407bdd98ca8ab47e6d9fa39d3c44978c62df030f971b
NVDA,2022-03-01,OTHER,1,1.0,-1.0,"Nvidia says employee, company information leaked online after cyber attack",31565da48b604f29032acb65f331e6de78e10ab556e35e512b5521d5da128a89
NVDA,2022-03-02,OTHER,1,0.648586,-1.0,Microsoft Corp Chief Satya Nadella’s son passes away,d8ff42cad982dbbbb36a1ee4fe349e19f78c7235ac5e1a25f7e5695f9839e177
NVDA,2022-03-03,OTHER,1,1.0,-1.0,Nvidia hackers allegedly attempting to blackmail company into open-sourcing GPU drivers,ce9fd1003e9a08f6b352ead9855490319406ffcb563e11a39d3d7a1f0f4707c6
NVDA,2022-03-04,OTHER,1,0.561658,0.0,ST claims first 0.5-MP depth image sensor,1433c23171ca4cdadafa6f68e18aff12b0ec50526709514c3db4145653291ccc
NVDA,2022-03-07,OTHER,1,0.602781,1.0,GLOBALFOUNDRIES ANNOUNCES NEXT GENERATION IN SILICON PHOTONICS SOLUTIONS AND COLLABORATES WITH INDUSTRY LEADERS TO ADVANCE A NEW ERA OF MORE IN THE DATA CENTER,1c67a60e77233652020b32bea3d948f076e1017ac36bcc4c12128fb31c38e406
NVDA,2022-03-08,OTHER,1,1.0,0.0,Nvidia invests $10M in sidewalk robot delivery company Serve Robotics,672773a151c634c38c10a1a0b56781db1fb9b48bb8d25f0f826e9ab5936b0633
NVDA,2022-03-09,OTHER,1,0.58353,0.0,"Amazon announces 20-for-1 stock split, $10 bln share buyback",9a85be6d410a1b5c3af7626de14ba5069ae3d412e4d5c5d5c61b45301e144620
NVDA,2022-03-10,EARNINGS,1,1.0,0.0,Why Nvidia sees a future in software and services: Recurring revenue,68dcfee776c5b24113becc714f4bb85d87a4ca80834e875ca4176d383131c304
NVDA,2022-03-10,OTHER,3,0.781861,-0.26882399812754443,Nvidia invests USD 10 million in Serve Robotics,cab677b02271b27cdf6abfdd4ff8a04a8ea2c88aba73a5212e3649f4484ad607
NVDA,2022-03-11,MANAGEMENT,1,0.624108,1.0,"Micron CEO says chip shortage improving, but could last into 2023",4169c26c664adb6e380ff1900ab917936b888be47f2b5fe1e6635d9f9b202c30
NVDA,2022-03-11,OTHER,2,0.837089,0.0,Nvidia investing $10M in last-mile company Serve Robotics,049ac57dc4884f91069b4195c50c0014d025937f7a058988246b2bb00163b701
NVDA,2022-03-13,OTHER,1,0.598271,0.0,DFAR vs. DUHP: Head-To-Head ETF Comparison,50ee8472d140c3c20035ea1e5f44b23c994930932750732a0f4f63cb510bf95f
NVDA,2022-03-14,MACRO,1,0.624,-1.0,2 Bullish Stocks in this Weak Market from The Professor!!!,5641ee0307100df9074bd4973d2117ffc2597965cab9d8e4950273ae963a92a1
NVDA,2022-03-15,OTHER,2,0.643602,0.502322087252681,Aptos raises $200M to bring the Diem blockchain back to life,5b012c2d4c726278c5b347bbc35993c9f3cbfa20610c06cfb0b9f12f10f9b40d
NVDA,2022-03-16,OTHER,1,0.603073,0.0,"ProShares Metaverse ETF ETF Price, Holdings, & News (NYSEARCA:VERS) $VERS",2344e92cc11933f68a257720728d66a42a5cae7607ff5ba0c53422e65fa91a2e
NVDA,2022-03-17,OTHER,2,0.8144905,1.0,"Serve, Nvidia Formalize Partnership with $10M Investment",5862b33ab92f9c87eb6a5aa90d39415c05270e8a0feb98ecbe421273d5b94b3c
NVDA,2022-03-18,M&A,1,0.626367,0.0,Is It Finally Time to Start Buying Intel Stock?,7deabd98106a15d2596a9e6477f4513de04fead5c986583d47ed941f7e58e8fa
NVDA,2022-03-18,MACRO,1,0.628664,-1.0,When the world runs low on neon gas,0f693a0a43d72e772c96c92fc91025af74e27b52892d5140b1720b6674665f94
NVDA,2022-03-22,M&A,1,1.0,0.0,"Nvidia CEO lays out plans after Arm deal fell through, reveals new Hopper GPU",238bf6041c4cd7b75dab0bd5f49c7e00994d598e5a4184af0be68944b971ef0a
NVDA,2022-03-22,MANAGEMENT,1,1.0,0.0,"Keynote Wrap-Up: Turning Data Centers into ‘AI Factories,’ NVIDIA CEO Intros Hopper Architecture, H100 GPU, New Supercomputers, Software",c2483a2ffd23063fac9faa257ce3e52ae1f869fb4e7d51a1d83dcc83c0a44f4c
NVDA,2022-03-22,OTHER,6,0.9418393333333333,0.32199724085990605,Introducing NVIDIA DRIVE Hyperion 9: Next-Generation Platform for Software-Defined Autonomous Vehicle Fleets,208c473b220bafcdd3f89ee71321f06f76c02abdf1dd6ac083b8ba13529fca17
NVDA,2022-03-22,PRODUCT,6,0.9942811666666667,0.49712413675072126,NVIDIA DRIVE Continues Industry Momentum With $11 Billion Pipeline as DRIVE Orin Enters Production,6164149d3b300dd2979564db12d44f35406a213a8088736135b4404c2a43df50
NVDA,2022-03-23,MANAGEMENT,1,0.943073,0.0,Nvidia CEO says interested in exploring chip manufacturing with Intel,b620c9f799dc2de8c3a580a44f4e14034ecb8da3834a407f00ee21c129d6a025
NVDA,2022-03-23,OTHER,1,0.639692,1.0,This tech group is leading the charge in sustainable Web 3.0 development,7230dd7aa00758a426ed5f0ede714ad42bfc9f3a910815289b1dfc8d5eb11275
NVDA,2022-03-24,M&A,1,0.864553,0.0,"SoftBank preps Arm IPO, seeking a $60B valuation",81d7d0989a4645eaffd8b6df61d77ad5a38870970d6ac4d5d3f2325d16ab9b3a
NVDA,2022-03-24,OTHER,3,0.8757783333333333,-0.29512985591864,Kroger partners with Nvidia to boost freshness efforts using AI,7b1b673eae47b92346cac760f018e762d469191fd1deace1fc2ca3e3f4aff3ac
NVDA,2022-03-24,PRODUCT,2,0.9254305,0.0,Nvidia considers teaming up with Intel on chip manufacturing,ef223e4b9fec65359156761bd4b97a9f8e3b634963db70f3a5df44ad185c1cd6
NVDA,2022-03-28,OTHER,1,0.613011,0.0,WeRide zooms to $400m,c348fa97126268dd2f173ea9356c0290d7f543fd83d588f81b9aa64ce65abe31
NVDA,2022-03-30,M&A,1,1.0,0.0,TIME100 Most Influential Companies 2022: NVIDIA,a88356bef2075f586b9c41f68a31a1c9e3872e2af659725c8797b1bd9b5044cf
NVDA,2022-03-30,PRODUCT,1,0.565155,0.0,Columbia Threadneedle Investments launches Columbia Seligman Semiconductor and Technology ETF,817fbf3bc68b5943a670e33874b5eea70cad8549f1652e77348196df02d52ebf
NVDA,2022-04-01,MACRO,1,0.608549,0.0,The semiconductor decade: A trillion-dollar industry,4bac78b79834b149ba27998b44f341a22c05d870c10641bbe2bd5fd0995b6f14
NVDA,2022-04-04,OTHER,2,0.864209,0.0,TSMC To Become NVIDIA’s Sole GPU Supplier In 2022 – Report,96deb3836a150e786c34edd29ab77fe795789302cee2e8d66f0190bc880d11a0
NVDA,2022-04-05,OTHER,4,0.61287375,0.24908922922543184,Baidu Proposes PP-YOLOE: An Evolved Version of YOLO that Achieves SOTA Performance in Object Detection,c501b1ec133988e5a4812e2e0a9272d5fbc3cc99b56e7b8a86ba9bc806687ae3
NVDA,2022-04-06,PRODUCT,1,0.597489,0.0,Hello FPGA – Getting Started with Microchip FPGAs,3f6c92788bd5c183c453265d4c9cfb553dda05195ff675b6a101458dd11f0c5a
NVDA,2022-04-07,OTHER,1,0.646639,0.0,Experts Details: Lillian Currens,4e4199004c1573b7d9bd982242f9d0a5272dbc1a3bcdc669c4ebc11a975a9b3f
NVDA,2022-04-08,EARNINGS,1,1.0,0.0,"Which is the bigger company: AMD, Nvidia, or Intel?",ee045b3d65eda99e13a3b920f3635dddaf8992edee95523d9dabe2d13836e98d
NVDA,2022-04-08,OTHER,1,0.627231,1.0,Meta (FB) Plans to Introduce Virtual Coins to Diversify Income,22144c9952de6abfec8564fcdd378b2ec059f622a88c3b4e02563b5840d6b375
NVDA,2022-04-11,OTHER,1,0.729369,0.0,Metaverse Market Size [2022-2029] Worth USD 1527.55 Billion | Exhibiting a CAGR of 47.6%,aa2b32877cade3884ec36f768867973db4b2a59199fd34980a0e71da92ccf5f4
NVDA,2022-04-12,EARNINGS,1,0.93187,-1.0,"The end of one-chip wonders: Why Nvidia, Intel and AMD's valuations have experienced massive upheaval",72b0399b91761b9e4e8a4d5fb9a484ddfa6bd5232eb1b5cdfaa368fdb43bb144
NVDA,2022-04-12,MACRO,2,0.589348,1.0,These 4 Houston companies are honored as Fortune’s 100 Best Companies to Work For,1e8b0e1c09cf77081dd1cd13d674874543ae27663aa3932c776475afcbd212f7
NVDA,2022-04-12,OTHER,1,0.927713,1.0,NVIDIA enters Top 5 of Fortune's '100 Best Companies to Work For',d47bd8eddff15cb2e8b8346c57678a526e93e2c311b70d40c54a364d368de5da
NVDA,2022-04-12,PRODUCT,1,0.880598,0.0,"Micron Commences Volume Production of 16 Gb GDDR6X Memory For NVIDIA’s RTX 3090 Ti, Also Readies 24 Gbps GDDR6X Dies For Future Graphics Cards",15ccf9fe0ec1687032ac9feb86d1c82310aaa669d279beed71503d9b328d41ae
NVDA,2022-04-13,OTHER,1,0.999001,0.0,"With Vast Data, Nvidia is in the company of a storage unicorn",006271d2735d747c6a831bb41bb05ab7f6256d3faa124317820c6cdfcbb99ba0
NVDA,2022-04-14,OTHER,1,0.638449,-1.0,"Broadcom Inc. stock falls Thursday, underperforms market",dd5877752012ece19e6e2dae213b9593ebb3cabfdc6710620699ab0aa6314881
NVDA,2022-04-19,OTHER,1,0.618169,1.0,Synopsys Introduces Industry's Highest Performance Neural Processor IP,e3ee6380dda2abd1711edaa547337867a66f959e962783bc85d60a09c2954a56
NVDA,2022-04-20,PRODUCT,1,1.0,1.0,Nvidia's GPU-powered AI is creating chips with 'better than human design',1fee6ee967b8ee1bffb444c96c046332a17a64c571dd50d2abd0800a4d9c53f1
NVDA,2022-04-21,OTHER,1,0.634702,0.0,"Roundhill Cannabis ETF ETF Price, Holdings, & News (BATS:WEED) $WEED",b4ece1dde73f25deda9eda9a983e15c016d232c5fad29a93e1d4bf7569cb6d3f
NVDA,2022-04-22,OTHER,2,0.874581,0.0,"Lapsus$ Cyberattack Victim List: Globant, Microsoft, Nvidia, Okta, Samsung, T-Mobile -",a2f898db0868588c17a7602da2e8eaf6d7fff7f225219842830be4fc49d0a8da
NVDA,2022-04-26,EARNINGS,1,0.60393,-1.0,Chipmaker Texas Instruments expects revenue hit as China lockdowns dent demand,6cb6356dfe52e5638c0acce604bfccf4717e7dad5159c34dc9a018db23c3b1f2
NVDA,2022-04-27,OTHER,2,0.7418914999999999,0.0,Fidelity Enters the Metaverse with New Financial Education Experience: Invest Quest at The Fidelity Stack,26184bbd202cfcf38335fd3076922d56300d74bec527a4e80c6a711ee7ba4381
NVDA,2022-04-28,OTHER,1,0.625665,0.0,HCL Technologies brings All Access Media Marketplace Platform,ce592e73f7319e59036b568337dc4171654fd577378e573c36deac24fae0a5c6
NVDA,2022-04-29,MANAGEMENT,1,0.954584,0.0,Nvidia’s CFO on how they retain tech talent —even as the Great Resignation continues,aa9ddc8820bc57da36f1bd1ee7f5f8f881f58a3c822505f80ff81fc310e0574c
NVDA,2022-05-03,OTHER,1,0.625101,0.0,"US-based Applied Materials’ India arm buys office space, land in Bangalore for Rs 338 crore",76d37e3167251152952be65c57804277af23f189d8526ee9201bfb0edf297d04
NVDA,2022-05-03,PRODUCT,1,0.6246,0.0,“There must be a new approach to the design of chips for high-performance computing applications”,0f594780e21fbabe24fc0d99820f4d986c3adb22ceea84c2053f4492975ed399
NVDA,2022-05-05,MACRO,1,0.62966,0.0,"FMET Is a New, Fabulous Metaverse Idea",2afe601f701381dbef469aeff981b14713357afb560f59182cf86aec8a04cdea
NVDA,2022-05-05,OTHER,1,0.719295,1.0,Toyota to apply artificial intelligence to boost efficiency in its factories,e0fc65716633f2afb26cc41d0772d72c2dd94b8973112c76459362a81f72f9ba
NVDA,2022-05-06,EARNINGS,2,1.0,-1.0,Nvidia pays $5.5m SEC fine over crypto-mining disclosures,7fb82aaded7e70cf6d6b9b7a006b35e1e342e9cc8e93f0cafa17055a7722b620
NVDA,2022-05-06,OTHER,1,1.0,-1.0,Nvidia to pay $5.5 million penalty for 'inadequate disclosures' about cryptomining,0d0173b861d47844ea1162de20fb524d904db5dc9f6f48dcb970a84cd996daac
NVDA,2022-05-09,EARNINGS,1,1.0,-1.0,NVIDIA (NVDA) Fined $5.5M for Failing to Disclose Crypto Mining Impact,be34849ac59ea0c49b616baa3ac558aaf31eff85d89fd86686906f2ca7e67937
NVDA,2022-05-10,M&A,2,0.7591495,0.6250613350861721,"Intel launches new AI chips, challenging Nvidia's market",68c23156f6186b4b97099830b28f84c27cf0b30d9924a8cc3b6cfb9559fcf798
NVDA,2022-05-10,MACRO,1,0.557414,1.0,TSMC plans another price hike amid inflation concerns,6d45aab440eb5889d29660913a00606fcb8a7374e58819799b996fdd1146f2b6
NVDA,2022-05-10,OTHER,2,0.7744260000000001,0.19902353485032787,NetApp Teams with NVIDIA to Accelerate HPC and AI with Turnkey Supercomputing Infrastructure,a86877062df9e8e8f684b2d462a375b59cbe5b0e0e53756f9e8e7b289d928eaa
NVDA,2022-05-11,EARNINGS,1,0.605712,0.0,Absci Reports First Quarter 2022 Financial and Operating Results,5a22a07e9e969404ae7f0862c5174c261f4b1c63ee8ad35bd8388ec755314279
NVDA,2022-05-12,MANAGEMENT,1,0.627444,0.0,"Intel wants to add a new Licking County factory ""every year or two,"" CEO says",306b87285173308b5099513c109cad71068c270e484fd288b485ca44e745d31a
NVDA,2022-05-12,OTHER,2,0.6815005000000001,0.5108066685204192,Improving PPA With AI,6f0fa0f623aa35e4175d0aee6eacdcd701d0c9ff794a7294fba1a0848bb84717
NVDA,2022-05-13,EARNINGS,1,0.926729,0.0,Gina Sanchez explains why these two mega cap stocks are a buy,4fcb0e4a9b003c2db9ae21486c97abb190625910f1745a0359be8d0b89d13d73
NVDA,2022-05-13,OTHER,2,0.8064545000000001,0.0,"Broom, Broom: WeRide Revs Up Self-Driving Street Sweepers Powered by NVIDIA",22dc7a2b594947c863720ecad82efe1bf22f58add9ab3cea2df90110c8d0de79
NVDA,2022-05-14,EARNINGS,1,0.822269,0.0,"Top blockchain stocks to explore: COIN, SQ, NVDA, MARA & RIOT",3ce833bd483c95f450f06ab325831bb670e2fb58839075f79ed744cce60dddf6
NVDA,2022-05-15,OTHER,1,0.815055,0.0,Understanding Syfe’s Disruptive Technology portfolio,5d975f6d33aae0617e8383f431ee8919ce2a03a367abf4495ae593473fc17fbc
NVDA,2022-05-17,EARNINGS,1,0.614839,0.0,"SEIV ETF Analysis: Dividends, Returns CBOE:SEIV",0e2decb0375a8d3734aa1adfdeb511e477d8817ca6780ebdfc0afcf6bbaa614f
NVDA,2022-05-17,OTHER,3,0.6132633333333334,0.0,"PGIM Floating Rate Income ETF ETF Price, Holdings, & News (NYSEARCA:PFRL) $PFRL",0f4c497fe31d2eeb0b400be34d991c9ebb15103e211458742f9284f4965d46dd
NVDA,2022-05-18,MACRO,1,0.565379,1.0,TI Breaks Ground on New Semiconductor Wafer Plants in Sherman with Potential $30B Investment,150c568ace0f0a53f20e5a7d0bd8c38ca02bf47d5696339f09142207e00024f9
NVDA,2022-05-18,OTHER,1,0.695559,0.0,HP Envy 34 All-in-One Desktop review: A big-screen AIO for power users and creators,690429eecafd13b01ca5b3ca421b2b184ebfa1e974adc33f180aa6c99a9634f3
NVDA,2022-05-18,PRODUCT,1,0.597017,0.0,Baidu’s Chip Affiliate Kunlun Eyes Fundraise at $2.5 Billion Valuation,623273e1f5787e131d5ff048d13c6d580016638c393cf57e8b493a6ae26dd665
NVDA,2022-05-19,EARNINGS,1,0.62503,-1.0,Wall Street ends sharply lower as Target and growth stocks sink,30398c7c5ebf7d5b518e3990f5f6cb2d4e37d17a856f0adf92dfb6e9b41c64c3
NVDA,2022-05-19,OTHER,2,0.6753065,0.0,上海汽車、「純中国産」に固執せず自動運転タクシー開発,a940052a4c57945988daab2a6019937839f922445b201de7878fc09622adbfe9
NVDA,2022-05-20,EARNINGS,1,0.867723,0.0,Clorox Stock (CLX): Anything But A Value Stock,f05b16bf90e5373231324c69f6c65bce612c01defb9414ad246e25a537cf0af9
NVDA,2022-05-20,MACRO,1,0.64126,0.0,Semiconductor Competition: Opportunities for Taiwan,a99c333fab6b386259d1c1a32c2e0b5002d0a1ee49f26d9d93194295175be9d5
NVDA,2022-05-23,OTHER,1,1.0,0.0,Taiwan’s Tech Titans Adopt World’s First NVIDIA Grace CPU-Powered System Designs,91ea59082b3ea90673016eeda98b5fb9df79d624d4a1be97c7ce8488d1456f95
NVDA,2022-05-24,EARNINGS,1,1.0,0.0,Nvidia Q1 FY2023 Earnings Report Preview: What To Look For,d7416562598d27066ba99658f604c6c74155c98a0ea5b3256d9723b6c6a91883
NVDA,2022-05-24,MACRO,1,0.634915,0.0,Semiconductor ETF | ESG-screened investment in tech,ac16c6c3f0fe868fc9d84b2bc27acf2af39b40f84026f825ef043a5cc157b214
NVDA,2022-05-25,EARNINGS,2,1.0,-0.5,"Nvidia stock falls on light guidance, CFO says company will slow hiring",2f147b44bea079573b64561399c006b47a55fa62cbc01d79eabb996016b32bfb
NVDA,2022-05-25,MACRO,1,0.60225,0.0,Focus on FMET for Metaverse Equity Bargains,ed7c5c8e6e9fa79b3d4b5b3da6cf9cf24f91bc6a2d8f8a7e0e09adf6c4126d37
NVDA,2022-05-25,OTHER,1,0.63247,1.0,"Texas Instruments Inc. stock rises Wednesday, outperforms market",d9604e1f28219c62d4398c1bffd16d73ed1ff8b2e5818f295dfdb2a4bddce0ff
NVDA,2022-05-26,EARNINGS,2,1.0,0.0,"Nvidia Sees Explosive Growth In Data Center, Professional Visualization",769d96abf2cccd4c7e465b539f077a91fe373f2e7469231ca150f048f0f73137
NVDA,2022-05-26,MACRO,1,0.642188,0.0,Where Does the Supply Chain Crisis Stand Now?,16b5e006ef903e51560d6b5854cd2f7527784cc92e6be80ad3e91d5f3f8ce2e1
NVDA,2022-05-27,PRODUCT,1,0.813522,0.0,Ampere Roadmap Has Four Future Arm Server Chips,3f8c9772b85b89f03507477d5bd615f9e03ad13e60d2716094a97f9473778775
NVDA,2022-05-30,OTHER,1,1.0,1.0,Top Global Systems Makers Accelerate Adoption of NVIDIA Grace and Grace Hopper,49c127888c344c1b51a9af3b37e313882549ae991568f29662e578818fdfc7b9
NVDA,2022-05-31,OTHER,1,1.0,0.0,Los Alamos National Laboratory Announces Details Of Supercomputer Collaboration With Nvidia,a1e00f525e0f11c55806149b4995fee30280ba66e25853694b26cc937fed1945
NVDA,2022-06-01,OTHER,1,1.0,0.0,"Solving the World’s Biggest Challenges, Together",72515a1cc73e9973654982b9955735d3044993b1ec13495302b38a8033cd2c78
NVDA,2022-06-02,OTHER,1,0.63961,0.0,Adas/Connected Car - June 2022 v2,0eb27654fc285a7f5f561fbda815e4045b3863dd7bd25ee810e536cd3bb9e375
NVDA,2022-06-03,MACRO,1,0.892204,0.0,"6 High-Quality, Undervalued Semiconductor Stocks",f78a5d1b0e9cf37b12a2c11600568ec41326f527bec6d1ed5e780bf726be7879
NVDA,2022-06-06,M&A,1,0.56725,0.0,OpenLight launches as fabless silicon photonics outfit,50541901cc2ffa2f3d2ac64e065069c67680cccfa8d54ab7af2e7c395648e44f
NVDA,2022-06-06,MANAGEMENT,1,0.637592,0.0,ASML engineer who fled charges of stealing chip tech is living comfortably in China as CEO of XTAL Inc.,15f2460209b6909bb898bed136d9febdfe83a1373b1a882a20949ea7524fe099
NVDA,2022-06-06,OTHER,2,1.0,0.0,Vision in the Making: Andrew Ng’s Startup Automates Factory Inspection,14d98826244a5a86d73f0ca3a753b33eee6a6702e90bc87e7f52d2240167a2bc
NVDA,2022-06-07,OTHER,2,0.8123895,0.0,Festo Develops With Isaac Sim to Drive Its Industrial Automation,082df9a335b3f3b626c42e6d9caf6fcaef9a4829a40986d0c40a5e683ce1225f
NVDA,2022-06-08,MACRO,1,0.620146,0.0,TSMC Chairman Mark Liu on the revolution in semiconductors,4649b8876f33ccddca7c7342003efb22bbd2388ed0772fb410e5acb4020dcd29
NVDA,2022-06-09,EARNINGS,1,1.0,1.0,Nvidia’s Data Center Segment Becomes its Biggest Revenue Contributor for Q1 2022,9d9a7bd3a8ebf2e8125f7583452048012224383d3ab3706eef7bec5ec5ef575b
NVDA,2022-06-10,OTHER,4,0.65798625,-0.22957014679258114,Is the Roundhill Ball Metaverse ETF (METV) Right for You?,93f7563a6b5ce0f20a88da542c19931fedfb8d49de753161631e9857da259b62
NVDA,2022-06-13,OTHER,4,0.7187067500000001,-0.04043895510929875,7 Founder-Led Stocks to Buy and Hold Forever,468f16080321c2b637206c122a0a80cf80d54d54ada73182e0547d18bcd8ed6f
NVDA,2022-06-14,EARNINGS,1,0.760355,0.0,Who's growing faster than Nvidia and AMD? Rising datacenter star Marvell,2878fc3f06f0cc10df8d6bb643444322cf83b4922fa35c94dbd216455a7bd88c
NVDA,2022-06-15,OTHER,1,1.0,0.0,All-In-One Financial Services? Vietnam’s MoMo Has a Super-App for That,e743b4f5952a11ab4b0d49604c21aa1e61cea2b717aa522d7d9c462062903387
NVDA,2022-06-17,MACRO,1,0.615046,0.0,$6.5B Texas Instruments Fab Could Be First of Four at Site Totaling $30B,8ad16f7900747876c1f5ef950dca5d9ad1cbb1dce0ed5c49d057106e8ce035b2
NVDA,2022-06-19,OTHER,1,1.0,0.0,The King’s Swedish: AI Rewrites the Book in Scandinavia,d000753bb7fedfe7af512233a3067b314a2d53306154998f061aa05d157eb1b1
NVDA,2022-06-20,MACRO,1,0.729362,-1.0,Opinion | Semiconductor Dependency Imperils American Security,2e80089d31021771a4bae6b26879b94ec32671b1cfd8d092088d85c81118c878
NVDA,2022-06-20,OTHER,1,0.612185,1.0,Power GaN market to hit $2bn in 2027,b94ddea71d8fd25c816dfab3feaac02bfc4e6170fbc084375ac4203d7e100e0b
NVDA,2022-06-21,OTHER,3,0.76371,0.0,AI in the Big Easy: NVIDIA Research Lets Content Creators Improvise With 3D Objects,51fe2cabfa6b80145529fea6b00c5b000c3f300939587162a62f246a06ec6883
NVDA,2022-06-23,OTHER,2,0.7161785,0.0,"NYLI Winslow Focused Large Cap Growth ETF ETF Price, Holdings, & News (NYSEARCA:IWFG)",8b4c4062a930b037637558240951fc1d6ee2d02ec1c932eff382340174030da6
NVDA,2022-06-24,OTHER,3,0.7509983333333334,-0.2733339399332888,Finding NeMo: Sensory Taps NVIDIA AI for Voice and Vision Applications,a820a91c13d18f0d5d500f8c3d86151f76502fdd277558bfd27437704b11666e
NVDA,2022-06-24,PRODUCT,1,0.604517,1.0,"Chinese DPU chip firm gains funds, unicorn status ...",e6a7854303c0f1b09e7ae04fea2761ed44fc892e987bbecc6ea0fd745bf7241a
NVDA,2022-06-27,OTHER,2,0.7665204999999999,0.0,Inferencing made simple with the NetApp DataOps Toolkit,edd27da2d9e47b9f4bb567b854fc6bfbff8d671ce271798add0f4bfc2b7899bb
NVDA,2022-06-29,OTHER,2,0.8775904999999999,0.5697418101039152,Siemens and NVIDIA to Enable Industrial Metaverse,91104e0aae25e9ca30f43744504608ffa0d0757821aa2df75f48b0eddc0c97d7
NVDA,2026-08-22,EARNINGS,8,0.841377125,-0.3125227584479433,Nvidia customers reportedly warned about AI-related price hikes,e47bda46e988eb7266306c6395a97f3d69cd8e359a7b17d7da38a610a7fc7852
NVDA,2026-08-22,MACRO,1,0.704795,0.0,Should Vanguard Russell 1000 Growth Index Fund ETF Shares (VONG) Be on Your Investing Radar?,5ec515e25f80a8df17dfca032e9e6020721d5a40e74820498221e9834c14bf14
NVDA,2026-08-22,OTHER,2,0.883068,0.0,NVK Vulkan Video Merged For Mesa 26.3,40a635da273cd4868a8e4a2f6b02c4ff55be369300b86e975c1221b172a0b950
NVDA,2026-08-23,EARNINGS,10,0.867235,0.42841640385823915,Nvidia (NVDA) Heads Into Earnings as Soaring Memory Costs Push AI Server Prices Up 15%+,8de94ca03bbb7c034cbe8f7404f2ee6537be95641476529c3dae04fe1cb728e1
NVDA,2026-08-23,OTHER,1,0.722108,0.0,XNDX ETF Holdings List — LSE:XNDX,7e6f5d44195f063b15ab01a42e7c3af4c092e211998226040abbf23d8dd7c9fa
NVDA,2026-08-24,ANALYST_RATING,1,0.749682,1.0,AMD Stock Gets Stunning Price Target From Wall Street,3f4cf16a2f5d74ed47f25c2f43c1f508e5db2b83202d618abc5d019e09c60315
NVDA,2026-08-24,EARNINGS,29,0.8723126896551724,-0.2797119808509034,Nvidia Stock Tumbles Another 2%—Pacing For Seventh-Straight Drop Ahead Of Earnings,32a8bb120f5e277a6289b47e1bfd5b3acc5966374406cf7b361bfa03f6479813
NVDA,2026-08-24,M&A,1,0.994471,0.0,Nvidia opens talks with Rebellions on potential AI chip partnership,df85aa0e10058b329f0f4e9eaaa28ef99b3db14c0f2bece77305c7eb8e278a21
NVDA,2026-08-24,MACRO,2,0.8468625000000001,0.0959181685338529,Lancium Announces Partnership with NVIDIA to Advance Gigawatt-Scale AI Factory Development Across Its 15+ GW Portfolio,93d1826fd74cc2e215a2f7754c7d0db107e4a75a8e73c42242497585c9caa97e
NVDA,2026-08-24,OTHER,4,0.97423925,0.4867790432380958,NVDA Invests In Blackstone-Backed Lancium To Expand AI Data Center Capacity,156d25bc96e23b4d879085b6bb773fade3ba7be9c742ffee9d1454569046465f
NVDA,2026-08-24,PRODUCT,3,1.0,0.3333333333333333,NVIDIA Groq 3 LPX Now in Full Production With World-Class Speed for Agentic AI,887b37ac868068174d26e4768a4ff6e81731de21efc5bc695bd983891935bb43
NVDA,2026-08-25,EARNINGS,19,0.8352764210526317,0.39307554788670024,Michael Burry Says This $21 Billion AI Startup Could Crack Nvidia’s Empire,d499e5d473d64e01b1540e7300c51db33ee629dde6b48eb844cdffc4c076947e
NVDA,2026-08-25,M&A,1,1.0,0.0,Nvidia invests in data center powered land company Lancium,363e54b2e17bc834cb5c1657edaf6801227535d8fe8c68a467d63621425fb8e3
NVDA,2026-08-25,MACRO,1,0.801861,1.0,Inside the Multibillion-Dollar Race to Build the AI Economy's Physical Backbone,5f3c045af5de5f7eb4698eb8dd788ceb0bfc807e00082da8c32181504ff24605
NVDA,2026-08-25,OTHER,15,0.9198998666666667,0.23487570893585663,NVIDIA Announces Jetson Orin Nano 2 Robotics Computer to Redefine Entry-Level Edge AI,a6475a7d7c9528c0f477a923ee8c7e04e6c41e2acc80395d3c28c1b716a45f8e
NVDA,2026-08-25,PRODUCT,6,0.8905708333333333,0.49737443680785265,OpenAI Claims Its New Chips Can Outperform Nvidia Processors in Tests,1703b25dff7cad4780349ad97afe2d7340bdf5ca0f3fbd3afc24b6a9edac16ac
NVDA,2026-08-26,EARNINGS,15,0.9310538,-0.09172617092589065,"Nvidia earnings live updates: Q2 results, memory prices and AI outlook",785bdfd5c5cf3cb0731d594926d702e73a764330cace71ce52d62a1a32d6073d
NVDA,2026-08-26,MACRO,1,0.718193,-1.0,"Slow progress continues at Intel's New Albany semiconductor fab, still set to open by 2031",3ceb82d7ad0f6dde67203ed2443f6ce81ade68048f110fca2955dddefe7748ab
NVDA,2026-08-26,OTHER,1,1.0,0.0,STAR WARS Zero Company™ GeForce Game Ready Driver Released,11337f57eb26f20d42e63341a5e89c166b42d28f68ced411ff161719f0e8d12e
NVDA,2026-08-26,PRODUCT,1,0.808431,0.0,VCI Global Launches Galatron AI Factory With Five-Year 500MW Compute Capacity Roadmap,4055c33d3838259fd4b48a54bb61a4146acb68e1e4927af8764d94f670492b05
NVDA,2026-08-27,EARNINGS,7,0.8892471428571429,0.13303998727655658,"Dow snaps 3-session win streak, Nasdaq falls and S&P 500 ends flat as Nvidia results loom",eec0aa7c84c8880270e829f7bb7a257222e43f4a87889ab6732929de8cb921dd
NVDA,2026-08-27,OTHER,3,0.8562,0.3409806898699681,The network becomes the computer as Cisco and Nvidia accelerate AI factory rack-scale,e81b7fc21b66cbb988c035133aae2ff9e3ae359eca4826598f22e35bea0fcb69
NVDA,2026-08-28,EARNINGS,5,0.9638296000000001,0.2075055590739276,Nvidia's Unusual Move Answers AI Trade’s Key Question; $40 Trillion US Debt Bomb Ticks; Key Fed Speech Awaited,fe767b0133fa1c1ee6bcae316a68d2584b03bfc13f3a0d45a5fbfa048efdaff0
NVDA,2026-08-28,OTHER,2,0.805496,0.0,"DDN, Solidigm and Supermicro on joint AI storage solution",ee60a061ff520f124f29554ecec041cca1d47c62fd653f1fbf66ab04d68d5423
NVDA,2026-08-28,PRODUCT,2,0.860382,0.0,Nvidia-Backed Lambda Inks $1 Billion Private Debt for Chip Deal,537356b8379accd07b1619422aa67edcec994d5e629157d11992199d121def52
NVDA,2026-08-29,EARNINGS,1,1.0,0.0,NVIDIA Announces Upcoming Event for Financial Community,c991e542969b2ffdeae93074b35c4b52a552f0cad73d5761dff44fb306f54ee0
NVDA,2026-08-29,OTHER,1,0.848312,1.0,SuperX secures order for 128 Nvidia B300 AI servers from Ezisight,7549e8bcf1bc5473e92e6b996a40cbaf0fb7fa57c4a095c769e00b90670273f8
NVDA,2026-08-29,PRODUCT,1,0.703424,0.0,"VCI Global launches AI data center platform, targets 500MW",417158dcf9770e802d72687b941386fe38080f20e29b658ecba14e2aa0d184f6
NVDA,2026-08-30,EARNINGS,6,0.8584386666666667,0.004289958979791219,"Chemung Canal Trust Co. Sells 4,426 Shares of NVIDIA Corporation $NVDA",4f0f3b192bef65be0a232e454d934165e48e78f1c49efece99c2ab10c30d7eb7
NVDA,2026-08-30,OTHER,1,0.733822,-1.0,Netflix Has Fallen More Than 40% 7 Times in Its History. Here's What Happened Next Each Time.,8d20f361d6adf7de4a83c2815f6768a9744d46a73c91290b4cc79c2c52fcf46a
NVDA,2026-08-31,EARNINGS,6,0.8506516666666667,0.1467134020780147,Will Nvidia Shock the World and Be the First Company to Reach $1 Trillion in Revenue? Here's What the Math Says.,f520c9f2453cba4459d2c71700a3398d905e8c4738124f2c65003495ac699766
NVDA,2026-08-31,OTHER,1,0.781104,0.0,"Connected Car News: Mazda, AAA, HAAS Alert, Aeonsemi, BlackBerry, Hailo, Asahi Kasei, Celgard, BMW Group, Aptiv, Wind River & NVIDIA | auto connected car news",2c2ff813bb2f35b18819ce2c2e8e446c41db11d39bf7bc835e82215048f13237
NVDA,2026-09-01,EARNINGS,6,0.8953421666666667,0.03462233153693755,Mid American Wealth Advisory Group Inc. Grows Stake in NVIDIA Corporation $NVDA,3684214c8ebab1e4f81af60b3424bc81960b392b16c1f5db7ddff28496fa1664
NVDA,2026-09-01,MACRO,1,0.833964,-1.0,"Semiconductor Stocks Slide as Global Bond Selloff Lifts Yields: Intel Drops 3%, NVIDIA and AMD Slip",737d4ef85ec771204267a8e496c1f18eb527cf7476f182ad2e8fbfde4a5c367d
NVDA,2026-09-01,OTHER,7,0.8785422857142857,0.13033733151473642,CrowdStrike builds security frontier models with Nvidia and opens an AI lab,8e12b2ae479fab1c7d9c40f90c79f78f84975f9c56fcfb86d44699335b01202a
NVDA,2026-09-01,PRODUCT,3,0.9558033333333333,1.0,Exclusive | Anthropic Signs $35 Billion Cloud Deal Backed by Nvidia,2bed3185fa2a523ba4d5a575d0e0d66a4cdd3387d84ecab47f937fa0c98dbcdd
NVDA,2026-09-02,EARNINGS,15,0.8289764666666667,0.17492864895963672,Jim Cramer has a strong message for Nvidia stock investors,8b32220366c4f8dc785c1cced83ac3d68e4a3e36890065b698763805100421dd
NVDA,2026-09-02,MACRO,1,1.0,0.0,G20 live updates: Nvidia's Huang pushes for AI infrastructure in every country,7bb9ea1026b4e76c2e5d5c5f0c0b86cf6d2ca293ebf9896da55f42397b64608b
NVDA,2026-09-02,MANAGEMENT,1,1.0,1.0,"Nvidia CEO Jensen Huang Defends America’s AI Data Center Boom, Says It’s ‘Bringing Manufacturing Back’ After Decades Of Offshoring",1678de4f5570ff74fe059065e349243e35ace829e8f06168944f713a6d87f5a9
NVDA,2026-09-02,OTHER,7,0.7984904285714285,0.3164498080574542,Equinix Accelerates AI Inference for Enterprises with NVIDIA and Together AI,5ef071dd739929b8ca4c01e75d1c39256e038163403d5fd396cab436a43d4af5
NVDA,2026-09-02,PRODUCT,2,0.7591905,1.0,Equinix stock rises after AI inference program launch with Nvidia By Investing.com,2835d236e320a672fdf8e135388a2052915f323711dcbbf3b27afa49ce501983
NVDA,2026-09-03,EARNINGS,18,0.8422546666666667,-0.03734565897989153,Jim Cramer Wants NVIDIA (NVDA) to Bet $500 Billion on Itself as AI Financing Risks Grow,5ab6840a7ae0ce6146ace0e0a7e774c3e07b00c1e8935359e81a93cd5ccfda15
NVDA,2026-09-03,M&A,3,0.9682766666666667,0.0,"Hugging Face approached Nvidia’s Huang weeks ahead of $12.9B acquisition, CEO tells CNBC",5882ae88f5a1ef62c1bb879ba656bcb72a58d3187830c39139de82977ee1f408
NVDA,2026-09-03,MACRO,1,0.745557,1.0,Morgan Stanley has a strong message for worried AI stock investors,38e31ebbef82ed46c3de8422a98ad10b0071e5cef8ca8635f3d243a02674326a
NVDA,2026-09-03,OTHER,7,0.8495532857142857,0.0,Capsule Security fine-tunes Nvidia Nemotron models to stop rogue AI agents,574dcef3441b5bf3d55222003af495bbecaa10a2494187b692faca6f4e433812
NVDA,2026-09-03,PRODUCT,1,0.71004,0.0,"Lowe’s, BofA, AT&T, Nvidia, more launch workforce training initiative",2b108f4e9898ea3474f7ccf6f52c691741057334bb09d104097a13d1286deb0f
NVDA,2026-09-04,EARNINGS,10,0.8864772999999999,0.3229243433531801,Nvidia becomes one of world's biggest strategic tech backers as equity investments soar to $99 billion,3912bb4f69bccad4d359b4fc325113ca1ef068186c5cde89745c0279377e7a05
NVDA,2026-09-04,M&A,2,0.9203760000000001,0.0,Why Nvidia's 'defensive move' to acquire Hugging Face is about much more than chips,1a7a000afbb20b145cb11229981c5e8554e1c206f2b30d7935278229b8a28e13
NVDA,2026-09-04,OTHER,3,0.8814736666666666,0.0,Nvidia PAIR makes it easy to create a household data center for running agentic AI tasks,7fece837299fec8c6839d7f2acb6a65a5cb45c20b81b441bcf10005e50199de4
NVDA,2026-09-05,EARNINGS,2,0.865151,-0.5779337942162698,Jim Cramer Breaks Down P/E Multiples Explaining Why NVIDIA (NVDA) Looks Cheaper Than ServiceNow,a305feb552907f06ea10650b5d31d7cb05e2b6b13e21e13128a70635598c7f64
NVDA,2026-09-05,OTHER,2,0.7217095,0.0,Nvidia Barely Moved. These 2 AI Connectivity Stocks Jumped More Than 7%,f8c08c3d6851061a27c4f49dd1259b3400c276cedf322d4233d19cd31d9fb363
NVDA,2026-09-06,EARNINGS,5,0.9461926,0.1545061755925802,NVIDIA Corporation $NVDA is Blackhawk Capital Partners LLC's 7th Largest Position,df3a1bcded3fa1b63720dffa692432f8c61d2adbc495814b69b26213fb77e105
NVDA,2026-09-07,EARNINGS,4,0.85000675,0.23642871071317964,NVIDIA Corporation $NVDA Position Trimmed by Pathway Wealth Management LLC,ee9abd4452b59064d8e60759522846e315cd2c95d9702496a041b09b81fa5a74
NVDA,2026-09-07,OTHER,1,1.0,-1.0,Nvidia’s $99 Billion Portfolio Is Turning Intel and CoreWeave Into an AI Stress Test,ab1ea6ca80ffbc1b97d1579710e9826688db143d879e706068f00a9550b981b5
ORCL,2022-01-06,M&A,2,0.615437,0.0,Stryker to buy Vocera Communications for nearly $3B,9efba8c9c976cbf2236919eb3971685b159da6b89a5979d7e7d8b7cc3a239bed
ORCL,2022-01-07,MACRO,1,0.667907,0.0,NEOM begins to take shape in 2021: Year in Review,1fd8e44584f3001cc6b3f5ac843e735ada2726fbe3521ec754b67703d8618809
ORCL,2022-01-10,M&A,1,0.618297,0.0,At least $5 billion was spent on music rights acquisitions in 2021. Could 2022 be even bigger?,4e51dffaa8d77cfd8fd80206e9c028a868354ed49786212b94560eb0f3849534
ORCL,2022-01-10,OTHER,2,0.8070174999999999,0.6195652510633289,"Oracle Corp. stock rises Monday, outperforms market",e889e87330924a10967b5a37ecca8fbd5557a9d2ddc2b3af5955270e9fcf8985
ORCL,2022-01-11,MACRO,1,0.719074,0.0,194 IMT Hyderabad PGDM students placed; highest CTC is Rs 16 lakh per annum,544779a2732bfced1d5a898f98ed593897aace1266303aa7e325b6280fffeeb3
ORCL,2022-01-13,PRODUCT,1,0.742056,0.0,What’s Changed: 2021 Gartner Magic Quadrant for Cloud Database Management Systems,cf4652603a943521ea1b48dfb56f37a55f269bc1b919c7313b55024a260bf7c6
ORCL,2022-01-19,LEGAL,1,1.0,1.0,Oracle scores another legal victory against Rimini Street,328aa417f8f98b4e9c1fc1f6f1041ebd37333e4e229fb5b4228ac7fc15ebb846
ORCL,2022-01-19,PRODUCT,2,1.0,0.5,Oracle opens South African cloud region in Johannesburg,e1f5e904dbae15a62acc81edb3df5fee3ea059c1c295b9cf0fe8dba445da9f61
ORCL,2022-01-20,PRODUCT,1,1.0,1.0,Oracle opens Johannesburg cloud region as demand for data centres grows,d30bc49f85ca6d96dda4af5ffc70a55a80f3982e4830d05d6d9f28ac8d15d82b
ORCL,2022-01-21,MACRO,1,0.839355,0.0,Integrated Facility Management (IFM) Market 2022: Covid-19,9d9294e6d254bd3809e16f7f7618b8fb664f27389d65b47b97c4c393678dcfe3
ORCL,2022-01-24,M&A,2,0.9177365,-0.5448186925114126,Kansas City’s Cerner Corp. rebuffed another takeover effort before merger with Oracle,8ba710aae4bca508b5dacbd83673f13581c6a934d49ee0ab887e76fa2fe0baea
ORCL,2022-01-28,OTHER,1,1.0,0.0,Oracle Director Wick Moorman Scooped Up Stock When the Market Swooned,234121b9e40300ae938f5da519f103a4dd9a43b757f7008d6b0147ecd45833c2
ORCL,2022-01-31,OTHER,1,0.588865,0.0,Wayfinding tools chart course for hybrid office,e35175b8811f60e65ee219730ea6dc4862a08047f50c54da6c364943a32ab722
ORCL,2022-02-03,OTHER,1,1.0,0.0,"Maker of SINGER, HUSQVARNA VIKING, and PFAFF Sewing Machines Personalizes In-Store Shopping with Oracle",97ab7436ef7339ae8246f7ca21d151b764eac02058eef5807bdb099cc7dd6bc8
ORCL,2022-02-09,OTHER,1,1.0,1.0,Oracle signs F1 title sponsorship deal with Red Bull,384edd825a1e70363d6d5a33269bcad41447522d3ceeb3059c5a785e2cfc525e
ORCL,2022-02-10,M&A,1,1.0,0.0,Oracle-Cerner deal’s antitrust review is extended to Feb. 22,c5df13067cc09d9304c98ccf3d31a2d2020cfa883106d248ce7be03e6e6f3458
ORCL,2022-02-10,OTHER,2,0.819415,0.0,Larry Ellison Biography: Success Story of Oracle Co-founder,83180f6286ee4ff1978f1c6fcbd0af436ae7d767e5dcebd1a4bd450a400c06ac
ORCL,2022-02-11,OTHER,1,0.967835,0.0,"Copyright case: Google LLC v. Oracle America Inc., USA",6ef34ef44d2f6d1c5149fd1829f6b84207b1c242d8caeb766f1f307957122ca1
ORCL,2022-02-14,OTHER,2,1.0,0.0,"Oracle adds support for the MongoDB API, makes its case for value of the converged database",4d05653480b8ae01ca8c0e2ff79bd8e2a003c9e252fd18dcaae420079dda5090
ORCL,2022-02-15,OTHER,1,1.0,0.0,Oracle gets go-ahead to host top secret Air Force data,4e3bbe6877c92fb3162b93274db90c7e4940cbf3d1e97e7e0b0b7ff2aeb485f4
ORCL,2022-02-15,PRODUCT,1,1.0,0.0,Oracle cloud authorized to host top secret data for DOD,3cfbdf25cc1b3333d83e2bd07f863154f426a2cc1a2e2280aea81f2aa7177769
ORCL,2022-02-16,EARNINGS,1,0.610472,-1.0,Pegasystems’ stock falls as it misses earnings and revenue targets,2130f2ba80185df4264f71c6be79e9c27cf3da701d84f2d85e79c9b2c407a9a0
ORCL,2022-02-23,EARNINGS,1,0.877698,1.0,"Cerner records $5.8B in revenue, 21.7% adjusted operating margin for 2021",75ea1adcba778a996df857d78330209dc7bc294380979f674d82c2a0dcf68265
ORCL,2022-02-28,GUIDANCE,1,0.576566,0.0,How CFOs can supercharge their organization’s sales forecasting,dca430d87d825db91d8ab09a476b7441d269875c52773b602c15c8f356c1ddde
ORCL,2022-03-01,M&A,1,0.608548,1.0,MWC 2022: Amdocs Digital Services Expansion Accentuates Amdocs Mission to Spur Cloud Journeys,7bf2a641b6371e09996b4239d2ff0692c6cbd6fe315dc5e3ba8204a86f8b4576
ORCL,2022-03-01,OTHER,1,0.603826,0.0,Rimini Street Appoints Marketing Veteran Jeff Spicer as Chief Marketing Officer,78fb791db2d2338ac53f3b3cacc99d3d4c90a4fcadaefa16f31e7e5744e79ce2
ORCL,2022-03-02,MACRO,2,1.0,-1.0,"Oracle suspends operations in Russia, SAP pauses sales",6dd33025232402d7ac3e7345fc077bee80d53cc93d985ab6cfe68bc594b89c16
ORCL,2022-03-02,OTHER,1,0.597674,1.0,Micron Delivers World’s Most Advanced 176-Layer NAND Data Center SSD,b66c0e23224d5956d44c66106021f363168e62ae9d3a3cad7a3aee331c2b1b7f
ORCL,2022-03-03,OTHER,1,0.624096,1.0,"KT signs MOU with Turkish telecom operator on 5G, AI services",59f8e8cc8a9d3fa7725c7bd34bc53175e6a8b2d2743e3f3fe1a36a3edb27ecd7
ORCL,2022-03-04,MACRO,1,0.607659,-1.0,"DXC Is Pulling Out Of Russia, Condemns ‘Unprovoked Attack On Ukraine’",eaa1d0af40d4b9380fd3b78712720f34e775a0fe6a2f7261254397f0173f5bc4
ORCL,2022-03-04,OTHER,1,0.825078,0.0,What’s Changed: 2022 Gartner Magic Quadrant for Digital Experience Platforms,2caac8c7e0efcd4ad2485fa3ee17a9d3b500de4b02c452192f99b0fffcb6a0a9
ORCL,2022-03-08,MACRO,2,0.610395,-1.0,"Telco Lumen disconnects from Russia, ends business relationships",90a74dd8eaf7db58ad31d8017b3b06cb984459e8e25f9b2563d066e180ca9f63
ORCL,2022-03-08,PRODUCT,1,0.614365,0.0,Cloudflare and Akamai to continue operations in Russia,71836c3ede07d3c1520ffc3dc7ecdfdb759d985cccbe52ff011684c67e670d54
ORCL,2022-03-11,M&A,1,1.0,0.0,Rumored deal would store U.S. TikTok data on Oracle servers,ac5b4f178ee7e6c3e120c61cbcaccfa19f9c4129fcb589eb1ca3f44deb206e0b
ORCL,2022-03-13,EARNINGS,1,0.618916,0.0,Negocios de españoles en México superan 600 mil mdp anuales,edf99a04bb86b63d7801189417a7a9965b3f11c502af230fea3827288e85784d
ORCL,2022-03-16,M&A,1,0.708527,1.0,SaaS customer relationship management (CRM) Market size to grow by USD 44.17 billion | Retail end-users to exhibit maximum demand | Technavio,6ae6c3c13d3b1daa1f9104bf3709a69c7fc4b2f02955230dd5a6cfc3cc510b9a
ORCL,2022-03-17,OTHER,1,1.0,1.0,"Driving a more innovative, sustainable future in Asia Pacific",45840a19735dc708d3534ac814756b3db9a48c2974031bf01142ce2d7382c40e
ORCL,2022-03-18,M&A,1,1.0,0.0,Oracle again extends tender offer for Cerner shares (and maybe this is why),3996e9edb080439a4a7dbf1e79a2e18616ef06c3460177b58324ec47f75bfa3a
ORCL,2022-03-19,M&A,1,0.566255,-1.0,Activists take aim at cloud software after market swoon,13fd7ec299f73e4f1191a724811d5d0803655ecee2ac7fc7ad7e48fe3192c988
ORCL,2022-03-22,MACRO,1,0.615162,1.0,Biden Can Fix the Anti-Worker H-1B Immigration Visa Scam,df04dc73ddf3d5a9fced9b5c66921ce1c0caa41d3ba57c9c76115a9ebb5159c0
ORCL,2022-03-22,PRODUCT,1,0.739645,-1.0,"Walmart Enters the Cloud Wars and Challenges Microsoft, Salesforce, Oracle, and SAP",0f2bfd8ecf9b2c9efb680f9f117e060bdb097d3b7c5d798006e24aa01c12b262
ORCL,2022-03-28,OTHER,1,0.621096,0.0,What’s Changed: 2022 Gartner Magic Quadrant for Analytics and Business Intelligence Platforms,4e3a1d19e6375f32964a980a741f23ca496f3fb79798e1ecef60284e4afe215e
ORCL,2022-03-31,M&A,1,0.594755,0.0,3 Tech Trends Emerge for Investors,d6a83a9003bbf50af006d0c63225e64f88a1daa4073e1feb1a0c20463efe85e3
ORCL,2022-04-01,OTHER,1,1.0,-1.0,"Nigerian firm sues Oracle, demands damages, partnership reinstatement",cad43a49c2f7aa59f37192e85b63c2e8e4ec2e919e114a40ff8e55ddd99e445b
ORCL,2022-04-04,M&A,3,0.6058046666666667,0.3454760445336066,AMD acquires data center chip startup Pensando for $1.9B,f834ac238c604bf737bb569fa6b7071294926ecce1551c83ccc95c393e33386b
ORCL,2022-04-04,OTHER,1,0.635336,1.0,Intuit Inc. stock outperforms competitors on strong trading day,1fcd20edbd061617ba4e78a9121f7a048f1ed41af8355eb7d1eb600d4c950d42
ORCL,2022-04-04,PRODUCT,1,0.550659,0.0,Clean Harbors’ CIO: Hybrid approach to the cloud is a win-win,d4f9bacda7682e349037fbf151ec829f0a04653bf3a4b33f166fce87c55ae051
ORCL,2022-04-05,EARNINGS,1,0.747744,0.0,C3 AI's Ambition: World's Greatest Software,9d6d6d207be6154122735eeaff1d4d5f2aadfa196b1200bc7b0b6f152960b432
ORCL,2022-04-06,OTHER,1,0.603096,1.0,Labeyrie Fine Foods Partners with Rimini Street to Enable the Company’s Digital Evolution,fce57a9ea5afe301c93ccc81a76a0e7b954968d13f4f4bcd0f6310ee2f85b41b
ORCL,2022-04-07,M&A,1,0.825353,0.0,What’s Changed: 2022 Gartner Magic Quadrant for Transportation Management Systems,f64dd27af2d1442ffb63b255b6628663ea793009753d761962bb7d611a49fddb
ORCL,2022-04-08,OTHER,3,0.8671696666666667,0.0,SCM 3: Securitas unifies data across finance and HR with Oracle,787cdb3568b81db90546f9f8371a884dec8482a57d77dd5178e75062c834ea63
ORCL,2022-04-11,OTHER,2,0.72566,1.0,Learning Management System Market Size [2022-2029] | to Reach USD 40.95 Billion and Exhibit a CAGR of 14.2%,3764295cafd7b57aff0ae0b7438a2b8899fe3d06b60a78e1a01b899cd0091788
ORCL,2022-04-12,OTHER,1,1.0,0.0,MU professor says Google v. Oracle case leaves fair use ‘muddy’,858733690ee8bc62a52eabccfd6e018144f0e95531cd701e69231158734e6df1
ORCL,2022-04-15,OTHER,1,1.0,1.0,New Oracle HR tools move employee experience to forefront,09fd292613445ce4e679f48c2654606666aff22db8acdbbbcfebec0bdf8b1387
ORCL,2022-04-18,OTHER,1,0.831107,0.0,Oracle Database 19c on Cisco X210c M6 – WOW!,fe970d9a38f261e5f7ef26fa4df3b692fc2c11fad3f2f0d5ce3f5079b75218db
ORCL,2022-04-18,PRODUCT,1,0.618546,0.0,What is Adobe Experience Cloud? CRM platform overview,367ce6de5f1f5418f2d9f50b07149ad54c23d32ec23a881547692a1c47ade286
ORCL,2022-04-19,MACRO,1,0.610222,0.0,Why dividend ETFs may not be worthwhile,cde72ed33c6c0ff584b0d252cc77ce112081ec3158f35e0af740d1af51264c54
ORCL,2022-04-20,PRODUCT,1,1.0,0.0,Latest Oracle Exadata servers ascend to the cloud,110287ddb7911cb8898c45b71e6dd3d439aa593e303dc40511426c669031b6b9
ORCL,2022-04-22,MACRO,1,0.63575,1.0,CACI Awarded $258 Million Defense Agencies Initiative Contract,f111bf95f84649c8036d9472ee1c26b26b468a13be504a8c3b42e5dd37cb8f2f
ORCL,2022-04-26,M&A,1,0.649462,0.0,OpsLevel Hires New Relic Veteran Todd Osborne to Drive Go-to-Market Strategy,82fa89b00342cd48ac2840a089de06c5779c39a9112bd2c6f462da46018ae591
ORCL,2022-04-28,OTHER,1,0.919165,1.0,Oracle teams with Verizon as it expands global network of industry innovation labs,00fd910f44a37c52e9964ac0a006c1eadda5767018ba1b72c268352b40349bec
ORCL,2022-05-04,OTHER,1,0.716298,0.0,"F1 Boom Lures Amazon, Dell and Oracle Into Tech-Sponsor Race",38b14bef95670f37e004e02aa1b955a510ed6a4af9f7757fc90c2714a405eac8
ORCL,2022-05-04,PRODUCT,1,0.929667,0.0,PUNCH Torino accelerates hydrogen vehicle development using Oracle Cloud Infrastructure for engine design,d17560bf5cc497dc2f11de09bcbf571d052ed36081061f9b7c4dbcb57ecd77b2
ORCL,2022-05-05,M&A,1,0.819225,0.0,"Elon Musk Secures $7.14B in New Financing for Twitter Deal, Holds Talks to Keep Jack Dorsey on Board as Investor",f43214816c4fdbbfe3adab15dfbad81950329683f7f124191ce6a7dbfa348283
ORCL,2022-05-06,PRODUCT,1,0.88681,0.0,Oracle Fusion Cloud provides real-time insights for Williams Companies,38f2cff44eb10408db96eedbb0ef4749bf11b32146cdeb34ae5872bb1f791652
ORCL,2022-05-11,OTHER,1,0.610645,0.0,CISA tells federal agencies to fix actively exploited F5 BIG-IP bug,522ad209a20a26cb0564534e8bec234a802597851e9b88a85e0acc21441332b7
ORCL,2022-05-11,PRODUCT,1,0.835629,0.0,"Google Cloud launches AlloyDB, a PostgreSQL-compatible database for mission-critical workloads",c9764fd32f0479aab67e8e4e257d8288a2a31e212c3e243fccb2a9737d8a1b46
ORCL,2022-05-12,M&A,1,0.629791,1.0,Archer Datacenters Partners with Evoque to Expand Nashville Data Center Campus,a0df51eb6b78883e8571cdc8d64c522f4cf3a24460f6e0973587bba0502517d1
ORCL,2022-05-13,OTHER,1,0.912726,1.0,"Oracle Corp. stock rises Friday, still underperforms market",c30efc1e933e3f18b2bc84c0bad3cf7ea7018fa234217de15de9f85e0809d5d0
ORCL,2022-05-16,GUIDANCE,1,0.801838,0.0,"Treasury and Risk Management Market SWOT Analysis, Share, Challenges, Growth Strategies and Forecast to 2028",b37198ec0e76f38bf3cda11f0d7444f2cfb7407802845231797a22b70189dc3d
ORCL,2022-05-16,OTHER,1,0.617075,0.0,"Uber Eats set to pilot autonomous delivery with robots, cars",179416f84a76110dde53fa87a55008261b1047784895ecf183792bf69854dc79
ORCL,2022-05-17,LEGAL,1,0.926488,0.0,Oracle really does owe HPE $3b after Supreme Court snub,6c0472c78820b8e707aebf06e14911dfc0b1530eca878c283a5f9e0c9519c3b6
ORCL,2022-05-18,OTHER,1,0.649739,1.0,Citrix Systems Inc. stock outperforms market despite losses on the day,f592af3a93fb561cce8467db274f4970c68efb5903b4bb72d6fd77ff8c256752
ORCL,2022-05-19,MACRO,1,1.0,0.0,US company Oracle opens new plant in Morocco,c7f54e8e0982a1af303628a2d02dd62b7b7fb94916440d8491b7db0eb8c2dc96
ORCL,2022-05-20,EARNINGS,1,1.0,0.0,"Accenture, Deloitte, PwC Lead Gartner’s Oracle Cloud Services Magic Quadrant",6230c8d67101c9e3e6ec03a4618f2ea5797bd42ec8336b0dbd26336b20124ef1
ORCL,2022-05-21,OTHER,1,0.636752,1.0,"Digital Marketing Software Market Giants Spending Is Going to Boom | Major Giants IBM, HubSpot, Microsoft",ecc17e8f308aed3ad22247dacbbb6f289705386e4ae4a3662234e6742a3d5c58
ORCL,2022-05-24,M&A,1,1.0,1.0,Exclusive: Oracle to win unconditional EU nod for $28.3 billion Cerner deal,250483edc7882e607fa29e0ac735597d15078a896ce5c9a5ec017c75ca8bdc77
ORCL,2022-05-25,OTHER,1,0.601884,0.0,"ServiceNow procurement software centralizes teams, processes",0872dbc00f777519b9cd02ff89f5fe2a6c15ff874f2adb7f195340fe8cac91d6
ORCL,2022-05-27,M&A,1,0.594892,0.0,Broadcom will tame the VMware beast,c216e4596d772989f3960309d77c84622a27ac93c97301c32d8a93adbde78147
ORCL,2022-06-01,M&A,1,1.0,-1.0,Purchase of Kansas City’s Cerner nears closing as buyer Oracle clears antitrust reviews,c0acecc3a71a4f789f47ce57407b4909af9873c785c91359f1a4028c245cbd9b
ORCL,2022-06-02,MACRO,1,0.619367,0.0,Analyzing the SPY's Recent Options Volume,bb85bd8a6fccbb882496ab7b29d4d4ea83cd60bce3ca2dd649c605f9daa69f3d
ORCL,2022-06-03,EARNINGS,1,0.612768,0.0,MicroStrategy Incorporated Class A (MSTR),b28f27a9511f5e2eaa5cb11cf32140e187f33afe64ef86d542bf9d2a3496e6de
ORCL,2022-06-06,M&A,1,0.636664,0.0,Worthington Industries buys KCK tool company for $55 million,c2cb6b177234660a2f568a9cc8e6c891f018db43f7f97956bd9802efa7fe7696
ORCL,2022-06-07,EARNINGS,1,1.0,0.0,Oracle finalizes deal to buy Cerner for $28.3 billion,b25879760dea0c38ceda6e05bb1a01065711bb106b6ba5cb7b86112ad9de1831
ORCL,2022-06-07,M&A,6,1.0,0.0,Oracle closes $28B deal to buy EHR giant Cerner,cea307b29ec83b5b6d99aa5ceeff00c2ca44bae383743bc2cb6c76cfdc6e6928
ORCL,2022-06-08,M&A,1,1.0,0.0,Oracle closes $28B buy of ‘huge growth engine’ Cerner,776e939a413a941171310c0836d1cfa76c6040b50d520b973772194a5887d3bb
ORCL,2022-06-10,PRODUCT,1,0.807077,0.0,"Gartner®: Magic Quadrant™ for Oracle Cloud Applications Services, Worldwide 2022",6b030a1c600515f6b9e88c55b7af320a30512a07570b05881e18b10deff51b69
ORCL,2022-06-12,EARNINGS,1,1.0,-1.0,Oracle’s Database Dominance Eroded by Rise of Cloud-First Rivals,101d50c586dd1356a6abe0a645c19533a28775887f4bf2cc9f7af248501a066f
ORCL,2022-06-12,OTHER,1,0.639819,0.0,Google Agrees to Pay $118 Million to Settle Pay Discrimination Case (Published 2022),6d4f000ec34ce9ba79f0819dda95282b5145b21fd8952b8ae9ced497ad002794
ORCL,2022-06-13,EARNINGS,1,1.0,1.0,Oracle Sales Top Expectations Against Uncertain Economic Backdrop,d783566c3c78a7a658fe3a930889cc2a267468df7f9c392ed0f80b94c4eed609
ORCL,2022-06-13,OTHER,2,0.7959805,-0.6168172461511305,Oracle women stumble in pay bias suit while Google cuts a deal,6352ef8719c3d80c2d78998070fa79cf9bcf915c05cce86ef078fac6783a0d54
ORCL,2022-06-14,MACRO,1,0.607371,0.0,Caterpillar headquarters leaving Illinois after nearly 100 years,fb812106540e7afaecadb85f2d14e2eec655cfd7e7e1a29095f55a73f1854c4b
ORCL,2022-06-14,OTHER,1,0.90378,-1.0,Jury orders HPE to pay $30 million to Oracle for copyright infringement,833e952f16f33f15aa8e36b0f720a97c80d00c0a4b786c61eaabb1b70277deff
ORCL,2022-06-15,MACRO,2,0.632598,0.0,Caterpillar Moving Its Headquarters to Texas from Illinois,bcbbbfbeb1be32b34556751a37e2a805cdc0f6ebb209380f1cb67aa1099ef467
ORCL,2022-06-16,OTHER,1,0.643505,1.0,Reddit and DoubleVerify Announce Partnership to Empower Advertisers With Full Suite Third-Party Ad Measurement Tools,0cc9deaebecb44bd91af4781b6f13b36b70bda8030344afd24725ed3af0aed88
ORCL,2022-06-17,OTHER,3,1.0,0.0,TikTok moves U.S. user data to Oracle servers,798dd19e8f1fc4ecad6fa74e814d99702e5932a239b068b0935b096bd5c72c45
ORCL,2022-06-17,PRODUCT,1,1.0,0.0,TikTok Says All Data for U.S. Users Now Routed to Oracle Cloud,7bbf6295bba1c6c2e137d0a0ad70f3e7263991914aa4660f52f631b3872de814
ORCL,2022-06-21,EARNINGS,1,0.624143,-1.0,DocuSign CEO Dan Springer resigns amid slower growth,bcb46da9739a6f3864a91e0298bba69a79e2c084c163aa8589e8680c69a7bf23
ORCL,2022-06-21,PRODUCT,1,1.0,0.0,Oracle introduces lower-cost version of its full on-premises cloud stack,b832f1748ae4001a114c355ca552fc131e7e55228a3a850829f96a1c2b9d089c
ORCL,2022-06-23,OTHER,1,0.929179,0.0,"Billionaire Larry Ellison, among world’s richest people, bought Florida estate for $173 million",53110adb826de5e26d451a309fa5eda73b2febdfad52b6cad6a6683120c247e6
ORCL,2022-06-28,OTHER,1,0.575659,0.0,Why treasury automation is a must,e41ad679f3b47a8caccaeaeef583a52f2d2a3f5f5b02c6b7e2ca5786f9fd2e96
ORCL,2022-06-29,M&A,1,0.616705,0.0,Statement on Unilever’s sale of Ben & Jerry’s interests in apartheid Israel,81b15d57481785d7990101cfd7de89d056a3fd06f5a7b43efdd9ea9c002e7b25
ORCL,2022-06-29,PRODUCT,1,0.595151,0.0,HPE Is The First Big OEM To Adopt Ampere Computing Arm Chips,486d8a64dd2689b18bc9dcc55fcf14f6d41ed148a91a0ce6b848f53c480926f8
TSLA,2022-01-02,EARNINGS,1,1.0,1.0,"Tesla Smashes Delivery Record with 308,600 Cars in Final Quarter",d71497163956c7f73e8470af2a8ba595f8d9d57e2901b539e31e21f95baafc7b
TSLA,2022-01-03,EARNINGS,3,0.8711889999999999,0.765237700047483,Tesla surmounts supply chain woes with blockbuster Q4 deliveries,0884baa5a1f2a59ee084df425974cf65971b650b9611457d743ca1b19a5a18cb
TSLA,2022-01-04,EARNINGS,1,0.618441,1.0,Toyota Overtakes GM as Bestselling Auto Maker in U.S.,c705c1e1f7180b0bd0c656130298daba02f7fe622c4e469562781802cda3b06f
TSLA,2022-01-04,M&A,2,0.613733,1.0,Setting Sights on Third-Gen Semiconductor Auto Power Modules! Diodes and Sentec Establish Joint Venture “DiodSent” - EnergyTrend,7212e0764ca56db1a5f29f0d31ce0c87b51af9d9494cf8f21a7421dc483d4fd3
TSLA,2022-01-04,OTHER,2,0.8053585,0.0,Explainer: How Tesla weathered global supply chain issues that knocked rivals,5c7b2bfed27cb6748ab519b341eb2c595be0bbc1efdd38622b8ee902e438b9b4
TSLA,2022-01-05,ANALYST_RATING,1,0.638508,0.0,"EXCLUSIVE Walmart arm did not deliberately remove Xinjiang goods, China exec tells analysts",9ae74b80bd891b559d1e6d040b404d5a9d6b9f499d28662a0c146cd30e7767a3
TSLA,2022-01-05,EARNINGS,1,0.578129,-1.0,U.S. Ford Motor Company Sales Down 17 Percent In December 2021,3a5423d4261548f6d0164b7dbc7ade779900b2cfc5622d3e19bf13b36fe316d7
TSLA,2022-01-05,OTHER,3,0.6117643333333334,0.0,Amazon makes deal with Stellantis for electric delivery vehicles,ac290343cd2cdced6389e23134cfc8edfb1b9ec129766d8d981bc0dd11551bd8
TSLA,2022-01-05,PRODUCT,1,0.600364,1.0,"Volvo, Honda, Renault Sign Chip Deals with Qualcomm",26c2743274f227e5bfe9a3b51670302fbb276fd83409e7f8a94fba695fb662a4
TSLA,2022-01-06,LEGAL,1,1.0,-1.0,Nikola Motors drops its $2 billion lawsuit against Tesla,b38132f1f11d2756b522b675782422c32894b5002099fdeea6ddc93e141a9e9b
TSLA,2022-01-06,MACRO,1,0.648453,-1.0,"Why Shares of ARK Innovation ETF, Affirm, Upstart, and SoFi Struggled This Week",44ba2924a1cec2ae20b536522331bb824dcede5baad781338304a7c69f6f760b
TSLA,2022-01-06,OTHER,2,0.6277904999999999,0.0,China's Top Virtual Influencers on Social Media,108192fa8d085db753c14ce43104cbd46dadd45b44b66c5570a4ece2220ddd2a
TSLA,2022-01-07,MACRO,1,0.829306,0.0,"Disruptive Growth Will Require Patience, but Potential Rewards Lurk",23dd581fcc4d4acfe1c036a61a3edae20caeec880f3e035ee55dbf117953a632
TSLA,2022-01-07,OTHER,4,0.621992,0.0,John Deere Announces Farmer-Free Autonomous Tractor,23bc414fb34e48a44a7274620e3f3ac1c6384f8dd971a8b7bd72752688df56a9
TSLA,2022-01-10,OTHER,2,0.6140805,0.527280218147295,Hesai Technology showcased new automotive-grade hybrid solid-state Lidar AT128,07a378fdd924649b2ef3e567b2e97fdb0c42e877c5e6081a344ead24ce81e4f4
TSLA,2022-01-12,EARNINGS,1,0.72584,-1.0,Cathie Wood's Ark portfolio is headed for a shipwreck — and plunging tech stocks aren't even the worst of it,cf718c215adb68eaa88763d300e3c6d126d83ec71bb34a1482e7d8616349ac0d
TSLA,2022-01-12,PRODUCT,1,0.630786,0.0,Blink Charging Launches Seven Next-Generation EV Charging Products,c5be49d2c0dda166c75af96d82c31b56d49f19365cd06badb5210f488172fef8
TSLA,2022-01-13,OTHER,1,0.635203,-1.0,Here’s Why the UPRO and TQQQ Stock Prices Fell 50.1% Premarket Despite Calm Markets,eb196c80ffb4baf09693e90eff123b9c64331f74627a7b9f983c605a521eae00
TSLA,2022-01-14,M&A,1,0.544439,0.0,"As Stellantis turns 1, automaker faces two paths",4b5584e5cfdc07b53949f2d6d52ff040f30a737fa21b26dcba926b1ca7e4fa1b
TSLA,2022-01-14,OTHER,3,0.7462776666666667,0.7258830828382465,Tesla Megapacks storage facility will provide backup power while reducing reliance on fossil fuels in Houston,a68831a38c52860d3995cdac019ee31c64cc5a00e341d31b2f6ddcbc25bb594b
TSLA,2022-01-16,MACRO,1,0.764715,0.0,China to End EV Subsidies After 30% Cut in 2022,31550f77fe30d25e50e4272fab9b61258bbd0b2c742537862a3386ef3ae59ca7
TSLA,2022-01-17,MACRO,1,1.0,0.0,"As India waffles on terms for Tesla, several states woo Musk",7ff4d196f815882fbc93c173f4fa17832cd288bb31d1326c4bbd045fc51a6f17
TSLA,2022-01-17,OTHER,1,0.887007,0.0,Do Electric Vehicles Have Transmissions?,2806fcee6025f08e0c55df14fb00116b1ac27baf7c253d10ed542846057fbe60
TSLA,2022-01-18,OTHER,1,0.6483,0.0,"Biden's green agenda requires batteries, but building them is dirty business",96aee4ce6fb9e9bdba004115a3450175941e81dc3256089f2d3e80fd5f6ee848
TSLA,2022-01-19,EARNINGS,1,0.615537,1.0,Electra Battery Materials (ELBM) - European Expansion a Possibility,f163d28b83e6449c3cd60cff2178a56e099cc68814f1a2e2bef8a5a012d8da01
TSLA,2022-01-19,OTHER,1,0.570879,0.0,About,749566827a0bf1832d946c0eca694eab432ce2fe4c19560e7c3adb8b21736206
TSLA,2022-01-20,OTHER,2,0.7752465,-0.39314785684295256,TrueCar (TRUE) Founder's New Venture Will Get You a Tesla (TSLA) in 10 Minutes,436eaf96d2af388bc6d7dc7d23928c8cff5153a38728287c5d85511c42964fe2
TSLA,2022-01-21,MACRO,1,0.641936,1.0,"Electric Vehicle Market In India To Get A New Player Soon, FedEx Arm Starts Trials In Bangalore",cbcb28dd3b442cfa77aadce8c5d856076402cb7158f05cd395439f5b90a34fcd
TSLA,2022-01-21,OTHER,2,0.620539,0.0,Accelerating EV Charging Installations,6e42bae43d8b4e2fc156e3b22b9430569a89f2bdaf2c96542d77d26eec4483a3
TSLA,2022-01-22,EARNINGS,1,0.612067,0.0,"Behind GM, Ford’s aggressive new electric vehicle strategy is old-time financing: Cash",780622f4e59769de5cea1439c708557abbb8a4e24b45b29de3810357b03e7b39
TSLA,2022-01-24,MACRO,1,0.646644,1.0,Warren Buffett has nearly caught up with Cathie Wood after the tech-stock guru vastly outperformed him in 2020,4ca3a89f8ca8b58f37e5fe73477eab53f74ddbe0b24dcc25984ac5e6fd1dd547
TSLA,2022-01-24,OTHER,1,0.630553,1.0,CES 2022 Recap: Tech Becoming More Accessible and Interoperable,805898f51ce7aa289a157eba1548c01c39ba5d736e2e465919e44e2b3a624fa7
TSLA,2022-01-25,MACRO,2,0.7252485,0.5995979309160929,GM to spend $6.6 billion on EV plant investments in bid to dethrone Tesla in electric car sales by 2025,e6c90a85ee1c8b11a8a1dcf0ea92cc0115d151042b352fa604f0640c85863471
TSLA,2022-01-25,OTHER,1,0.647796,-1.0,"Elevated by institutional demand, crypto mining firms slide into public markets",2bc5b899e59c9aa98935763fe86214471eca7a51861b74add4a2e960d751d42d
TSLA,2022-01-26,EARNINGS,2,1.0,-1.0,"Tesla beats on earnings and revenue, says supply chain issues were 'main limiting factor'",cd47e0b481a4564c5260ec145f3db8cc4f77f7d2dce7144d1387cbbe0f2054c0
TSLA,2022-01-26,MACRO,1,0.948365,0.0,"In the Automotive Future, China Means Everything. Get Used To It.",95f0fbc4b12c0d0e98b587ae10f327bce06cdc7b1dd09ce745b07ef9805d8aca
TSLA,2022-01-26,OTHER,1,0.64974,0.0,"General Motors plans 8,000 new tech hires to power EV goals",55779157e0c07438b8da703fcec73821bddb43eed2690395ffca0cbc13a23557
TSLA,2022-01-27,EARNINGS,3,0.96432,-1.0,Tesla won't roll out new models in 2022 because of chip shortages,5ded56e3a7ddd4d2a80cba716f2edada5aad867805dcd5c453a41d87425075a3
TSLA,2022-01-27,MACRO,1,0.73852,1.0,Jim Cramer says the SARK ETF is trying to benefit from the struggles of high-growth stocks,ecc058d4a2731b648ae7f585bc11a24dc846e4dd614957289896ed811da8c47a
TSLA,2022-01-28,EARNINGS,1,0.926527,1.0,Cathie Wood's ARK buys the dip in Tesla shares after months of selling,097e6a19cadc6339c9613e1766da66d6c0e956657d1dcbabe618b421d8bf24d6
TSLA,2022-01-28,OTHER,1,0.701548,0.0,"General Motors Wants to Hire 8,000 Highly Skilled Workers, Technologists",bb4be91cf67225d1a9cb7c1530dc14d8abb5c2ec9a8820672d76aa0861b8cbed
TSLA,2022-01-31,OTHER,1,0.649123,0.0,Nio Is on a Battery Swap Station Building Spree,9d62e4ccfb5651d0d4dc7cb0a5028cfb974f7e0f38c4da5e7fcf028ba6c2d2b3
TSLA,2022-02-01,EARNINGS,1,1.0,0.0,Tesla agrees to disable self-driving feature that runs stop signs,62e712b474e4398478b930cf01011a2aa9df72488901f80e9ce02154776b8695
TSLA,2022-02-01,OTHER,2,0.8516945,-0.5870649628475938,"Tesla recalls nearly 54,000 vehicles that may disobey stop signs",6f975060fe0982d0b27a93fb8d39466f82045d9f5803d7731d7935ac437cc805
TSLA,2022-02-02,MACRO,1,0.616077,1.0,"Robots marched on in 2021, with record orders by North American firms",e6f4e28372ef5839b21e9c35330d25c2fddadcdfbeab824bf249da30318c4940
TSLA,2022-02-03,EARNINGS,1,0.646959,0.0,TMUS Stock: 9 Reasons Why T-Mobile Investors Are Dialing Up Gains Today,723bddb73e5426934efe0a50ebd5a901783a4b07dc8a3f8c5b1bfe6c90f2314f
TSLA,2022-02-03,OTHER,2,0.800558,-0.6245643663544678,Former Tesla worker sues company alleging abuse ‘reminiscent of the Jim Crow Era’,bc6217031672556c4f68c6281f51a97ef913b4f062b3692a43f8adaca8017356
TSLA,2022-02-04,EARNINGS,2,0.631669,-0.508946932649853,General Motors (GM) Option Traders See Downside,4abf26990faf7f6584202a142e3d897cb7804ee7c34437d5b9c6f8ba22a506ae
TSLA,2022-02-04,MANAGEMENT,1,0.747207,0.0,Hertz names ex-Goldman finance chief Stephen Scherr as CEO,87f151314e6788d487665b9c121bb2396cb03c156b20cf2ef74123bfd391e2aa
TSLA,2022-02-07,EARNINGS,1,1.0,1.0,"Tesla Q4 2021 Report Shows Major Year-to-Year Increases, Stable Growth in Solar",54d43c6d646fb43c4477f7591bf5b28e4fa7fe537a366b40a061146084e7d77c
TSLA,2022-02-07,MACRO,1,1.0,0.0,Tesla charges up matching contribution for 401(k) plan,79e198d7af820fe1e70707bcf36780cc0beeb0793c5429db6502911aef12bf12
TSLA,2022-02-07,REGULATORY,1,1.0,-1.0,Tesla says the SEC delivered another subpoena in ongoing conflict over Musk tweets,777a61a9cf837fbc29af7afc78b24e3201a74984b3351853f2b7318cd16a34d9
TSLA,2022-02-08,EARNINGS,1,1.0,0.0,Tesla (TSLA) Reports Almost $2B Worth of Bitcoin Holdings in 2021,f55927e90fd20d77156ec3c87aefa608dffc252d0520f1993d0dafc2c584a5a2
TSLA,2022-02-08,M&A,1,0.608884,0.0,The biggest chip merger ever is dead. Here's why Nvidia dropped its bid for Arm and what's next.,8b5ba91ac58a0b4c8b26d09ced9d45005af0bb0459c34911279218ad6464dd2e
TSLA,2022-02-08,OTHER,1,0.59358,0.0,Ferrari takes Qualcomm on board to tackle digitalisation,7932a509ae7e4c0ba1a0db238b75cd102b2a2438527e14dff192fbc6fe00603a
TSLA,2022-02-09,M&A,1,0.604787,0.0,"We should never have sold Arm in the first place, says ALEX BRUMMER",79a6874b8a5f0ba89a700114b59cdde27a64c508ce3f854b4a9696e2b25ab8cf
TSLA,2022-02-10,EARNINGS,2,0.9458905,0.0,"Tesla's Bitcoin Investment Hits Nearly $2 Billion—Here's How That Compares To Billionaire Novogratz's Galaxy, Dorsey's Square And More",41aae9e48f0775e2ae7be788ffde59c9a6ca855e6363ddb188171783380007ac
TSLA,2022-02-10,MACRO,2,0.80501,-0.24222059353299957,"California sues Tesla for alleged discrimination, racial slurs at plant",1eab34133dbb59feb453cb9d81b9bde05cec386dac529c459fe2d78a4c583539
TSLA,2022-02-10,OTHER,4,0.8174495,-0.3435790223126933,"Tesla recalls over 500,000 U.S. vehicles to fix pedestrian warning sounds",7955051e23171484f8f9484f8640d139463fb535e09e29478b9914d7e6d67112
TSLA,2022-02-14,OTHER,3,0.8287056666666667,-0.5977663159054863,Tesla Stock vs. Alphabet Stock: Which Is the Better Buy Today?,0ac694397ce695f0eca37107c2274d5b73892369efe5c259124a67b011639c1b
TSLA,2022-02-15,OTHER,1,0.994937,-1.0,South Korea probes Tesla on suspicion of exaggerating mileage,881f596c1f47b595bf0e9458e91c6a800135bb6af37b11374eb66275250ae669
TSLA,2022-02-16,OTHER,1,0.718071,0.0,"Jaguar Land Rover, Nvidia ally in vehicle software arms race",45b5d7678883535db64b8a8dc11a80b872484bdb7a9f3540cf5da45915d81084
TSLA,2022-02-17,OTHER,2,1.0,-1.0,Tesla Falls in Consumer Reports Ranking After Design Changes,c79af100ad0d8fb06753bc602742301fa51e81875c929ab40a817bee7d6b2dff
TSLA,2022-02-17,REGULATORY,1,1.0,-1.0,"Elon Musk, Tesla attack SEC for 'unrelenting' harassment",212076b9750cad21d562ecc49d4cfe542eba1e783732d1d2ec8bc551660b3b17
TSLA,2022-02-18,MACRO,2,0.655057,-0.45990959565350803,Sustainable Funds Landscape - Highlights and Observations,1444444ba374df6ed15ec0608b48d147ad2dfc2bd70832dc6b3563de7610deb4
TSLA,2022-02-18,PRODUCT,1,0.749312,0.0,China’s Baidu Launches Self-Driving Taxis in Densely Populated Shenzhen,ca4497361d2bbc0d57fcb99206c5d254d6d7e9565d643ece570ce04a2e9b7d69
TSLA,2022-02-21,OTHER,1,0.900811,1.0,Best Electric Vehicle of 2022,de92b5cba1bc6834aad8acabb6c84cef0b894dec3057605acab7d15bfdeaa036
TSLA,2022-02-22,MANAGEMENT,1,0.624901,0.0,Update: Envirotech Vehicles Picks Osceola for First US Facility,ad86db776eb559f89c3ee84adeff0fe17f469c2532c40109e1a7093339d3fd81
TSLA,2022-02-23,EARNINGS,1,0.718615,0.0,"Cathie Wood’s ARK bet $400 million on 6 stocks this month, and it’s a disaster",9046cb1d797d2e686e540bcb3760e23250f9a21f3d310cfec3e104e5860af6fb
TSLA,2022-02-23,MACRO,1,0.557293,1.0,DoD Awards $35 Million to MP Materials to Build U.S. Heavy Rare Earth Separation Capacity,e8d4f8267a1c243172843ab1423d1189e8a683ac8c06c5f15fe8ea99397cbc37
TSLA,2022-02-24,MACRO,1,1.0,0.0,Tesla: We’ll open our charging network for federal cash,cd7ca2c012516ec3d5c0d6ecb0c9491fd7a96d58fcdc29c0831fff1f2cd374db
TSLA,2022-02-24,OTHER,1,0.636575,-1.0,U.S. safety agency probes 1.7 million Hondas after braking complaints,16fadaf3c9eccffb4639d5a4b7ce0a2c4e92665787f1ff70b378cf22bf1810cd
TSLA,2022-02-24,REGULATORY,1,1.0,-1.0,SEC probes Elon Musk and his brother Kimbal over stock sales,5ee8eaa27a1e2560dea15ad1f6eda9793e2be76fd3bd23d146645d7db7dcaa36
TSLA,2022-02-27,EARNINGS,1,0.620887,0.0,Here’s How Investors Are Positioned in the Options Market Ahead of Lucid Group’s Q4 2021 Earnings,1d9bcd4669f3fece72d0ab0dbfc732118b2e13bdac52b82eb1cd905fbbbaa8f9
TSLA,2022-02-27,MACRO,1,0.569812,0.0,Consumers Energy to install 200 electric vehicle chargers by the end of 2023,4fca73f757e4f76947803e551ad62c05411bf771c6de5d54844d8b3197a88299
TSLA,2022-02-28,OTHER,2,0.786104,0.0,Panasonic to begin mass producing new Tesla battery by end-March 2024,9f1f03e60502d94c30c5b116b3817f553fd2aaf404ba1b9f770bd2b5dece07b4
TSLA,2022-03-01,EARNINGS,1,0.628617,-1.0,Lucid Air production cut deflates company's valuation by billions,bb917ecdca8d201fc9aca906c1c2c6eedbef89407a1ffe8d3213e3adaa225f7c
TSLA,2022-03-01,OTHER,1,0.628435,0.0,What It Cost to Outfit 6 Homes With EV Chargers,5a7533c5ad49e3a7fe88e197577bc65d0a8ecc4bf622e47ee577f22b98ec9f66
TSLA,2022-03-02,EARNINGS,1,0.715739,0.0,"EXCLUSIVE Ford set to announce plans to run EV, ICE as separate businesses -sources",fce75c4f5da9713f9485bb503bbd7d4f2f07491a2dc1fa11c82edb5cadee0c67
TSLA,2022-03-02,M&A,1,0.634252,0.0,Focus: Big U.S. auto dealers bet billions against the death of the dealership,58b7bba219f1de3b43bc2f48eef3c5dbfeb6464c4b777b904e8ceb7c4f3dc4ea
TSLA,2022-03-02,MACRO,1,0.794014,0.0,Is ARK Innovation a Growth Fund or a Value Fund?,7c2ba60a764f6cbe76f8422d4ee2083553f5a6d29deff252505f5f67814d2b97
TSLA,2022-03-02,OTHER,3,0.637571,0.0,Ford reveals radical plan to restructure automaker into three business units,a026d2abf446886d37bf470e533b984e8b865b4c125f622fe769da99169428e8
TSLA,2022-03-03,MACRO,1,0.629343,0.0,Grupo México de Larrea y Telesites de Slim impulsan cierre ganador de la BMV,2294432625a559c7d4dc3043db1053e8da7305a3c1dfc50e1bf0300c3e01d7d2
TSLA,2022-03-03,OTHER,1,0.592785,0.0,General Motors Announces Jeffrey Morrison to Lead Global Purchasing and Supply Chain,745873813cd7ab35a669a5e761b19ac22d2a6eaba6f1028cc58670d4dde56adf
TSLA,2022-03-04,MACRO,1,0.727959,0.0,"Emerson Expands In Round Rock, CyberLandr Moves To Austin",2d47fbf4ccbe2ca237738d609fc5b3cebfc2cb428c94ee81677638a7996f4e5b
TSLA,2022-03-04,OTHER,1,0.729465,1.0,"Ford's plan to cut $3B in waste will funnel money from gas vehicles to fund electric, tech",a9240a554da51b996f13f9c6027efebb7ea2288ebbc2d9b2ad42fe9900dbb5af
TSLA,2022-03-07,OTHER,2,0.7755655,0.0,Ford finally makes use of denying Tesla its ‘Model E',aabcee73e06a918857d4535a3a821283da2adb907756f6e5b2a456170140597d
TSLA,2022-03-08,MACRO,1,1.0,0.0,Tesla fights shareholder push to ditch carbon-rich crypto,0a9df6f49d2431ad8ffc363f97d697f45c2a947bebf141a7447fed20a766dfc6
TSLA,2022-03-08,OTHER,1,0.557783,0.0,"General Motors, PG&E pilot vehicle-to-home technology",402274a8d8a608b7eaddf9f35602900c586269a0509f03e2d807e1a62bf7d199
TSLA,2022-03-09,OTHER,3,0.5880043333333332,0.0,Why Hasn’t Cathie Wood’s ARK Fund Invested in Quantum Computing or Quantum Technologies?,e77551cdd6ba2663a72e980d5269c9a2fc1124db8948b70d91f8e09780aad0d6
TSLA,2022-03-09,REGULATORY,1,1.0,-1.0,"Tesla's Musk seeks to end SEC muzzle on tweets, could face uphill battle",431f3997ff78d4a49441d0a19869d8c7a4d5981b75ad74de95711ef423025708
TSLA,2022-03-10,EARNINGS,2,0.650709,0.0,Amazon announces 20-for-1 stock split,ff4b62825f9c4c60f14c432340e2169659fba05369e33ab71e35973771b315a5
TSLA,2022-03-10,M&A,1,0.645197,0.0,ANZ Petroleum Brings 7-Eleven Store Format to New England,d7f3ca0ff33c98388ee03389f6989b272d9e71bd2ff3821b337c16bb523f5f13
TSLA,2022-03-10,MANAGEMENT,1,0.641573,0.0,BNY Mellon taps next CEO,ba61828fbdc185d29c81f07473197770f7396a2ee946c2d66390fc146a3ec09b
TSLA,2022-03-10,OTHER,1,0.601388,1.0,"Amazon surges as stock split, buyback excite investors",549673d286ca86454737a8b96b4ec6fd2689dfa71c1ca039f5404de0be1ca3cc
TSLA,2022-03-11,MACRO,1,0.715455,0.0,Focus: Rental car giants embark on electric after pandemic bonanza,678a6efb28ab36d9eb3008c62fbc5b1929cdd7420a96d0af8c3c75472a8182d7
TSLA,2022-03-11,OTHER,1,0.585736,1.0,CERAWEEK PG&E partners with Ford Motor on bidirectional EV charging,92b51edd57226e9c678ccc56919ffe0354b3728d95d9721776d79ea4dffc43fc
TSLA,2022-03-14,MACRO,1,0.626376,0.0,Investors Are Standing by Cathie Wood Even As Short-ARK ETF Booms,508a1f9b5e3b962a8a8845fc32c20fad1e941bb330d4c0458284092933fd6e59
TSLA,2022-03-14,OTHER,1,0.841253,0.0,How to Buy an EV That Isn’t Sold in Your State,08fab173f3dfe24704ed968f2756543d310e5918dc979db3cdbd52e07396feca
TSLA,2022-03-15,ANALYST_RATING,1,0.852143,0.0,"The Zacks Analyst Blog Highlights Chevron, Exxon Mobil, Tesla, Target Corp, and Marriott International",e8983e8fd41a56efa5679504558319ec8536f8491d5a55e5359d35995bffed94
TSLA,2022-03-15,MACRO,1,1.0,-1.0,Tesla raises prices for second time in days on rising costs,bd77479b29f14a5f09523741809ed0b4971f54ef170d2e6ffeec40301889c40d
TSLA,2022-03-16,OTHER,2,0.778341,0.0,"Musk’s Starlink Brings Internet to Ukraine, and Attention to a New Space Race",be70941a1bc83181f8d532c9c5afdf74b2aa52ee2ebfbc2b5c2ce2785f9013f9
TSLA,2022-03-17,EARNINGS,1,0.740201,0.0,"Annual Truck, RV & Car Warranty Trends, 17 March 2022",4202325309b2bf7a49229de1c29c410309244a229755c8e257f10810c19e0dab
TSLA,2022-03-17,OTHER,3,0.7710436666666668,0.2894466418028205,Musk Spared From Testifying in Tesla Autopilot Crash Suit,de5e207b10cc34e4105c65c53e1ba89f7f158320b2b1cfd6b907856cf0c19bb3
TSLA,2022-03-21,MACRO,1,0.841548,0.0,Billionaires Elon Musk and Michael Saylor: Dump the Dollar and Buy Physical Things,359eef9d50a312aa656e17e83e15b973abcfdeaa00cc9f56b1c9c95a40e1ca73
TSLA,2022-03-23,MACRO,1,0.626665,1.0,Li Auto to raise price of Li ONE from April 1,99853518bad0af90d30f150c1cd9fc8131e7447d8d1a9e3b29f747cf2b2d02ae
TSLA,2022-03-23,OTHER,1,0.93925,0.0,Hertz adds Tesla's Model Y to its EV fleet,93e0f864d0bbe50b16fd045769e01a25735039c4db37bb2e28a3d13b786bf804
TSLA,2022-03-24,MACRO,1,0.626626,-1.0,HP finance manager went on $5m personal spending spree with company card,36c4ba396dce3866839fceb0b14e445cd8f9d56009857ccec7ad5cc404203b07
TSLA,2022-03-24,OTHER,1,0.649712,0.0,POSCO Holdings Inc. Invests U$839 million in Lithium business in Argentina,3bcbf44d28571fd7d20d4e2eae640840fb976248153e84a2979eed6e92e6bf5e
TSLA,2022-03-28,EARNINGS,1,0.575865,1.0,"XPILOT 4.0 will ""boast a clear next-generation leap"" against rivals, Xpeng CEO says",7b3b240565274f0d06ad90a0601165e3824592fb3f979ee7716f8c6213f03ce1
TSLA,2022-03-28,OTHER,2,0.614101,0.4955683185664899,"Toyota, Aurora Test-Drive Autonomous Ride-Hailing Fleet In Texas",0106b79a593201f6100e9fd3604f9415ece0e17ef3e13220450112936b1df7d5
TSLA,2022-03-29,OTHER,1,0.599121,0.0,"Lotus Electric SUV Is a Lean, Mean, China-Made Driving Machine",f437d94bac856cbbe6f58430adcf93dba3f9ae1d6406f72fae4ad98829701f1a
TSLA,2022-03-30,M&A,1,0.925625,-1.0,How Tesla dropped to fourth in U.S. solar market share while Freedom Forever gained,f3bd1ee146b442090492cd751d06842034e4239ff2cf9346fa2948fca695427c
TSLA,2022-03-30,MACRO,1,0.614832,0.0,Move Electric Awards 2022 E-Leader of the Year: Graeme Cooper,750252ec6889da4caef083570d97a09bb563760b2d33a664fafade3c3efb5c51
TSLA,2022-03-30,OTHER,1,0.833132,1.0,"Sunrun stays atop US residential solar market in 2021, Tesla out of top three",c9b02c01f5c04626f4dff7a43f487f253b05b746ebe4c53b15f920d5d90d22af
TSLA,2022-03-31,MACRO,1,0.951782,-1.0,The Unintended Consequences of Taxing Unrealized Capital Gains,668129e92e0f222b2537e999b3de893ccc8e400164368931804ec0a780a0236e
TSLA,2022-03-31,OTHER,3,0.8394153333333333,-0.24267565599230576,Focus: Build or buy? Automakers chasing Tesla rethink dependence on suppliers,6399b6d518fd93cea6d68f0ef612693f49a94c12a8dc18825da7be046c4837d9
TSLA,2022-03-31,PRODUCT,1,0.818867,-1.0,How VW plans to slash production time at new plant in Germany,3b6ca14aeee5c06ce47ff71fb7db7de87e6d1950928573fec147c49e0f30cc5e
TSLA,2022-04-01,EARNINGS,1,0.608624,-1.0,G.M.’s and Toyota’s U.S. first-quarter sales fell sharply as a chip shortage persisted.,c221bf954e7bf8cb2eccde9e55eba6ba1687b5be9d2af857f640b81d0c32efe4
TSLA,2022-04-01,M&A,1,0.615158,0.0,Samsung Asset Management gets 20% equity stake in Amplify,b576b05db1393bb5014b6c185d9093922ee4aa91ef7bf0fbb87e1a73948dacfd
TSLA,2022-04-01,MACRO,1,0.601316,0.0,"Tech firm Applied Materials considers Hutto for $2.4 billion facility, hundreds of jobs",1d59ad2136ce2614638cb1f3941a5fa37a5b802ad409a10c0bdbc62507b1ca76
TSLA,2022-04-01,OTHER,1,0.624842,1.0,California approves $11.7M vehicle-to-grid pilots in PG&E footprint,8f5580106a9397fc3b4086b049bb23d1c8cd8bb4450f6fec065b890ec760dd6f
TSLA,2022-04-02,EARNINGS,1,0.979739,1.0,"Tesla delivers record 310,048 vehicles globally in 'exceptionally difficult' Q1, Elon Musk says",12291e39ff739a872c4201905fdc788b15f50b0510b7a7b098b711e8dc886b98
TSLA,2022-04-04,OTHER,3,0.8729706666666667,-0.381837954081695,"Tesla's factory opening is expected to draw thousands, so Del Valle is closing schools early",5adb2f0b84ff18ea4f8104c8e79527463f6f207a620e224964038cb47cd1550e
TSLA,2022-04-05,M&A,1,0.933312,0.0,Opinion: Twitter put Elon Musk on the board so he wouldn’t pull another Tesla,5a8c102442009145e74a5ac585a65c05db6c8b20f4db9594520ea9d9d773fa31
TSLA,2022-04-05,MACRO,2,0.612357,0.0,3 Reasons Why People Are Adding Digital Assets Exposure,895ec0c2c52818dd83dd079931e6332ccf3385748b0a1deac9ff741b54f897f7
TSLA,2022-04-05,OTHER,6,0.6587155,0.1588240041919969,Not just Tesla: Hertz expands EV plan,b4a6d2da4e7e9d3dc70ffebee13ef9fb3ecf661f6ba70f612ccdc1d62acee4d9
TSLA,2022-04-06,EARNINGS,1,0.636097,0.0,Is EVgo Stock a Buy?,eca79d60e758d4feeb6a7186dee713cf347fdbd1836ed505df02fbf2414a6d40
TSLA,2022-04-06,MACRO,1,0.608734,1.0,Global Demand Opens Big Opportunity for Mexico Silver Producers,e71a1f13460c5e1c7e345bda0cbe588a1696941c6f3fdb5c1c834034d1d36eff
TSLA,2022-04-06,OTHER,1,0.62532,0.0,Koch Industries’ Bet on Batteries (Published 2022),8b46028d9c475cf9942ac5b5922c0d041b7e2b1e67be32aaad154b97b37133f5
TSLA,2022-04-07,OTHER,2,0.6405345,0.0,5 Mind-Blowing Features of Lotus’s First Electric SUV,681a0d0ad24fa6a95b07e644108a81aab3cf25d8c15a9944120bfa3a6abd5b4a
TSLA,2022-04-09,PRODUCT,1,0.748957,-1.0,China EV maker Nio suspends production due to supply chain disruptions,ab92ad7ded3a3bf23302df1831cc4dd7a2d306d3e0c086ee0968e9e406aeb1d0
TSLA,2022-04-11,MACRO,1,0.609058,0.0,The Biggest Reveals from Bitcoin 2022,7c03b75f1a316a9f5491f30edb2ae743e27a45402b8823c0fb599cb98e6a5656
TSLA,2022-04-12,OTHER,3,0.6777373333333333,0.318002254560764,Tesla’s world’s largest battery is moving ahead with expansion,7394906c26a627c517f716c291c8955bd9509694c7910d95b8c804c029e5cabc
TSLA,2022-04-13,MACRO,1,0.629904,1.0,"Futu SG (moomoo), the 1st global digital brokerage, offers $0 platform fee*, $0 market data fee, lifetime $0 commission** on US stocks as markets rally despite conflicts and rising inflation - PR Newswire APAC",bd9f2f59d0caff032732f5f6942b4b44026f1b64f94c910ab9fe5dcaa8acbeaa
TSLA,2022-04-13,OTHER,1,0.612468,1.0,2022 Hyundai Ioniq 5 Wins Big at World Car Awards,f5bf18ec17c8d7969c2cd07f3017d29afd2450b1d7c71a145f969694f32e72f7
TSLA,2022-04-13,PRODUCT,1,0.848132,1.0,This Chip Maker Supplies Tesla and Apple. Its Stock Could Get a Boost as Shortages Continue.,85904d6fcb27015ea24a748ab64df89dfcab7c28011b22079b3def1107ba1309
TSLA,2022-04-14,MANAGEMENT,1,0.820231,0.0,"GM CEO Mary Barra talks newest electric vehicle, inflation and competition with Tesla",28c3e5db292950f93c71d1aad846c00d38864db672b6f0beba9de2ef97c25b1e
TSLA,2022-04-14,OTHER,2,0.8217005,-0.6084942141327649,"Judge finds Tesla liable to Black former worker who alleged bias, but slashes payout",ab45f285c8ba53f08cf82e82c2f18e1deabe2efcc7b3c350fbf5320efde22120
TSLA,2022-04-15,OTHER,1,0.645293,0.0,2022 New York Auto Show: Winners and Losers,ebc143216d0402f60eedf60e6bf306627e51088d84e3ed8c114cd8f509ceb372
TSLA,2022-04-17,OTHER,1,1.0,-1.0,"Elon Musk's tweet about taking Tesla private was false, U.S. judge rules",ba63649316b90f565c9fe8507c3654a0e2dca8c14f1aef7bcc7081fea3827161
TSLA,2022-04-18,EARNINGS,1,0.902729,0.0,7 of the Top EV Stocks from the DRIV ETF,4d27693d6660f14eb99d6b7085ddb79bda52a1dafa035c22cfac38551bdec8e6
TSLA,2022-04-18,MACRO,1,0.605181,0.0,The Pioneer of the Modern Workday Overhauls Its Schedule Once Again,1277360de786357a6a9093e503af8f9b7afaa26b929358b768d8edd678234994
TSLA,2022-04-18,MANAGEMENT,1,0.604123,0.0,CEO Steers Electric Truck Startup Rivian Through Supply Chain Twilight Zone,d626ad76c8a44094085711a096b9ee2ec774feaddc605d331383ece918149811
TSLA,2022-04-18,OTHER,3,0.7403526666666668,0.0,NHTSA Opens Two Defect Investigations Into Tesla Autopilot,6504ff3b5857d368508fb3ded86c23851b432a0ad9f641b7a88b9f537d3709fe
TSLA,2022-04-19,MACRO,2,0.9139904999999999,0.0,Tesla vehicles can no longer be bought at the end of their lease,03aa116e5657135ba414654d4d21789db8403f89ede8af60caf0903176966769
TSLA,2022-04-20,EARNINGS,2,0.781845,0.27902589387922155,Elon Musk's Tesla Races Ahead of Rising Costs With Price Hikes,0f6982fb5411603a962a25deebff5ede65d774e52de831fc7c441b7f0d2a7050
TSLA,2022-04-20,MACRO,2,0.595263,0.4634573289453569,New 'black gold' of Alabama to put state on map for automakers |…,fdae7cb0d8ad77e52040427d01fab1ae2356ed4c568ce53e796df30951d0a57c
TSLA,2022-04-20,OTHER,1,0.853049,0.0,Pacific Gas and Electric commissions 182.5 MW Tesla battery energy storage system for substation,91c07c54d770e0219c27f68d964fba366dd06d0b2ea0a3dc00d5194e57693347
TSLA,2022-04-21,EARNINGS,1,0.550263,-1.0,George Soros Losing $1.3 Billion on Electric Vehicles,bb54171ac94634295ea9ca3e4812bd093285e6d5bc32838e7b67d0b067e7f6e9
TSLA,2022-04-21,MACRO,1,0.609106,0.0,NEW: Groundbreaking takes place for $202M graphite processing plant,e06779c0032c41077508436b4879b95c30a251005aa5879371117af92d8b1f3b
TSLA,2022-04-21,OTHER,3,0.7349123333333334,0.0,Here's Why Elon Musk May Start Mining His Own Lithium,0a4af4c23cba96d7855148e838911fb17e20f35d485fc2c6b2fb7758e7fcc556
TSLA,2022-04-22,OTHER,1,1.0,0.0,"Tesla Insurance Adds 3 More States, Plans to be Nationwide This Year",4a3717edf69d0600b0c77b4a84a57e3276016aa528c9dc36844d5a99a339e6fd
TSLA,2022-04-24,M&A,1,0.612783,0.0,"Ferrari looking for partnerships, not mergers: CEO Vigna",5a85b6eb803e8cf278e7132772af4c775d2b0e8240959a441f241f5a4627bd91
TSLA,2022-04-25,EARNINGS,1,0.816422,0.0,An entertainment company is using Twitter Spaces for its next earnings call—with 'Litquidity' as the moderator,6c445687c40af93a917e613f3fe80e0ad96ac4bccfe516d87a2c5307462693c5
TSLA,2022-04-25,M&A,2,0.724596,0.0,Twitter kicks off deal negotiations with Tesla boss Musk: Report,90529d62fd9e169774d79bf58218fd937c3eb387466ee7546cc898f460a8ba50
TSLA,2022-04-25,MACRO,1,1.0,1.0,Tax Breaks Cushion Tesla’s Texas Landing,7fc9837d4b3b0b4e78e705de7499d9df26f35e2692fafbbda765e4665d3f0898
TSLA,2022-04-25,OTHER,1,0.615049,0.0,GM asks suppliers to sign carbon neutrality pledge,e4a4f7cfffbecdf4c9f69b1e67e9137882b99b3639f2fe2e017a9615366e781a
TSLA,2022-04-26,EARNINGS,1,1.0,0.0,"Can Elon Musk Run Tesla, Twitter and SpaceX? We’ll Soon Find Out.",c18a724ea937d73c7769840dffe02793592aeca7af1445fd12d84e34794bf9ea
TSLA,2022-04-26,MACRO,1,0.635191,1.0,"Lucid says Saudi Arabia will purchase up to 100,000 vehicles over 10 years",afaed4fec3691f06952dff8b190982720c3d315fb72ed7382f0c9bb57187ba19
TSLA,2022-04-27,EARNINGS,1,0.626543,-1.0,Ford lost $3.1 billion in the first quarter. (Published 2022),b6266fcfe187c2a240616613ccabd03a051e8f86dca734adef2e9d8b4bc8f769
TSLA,2022-04-27,M&A,3,1.0,-0.6666666666666666,Judge rules for Elon Musk in $13 bln lawsuit over Tesla-SolarCity deal,a8311b02f38558dcc05c40fb4776059e7e034be8462421b79e2f102042815e18
TSLA,2022-04-27,PRODUCT,1,0.617752,0.0,"Invesco launches ETF focused on metals required for electric vehicles, energy transition",7ec520b365d434222d02d0edf0dc6623d6d3a37e84b962bd5a916c67388b4d89
TSLA,2022-04-28,M&A,1,0.731395,0.0,What Elon Musk’s Twitter Takeover Means for Trump’s TRUTH Social,5ced1c21c528d209600c933579a92fbf91830758c971fa5e2cd6610282e22b52
TSLA,2022-04-28,MACRO,1,0.812801,0.0,How to Invest in Lithium in Latin America,5974e547d664fdb15881bb4ce44a76f2494e0f4bdf4c79d05d9fb68fcb7d8833
TSLA,2022-04-28,OTHER,1,1.0,0.0,Tesla Inc: Report on policies and practices to reduce climate-related water risk,824979a84acbfc13fc117eef59b9ed10a15d0b1a29a49d37047caa72c9dce5f7
TSLA,2022-04-29,M&A,2,0.8167599999999999,0.0,Musk sells Tesla shares worth $8.5 billion ahead of Twitter takeover,38fcbf1ab767a66de63e7988eb5bf5f567747dcbc65634c4aa7e3ccc685f425b
TSLA,2022-04-29,OTHER,3,0.7785756666666667,-0.30221682585336385,Tesla’s Ambitions in India Will Test Elon Musk’s Commitment to ‘Free Speech’,e99d795668ded85db61c745a6cfec904a27e42d285c546d5cce4d34c16d63ef0
TSLA,2022-05-01,OTHER,2,0.8534185000000001,0.5858790265268446,"US plug-in vehicle sales hit a record high in Q1, led by Tesla and California",5c6e70cf0faa38451b3adacc6312305ffe132a279ee3273c22908d95e3670fa5
TSLA,2022-05-02,EARNINGS,2,0.8698794999999999,-0.46794527287974946,China’s COVID hard line eats into everything from Teslas to tacos,c54960d12e6b60379a2530651fc299ba1764dc6e3b482d28028981bec8633500
TSLA,2022-05-02,M&A,1,0.705199,0.0,"News | Of HBO’s The Gilded Age, Elon Musk, and the Legacy of Jay Gould",17972724308fd3ed6a6a257a9bca80fa3cbccb34707445d3b1ef8dbf756d7629
TSLA,2022-05-02,OTHER,1,0.711744,0.0,Steer Into the Future with Delphi Technologies by Your Side,0b6d8416c9a39d84dfed876ef7d888b24cc486b5f3ffaf58d10d9e4904d84c6c
TSLA,2022-05-03,MACRO,1,0.582155,0.0,The Politics of Lithium in Mexico: Much Ado About Nothing?,0f8c2bbdc8a58b3e8ee41e8ec1de2bd29611561426aff24bfe0571e8203ee091
TSLA,2022-05-03,OTHER,1,0.648937,0.0,(Crypto) Action! Indie Movie Studio Received $10M in Bitcoin for Shares in October,c52c6598c97eb487be04bb63a8e4763b96b4aafc2bd9db1a1f1c1cf7d221ca06
TSLA,2022-05-04,MACRO,1,0.811743,0.0,"Inside Out: EV’s KARS ETF, TSLA, And NIO",336bbe81d7aa300a3da72e7f0f0a32c0eb7ba657fe3ff1950dac4a96ab8616fa
TSLA,2022-05-05,M&A,3,0.781791,0.3491056646426816,Elon Musk Secures $7.1 Billion in New Financing for Twitter,83ac608766e4014977697cf5bb3f111c5e9148f9977780b3306c7d6662a500e8
TSLA,2022-05-05,MACRO,1,0.609949,0.0,Navigating America’s net-zero frontier: A guide for business leaders,cbf8895931aa39f431f2bfc4f400202848606a564c45061051c81156eb77d928
TSLA,2022-05-05,OTHER,4,0.756097,0.33064540660788233,Report: Tesla adds swiveling screen to yoke-equipped Model S,701a65288b2137135bdb192b3f9394660cf6c85b7c7d5cd1d9b4402b28a7ac69
TSLA,2022-05-06,MACRO,1,1.0,0.0,Tesla will pay travel costs for staff seeking abortion services,e55025e64e1c9de5d6962c806ef995d0ace3e0a9439980fd8611b79c8af234cb
TSLA,2022-05-06,OTHER,2,0.7603125,1.0,Brazil's Vale signs long-term deal to supply Tesla with nickel,fad8ffde5c4331f761ff05c800a2ec7b2fb4a64608e1bca780f90e15ff569ea3
TSLA,2022-05-08,MACRO,1,0.592518,0.0,"3 Surefire Stocks That Can Turn $200,000 Into $1 Million by 2030",3605d7f24b8fc5f81d9ff7baa7fdb25b37a90818df1eb5c4b6d4982be1e5940d
TSLA,2022-05-08,OTHER,1,1.0,0.0,Tesla’s 10-Word Rule Every Employee Has to Follow Is Simply Brilliant,26dd7fa0523957a6dad98dcd8c5f19e38669d0502144486d286130945feac6d0
TSLA,2022-05-09,MACRO,2,0.6539969999999999,0.0,When Momentum Fails,cfb5d22963e2ed1c194d6c8b4b460c67f350d281ff3a8344ffa15551c65c7c8e
TSLA,2022-05-10,M&A,1,1.0,0.0,Elon Musk says Tesla open to buying a mining company,7d9cab4bca58c0b69be7a6e5da67b384f3e877357a3b62f42e06c83c4da60cc3
TSLA,2022-05-10,OTHER,4,0.83192725,-0.30050704553793617,"Tesla recalls 130,000 EVs for touch screen malfunctions",2580e169ece53c337f7daa74d8f745be80b8d4095fe84542aa201672eb0d0898
TSLA,2022-05-10,PRODUCT,1,1.0,-1.0,Tesla halts production in Shanghai over supply issues: Report,e16c3f5f6c38144ac4487fb2224eafb4af3bb924c19d81cdce8b4d7df5322551
TSLA,2022-05-11,M&A,2,0.9731315,-0.5138051743263885,U.S. judge says Musk recklessly tweeted that 'funding secured' for taking Tesla private,5fb4dc3c079b0b813e6ea6a9d83bd29925df7ad3ba45089d697f263cc849328f
TSLA,2022-05-11,MACRO,1,0.887165,0.0,"Mining is key to the energy transition, but it's still unloved",5a921785fd1279abc453bc2377c7d09c18423ff9b9b4143f0415cd7fa5177c4b
TSLA,2022-05-11,OTHER,2,0.8191729999999999,-0.6103716797306552,"Tesla recalls cars for overheating issue—of screens, not battery packs",078ff676902cad276a6366df8904f0a899cfbfc91cd0d8593a9afa20ce5805b8
TSLA,2022-05-12,OTHER,1,0.609866,0.0,Netflix and TikTok Cultures Reveal the Dark Side of Innovation,622702f16db957949e86757c246dcb68c70b5a0a76e288f6803700df60bf6b14
TSLA,2022-05-13,MACRO,1,1.0,-1.0,Exclusive: Tesla puts India entry plan on hold after deadlock on tariffs,ab15e30f5346722e5e10db41d5f96c1cd38eba1eff5b9406f4c00abaad1790cc
TSLA,2022-05-13,OTHER,3,0.6263766666666667,0.0,10 Things You Need To Know About XPeng Motors,91099dc62653394591431497c8fbf51631fdb004bf1b0ede49d0c963d55a9313
TSLA,2022-05-14,OTHER,1,0.934742,0.0,Here's How GM Plans to Knock Tesla Off Its Pedestal,6ff594419e538ddee1607e40479069623c1dd78b52c76032d197668a46fef04c
TSLA,2022-05-15,MACRO,1,0.72929,0.0,꿈을 먹고 자란 주식 '하락'에 베팅했더니…연초 대비 96% 수익률,4aca4869002e76a0ef400a4d729e8e5de3ba8265e3d59858b536fa5baf87881e
TSLA,2022-05-16,MACRO,1,0.989451,1.0,Tesla delays plan to restore Shanghai output to pre-lockdown levels,4a37db3e0f8aed5bcf75ff8d8a43ca59a552e806f291263c9f1470cb14890194
TSLA,2022-05-16,REGULATORY,1,1.0,0.0,"China regulator says Tesla recalling 107,293 China-made Model 3, Model Y vehicles",a537007f6c14ece2395a6262948cbebb7c370b31a8e414bb0a9b1588598448bb
TSLA,2022-05-17,OTHER,1,0.614305,1.0,GM is betting its Ultium batteries will lead the automaker to EV dominance,d76955c285635553f16601906b2212900ea1befa066e6a36289a9b206abc49fd
TSLA,2022-05-18,OTHER,2,0.9676775,-0.5167010703462672,Tesla dumped by S&P ESG index as Musk calls label a ‘scam’,8fee271ed392818fbc3948b637f3d1c1d7331e9317ea1494cd329e2a1eaa804f
TSLA,2022-05-19,EARNINGS,1,0.628521,-1.0,Wall Street ends sharply lower as Target and growth stocks sink,35dbf1e42533e5f53b53ca691f670a1c529f536984306dc982e1666daf6ef6fe
TSLA,2022-05-19,PRODUCT,1,0.565052,0.0,Innovation Meets Productivity at AGCO Jackson Campus,f1559a25f84558e694da95eef3559cec31c640522e1dc37a0db3c6a5d82844c2
TSLA,2022-05-20,MACRO,1,0.910297,0.0,Musk's ESG attack spotlights $35 trillion industry confusion,ea3f05e2d05064e0f8b3fc7419099000f3d4625d30cb80b4a35d27795612ffea
TSLA,2022-05-20,OTHER,1,0.61747,0.0,AC Hotels by Marriott developer buys land in St. Johns Town Center,3ce9c0aa67bf073a07be6465e15e872b78022b4ea19f85eab5b2cc13671cb796
TSLA,2022-05-21,OTHER,1,1.0,0.0,10 Most Valuable Car Companies On The Planet,e8627820c5006afdaee9f229c44277bd0845839acf714645639350488092f4ce
TSLA,2022-05-22,MACRO,1,0.734012,0.0,A superstar investor with the Midas touch or just lucky? The puzzle of Cathie Wood,c2f7e384fd000e65519b7ea4731de0192a6fac0131faad3046cae00488e97d77
TSLA,2022-05-23,MACRO,1,0.841969,0.0,"Rosenbluth Discusses ESG, Tesla, and More on Bloomberg",23d79a6420ef512166e7300a51c813db7a00f5e863cee682dcfc823f2b4615cf
TSLA,2022-05-23,OTHER,1,0.800355,0.0,"Todd Rosenbluth Talks ESG, Tesla, and More on Bloomberg",f4d40838ad0d7c98310f3ae91cffca55fc23d5297adfd77486e1078f076afc8a
TSLA,2022-05-24,EARNINGS,1,0.702498,1.0,Lithium Miner Albemarle Lifts Outlook as EV Battery Demand Surges,44582d96b4c08042164ec434743d462324137906f1e7964205764dd8be2e8cc9
TSLA,2022-05-24,MACRO,1,0.61436,-1.0,Airbnb Pulling Out of China Thanks to Stiff Competition From Super-Apps,527fc35395338622dac6ce41180064c877852be1d9e675377d1390a8b2ac65e3
TSLA,2022-05-24,OTHER,1,1.0,0.0,Tesla plans a drive-in movie restaurant in Hollywood,8b3d2378755c4f6f0d0f726228dcbc87f7e6aeee37cd8c56131af96a401db8d6
TSLA,2022-05-25,MACRO,1,0.865036,0.0,"Texas Is Now Home to More Fortune 500 Companies Than Any Other State, and I’m Not Surprised",f8bc7c2e3afd25bd3333eb69ab80ffc4ca87bd342d6963062c420ffee32591da
TSLA,2022-05-26,MACRO,2,0.880128,0.5292934664048865,Hyperion looks to slower growth for a helping hand,ec4b584eae02387e8c96c99c40909a147f14525423caff941d0243fcfe8dc758
TSLA,2022-05-26,OTHER,2,0.6181895,-0.4959547193862076,"Duke Energy Sustainable Solutions, BYU–Hawaii complete campuswide renewable energy system",9b055d1ff5d550f1a0bc13f37eda7454817be73c29860f3e43f3bec067dbbfc9
TSLA,2022-05-26,PRODUCT,1,0.996737,0.0,5 lessons I learned from helping to launch Tesla’s Model S,0e73e05c89137865261f0cf6ff40a329bb3ca134f641566931f2a7bdb5d9b440
TSLA,2022-05-27,MACRO,1,0.746227,0.0,Putting Recent Market Volatility in Perspective,409af42bb874330531672dadfcbfa612a457c776b3e651f8cabbe0297d3584bb
TSLA,2022-05-27,OTHER,1,0.615586,0.0,Laying the Groundwork for EV Charging Capability,b5e1f884b842e92f647575c13bd1de9935f76fa69d3780facda25975137ba464
TSLA,2022-05-31,MACRO,1,0.82177,-1.0,Elon Musk blasts ESG after DWS office raids over greenwashing allegations,8ae1d8b69256fa7d11d053f0ac76f7eba756c710f8032a44f71ec2b2450ded39
TSLA,2022-05-31,OTHER,1,1.0,1.0,Tesla Inc. stock outperforms competitors despite losses on the day,828d95c195b67e33f1f9fdd4874dc45011dc7f494f996073532a657998e7a51e
TSLA,2022-06-01,EARNINGS,1,0.642092,-1.0,GM slashes prices of Chevy Bolt electric vehicles despite rising commodity costs,16d5641ddf826eac4c5b969f20a3077a227acab027110516ee60d95f28db0e15
TSLA,2022-06-01,M&A,1,0.871156,1.0,Electric Vehicle (EV) Charging Station Market Size to grow by USD 15.81 billion from 2021 to 2026|Driven by the Increasing Number of M & A and Strategic Partnerships to Drive Market | Technavio,479a1495a5a79776a7286e9984c102022e227fdd97066c48f6622b5e43148bb3
TSLA,2022-06-01,OTHER,1,0.570171,0.0,Self-driving car companies' first step to making money isn't robotaxis,6d241a3d311fb1967d0de1d31ecfa3058ecc9d657c19fff32b2c71275ca0e92f
TSLA,2022-06-01,PRODUCT,1,0.640509,0.0,"Jupiter Wagons Ltd. launches ‘Jupiter Electric Mobility’, enters the EV segment",4f107e205f018ccc3250b0f2cbe06836f052de6c0240180e92fa65fabae11db0
TSLA,2022-06-02,OTHER,2,0.6197655,0.0,Who’ll be Europe’s next green billionaire?,ceb48b7ad7b573ebab6ee0325c9b0a7992fa02fe8574432cff8676c26e12d3cf
TSLA,2022-06-02,PRODUCT,1,0.627864,1.0,"Chip shortage is easing, says world's biggest truck-maker Daimler Truck Holding AG",bb845161a6ed04b02032e1b1fdc98f4c86f381d329b373aa2bf18979c8fcb19d
TSLA,2022-06-03,MACRO,1,1.0,0.0,Tesla Fair Fund distributions established to pay 'harmed' investors,8940c9ae9adc7a3db1dd23d09fa70f7010d7779979d635a16e50999ce2503128
TSLA,2022-06-03,OTHER,2,0.6671995,0.0,What Does Amazon's Stock Split Mean for Investors?,64f0ce2383479fc5227028a81661b887772cf33adf0d7863d828697830ce10e7
TSLA,2022-06-03,REGULATORY,1,1.0,-1.0,U.S. safety regulators receive over 750 complaints of Teslas braking for no reason,2f31032894d274adf517e0be5f135508f9ed753197922097fcb1011ec75d3026
TSLA,2022-06-06,OTHER,1,0.635261,1.0,Amazon (AMZN) Gains as Stock Split Lowers Price Tag for Retail Buyers,88a8084bb7e5403bb6985180a9e80721e17803641d989ab76dc0bb3880504ab9
TSLA,2022-06-08,MACRO,1,0.595341,1.0,"Enable Better Performance, Fuel Economy with Garrett’s Electric Compressor for Hybrid Vehicles",70d52ea38149c7bd92dd46c1bda066ff26805b62a719fe799531d009a4850c03
TSLA,2022-06-08,OTHER,3,0.6289283333333334,0.6760680204686809,"WalMart expands transportation partnerships with electric, hydrogen vehicle pilots",92ccfb5ce97f12e918e86121ed628fcb1f80b5e10f53d3d94b535300852d0197
TSLA,2022-06-09,ANALYST_RATING,1,1.0,0.0,"U.S. agency upgrades Tesla Autopilot safety probe, step before possible recall",9ea542b4e30e605a1959b5540fd06448a9d4e09c7e77d374f7ffd8d79a49e353
TSLA,2022-06-09,EARNINGS,1,0.730293,1.0,"Stellantis Stock Is Undervalued, Even as It Catches Up in the Electric Vehicle Market",49534e148c3f02f5c4a02fd2b9f41b13a714e80299ef3159a0df379385e954bc
TSLA,2022-06-09,MACRO,1,1.0,0.0,Tesla goes ahead with China hiring event after Musk job warning,7f8e1891b97abb2d6a40ed8389d1893da45ed21ded8d8a2f49c58211626cedb8
TSLA,2022-06-10,MACRO,1,0.60951,-1.0,Renewable energy bill threatens to stall solar in Hawaii,9ee32b704d51fc1d7dd4597e61eebff79db826e6d31c29e1af086b51a8217e61
TSLA,2022-06-10,MANAGEMENT,1,0.613165,0.0,"Trudeau meets Google boss Sundar Pichai, but no word on whether the tech CEO chewed out the PM over Bill C-18",fa5f58ed2af56bcbb921f508aa92cf0fd91397d94a974b202be9f254c7ea11bb
TSLA,2022-06-10,OTHER,2,0.6527545,0.48300777704328346,Royal Caribbean wants to add Elon Musk's Starlink high-speed internet to its cruise ships,d2a93c3cba8d89bcf13a4123c1711e31431935ae71e34639a5f853eb6bd09ba7
TSLA,2022-06-12,OTHER,1,0.678874,0.0,Apple’s New CarPlay Is the Foreshock to Releasing Its Own Vehicle,213d1f701d12a3d4a0cb4ac9a6b57498f4215f6dd64e1b0b252ae4e1999aa28c
TSLA,2022-06-13,OTHER,3,0.7819056666666667,0.25797826421516323,7 Founder-Led Stocks to Buy and Hold Forever,ece286a9072f262141bcee9dad773037e5ea63352f50be4d8186af48ad1198a9
TSLA,2022-06-14,MACRO,2,0.634064,0.0,Caterpillar to move global headquarters from Illinois to Texas,6b95434d422a7e5feaeb1167dd73272b1135408ec34530d1c93648a9523c429f
TSLA,2022-06-14,OTHER,1,0.63168,0.0,Royal Caribbean may add Elon Musk's Starlink internet service to its cruise ships,1832e3037bafdd82e6555700a83db29cae26b244b67c3d5739d120b77d83ddf1
TSLA,2022-06-15,MACRO,2,0.631303,0.0,"Caterpillar to relocate global headquarters from Illinois to Irving, Texas",fe639e43ec58d952ed5bc0a68d37f3f96fbbf2bf140d1cbcd1aa03e01e2cd24f
TSLA,2022-06-15,OTHER,2,0.617516,0.49803001055843094,2023 Genesis GV60 Quick Spin: Electrifying Performance,838f48d14853872f1151d23c68a1c1d85b864830e5c8ce74d8e3cd83dffd56bc
TSLA,2022-06-16,MACRO,3,0.8688993333333332,0.0,"Tesla prices rise by thousands, again: Model Y now starts at $67,190",f566b12461a0b9fd947e4590e60bb6c18158ac7c8bc106d92e4f4c3a2761bfe6
TSLA,2022-06-16,OTHER,1,0.737298,0.0,Opportunities in US stock market for investors who want to invest in climate change theme,09ff921bb17e200f61886d0512039190067321f300a99d7d81afad57b9d74cac
TSLA,2022-06-17,M&A,1,0.618084,1.0,"Sony and Honda Join Forces to Launch New EV Company, Targets Sales by 2025",52a814468fc5c8e4d8df58ebc82508b45125dde0644dcda06c74bd5ef7464197
TSLA,2022-06-17,MACRO,1,0.641853,0.0,"If you can’t beat ‘em, join ‘em? Dominion Energy begins selling residential solar",7f27d2ce6d30a37ba223e3f2888264b9814e1d578aec0402d3de3f2b0329351b
TSLA,2022-06-17,OTHER,2,0.741769,-0.6098225997581458,Elon Musk and Tesla sued over Dogecoin ‘pyramid scheme’,b538281d64f4928ed6ad34bc80fdfe16c2141007135a8fde26e2bf245e6c7ba0
TSLA,2022-06-18,MACRO,1,0.82673,0.0,How the massive EV transition is starting in the car rental industry,49276fbc8ab1d7352b412fba6efee4d194f30326ca216ebe2e3330db339f529c
TSLA,2022-06-19,PRODUCT,1,0.572226,0.0,Mining billionaire Robert Friedland launches IPO for Ivanhoe Electric,cad3f0ef5a80d0db40e51ee62397a68416e83fd17246e784e33720c3f22d3737
TSLA,2022-06-20,EARNINGS,1,0.647083,0.0,Why ESG is Becoming a Bigger Deal for Investors,fcacdf48191a9d2a2c08fb3867a392a2096d729c096e918954c6ea186436b010
TSLA,2022-06-20,OTHER,1,1.0,-1.0,Laid-Off Workers Claim Tesla Violated WARN Act in Suit,77b49cf2cad59b61e722f4f0c4b7dc29b329116294f6d56676d7f3782717e10b
TSLA,2022-06-21,EARNINGS,2,0.6760459999999999,1.0,"General Motors increases Hummer EV price by $6,250",ea811a6a1ec819a8f2df975f7f9dd9fb419c35199002a33c117494b6a826f5b8
TSLA,2022-06-21,LEGAL,1,0.951878,-1.0,Tesla worker rejects $15 million payout in race bias lawsuit,fb0d98b2fe4c017af012c334c3b0ff1159e2fbba994fabad1993b0284c6ef613
TSLA,2022-06-21,M&A,1,0.712343,0.0,It’s time to talk about consolidation in the EV charging industry,8cd67210ffd84a814e30a91f7a9d15486e281cf10d08607a80f76550c7cf65c3
TSLA,2022-06-21,MACRO,5,0.9769628000000001,-0.4094321708052753,Tesla sued by former employees over 'mass layoff',a28bda71faec45833e8bcbab518549f030a4ddabfa241c04acb6df4d53aeef3d
TSLA,2022-06-21,OTHER,3,0.7470140000000001,0.2765584045278937,Why You Might Buy Your Next Car Online (Published 2022),366eef0ba74e19ca9a9523a4c18f9188dc4db6179d9fdca3136d9ef399f2d095
TSLA,2022-06-22,EARNINGS,2,0.7924925,-0.2618415947154074,Elon Musk Says New Tesla Plants Are Losing Billions,693627e576f553435823ba72747e042b397e3a3b613279041787d6cc7d67623b
TSLA,2022-06-22,OTHER,1,1.0,0.0,How the Tesla Model S Changed the World,3fe397f0adf7d6d7d9b66a8854118ff6d1dc32bd39fb54ded4d29de744776a31
TSLA,2022-06-23,EARNINGS,2,1.0,-1.0,"Tesla’s Texas, Berlin factories ‘losing billions of dollars’",46b4ad330af3d94943a39424a6552540e9985ac1af543281b58b663a3c3811c5
TSLA,2022-06-23,OTHER,1,0.723135,0.0,"Billionaire Larry Ellison, among world’s richest people, bought Florida estate for $173 million",93279c1bc80d6e6e1edacad003ed5db365d90ee6c3ceb8d78d0814eda8a165d2
TSLA,2022-06-24,MACRO,3,0.634629,-0.33978382120367434,"Tech layoffs up, job offers gone, but much hiring",5363dd4c1e590405f07667809e08fbdc3069d31d2e5ad51e990e95a28231583a
TSLA,2022-06-24,OTHER,2,0.6959150000000001,-1.0,2 killed as NIO electric car plummets 3 stories from building in China,205b89443917e163e8c353ed5093be9e5c7bcc8283a3afc84a0a95853c5981bb
TSLA,2022-06-25,MANAGEMENT,1,0.635364,1.0,"Every new passenger car sold in the world will be electric by 2040, says Exxon Mobil CEO Darren Woods",cb82b9005daafd91122ff5db9a7e3cb1cec969207ebc42bd917290ac3ffad539
TSLA,2022-06-27,OTHER,1,0.706867,1.0,Kroger increases EV charging offer across US stores,8022180fef18d41989a8d9db5f3d8616fc3ef9b172a6f5f9341b5f6f0431f0e9
TSLA,2022-06-28,OTHER,1,0.633474,0.0,Wheels Up adds partnership with Hertz,fe65a1171d78aac51d4c4fc1797948afd3e65e157459f1973a4caf35c92b027d
TSLA,2022-06-29,MACRO,1,0.641023,0.0,"BP, Shell to cover employee travel for treatment after Roe v. Wade",1fb13246fa670de600d933b8f696dfbee55a6f324441a2ebae724e82f68ca95e
TSLA,2022-06-30,EARNINGS,1,0.620702,0.0,"Trading At A Mere 4x Earnings, Is VALE Stock A Buy?",bb8d301f595f65f3c434188862f95e3e937e95f69c1ada2cd11274aff2c4db82
TSLA,2022-06-30,MACRO,1,0.595561,0.0,Frito-Lay CHRO: 'Everyone needs mental health support' | Human Resources Director,a5dc661edb3935a7f5fd0f68ed6e00d6a5abc87eadb07c841f40b8bbcc0b5b87
